ISO-10303-21;
HEADER;
FILE_DESCRIPTION(('STEP AP214'),'1');
FILE_NAME('standSolidMap-rm.stp','2024-06-05T09:44:22',(' '),(' '),'Spatial InterOp 3D',' ',' ');
FILE_SCHEMA(('AUTOMOTIVE_DESIGN { 1 0 10303 214 1 1 1 1 }'));
ENDSEC;
DATA;
#1=MECHANICAL_DESIGN_GEOMETRIC_PRESENTATION_REPRESENTATION(' ',(#10,#11,#12,#13,#14,#15,#16,#17,#18,#19,#20,#21,#22,#23,#24,#25,#26,#27,#28,#29,#30,#31,#32,#33,#34,#35,#36,#37,#38,#39,#40,#41,#42,#43,#44,#45,#46,#47,#48,#49,#50,#51,#52,#53,#54,#55,#56,#57,#58,#59,#60,#61,#62,#63,#64,#65,#66,#67,#68,#69,#70,#71,#72,#73,#74,#75,#76,#77,#78,#79,#80,#81,#82,#83),#6);
#2=PRODUCT_DEFINITION_CONTEXT('',#84,'design');
#3=APPLICATION_PROTOCOL_DEFINITION('INTERNATIONAL STANDARD','automotive_design',1994,#84);
#4=PRODUCT_CATEGORY_RELATIONSHIP('NONE','NONE',#85,#86);
#5=SHAPE_DEFINITION_REPRESENTATION(#87,#88);
#6= (GEOMETRIC_REPRESENTATION_CONTEXT(3)GLOBAL_UNCERTAINTY_ASSIGNED_CONTEXT((#91))GLOBAL_UNIT_ASSIGNED_CONTEXT((#93,#94,#95))REPRESENTATION_CONTEXT('NONE','WORKSPACE'));
#10=STYLED_ITEM('',(#97),#98);
#11=STYLED_ITEM('',(#99),#100);
#12=STYLED_ITEM('',(#101),#102);
#13=STYLED_ITEM('',(#103),#104);
#14=STYLED_ITEM('',(#105),#106);
#15=STYLED_ITEM('',(#107),#108);
#16=STYLED_ITEM('',(#109),#110);
#17=STYLED_ITEM('',(#111),#112);
#18=STYLED_ITEM('',(#113),#114);
#19=STYLED_ITEM('',(#115),#116);
#20=STYLED_ITEM('',(#117),#118);
#21=STYLED_ITEM('',(#119),#120);
#22=STYLED_ITEM('',(#121),#122);
#23=STYLED_ITEM('',(#123),#124);
#24=STYLED_ITEM('',(#125),#126);
#25=STYLED_ITEM('',(#127),#128);
#26=STYLED_ITEM('',(#129),#130);
#27=STYLED_ITEM('',(#131),#132);
#28=STYLED_ITEM('',(#133),#134);
#29=STYLED_ITEM('',(#135),#136);
#30=STYLED_ITEM('',(#137),#138);
#31=STYLED_ITEM('',(#139),#140);
#32=STYLED_ITEM('',(#141),#142);
#33=STYLED_ITEM('',(#143),#144);
#34=STYLED_ITEM('',(#145),#146);
#35=STYLED_ITEM('',(#147),#148);
#36=STYLED_ITEM('',(#149),#150);
#37=STYLED_ITEM('',(#151),#152);
#38=STYLED_ITEM('',(#153),#154);
#39=STYLED_ITEM('',(#155),#156);
#40=STYLED_ITEM('',(#157),#158);
#41=STYLED_ITEM('',(#159),#160);
#42=STYLED_ITEM('',(#161),#162);
#43=STYLED_ITEM('',(#163),#164);
#44=STYLED_ITEM('',(#165),#166);
#45=STYLED_ITEM('',(#167),#168);
#46=STYLED_ITEM('',(#169),#170);
#47=STYLED_ITEM('',(#171),#172);
#48=STYLED_ITEM('',(#173),#174);
#49=STYLED_ITEM('',(#175),#176);
#50=STYLED_ITEM('',(#177),#178);
#51=STYLED_ITEM('',(#179),#180);
#52=STYLED_ITEM('',(#181),#182);
#53=STYLED_ITEM('',(#183),#184);
#54=STYLED_ITEM('',(#185),#186);
#55=STYLED_ITEM('',(#187),#188);
#56=STYLED_ITEM('',(#189),#190);
#57=STYLED_ITEM('',(#191),#192);
#58=STYLED_ITEM('',(#193),#194);
#59=STYLED_ITEM('',(#195),#196);
#60=STYLED_ITEM('',(#197),#198);
#61=STYLED_ITEM('',(#199),#200);
#62=STYLED_ITEM('',(#201),#202);
#63=STYLED_ITEM('',(#203),#204);
#64=STYLED_ITEM('',(#205),#206);
#65=STYLED_ITEM('',(#207),#208);
#66=STYLED_ITEM('',(#209),#210);
#67=STYLED_ITEM('',(#211),#212);
#68=STYLED_ITEM('',(#213),#214);
#69=STYLED_ITEM('',(#215),#216);
#70=STYLED_ITEM('',(#217),#218);
#71=STYLED_ITEM('',(#219),#220);
#72=STYLED_ITEM('',(#221),#222);
#73=STYLED_ITEM('',(#223),#224);
#74=STYLED_ITEM('',(#225),#226);
#75=STYLED_ITEM('',(#227),#228);
#76=STYLED_ITEM('',(#229),#230);
#77=STYLED_ITEM('',(#231),#232);
#78=STYLED_ITEM('',(#233),#234);
#79=STYLED_ITEM('',(#235),#236);
#80=STYLED_ITEM('',(#237),#238);
#81=STYLED_ITEM('',(#239),#240);
#82=STYLED_ITEM('',(#241),#242);
#83=STYLED_ITEM('',(#243),#244);
#84=APPLICATION_CONTEXT(' ');
#85=PRODUCT_CATEGORY('part','NONE');
#86=PRODUCT_RELATED_PRODUCT_CATEGORY('detail',' ',(#245));
#87=PRODUCT_DEFINITION_SHAPE('NONE','NONE',#246);
#88=ADVANCED_BREP_SHAPE_REPRESENTATION('STAND',(#247,#248),#6);
#91=UNCERTAINTY_MEASURE_WITH_UNIT(LENGTH_MEASURE(0.001),#93,'','');
#93= (CONVERSION_BASED_UNIT('MILLIMETRE',#251)LENGTH_UNIT()NAMED_UNIT(#254));
#94= (NAMED_UNIT(#256)PLANE_ANGLE_UNIT()SI_UNIT($,.RADIAN.));
#95= (NAMED_UNIT(#256)SOLID_ANGLE_UNIT()SI_UNIT($,.STERADIAN.));
#97=PRESENTATION_STYLE_ASSIGNMENT((#262));
#98=ADVANCED_FACE('',(#263,#264,#265,#266),#267,.T.);
#99=PRESENTATION_STYLE_ASSIGNMENT((#268));
#100=ADVANCED_FACE('',(#269),#270,.T.);
#101=PRESENTATION_STYLE_ASSIGNMENT((#271));
#102=ADVANCED_FACE('',(#272,#273,#274,#275,#276),#277,.T.);
#103=PRESENTATION_STYLE_ASSIGNMENT((#278));
#104=ADVANCED_FACE('',(#279),#280,.T.);
#105=PRESENTATION_STYLE_ASSIGNMENT((#281));
#106=ADVANCED_FACE('',(#282),#283,.F.);
#107=PRESENTATION_STYLE_ASSIGNMENT((#284));
#108=ADVANCED_FACE('',(#285),#286,.T.);
#109=PRESENTATION_STYLE_ASSIGNMENT((#287));
#110=ADVANCED_FACE('',(#288,#289,#290,#291,#292),#293,.T.);
#111=PRESENTATION_STYLE_ASSIGNMENT((#294));
#112=ADVANCED_FACE('',(#295),#296,.T.);
#113=PRESENTATION_STYLE_ASSIGNMENT((#297));
#114=ADVANCED_FACE('',(#298,#299,#300,#301,#302),#303,.T.);
#115=PRESENTATION_STYLE_ASSIGNMENT((#304));
#116=ADVANCED_FACE('',(#305),#306,.F.);
#117=PRESENTATION_STYLE_ASSIGNMENT((#307));
#118=ADVANCED_FACE('',(#308),#309,.T.);
#119=PRESENTATION_STYLE_ASSIGNMENT((#310));
#120=ADVANCED_FACE('',(#311),#312,.T.);
#121=PRESENTATION_STYLE_ASSIGNMENT((#313));
#122=ADVANCED_FACE('',(#314),#315,.T.);
#123=PRESENTATION_STYLE_ASSIGNMENT((#316));
#124=ADVANCED_FACE('',(#317),#318,.F.);
#125=PRESENTATION_STYLE_ASSIGNMENT((#319));
#126=ADVANCED_FACE('',(#320,#321,#322,#323,#324),#325,.T.);
#127=PRESENTATION_STYLE_ASSIGNMENT((#326));
#128=ADVANCED_FACE('',(#327),#328,.T.);
#129=PRESENTATION_STYLE_ASSIGNMENT((#329));
#130=ADVANCED_FACE('',(#330),#331,.F.);
#131=PRESENTATION_STYLE_ASSIGNMENT((#332));
#132=ADVANCED_FACE('',(#333),#334,.T.);
#133=PRESENTATION_STYLE_ASSIGNMENT((#335));
#134=ADVANCED_FACE('',(#336),#337,.F.);
#135=PRESENTATION_STYLE_ASSIGNMENT((#338));
#136=ADVANCED_FACE('',(#339),#340,.T.);
#137=PRESENTATION_STYLE_ASSIGNMENT((#341));
#138=ADVANCED_FACE('',(#342),#343,.F.);
#139=PRESENTATION_STYLE_ASSIGNMENT((#344));
#140=ADVANCED_FACE('',(#345),#346,.T.);
#141=PRESENTATION_STYLE_ASSIGNMENT((#347));
#142=ADVANCED_FACE('',(#348),#349,.F.);
#143=PRESENTATION_STYLE_ASSIGNMENT((#350));
#144=ADVANCED_FACE('',(#351),#352,.T.);
#145=PRESENTATION_STYLE_ASSIGNMENT((#353));
#146=ADVANCED_FACE('',(#354),#355,.F.);
#147=PRESENTATION_STYLE_ASSIGNMENT((#356));
#148=ADVANCED_FACE('',(#357),#358,.T.);
#149=PRESENTATION_STYLE_ASSIGNMENT((#359));
#150=ADVANCED_FACE('',(#360),#361,.F.);
#151=PRESENTATION_STYLE_ASSIGNMENT((#362));
#152=ADVANCED_FACE('',(#363),#364,.T.);
#153=PRESENTATION_STYLE_ASSIGNMENT((#365));
#154=ADVANCED_FACE('',(#366),#367,.F.);
#155=PRESENTATION_STYLE_ASSIGNMENT((#368));
#156=ADVANCED_FACE('',(#369),#370,.T.);
#157=PRESENTATION_STYLE_ASSIGNMENT((#371));
#158=ADVANCED_FACE('',(#372),#373,.F.);
#159=PRESENTATION_STYLE_ASSIGNMENT((#374));
#160=ADVANCED_FACE('',(#375),#376,.F.);
#161=PRESENTATION_STYLE_ASSIGNMENT((#377));
#162=ADVANCED_FACE('',(#378),#379,.F.);
#163=PRESENTATION_STYLE_ASSIGNMENT((#380));
#164=ADVANCED_FACE('',(#381),#382,.T.);
#165=PRESENTATION_STYLE_ASSIGNMENT((#383));
#166=ADVANCED_FACE('',(#384),#385,.T.);
#167=PRESENTATION_STYLE_ASSIGNMENT((#386));
#168=ADVANCED_FACE('',(#387,#388,#389,#390),#391,.T.);
#169=PRESENTATION_STYLE_ASSIGNMENT((#392));
#170=ADVANCED_FACE('',(#393),#394,.F.);
#171=PRESENTATION_STYLE_ASSIGNMENT((#395));
#172=ADVANCED_FACE('',(#396),#397,.F.);
#173=PRESENTATION_STYLE_ASSIGNMENT((#398));
#174=ADVANCED_FACE('',(#399),#400,.F.);
#175=PRESENTATION_STYLE_ASSIGNMENT((#401));
#176=ADVANCED_FACE('',(#402),#403,.F.);
#177=PRESENTATION_STYLE_ASSIGNMENT((#404));
#178=ADVANCED_FACE('',(#405),#406,.F.);
#179=PRESENTATION_STYLE_ASSIGNMENT((#407));
#180=ADVANCED_FACE('',(#408),#409,.F.);
#181=PRESENTATION_STYLE_ASSIGNMENT((#410));
#182=ADVANCED_FACE('',(#411),#412,.F.);
#183=PRESENTATION_STYLE_ASSIGNMENT((#413));
#184=ADVANCED_FACE('',(#414),#415,.F.);
#185=PRESENTATION_STYLE_ASSIGNMENT((#416));
#186=ADVANCED_FACE('',(#417),#418,.T.);
#187=PRESENTATION_STYLE_ASSIGNMENT((#419));
#188=ADVANCED_FACE('',(#420),#421,.T.);
#189=PRESENTATION_STYLE_ASSIGNMENT((#422));
#190=ADVANCED_FACE('',(#423),#424,.F.);
#191=PRESENTATION_STYLE_ASSIGNMENT((#425));
#192=ADVANCED_FACE('',(#426),#427,.F.);
#193=PRESENTATION_STYLE_ASSIGNMENT((#428));
#194=ADVANCED_FACE('',(#429),#430,.F.);
#195=PRESENTATION_STYLE_ASSIGNMENT((#431));
#196=ADVANCED_FACE('',(#432),#433,.F.);
#197=PRESENTATION_STYLE_ASSIGNMENT((#434));
#198=ADVANCED_FACE('',(#435),#436,.F.);
#199=PRESENTATION_STYLE_ASSIGNMENT((#437));
#200=ADVANCED_FACE('',(#438),#439,.F.);
#201=PRESENTATION_STYLE_ASSIGNMENT((#440));
#202=ADVANCED_FACE('',(#441),#442,.F.);
#203=PRESENTATION_STYLE_ASSIGNMENT((#443));
#204=ADVANCED_FACE('',(#444),#445,.F.);
#205=PRESENTATION_STYLE_ASSIGNMENT((#446));
#206=ADVANCED_FACE('',(#447),#448,.T.);
#207=PRESENTATION_STYLE_ASSIGNMENT((#449));
#208=ADVANCED_FACE('',(#450),#451,.F.);
#209=PRESENTATION_STYLE_ASSIGNMENT((#452));
#210=ADVANCED_FACE('',(#453),#454,.T.);
#211=PRESENTATION_STYLE_ASSIGNMENT((#455));
#212=ADVANCED_FACE('',(#456),#457,.F.);
#213=PRESENTATION_STYLE_ASSIGNMENT((#458));
#214=ADVANCED_FACE('',(#459),#460,.T.);
#215=PRESENTATION_STYLE_ASSIGNMENT((#461));
#216=ADVANCED_FACE('',(#462),#463,.F.);
#217=PRESENTATION_STYLE_ASSIGNMENT((#464));
#218=ADVANCED_FACE('',(#465),#466,.T.);
#219=PRESENTATION_STYLE_ASSIGNMENT((#467));
#220=ADVANCED_FACE('',(#468),#469,.F.);
#221=PRESENTATION_STYLE_ASSIGNMENT((#470));
#222=ADVANCED_FACE('',(#471),#472,.T.);
#223=PRESENTATION_STYLE_ASSIGNMENT((#473));
#224=ADVANCED_FACE('',(#474),#475,.F.);
#225=PRESENTATION_STYLE_ASSIGNMENT((#476));
#226=ADVANCED_FACE('',(#477),#478,.T.);
#227=PRESENTATION_STYLE_ASSIGNMENT((#479));
#228=ADVANCED_FACE('',(#480),#481,.F.);
#229=PRESENTATION_STYLE_ASSIGNMENT((#482));
#230=ADVANCED_FACE('',(#483),#484,.T.);
#231=PRESENTATION_STYLE_ASSIGNMENT((#485));
#232=ADVANCED_FACE('',(#486),#487,.F.);
#233=PRESENTATION_STYLE_ASSIGNMENT((#488));
#234=ADVANCED_FACE('',(#489),#490,.T.);
#235=PRESENTATION_STYLE_ASSIGNMENT((#491));
#236=ADVANCED_FACE('',(#492),#493,.F.);
#237=PRESENTATION_STYLE_ASSIGNMENT((#494));
#238=ADVANCED_FACE('',(#495),#496,.T.);
#239=PRESENTATION_STYLE_ASSIGNMENT((#497));
#240=ADVANCED_FACE('',(#498),#499,.T.);
#241=PRESENTATION_STYLE_ASSIGNMENT((#500));
#242=ADVANCED_FACE('',(#501),#502,.T.);
#243=PRESENTATION_STYLE_ASSIGNMENT((#503));
#244=ADVANCED_FACE('',(#504),#505,.T.);
#245=PRODUCT('STAND','STAND','PART-STAND-DESC',(#506));
#246=PRODUCT_DEFINITION('','NONE',#507,#2);
#247=MANIFOLD_SOLID_BREP('STAND',#508);
#248=AXIS2_PLACEMENT_3D('',#509,#510,#511);
#251=LENGTH_MEASURE_WITH_UNIT(LENGTH_MEASURE(1.0),#512);
#254=DIMENSIONAL_EXPONENTS(1.0,0.0,0.0,0.0,0.0,0.0,0.0);
#256=DIMENSIONAL_EXPONENTS(0.0,0.0,0.0,0.0,0.0,0.0,0.0);
#262=SURFACE_STYLE_USAGE(.BOTH.,#513);
#263=FACE_OUTER_BOUND('',#514,.T.);
#264=FACE_BOUND('',#515,.T.);
#265=FACE_BOUND('',#516,.T.);
#266=FACE_BOUND('',#517,.T.);
#267=PLANE('',#518);
#268=SURFACE_STYLE_USAGE(.BOTH.,#519);
#269=FACE_OUTER_BOUND('',#520,.T.);
#270=CYLINDRICAL_SURFACE('',#521,7.5);
#271=SURFACE_STYLE_USAGE(.BOTH.,#522);
#272=FACE_OUTER_BOUND('',#523,.T.);
#273=FACE_BOUND('',#524,.T.);
#274=FACE_BOUND('',#525,.T.);
#275=FACE_BOUND('',#526,.T.);
#276=FACE_BOUND('',#527,.T.);
#277=PLANE('',#528);
#278=SURFACE_STYLE_USAGE(.BOTH.,#529);
#279=FACE_OUTER_BOUND('',#530,.T.);
#280=PLANE('',#531);
#281=SURFACE_STYLE_USAGE(.BOTH.,#532);
#282=FACE_OUTER_BOUND('',#533,.T.);
#283=CYLINDRICAL_SURFACE('',#534,5.0);
#284=SURFACE_STYLE_USAGE(.BOTH.,#535);
#285=FACE_OUTER_BOUND('',#536,.T.);
#286=PLANE('',#537);
#287=SURFACE_STYLE_USAGE(.BOTH.,#538);
#288=FACE_OUTER_BOUND('',#539,.T.);
#289=FACE_BOUND('',#540,.T.);
#290=FACE_BOUND('',#541,.T.);
#291=FACE_BOUND('',#542,.T.);
#292=FACE_BOUND('',#543,.T.);
#293=PLANE('',#544);
#294=SURFACE_STYLE_USAGE(.BOTH.,#545);
#295=FACE_OUTER_BOUND('',#546,.T.);
#296=CYLINDRICAL_SURFACE('',#547,7.5);
#297=SURFACE_STYLE_USAGE(.BOTH.,#548);
#298=FACE_OUTER_BOUND('',#549,.T.);
#299=FACE_BOUND('',#550,.T.);
#300=FACE_BOUND('',#551,.T.);
#301=FACE_BOUND('',#552,.T.);
#302=FACE_BOUND('',#553,.T.);
#303=PLANE('',#554);
#304=SURFACE_STYLE_USAGE(.BOTH.,#555);
#305=FACE_OUTER_BOUND('',#556,.T.);
#306=CYLINDRICAL_SURFACE('',#557,5.0);
#307=SURFACE_STYLE_USAGE(.BOTH.,#558);
#308=FACE_OUTER_BOUND('',#559,.T.);
#309=PLANE('',#560);
#310=SURFACE_STYLE_USAGE(.BOTH.,#561);
#311=FACE_OUTER_BOUND('',#562,.T.);
#312=CYLINDRICAL_SURFACE('',#563,25.0);
#313=SURFACE_STYLE_USAGE(.BOTH.,#564);
#314=FACE_OUTER_BOUND('',#565,.T.);
#315=PLANE('',#566);
#316=SURFACE_STYLE_USAGE(.BOTH.,#567);
#317=FACE_OUTER_BOUND('',#568,.T.);
#318=CYLINDRICAL_SURFACE('',#569,5.0);
#319=SURFACE_STYLE_USAGE(.BOTH.,#570);
#320=FACE_OUTER_BOUND('',#571,.T.);
#321=FACE_BOUND('',#572,.T.);
#322=FACE_BOUND('',#573,.T.);
#323=FACE_BOUND('',#574,.T.);
#324=FACE_BOUND('',#575,.T.);
#325=PLANE('',#576);
#326=SURFACE_STYLE_USAGE(.BOTH.,#577);
#327=FACE_OUTER_BOUND('',#578,.T.);
#328=PLANE('',#579);
#329=SURFACE_STYLE_USAGE(.BOTH.,#580);
#330=FACE_OUTER_BOUND('',#581,.T.);
#331=CYLINDRICAL_SURFACE('',#582,4.0);
#332=SURFACE_STYLE_USAGE(.BOTH.,#583);
#333=FACE_OUTER_BOUND('',#584,.T.);
#334=PLANE('',#585);
#335=SURFACE_STYLE_USAGE(.BOTH.,#586);
#336=FACE_OUTER_BOUND('',#587,.T.);
#337=CYLINDRICAL_SURFACE('',#588,2.0);
#338=SURFACE_STYLE_USAGE(.BOTH.,#589);
#339=FACE_OUTER_BOUND('',#590,.T.);
#340=CYLINDRICAL_SURFACE('',#591,22.5);
#341=SURFACE_STYLE_USAGE(.BOTH.,#592);
#342=FACE_OUTER_BOUND('',#593,.T.);
#343=CYLINDRICAL_SURFACE('',#594,4.0);
#344=SURFACE_STYLE_USAGE(.BOTH.,#595);
#345=FACE_OUTER_BOUND('',#596,.T.);
#346=PLANE('',#597);
#347=SURFACE_STYLE_USAGE(.BOTH.,#598);
#348=FACE_OUTER_BOUND('',#599,.T.);
#349=CYLINDRICAL_SURFACE('',#600,4.0);
#350=SURFACE_STYLE_USAGE(.BOTH.,#601);
#351=FACE_OUTER_BOUND('',#602,.T.);
#352=PLANE('',#603);
#353=SURFACE_STYLE_USAGE(.BOTH.,#604);
#354=FACE_OUTER_BOUND('',#605,.T.);
#355=CYLINDRICAL_SURFACE('',#606,4.0);
#356=SURFACE_STYLE_USAGE(.BOTH.,#607);
#357=FACE_OUTER_BOUND('',#608,.T.);
#358=PLANE('',#609);
#359=SURFACE_STYLE_USAGE(.BOTH.,#610);
#360=FACE_OUTER_BOUND('',#611,.T.);
#361=CYLINDRICAL_SURFACE('',#612,4.0);
#362=SURFACE_STYLE_USAGE(.BOTH.,#613);
#363=FACE_OUTER_BOUND('',#614,.T.);
#364=CYLINDRICAL_SURFACE('',#615,22.5);
#365=SURFACE_STYLE_USAGE(.BOTH.,#616);
#366=FACE_OUTER_BOUND('',#617,.T.);
#367=CYLINDRICAL_SURFACE('',#618,2.0);
#368=SURFACE_STYLE_USAGE(.BOTH.,#619);
#369=FACE_OUTER_BOUND('',#620,.T.);
#370=PLANE('',#621);
#371=SURFACE_STYLE_USAGE(.BOTH.,#622);
#372=FACE_OUTER_BOUND('',#623,.T.);
#373=CYLINDRICAL_SURFACE('',#624,4.0);
#374=SURFACE_STYLE_USAGE(.BOTH.,#625);
#375=FACE_OUTER_BOUND('',#626,.T.);
#376=CYLINDRICAL_SURFACE('',#627,15.0);
#377=SURFACE_STYLE_USAGE(.BOTH.,#628);
#378=FACE_OUTER_BOUND('',#629,.T.);
#379=CYLINDRICAL_SURFACE('',#630,15.0);
#380=SURFACE_STYLE_USAGE(.BOTH.,#631);
#381=FACE_OUTER_BOUND('',#632,.T.);
#382=PLANE('',#633);
#383=SURFACE_STYLE_USAGE(.BOTH.,#634);
#384=FACE_OUTER_BOUND('',#635,.T.);
#385=CYLINDRICAL_SURFACE('',#636,7.5);
#386=SURFACE_STYLE_USAGE(.BOTH.,#637);
#387=FACE_OUTER_BOUND('',#638,.T.);
#388=FACE_BOUND('',#639,.T.);
#389=FACE_BOUND('',#640,.T.);
#390=FACE_BOUND('',#641,.T.);
#391=PLANE('',#642);
#392=SURFACE_STYLE_USAGE(.BOTH.,#643);
#393=FACE_OUTER_BOUND('',#644,.T.);
#394=CYLINDRICAL_SURFACE('',#645,4.25);
#395=SURFACE_STYLE_USAGE(.BOTH.,#646);
#396=FACE_OUTER_BOUND('',#647,.T.);
#397=CYLINDRICAL_SURFACE('',#648,4.25);
#398=SURFACE_STYLE_USAGE(.BOTH.,#649);
#399=FACE_OUTER_BOUND('',#650,.T.);
#400=CYLINDRICAL_SURFACE('',#651,4.25);
#401=SURFACE_STYLE_USAGE(.BOTH.,#652);
#402=FACE_OUTER_BOUND('',#653,.T.);
#403=CYLINDRICAL_SURFACE('',#654,4.25);
#404=SURFACE_STYLE_USAGE(.BOTH.,#655);
#405=FACE_OUTER_BOUND('',#656,.T.);
#406=CYLINDRICAL_SURFACE('',#657,4.25);
#407=SURFACE_STYLE_USAGE(.BOTH.,#658);
#408=FACE_OUTER_BOUND('',#659,.T.);
#409=CYLINDRICAL_SURFACE('',#660,4.25);
#410=SURFACE_STYLE_USAGE(.BOTH.,#661);
#411=FACE_OUTER_BOUND('',#662,.T.);
#412=CYLINDRICAL_SURFACE('',#663,4.25);
#413=SURFACE_STYLE_USAGE(.BOTH.,#664);
#414=FACE_OUTER_BOUND('',#665,.T.);
#415=CYLINDRICAL_SURFACE('',#666,4.25);
#416=SURFACE_STYLE_USAGE(.BOTH.,#667);
#417=FACE_OUTER_BOUND('',#668,.T.);
#418=CYLINDRICAL_SURFACE('',#669,7.5);
#419=SURFACE_STYLE_USAGE(.BOTH.,#670);
#420=FACE_OUTER_BOUND('',#671,.T.);
#421=PLANE('',#672);
#422=SURFACE_STYLE_USAGE(.BOTH.,#673);
#423=FACE_OUTER_BOUND('',#674,.T.);
#424=CYLINDRICAL_SURFACE('',#675,4.25);
#425=SURFACE_STYLE_USAGE(.BOTH.,#676);
#426=FACE_OUTER_BOUND('',#677,.T.);
#427=CYLINDRICAL_SURFACE('',#678,4.25);
#428=SURFACE_STYLE_USAGE(.BOTH.,#679);
#429=FACE_OUTER_BOUND('',#680,.T.);
#430=CYLINDRICAL_SURFACE('',#681,4.25);
#431=SURFACE_STYLE_USAGE(.BOTH.,#682);
#432=FACE_OUTER_BOUND('',#683,.T.);
#433=CYLINDRICAL_SURFACE('',#684,4.25);
#434=SURFACE_STYLE_USAGE(.BOTH.,#685);
#435=FACE_OUTER_BOUND('',#686,.T.);
#436=CYLINDRICAL_SURFACE('',#687,4.25);
#437=SURFACE_STYLE_USAGE(.BOTH.,#688);
#438=FACE_OUTER_BOUND('',#689,.T.);
#439=CYLINDRICAL_SURFACE('',#690,4.25);
#440=SURFACE_STYLE_USAGE(.BOTH.,#691);
#441=FACE_OUTER_BOUND('',#692,.T.);
#442=CYLINDRICAL_SURFACE('',#693,4.25);
#443=SURFACE_STYLE_USAGE(.BOTH.,#694);
#444=FACE_OUTER_BOUND('',#695,.T.);
#445=CYLINDRICAL_SURFACE('',#696,4.25);
#446=SURFACE_STYLE_USAGE(.BOTH.,#697);
#447=FACE_OUTER_BOUND('',#698,.T.);
#448=PLANE('',#699);
#449=SURFACE_STYLE_USAGE(.BOTH.,#700);
#450=FACE_OUTER_BOUND('',#701,.T.);
#451=CYLINDRICAL_SURFACE('',#702,4.0);
#452=SURFACE_STYLE_USAGE(.BOTH.,#703);
#453=FACE_OUTER_BOUND('',#704,.T.);
#454=PLANE('',#705);
#455=SURFACE_STYLE_USAGE(.BOTH.,#706);
#456=FACE_OUTER_BOUND('',#707,.T.);
#457=CYLINDRICAL_SURFACE('',#708,4.0);
#458=SURFACE_STYLE_USAGE(.BOTH.,#709);
#459=FACE_OUTER_BOUND('',#710,.T.);
#460=CYLINDRICAL_SURFACE('',#711,22.5);
#461=SURFACE_STYLE_USAGE(.BOTH.,#712);
#462=FACE_OUTER_BOUND('',#713,.T.);
#463=CYLINDRICAL_SURFACE('',#714,2.0);
#464=SURFACE_STYLE_USAGE(.BOTH.,#715);
#465=FACE_OUTER_BOUND('',#716,.T.);
#466=PLANE('',#717);
#467=SURFACE_STYLE_USAGE(.BOTH.,#718);
#468=FACE_OUTER_BOUND('',#719,.T.);
#469=CYLINDRICAL_SURFACE('',#720,4.0);
#470=SURFACE_STYLE_USAGE(.BOTH.,#721);
#471=FACE_OUTER_BOUND('',#722,.T.);
#472=PLANE('',#723);
#473=SURFACE_STYLE_USAGE(.BOTH.,#724);
#474=FACE_OUTER_BOUND('',#725,.T.);
#475=CYLINDRICAL_SURFACE('',#726,4.0);
#476=SURFACE_STYLE_USAGE(.BOTH.,#727);
#477=FACE_OUTER_BOUND('',#728,.T.);
#478=PLANE('',#729);
#479=SURFACE_STYLE_USAGE(.BOTH.,#730);
#480=FACE_OUTER_BOUND('',#731,.T.);
#481=CYLINDRICAL_SURFACE('',#732,2.0);
#482=SURFACE_STYLE_USAGE(.BOTH.,#733);
#483=FACE_OUTER_BOUND('',#734,.T.);
#484=CYLINDRICAL_SURFACE('',#735,22.5);
#485=SURFACE_STYLE_USAGE(.BOTH.,#736);
#486=FACE_OUTER_BOUND('',#737,.T.);
#487=CYLINDRICAL_SURFACE('',#738,4.0);
#488=SURFACE_STYLE_USAGE(.BOTH.,#739);
#489=FACE_OUTER_BOUND('',#740,.T.);
#490=PLANE('',#741);
#491=SURFACE_STYLE_USAGE(.BOTH.,#742);
#492=FACE_OUTER_BOUND('',#743,.T.);
#493=CYLINDRICAL_SURFACE('',#744,4.0);
#494=SURFACE_STYLE_USAGE(.BOTH.,#745);
#495=FACE_OUTER_BOUND('',#746,.T.);
#496=PLANE('',#747);
#497=SURFACE_STYLE_USAGE(.BOTH.,#748);
#498=FACE_OUTER_BOUND('',#749,.T.);
#499=PLANE('',#750);
#500=SURFACE_STYLE_USAGE(.BOTH.,#751);
#501=FACE_OUTER_BOUND('',#752,.T.);
#502=PLANE('',#753);
#503=SURFACE_STYLE_USAGE(.BOTH.,#754);
#504=FACE_OUTER_BOUND('',#755,.T.);
#505=PLANE('',#756);
#506=PRODUCT_CONTEXT('',#84,'mechanical');
#507=PRODUCT_DEFINITION_FORMATION_WITH_SPECIFIED_SOURCE(' ','NONE',#245,.NOT_KNOWN.);
#508=CLOSED_SHELL('',(#98,#100,#102,#104,#106,#108,#110,#112,#114,#116,#118,#120,#122,#124,#126,#128,#130,#132,#134,#136,#138,#140,#142,#144,#146,#148,#150,#152,#154,#156,#158,#160,#162,#164,#166,#168,#170,#172,#174,#176,#178,#180,#182,#184,#186,#188,#190,#192,#194,#196,#198,#200,#202,#204,#206,#208,#210,#212,#214,#216,#218,#220,#222,#224,#226,#228,#230,#232,#234,#236,#238,#240,#242,#244));
#509=CARTESIAN_POINT('',(0.0,0.0,0.0));
#510=DIRECTION('',(0.0,0.0,1.0));
#511=DIRECTION('',(1.0,0.0,0.0));
#512= (NAMED_UNIT(#254)LENGTH_UNIT()SI_UNIT(.MILLI.,.METRE.));
#513=SURFACE_SIDE_STYLE('',(#758));
#514=EDGE_LOOP('',(#759,#760,#761,#762,#763,#764,#765,#766,#767,#768,#769,#770,#771,#772));
#515=EDGE_LOOP('',(#773,#774,#775,#776,#777,#778,#779,#780));
#516=EDGE_LOOP('',(#781,#782,#783,#784,#785,#786,#787,#788));
#517=EDGE_LOOP('',(#789,#790));
#518=AXIS2_PLACEMENT_3D('',#791,#792,#793);
#519=SURFACE_SIDE_STYLE('',(#794));
#520=EDGE_LOOP('',(#795,#796,#797,#798));
#521=AXIS2_PLACEMENT_3D('',#799,#800,#801);
#522=SURFACE_SIDE_STYLE('',(#802));
#523=EDGE_LOOP('',(#803,#804,#805,#806,#807,#808));
#524=EDGE_LOOP('',(#809,#810));
#525=EDGE_LOOP('',(#811,#812));
#526=EDGE_LOOP('',(#813,#814));
#527=EDGE_LOOP('',(#815,#816));
#528=AXIS2_PLACEMENT_3D('',#817,#818,#819);
#529=SURFACE_SIDE_STYLE('',(#820));
#530=EDGE_LOOP('',(#821,#822,#823,#824));
#531=AXIS2_PLACEMENT_3D('',#825,#826,#827);
#532=SURFACE_SIDE_STYLE('',(#828));
#533=EDGE_LOOP('',(#829,#830,#831,#832));
#534=AXIS2_PLACEMENT_3D('',#833,#834,#835);
#535=SURFACE_SIDE_STYLE('',(#836));
#536=EDGE_LOOP('',(#837,#838,#839,#840));
#537=AXIS2_PLACEMENT_3D('',#841,#842,#843);
#538=SURFACE_SIDE_STYLE('',(#844));
#539=EDGE_LOOP('',(#845,#846,#847,#848,#849,#850));
#540=EDGE_LOOP('',(#851,#852));
#541=EDGE_LOOP('',(#853,#854));
#542=EDGE_LOOP('',(#855,#856));
#543=EDGE_LOOP('',(#857,#858));
#544=AXIS2_PLACEMENT_3D('',#859,#860,#861);
#545=SURFACE_SIDE_STYLE('',(#862));
#546=EDGE_LOOP('',(#863,#864,#865,#866));
#547=AXIS2_PLACEMENT_3D('',#867,#868,#869);
#548=SURFACE_SIDE_STYLE('',(#870));
#549=EDGE_LOOP('',(#871,#872,#873,#874,#875,#876));
#550=EDGE_LOOP('',(#877,#878));
#551=EDGE_LOOP('',(#879,#880));
#552=EDGE_LOOP('',(#881,#882));
#553=EDGE_LOOP('',(#883,#884));
#554=AXIS2_PLACEMENT_3D('',#885,#886,#887);
#555=SURFACE_SIDE_STYLE('',(#888));
#556=EDGE_LOOP('',(#889,#890,#891,#892));
#557=AXIS2_PLACEMENT_3D('',#893,#894,#895);
#558=SURFACE_SIDE_STYLE('',(#896));
#559=EDGE_LOOP('',(#897,#898,#899,#900));
#560=AXIS2_PLACEMENT_3D('',#901,#902,#903);
#561=SURFACE_SIDE_STYLE('',(#904));
#562=EDGE_LOOP('',(#905,#906,#907,#908));
#563=AXIS2_PLACEMENT_3D('',#909,#910,#911);
#564=SURFACE_SIDE_STYLE('',(#912));
#565=EDGE_LOOP('',(#913,#914,#915,#916));
#566=AXIS2_PLACEMENT_3D('',#917,#918,#919);
#567=SURFACE_SIDE_STYLE('',(#920));
#568=EDGE_LOOP('',(#921,#922,#923,#924));
#569=AXIS2_PLACEMENT_3D('',#925,#926,#927);
#570=SURFACE_SIDE_STYLE('',(#928));
#571=EDGE_LOOP('',(#929,#930,#931,#932,#933,#934));
#572=EDGE_LOOP('',(#935,#936));
#573=EDGE_LOOP('',(#937,#938));
#574=EDGE_LOOP('',(#939,#940));
#575=EDGE_LOOP('',(#941,#942));
#576=AXIS2_PLACEMENT_3D('',#943,#944,#945);
#577=SURFACE_SIDE_STYLE('',(#946));
#578=EDGE_LOOP('',(#947,#948,#949,#950));
#579=AXIS2_PLACEMENT_3D('',#951,#952,#953);
#580=SURFACE_SIDE_STYLE('',(#954));
#581=EDGE_LOOP('',(#955,#956,#957,#958));
#582=AXIS2_PLACEMENT_3D('',#959,#960,#961);
#583=SURFACE_SIDE_STYLE('',(#962));
#584=EDGE_LOOP('',(#963,#964,#965,#966));
#585=AXIS2_PLACEMENT_3D('',#967,#968,#969);
#586=SURFACE_SIDE_STYLE('',(#970));
#587=EDGE_LOOP('',(#971,#972,#973,#974));
#588=AXIS2_PLACEMENT_3D('',#975,#976,#977);
#589=SURFACE_SIDE_STYLE('',(#978));
#590=EDGE_LOOP('',(#979,#980,#981,#982));
#591=AXIS2_PLACEMENT_3D('',#983,#984,#985);
#592=SURFACE_SIDE_STYLE('',(#986));
#593=EDGE_LOOP('',(#987,#988,#989,#990));
#594=AXIS2_PLACEMENT_3D('',#991,#992,#993);
#595=SURFACE_SIDE_STYLE('',(#994));
#596=EDGE_LOOP('',(#995,#996,#997,#998));
#597=AXIS2_PLACEMENT_3D('',#999,#1000,#1001);
#598=SURFACE_SIDE_STYLE('',(#1002));
#599=EDGE_LOOP('',(#1003,#1004,#1005,#1006));
#600=AXIS2_PLACEMENT_3D('',#1007,#1008,#1009);
#601=SURFACE_SIDE_STYLE('',(#1010));
#602=EDGE_LOOP('',(#1011,#1012,#1013,#1014));
#603=AXIS2_PLACEMENT_3D('',#1015,#1016,#1017);
#604=SURFACE_SIDE_STYLE('',(#1018));
#605=EDGE_LOOP('',(#1019,#1020,#1021,#1022));
#606=AXIS2_PLACEMENT_3D('',#1023,#1024,#1025);
#607=SURFACE_SIDE_STYLE('',(#1026));
#608=EDGE_LOOP('',(#1027,#1028,#1029,#1030));
#609=AXIS2_PLACEMENT_3D('',#1031,#1032,#1033);
#610=SURFACE_SIDE_STYLE('',(#1034));
#611=EDGE_LOOP('',(#1035,#1036,#1037,#1038));
#612=AXIS2_PLACEMENT_3D('',#1039,#1040,#1041);
#613=SURFACE_SIDE_STYLE('',(#1042));
#614=EDGE_LOOP('',(#1043,#1044,#1045,#1046));
#615=AXIS2_PLACEMENT_3D('',#1047,#1048,#1049);
#616=SURFACE_SIDE_STYLE('',(#1050));
#617=EDGE_LOOP('',(#1051,#1052,#1053,#1054));
#618=AXIS2_PLACEMENT_3D('',#1055,#1056,#1057);
#619=SURFACE_SIDE_STYLE('',(#1058));
#620=EDGE_LOOP('',(#1059,#1060,#1061,#1062));
#621=AXIS2_PLACEMENT_3D('',#1063,#1064,#1065);
#622=SURFACE_SIDE_STYLE('',(#1066));
#623=EDGE_LOOP('',(#1067,#1068,#1069,#1070));
#624=AXIS2_PLACEMENT_3D('',#1071,#1072,#1073);
#625=SURFACE_SIDE_STYLE('',(#1074));
#626=EDGE_LOOP('',(#1075,#1076,#1077,#1078));
#627=AXIS2_PLACEMENT_3D('',#1079,#1080,#1081);
#628=SURFACE_SIDE_STYLE('',(#1082));
#629=EDGE_LOOP('',(#1083,#1084,#1085,#1086));
#630=AXIS2_PLACEMENT_3D('',#1087,#1088,#1089);
#631=SURFACE_SIDE_STYLE('',(#1090));
#632=EDGE_LOOP('',(#1091,#1092,#1093,#1094));
#633=AXIS2_PLACEMENT_3D('',#1095,#1096,#1097);
#634=SURFACE_SIDE_STYLE('',(#1098));
#635=EDGE_LOOP('',(#1099,#1100,#1101,#1102));
#636=AXIS2_PLACEMENT_3D('',#1103,#1104,#1105);
#637=SURFACE_SIDE_STYLE('',(#1106));
#638=EDGE_LOOP('',(#1107,#1108,#1109,#1110,#1111,#1112,#1113,#1114,#1115,#1116,#1117,#1118,#1119,#1120));
#639=EDGE_LOOP('',(#1121,#1122,#1123,#1124,#1125,#1126,#1127,#1128));
#640=EDGE_LOOP('',(#1129,#1130,#1131,#1132,#1133,#1134,#1135,#1136));
#641=EDGE_LOOP('',(#1137,#1138));
#642=AXIS2_PLACEMENT_3D('',#1139,#1140,#1141);
#643=SURFACE_SIDE_STYLE('',(#1142));
#644=EDGE_LOOP('',(#1143,#1144,#1145,#1146));
#645=AXIS2_PLACEMENT_3D('',#1147,#1148,#1149);
#646=SURFACE_SIDE_STYLE('',(#1150));
#647=EDGE_LOOP('',(#1151,#1152,#1153,#1154));
#648=AXIS2_PLACEMENT_3D('',#1155,#1156,#1157);
#649=SURFACE_SIDE_STYLE('',(#1158));
#650=EDGE_LOOP('',(#1159,#1160,#1161,#1162));
#651=AXIS2_PLACEMENT_3D('',#1163,#1164,#1165);
#652=SURFACE_SIDE_STYLE('',(#1166));
#653=EDGE_LOOP('',(#1167,#1168,#1169,#1170));
#654=AXIS2_PLACEMENT_3D('',#1171,#1172,#1173);
#655=SURFACE_SIDE_STYLE('',(#1174));
#656=EDGE_LOOP('',(#1175,#1176,#1177,#1178));
#657=AXIS2_PLACEMENT_3D('',#1179,#1180,#1181);
#658=SURFACE_SIDE_STYLE('',(#1182));
#659=EDGE_LOOP('',(#1183,#1184,#1185,#1186));
#660=AXIS2_PLACEMENT_3D('',#1187,#1188,#1189);
#661=SURFACE_SIDE_STYLE('',(#1190));
#662=EDGE_LOOP('',(#1191,#1192,#1193,#1194));
#663=AXIS2_PLACEMENT_3D('',#1195,#1196,#1197);
#664=SURFACE_SIDE_STYLE('',(#1198));
#665=EDGE_LOOP('',(#1199,#1200,#1201,#1202));
#666=AXIS2_PLACEMENT_3D('',#1203,#1204,#1205);
#667=SURFACE_SIDE_STYLE('',(#1206));
#668=EDGE_LOOP('',(#1207,#1208,#1209,#1210));
#669=AXIS2_PLACEMENT_3D('',#1211,#1212,#1213);
#670=SURFACE_SIDE_STYLE('',(#1214));
#671=EDGE_LOOP('',(#1215,#1216,#1217,#1218));
#672=AXIS2_PLACEMENT_3D('',#1219,#1220,#1221);
#673=SURFACE_SIDE_STYLE('',(#1222));
#674=EDGE_LOOP('',(#1223,#1224,#1225,#1226));
#675=AXIS2_PLACEMENT_3D('',#1227,#1228,#1229);
#676=SURFACE_SIDE_STYLE('',(#1230));
#677=EDGE_LOOP('',(#1231,#1232,#1233,#1234));
#678=AXIS2_PLACEMENT_3D('',#1235,#1236,#1237);
#679=SURFACE_SIDE_STYLE('',(#1238));
#680=EDGE_LOOP('',(#1239,#1240,#1241,#1242));
#681=AXIS2_PLACEMENT_3D('',#1243,#1244,#1245);
#682=SURFACE_SIDE_STYLE('',(#1246));
#683=EDGE_LOOP('',(#1247,#1248,#1249,#1250));
#684=AXIS2_PLACEMENT_3D('',#1251,#1252,#1253);
#685=SURFACE_SIDE_STYLE('',(#1254));
#686=EDGE_LOOP('',(#1255,#1256,#1257,#1258));
#687=AXIS2_PLACEMENT_3D('',#1259,#1260,#1261);
#688=SURFACE_SIDE_STYLE('',(#1262));
#689=EDGE_LOOP('',(#1263,#1264,#1265,#1266));
#690=AXIS2_PLACEMENT_3D('',#1267,#1268,#1269);
#691=SURFACE_SIDE_STYLE('',(#1270));
#692=EDGE_LOOP('',(#1271,#1272,#1273,#1274));
#693=AXIS2_PLACEMENT_3D('',#1275,#1276,#1277);
#694=SURFACE_SIDE_STYLE('',(#1278));
#695=EDGE_LOOP('',(#1279,#1280,#1281,#1282));
#696=AXIS2_PLACEMENT_3D('',#1283,#1284,#1285);
#697=SURFACE_SIDE_STYLE('',(#1286));
#698=EDGE_LOOP('',(#1287,#1288,#1289,#1290));
#699=AXIS2_PLACEMENT_3D('',#1291,#1292,#1293);
#700=SURFACE_SIDE_STYLE('',(#1294));
#701=EDGE_LOOP('',(#1295,#1296,#1297,#1298));
#702=AXIS2_PLACEMENT_3D('',#1299,#1300,#1301);
#703=SURFACE_SIDE_STYLE('',(#1302));
#704=EDGE_LOOP('',(#1303,#1304,#1305,#1306));
#705=AXIS2_PLACEMENT_3D('',#1307,#1308,#1309);
#706=SURFACE_SIDE_STYLE('',(#1310));
#707=EDGE_LOOP('',(#1311,#1312,#1313,#1314));
#708=AXIS2_PLACEMENT_3D('',#1315,#1316,#1317);
#709=SURFACE_SIDE_STYLE('',(#1318));
#710=EDGE_LOOP('',(#1319,#1320,#1321,#1322));
#711=AXIS2_PLACEMENT_3D('',#1323,#1324,#1325);
#712=SURFACE_SIDE_STYLE('',(#1326));
#713=EDGE_LOOP('',(#1327,#1328,#1329,#1330));
#714=AXIS2_PLACEMENT_3D('',#1331,#1332,#1333);
#715=SURFACE_SIDE_STYLE('',(#1334));
#716=EDGE_LOOP('',(#1335,#1336,#1337,#1338));
#717=AXIS2_PLACEMENT_3D('',#1339,#1340,#1341);
#718=SURFACE_SIDE_STYLE('',(#1342));
#719=EDGE_LOOP('',(#1343,#1344,#1345,#1346));
#720=AXIS2_PLACEMENT_3D('',#1347,#1348,#1349);
#721=SURFACE_SIDE_STYLE('',(#1350));
#722=EDGE_LOOP('',(#1351,#1352,#1353,#1354));
#723=AXIS2_PLACEMENT_3D('',#1355,#1356,#1357);
#724=SURFACE_SIDE_STYLE('',(#1358));
#725=EDGE_LOOP('',(#1359,#1360,#1361,#1362));
#726=AXIS2_PLACEMENT_3D('',#1363,#1364,#1365);
#727=SURFACE_SIDE_STYLE('',(#1366));
#728=EDGE_LOOP('',(#1367,#1368,#1369,#1370));
#729=AXIS2_PLACEMENT_3D('',#1371,#1372,#1373);
#730=SURFACE_SIDE_STYLE('',(#1374));
#731=EDGE_LOOP('',(#1375,#1376,#1377,#1378));
#732=AXIS2_PLACEMENT_3D('',#1379,#1380,#1381);
#733=SURFACE_SIDE_STYLE('',(#1382));
#734=EDGE_LOOP('',(#1383,#1384,#1385,#1386));
#735=AXIS2_PLACEMENT_3D('',#1387,#1388,#1389);
#736=SURFACE_SIDE_STYLE('',(#1390));
#737=EDGE_LOOP('',(#1391,#1392,#1393,#1394));
#738=AXIS2_PLACEMENT_3D('',#1395,#1396,#1397);
#739=SURFACE_SIDE_STYLE('',(#1398));
#740=EDGE_LOOP('',(#1399,#1400,#1401,#1402));
#741=AXIS2_PLACEMENT_3D('',#1403,#1404,#1405);
#742=SURFACE_SIDE_STYLE('',(#1406));
#743=EDGE_LOOP('',(#1407,#1408,#1409,#1410));
#744=AXIS2_PLACEMENT_3D('',#1411,#1412,#1413);
#745=SURFACE_SIDE_STYLE('',(#1414));
#746=EDGE_LOOP('',(#1415,#1416,#1417,#1418,#1419,#1420,#1421,#1422));
#747=AXIS2_PLACEMENT_3D('',#1423,#1424,#1425);
#748=SURFACE_SIDE_STYLE('',(#1426));
#749=EDGE_LOOP('',(#1427,#1428,#1429,#1430,#1431,#1432,#1433,#1434));
#750=AXIS2_PLACEMENT_3D('',#1435,#1436,#1437);
#751=SURFACE_SIDE_STYLE('',(#1438));
#752=EDGE_LOOP('',(#1439,#1440,#1441,#1442,#1443,#1444,#1445,#1446));
#753=AXIS2_PLACEMENT_3D('',#1447,#1448,#1449);
#754=SURFACE_SIDE_STYLE('',(#1450));
#755=EDGE_LOOP('',(#1451,#1452,#1453,#1454,#1455,#1456,#1457,#1458));
#756=AXIS2_PLACEMENT_3D('',#1459,#1460,#1461);
#758=SURFACE_STYLE_FILL_AREA(#1462);
#759=ORIENTED_EDGE('',*,*,#1463,.T.);
#760=ORIENTED_EDGE('',*,*,#1464,.T.);
#761=ORIENTED_EDGE('',*,*,#1465,.T.);
#762=ORIENTED_EDGE('',*,*,#1466,.T.);
#763=ORIENTED_EDGE('',*,*,#1467,.T.);
#764=ORIENTED_EDGE('',*,*,#1468,.T.);
#765=ORIENTED_EDGE('',*,*,#1469,.T.);
#766=ORIENTED_EDGE('',*,*,#1470,.T.);
#767=ORIENTED_EDGE('',*,*,#1471,.T.);
#768=ORIENTED_EDGE('',*,*,#1472,.T.);
#769=ORIENTED_EDGE('',*,*,#1473,.T.);
#770=ORIENTED_EDGE('',*,*,#1474,.T.);
#771=ORIENTED_EDGE('',*,*,#1475,.T.);
#772=ORIENTED_EDGE('',*,*,#1476,.T.);
#773=ORIENTED_EDGE('',*,*,#1477,.T.);
#774=ORIENTED_EDGE('',*,*,#1478,.T.);
#775=ORIENTED_EDGE('',*,*,#1479,.T.);
#776=ORIENTED_EDGE('',*,*,#1480,.T.);
#777=ORIENTED_EDGE('',*,*,#1481,.T.);
#778=ORIENTED_EDGE('',*,*,#1482,.T.);
#779=ORIENTED_EDGE('',*,*,#1483,.T.);
#780=ORIENTED_EDGE('',*,*,#1484,.T.);
#781=ORIENTED_EDGE('',*,*,#1485,.T.);
#782=ORIENTED_EDGE('',*,*,#1486,.T.);
#783=ORIENTED_EDGE('',*,*,#1487,.T.);
#784=ORIENTED_EDGE('',*,*,#1488,.T.);
#785=ORIENTED_EDGE('',*,*,#1489,.T.);
#786=ORIENTED_EDGE('',*,*,#1490,.T.);
#787=ORIENTED_EDGE('',*,*,#1491,.T.);
#788=ORIENTED_EDGE('',*,*,#1492,.T.);
#789=ORIENTED_EDGE('',*,*,#1493,.T.);
#790=ORIENTED_EDGE('',*,*,#1494,.T.);
#791=CARTESIAN_POINT('',(-142.5,0.0,-25.0));
#792=DIRECTION('',(-0.0,-0.0,-1.0));
#793=DIRECTION('',(0.0,-1.0,0.0));
#794=SURFACE_STYLE_FILL_AREA(#1495);
#795=ORIENTED_EDGE('',*,*,#1496,.T.);
#796=ORIENTED_EDGE('',*,*,#1463,.F.);
#797=ORIENTED_EDGE('',*,*,#1497,.T.);
#798=ORIENTED_EDGE('',*,*,#1498,.T.);
#799=CARTESIAN_POINT('',(142.5,403.2186364257,-17.5));
#800=DIRECTION('',(0.0,1.0,0.0));
#801=DIRECTION('',(0.0,0.0,-1.0));
#802=SURFACE_STYLE_FILL_AREA(#1499);
#803=ORIENTED_EDGE('',*,*,#1496,.F.);
#804=ORIENTED_EDGE('',*,*,#1500,.T.);
#805=ORIENTED_EDGE('',*,*,#1501,.T.);
#806=ORIENTED_EDGE('',*,*,#1502,.T.);
#807=ORIENTED_EDGE('',*,*,#1503,.T.);
#808=ORIENTED_EDGE('',*,*,#1464,.F.);
#809=ORIENTED_EDGE('',*,*,#1504,.T.);
#810=ORIENTED_EDGE('',*,*,#1505,.T.);
#811=ORIENTED_EDGE('',*,*,#1506,.T.);
#812=ORIENTED_EDGE('',*,*,#1507,.T.);
#813=ORIENTED_EDGE('',*,*,#1508,.T.);
#814=ORIENTED_EDGE('',*,*,#1509,.T.);
#815=ORIENTED_EDGE('',*,*,#1510,.T.);
#816=ORIENTED_EDGE('',*,*,#1511,.T.);
#817=CARTESIAN_POINT('',(60.0,0.0,-25.0));
#818=DIRECTION('',(0.0,-1.0,0.0));
#819=DIRECTION('',(0.0,0.0,-1.0));
#820=SURFACE_STYLE_FILL_AREA(#1512);
#821=ORIENTED_EDGE('',*,*,#1465,.F.);
#822=ORIENTED_EDGE('',*,*,#1503,.F.);
#823=ORIENTED_EDGE('',*,*,#1513,.T.);
#824=ORIENTED_EDGE('',*,*,#1514,.T.);
#825=CARTESIAN_POINT('',(60.0,0.0,-25.0));
#826=DIRECTION('',(-0.906307787036597,-0.422618261740812,0.0));
#827=DIRECTION('',(-0.422618261740812,0.906307787036597,0.0));
#828=SURFACE_STYLE_FILL_AREA(#1515);
#829=ORIENTED_EDGE('',*,*,#1466,.F.);
#830=ORIENTED_EDGE('',*,*,#1514,.F.);
#831=ORIENTED_EDGE('',*,*,#1516,.T.);
#832=ORIENTED_EDGE('',*,*,#1517,.T.);
#833=CARTESIAN_POINT('',(6.394884621841E-14,116.8394073148,-30.0));
#834=DIRECTION('',(0.0,0.0,-1.0));
#835=DIRECTION('',(0.906307787036597,0.422618261740812,0.0));
#836=SURFACE_STYLE_FILL_AREA(#1518);
#837=ORIENTED_EDGE('',*,*,#1467,.F.);
#838=ORIENTED_EDGE('',*,*,#1517,.F.);
#839=ORIENTED_EDGE('',*,*,#1519,.T.);
#840=ORIENTED_EDGE('',*,*,#1520,.T.);
#841=CARTESIAN_POINT('',(-4.531538935183,118.9524986235,-25.0));
#842=DIRECTION('',(0.906307787036597,-0.422618261740812,0.0));
#843=DIRECTION('',(0.0,0.0,-1.0));
#844=SURFACE_STYLE_FILL_AREA(#1521);
#845=ORIENTED_EDGE('',*,*,#1522,.T.);
#846=ORIENTED_EDGE('',*,*,#1523,.T.);
#847=ORIENTED_EDGE('',*,*,#1524,.T.);
#848=ORIENTED_EDGE('',*,*,#1468,.F.);
#849=ORIENTED_EDGE('',*,*,#1520,.F.);
#850=ORIENTED_EDGE('',*,*,#1525,.T.);
#851=ORIENTED_EDGE('',*,*,#1526,.T.);
#852=ORIENTED_EDGE('',*,*,#1527,.T.);
#853=ORIENTED_EDGE('',*,*,#1528,.T.);
#854=ORIENTED_EDGE('',*,*,#1529,.T.);
#855=ORIENTED_EDGE('',*,*,#1530,.T.);
#856=ORIENTED_EDGE('',*,*,#1531,.T.);
#857=ORIENTED_EDGE('',*,*,#1532,.T.);
#858=ORIENTED_EDGE('',*,*,#1533,.T.);
#859=CARTESIAN_POINT('',(-150.0,0.0,-25.0));
#860=DIRECTION('',(0.0,-1.0,0.0));
#861=DIRECTION('',(0.0,0.0,-1.0));
#862=SURFACE_STYLE_FILL_AREA(#1534);
#863=ORIENTED_EDGE('',*,*,#1535,.T.);
#864=ORIENTED_EDGE('',*,*,#1469,.F.);
#865=ORIENTED_EDGE('',*,*,#1524,.F.);
#866=ORIENTED_EDGE('',*,*,#1536,.T.);
#867=CARTESIAN_POINT('',(-142.5,-228.1801590748,-17.5));
#868=DIRECTION('',(0.0,-1.0,-0.0));
#869=DIRECTION('',(0.0,0.0,-1.0));
#870=SURFACE_STYLE_FILL_AREA(#1537);
#871=ORIENTED_EDGE('',*,*,#1538,.T.);
#872=ORIENTED_EDGE('',*,*,#1539,.T.);
#873=ORIENTED_EDGE('',*,*,#1540,.T.);
#874=ORIENTED_EDGE('',*,*,#1470,.F.);
#875=ORIENTED_EDGE('',*,*,#1535,.F.);
#876=ORIENTED_EDGE('',*,*,#1541,.T.);
#877=ORIENTED_EDGE('',*,*,#1542,.T.);
#878=ORIENTED_EDGE('',*,*,#1543,.T.);
#879=ORIENTED_EDGE('',*,*,#1544,.T.);
#880=ORIENTED_EDGE('',*,*,#1545,.T.);
#881=ORIENTED_EDGE('',*,*,#1546,.T.);
#882=ORIENTED_EDGE('',*,*,#1547,.T.);
#883=ORIENTED_EDGE('',*,*,#1548,.T.);
#884=ORIENTED_EDGE('',*,*,#1549,.T.);
#885=CARTESIAN_POINT('',(-96.0528714198,10.0,-25.0));
#886=DIRECTION('',(-0.0,1.0,0.0));
#887=DIRECTION('',(1.0,0.0,0.0));
#888=SURFACE_STYLE_FILL_AREA(#1550);
#889=ORIENTED_EDGE('',*,*,#1540,.F.);
#890=ORIENTED_EDGE('',*,*,#1551,.T.);
#891=ORIENTED_EDGE('',*,*,#1552,.T.);
#892=ORIENTED_EDGE('',*,*,#1471,.F.);
#893=CARTESIAN_POINT('',(-96.0528714198,15.0,-90.18));
#894=DIRECTION('',(0.0,0.0,-1.0));
#895=DIRECTION('',(0.0,-1.0,0.0));
#896=SURFACE_STYLE_FILL_AREA(#1553);
#897=ORIENTED_EDGE('',*,*,#1552,.F.);
#898=ORIENTED_EDGE('',*,*,#1554,.T.);
#899=ORIENTED_EDGE('',*,*,#1555,.T.);
#900=ORIENTED_EDGE('',*,*,#1472,.F.);
#901=CARTESIAN_POINT('',(-22.65769467592,160.5654565435,-25.0));
#902=DIRECTION('',(-0.906307787036597,0.422618261740812,0.0));
#903=DIRECTION('',(0.0,0.0,1.0));
#904=SURFACE_STYLE_FILL_AREA(#1556);
#905=ORIENTED_EDGE('',*,*,#1473,.F.);
#906=ORIENTED_EDGE('',*,*,#1555,.F.);
#907=ORIENTED_EDGE('',*,*,#1557,.T.);
#908=ORIENTED_EDGE('',*,*,#1558,.T.);
#909=CARTESIAN_POINT('',(0.0,150.0,-25.0));
#910=DIRECTION('',(0.0,0.0,-1.0));
#911=DIRECTION('',(0.906307787036597,0.422618261740812,0.0));
#912=SURFACE_STYLE_FILL_AREA(#1559);
#913=ORIENTED_EDGE('',*,*,#1560,.T.);
#914=ORIENTED_EDGE('',*,*,#1474,.F.);
#915=ORIENTED_EDGE('',*,*,#1558,.F.);
#916=ORIENTED_EDGE('',*,*,#1561,.T.);
#917=CARTESIAN_POINT('',(91.52133248462,12.8869086913,-25.0));
#918=DIRECTION('',(0.906307787036597,0.422618261740812,0.0));
#919=DIRECTION('',(0.0,0.0,-1.0));
#920=SURFACE_STYLE_FILL_AREA(#1562);
#921=ORIENTED_EDGE('',*,*,#1560,.F.);
#922=ORIENTED_EDGE('',*,*,#1563,.T.);
#923=ORIENTED_EDGE('',*,*,#1564,.T.);
#924=ORIENTED_EDGE('',*,*,#1475,.F.);
#925=CARTESIAN_POINT('',(96.0528714198,15.0,-90.18));
#926=DIRECTION('',(-0.0,0.0,-1.0));
#927=DIRECTION('',(-0.906307787036597,-0.422618261740812,0.0));
#928=SURFACE_STYLE_FILL_AREA(#1565);
#929=ORIENTED_EDGE('',*,*,#1497,.F.);
#930=ORIENTED_EDGE('',*,*,#1476,.F.);
#931=ORIENTED_EDGE('',*,*,#1564,.F.);
#932=ORIENTED_EDGE('',*,*,#1566,.T.);
#933=ORIENTED_EDGE('',*,*,#1567,.T.);
#934=ORIENTED_EDGE('',*,*,#1568,.T.);
#935=ORIENTED_EDGE('',*,*,#1569,.T.);
#936=ORIENTED_EDGE('',*,*,#1570,.T.);
#937=ORIENTED_EDGE('',*,*,#1571,.T.);
#938=ORIENTED_EDGE('',*,*,#1572,.T.);
#939=ORIENTED_EDGE('',*,*,#1573,.T.);
#940=ORIENTED_EDGE('',*,*,#1574,.T.);
#941=ORIENTED_EDGE('',*,*,#1575,.T.);
#942=ORIENTED_EDGE('',*,*,#1576,.T.);
#943=CARTESIAN_POINT('',(150.0,10.0,-25.0));
#944=DIRECTION('',(-0.0,1.0,0.0));
#945=DIRECTION('',(1.0,0.0,0.0));
#946=SURFACE_STYLE_FILL_AREA(#1577);
#947=ORIENTED_EDGE('',*,*,#1477,.F.);
#948=ORIENTED_EDGE('',*,*,#1578,.T.);
#949=ORIENTED_EDGE('',*,*,#1579,.T.);
#950=ORIENTED_EDGE('',*,*,#1580,.T.);
#951=CARTESIAN_POINT('',(79.96851029352,10.0,-6.0));
#952=DIRECTION('',(-0.0,1.0,0.0));
#953=DIRECTION('',(1.0,0.0,0.0));
#954=SURFACE_STYLE_FILL_AREA(#1581);
#955=ORIENTED_EDGE('',*,*,#1478,.F.);
#956=ORIENTED_EDGE('',*,*,#1580,.F.);
#957=ORIENTED_EDGE('',*,*,#1582,.T.);
#958=ORIENTED_EDGE('',*,*,#1583,.T.);
#959=CARTESIAN_POINT('',(79.96851029352,14.0,-25.0));
#960=DIRECTION('',(0.0,-0.0,1.0));
#961=DIRECTION('',(0.906307787036597,0.422618261740812,0.0));
#962=SURFACE_STYLE_FILL_AREA(#1584);
#963=ORIENTED_EDGE('',*,*,#1479,.F.);
#964=ORIENTED_EDGE('',*,*,#1583,.F.);
#965=ORIENTED_EDGE('',*,*,#1585,.T.);
#966=ORIENTED_EDGE('',*,*,#1586,.T.);
#967=CARTESIAN_POINT('',(24.67579713824,142.0404123478,-6.0));
#968=DIRECTION('',(-0.906307787036597,-0.422618261740812,-0.0));
#969=DIRECTION('',(-0.422618261740812,0.906307787036597,0.0));
#970=SURFACE_STYLE_FILL_AREA(#1587);
#971=ORIENTED_EDGE('',*,*,#1480,.F.);
#972=ORIENTED_EDGE('',*,*,#1586,.F.);
#973=ORIENTED_EDGE('',*,*,#1588,.T.);
#974=ORIENTED_EDGE('',*,*,#1589,.T.);
#975=CARTESIAN_POINT('',(22.86318156417,141.1951758244,-25.0));
#976=DIRECTION('',(0.0,0.0,1.0));
#977=DIRECTION('',(-0.933191084251936,0.359380578596975,0.0));
#978=SURFACE_STYLE_FILL_AREA(#1590);
#979=ORIENTED_EDGE('',*,*,#1481,.F.);
#980=ORIENTED_EDGE('',*,*,#1589,.F.);
#981=ORIENTED_EDGE('',*,*,#1591,.T.);
#982=ORIENTED_EDGE('',*,*,#1592,.T.);
#983=CARTESIAN_POINT('',(0.0,150.0,-25.0));
#984=DIRECTION('',(0.0,0.0,1.0));
#985=DIRECTION('',(0.933191084251936,-0.359380578596975,0.0));
#986=SURFACE_STYLE_FILL_AREA(#1593);
#987=ORIENTED_EDGE('',*,*,#1482,.F.);
#988=ORIENTED_EDGE('',*,*,#1592,.F.);
#989=ORIENTED_EDGE('',*,*,#1594,.T.);
#990=ORIENTED_EDGE('',*,*,#1595,.T.);
#991=CARTESIAN_POINT('',(12.085006236,126.4160515546,-25.0));
#992=DIRECTION('',(-0.0,0.0,1.0));
#993=DIRECTION('',(-0.906307787036597,-0.422618261740812,-0.0));
#994=SURFACE_STYLE_FILL_AREA(#1596);
#995=ORIENTED_EDGE('',*,*,#1483,.F.);
#996=ORIENTED_EDGE('',*,*,#1595,.F.);
#997=ORIENTED_EDGE('',*,*,#1597,.T.);
#998=ORIENTED_EDGE('',*,*,#1598,.T.);
#999=CARTESIAN_POINT('',(60.88024082731,12.30952695304,-6.0));
#1000=DIRECTION('',(0.906307787036597,0.422618261740812,0.0));
#1001=DIRECTION('',(0.0,0.0,-1.0));
#1002=SURFACE_STYLE_FILL_AREA(#1599);
#1003=ORIENTED_EDGE('',*,*,#1484,.F.);
#1004=ORIENTED_EDGE('',*,*,#1598,.F.);
#1005=ORIENTED_EDGE('',*,*,#1600,.T.);
#1006=ORIENTED_EDGE('',*,*,#1578,.F.);
#1007=CARTESIAN_POINT('',(64.50547197545,14.0,-25.0));
#1008=DIRECTION('',(0.0,0.0,1.0));
#1009=DIRECTION('',(7.289124377473E-15,-1.0,0.0));
#1010=SURFACE_STYLE_FILL_AREA(#1601);
#1011=ORIENTED_EDGE('',*,*,#1485,.F.);
#1012=ORIENTED_EDGE('',*,*,#1602,.T.);
#1013=ORIENTED_EDGE('',*,*,#1603,.T.);
#1014=ORIENTED_EDGE('',*,*,#1604,.T.);
#1015=CARTESIAN_POINT('',(-79.96851029352,10.0,-6.0));
#1016=DIRECTION('',(-0.0,1.0,0.0));
#1017=DIRECTION('',(1.0,0.0,0.0));
#1018=SURFACE_STYLE_FILL_AREA(#1605);
#1019=ORIENTED_EDGE('',*,*,#1486,.F.);
#1020=ORIENTED_EDGE('',*,*,#1604,.F.);
#1021=ORIENTED_EDGE('',*,*,#1606,.T.);
#1022=ORIENTED_EDGE('',*,*,#1607,.T.);
#1023=CARTESIAN_POINT('',(-64.50547197545,14.0,-25.0));
#1024=DIRECTION('',(-0.0,0.0,-1.0));
#1025=DIRECTION('',(-1.836970198721E-16,-1.0,0.0));
#1026=SURFACE_STYLE_FILL_AREA(#1608);
#1027=ORIENTED_EDGE('',*,*,#1487,.F.);
#1028=ORIENTED_EDGE('',*,*,#1607,.F.);
#1029=ORIENTED_EDGE('',*,*,#1609,.T.);
#1030=ORIENTED_EDGE('',*,*,#1610,.T.);
#1031=CARTESIAN_POINT('',(-60.8802408351,12.30952693633,-6.0));
#1032=DIRECTION('',(-0.906307787036597,0.422618261740812,0.0));
#1033=DIRECTION('',(0.0,0.0,1.0));
#1034=SURFACE_STYLE_FILL_AREA(#1611);
#1035=ORIENTED_EDGE('',*,*,#1488,.F.);
#1036=ORIENTED_EDGE('',*,*,#1610,.F.);
#1037=ORIENTED_EDGE('',*,*,#1612,.T.);
#1038=ORIENTED_EDGE('',*,*,#1613,.T.);
#1039=CARTESIAN_POINT('',(-12.085006236,126.4160515546,-25.0));
#1040=DIRECTION('',(0.0,0.0,-1.0));
#1041=DIRECTION('',(0.906307787036597,-0.422618261740812,0.0));
#1042=SURFACE_STYLE_FILL_AREA(#1614);
#1043=ORIENTED_EDGE('',*,*,#1489,.F.);
#1044=ORIENTED_EDGE('',*,*,#1613,.F.);
#1045=ORIENTED_EDGE('',*,*,#1615,.T.);
#1046=ORIENTED_EDGE('',*,*,#1616,.T.);
#1047=CARTESIAN_POINT('',(0.0,150.0,-25.0));
#1048=DIRECTION('',(-0.0,0.0,-1.0));
#1049=DIRECTION('',(-0.933191084251936,-0.359380578596975,0.0));
#1050=SURFACE_STYLE_FILL_AREA(#1617);
#1051=ORIENTED_EDGE('',*,*,#1490,.F.);
#1052=ORIENTED_EDGE('',*,*,#1616,.F.);
#1053=ORIENTED_EDGE('',*,*,#1618,.T.);
#1054=ORIENTED_EDGE('',*,*,#1619,.T.);
#1055=CARTESIAN_POINT('',(-22.86318156417,141.1951758244,-25.0));
#1056=DIRECTION('',(0.0,0.0,-1.0));
#1057=DIRECTION('',(0.933191084251936,0.359380578596975,0.0));
#1058=SURFACE_STYLE_FILL_AREA(#1620);
#1059=ORIENTED_EDGE('',*,*,#1491,.F.);
#1060=ORIENTED_EDGE('',*,*,#1619,.F.);
#1061=ORIENTED_EDGE('',*,*,#1621,.T.);
#1062=ORIENTED_EDGE('',*,*,#1622,.T.);
#1063=CARTESIAN_POINT('',(-24.67579713824,142.0404123478,-6.0));
#1064=DIRECTION('',(0.906307787036597,-0.422618261740812,0.0));
#1065=DIRECTION('',(0.0,0.0,-1.0));
#1066=SURFACE_STYLE_FILL_AREA(#1623);
#1067=ORIENTED_EDGE('',*,*,#1492,.F.);
#1068=ORIENTED_EDGE('',*,*,#1622,.F.);
#1069=ORIENTED_EDGE('',*,*,#1624,.T.);
#1070=ORIENTED_EDGE('',*,*,#1602,.F.);
#1071=CARTESIAN_POINT('',(-79.96851029352,14.0,-25.0));
#1072=DIRECTION('',(0.0,0.0,-1.0));
#1073=DIRECTION('',(-0.906307787036597,0.422618261740812,0.0));
#1074=SURFACE_STYLE_FILL_AREA(#1625);
#1075=ORIENTED_EDGE('',*,*,#1493,.F.);
#1076=ORIENTED_EDGE('',*,*,#1626,.T.);
#1077=ORIENTED_EDGE('',*,*,#1627,.T.);
#1078=ORIENTED_EDGE('',*,*,#1628,.T.);
#1079=CARTESIAN_POINT('',(0.0,150.0,-30.0));
#1080=DIRECTION('',(0.0,0.0,-1.0));
#1081=DIRECTION('',(1.0,0.0,0.0));
#1082=SURFACE_STYLE_FILL_AREA(#1629);
#1083=ORIENTED_EDGE('',*,*,#1494,.F.);
#1084=ORIENTED_EDGE('',*,*,#1628,.F.);
#1085=ORIENTED_EDGE('',*,*,#1630,.T.);
#1086=ORIENTED_EDGE('',*,*,#1626,.F.);
#1087=CARTESIAN_POINT('',(0.0,150.0,-30.0));
#1088=DIRECTION('',(0.0,0.0,-1.0));
#1089=DIRECTION('',(-1.0,1.224646799147E-16,0.0));
#1090=SURFACE_STYLE_FILL_AREA(#1631);
#1091=ORIENTED_EDGE('',*,*,#1498,.F.);
#1092=ORIENTED_EDGE('',*,*,#1568,.F.);
#1093=ORIENTED_EDGE('',*,*,#1632,.T.);
#1094=ORIENTED_EDGE('',*,*,#1500,.F.);
#1095=CARTESIAN_POINT('',(150.0,0.0,-17.5));
#1096=DIRECTION('',(1.0,0.0,0.0));
#1097=DIRECTION('',(0.0,1.0,0.0));
#1098=SURFACE_STYLE_FILL_AREA(#1633);
#1099=ORIENTED_EDGE('',*,*,#1567,.F.);
#1100=ORIENTED_EDGE('',*,*,#1634,.T.);
#1101=ORIENTED_EDGE('',*,*,#1501,.F.);
#1102=ORIENTED_EDGE('',*,*,#1632,.F.);
#1103=CARTESIAN_POINT('',(142.5,-228.1801590748,17.5));
#1104=DIRECTION('',(0.0,-1.0,0.0));
#1105=DIRECTION('',(0.0,0.0,1.0));
#1106=SURFACE_STYLE_FILL_AREA(#1635);
#1107=ORIENTED_EDGE('',*,*,#1636,.T.);
#1108=ORIENTED_EDGE('',*,*,#1525,.F.);
#1109=ORIENTED_EDGE('',*,*,#1519,.F.);
#1110=ORIENTED_EDGE('',*,*,#1516,.F.);
#1111=ORIENTED_EDGE('',*,*,#1513,.F.);
#1112=ORIENTED_EDGE('',*,*,#1502,.F.);
#1113=ORIENTED_EDGE('',*,*,#1634,.F.);
#1114=ORIENTED_EDGE('',*,*,#1566,.F.);
#1115=ORIENTED_EDGE('',*,*,#1563,.F.);
#1116=ORIENTED_EDGE('',*,*,#1561,.F.);
#1117=ORIENTED_EDGE('',*,*,#1557,.F.);
#1118=ORIENTED_EDGE('',*,*,#1554,.F.);
#1119=ORIENTED_EDGE('',*,*,#1551,.F.);
#1120=ORIENTED_EDGE('',*,*,#1539,.F.);
#1121=ORIENTED_EDGE('',*,*,#1637,.T.);
#1122=ORIENTED_EDGE('',*,*,#1638,.T.);
#1123=ORIENTED_EDGE('',*,*,#1639,.T.);
#1124=ORIENTED_EDGE('',*,*,#1640,.T.);
#1125=ORIENTED_EDGE('',*,*,#1641,.T.);
#1126=ORIENTED_EDGE('',*,*,#1642,.T.);
#1127=ORIENTED_EDGE('',*,*,#1643,.T.);
#1128=ORIENTED_EDGE('',*,*,#1644,.T.);
#1129=ORIENTED_EDGE('',*,*,#1645,.T.);
#1130=ORIENTED_EDGE('',*,*,#1646,.T.);
#1131=ORIENTED_EDGE('',*,*,#1647,.T.);
#1132=ORIENTED_EDGE('',*,*,#1648,.T.);
#1133=ORIENTED_EDGE('',*,*,#1649,.T.);
#1134=ORIENTED_EDGE('',*,*,#1650,.T.);
#1135=ORIENTED_EDGE('',*,*,#1651,.T.);
#1136=ORIENTED_EDGE('',*,*,#1652,.T.);
#1137=ORIENTED_EDGE('',*,*,#1627,.F.);
#1138=ORIENTED_EDGE('',*,*,#1630,.F.);
#1139=CARTESIAN_POINT('',(-142.5,-3.552713678801E-15,25.0));
#1140=DIRECTION('',(0.0,0.0,1.0));
#1141=DIRECTION('',(1.0,0.0,0.0));
#1142=SURFACE_STYLE_FILL_AREA(#1653);
#1143=ORIENTED_EDGE('',*,*,#1504,.F.);
#1144=ORIENTED_EDGE('',*,*,#1654,.T.);
#1145=ORIENTED_EDGE('',*,*,#1569,.F.);
#1146=ORIENTED_EDGE('',*,*,#1655,.T.);
#1147=CARTESIAN_POINT('',(140.0,0.0,-14.0));
#1148=DIRECTION('',(0.0,-1.0,0.0));
#1149=DIRECTION('',(1.0,0.0,0.0));
#1150=SURFACE_STYLE_FILL_AREA(#1656);
#1151=ORIENTED_EDGE('',*,*,#1505,.F.);
#1152=ORIENTED_EDGE('',*,*,#1655,.F.);
#1153=ORIENTED_EDGE('',*,*,#1570,.F.);
#1154=ORIENTED_EDGE('',*,*,#1654,.F.);
#1155=CARTESIAN_POINT('',(140.0,0.0,-14.0));
#1156=DIRECTION('',(0.0,-1.0,-0.0));
#1157=DIRECTION('',(-1.0,0.0,-1.224646799147E-16));
#1158=SURFACE_STYLE_FILL_AREA(#1657);
#1159=ORIENTED_EDGE('',*,*,#1506,.F.);
#1160=ORIENTED_EDGE('',*,*,#1658,.T.);
#1161=ORIENTED_EDGE('',*,*,#1571,.F.);
#1162=ORIENTED_EDGE('',*,*,#1659,.T.);
#1163=CARTESIAN_POINT('',(115.0,0.0,-14.0));
#1164=DIRECTION('',(0.0,-1.0,0.0));
#1165=DIRECTION('',(1.0,0.0,0.0));
#1166=SURFACE_STYLE_FILL_AREA(#1660);
#1167=ORIENTED_EDGE('',*,*,#1507,.F.);
#1168=ORIENTED_EDGE('',*,*,#1659,.F.);
#1169=ORIENTED_EDGE('',*,*,#1572,.F.);
#1170=ORIENTED_EDGE('',*,*,#1658,.F.);
#1171=CARTESIAN_POINT('',(115.0,0.0,-14.0));
#1172=DIRECTION('',(0.0,-1.0,-0.0));
#1173=DIRECTION('',(-1.0,0.0,-1.224646799147E-16));
#1174=SURFACE_STYLE_FILL_AREA(#1661);
#1175=ORIENTED_EDGE('',*,*,#1662,.T.);
#1176=ORIENTED_EDGE('',*,*,#1508,.F.);
#1177=ORIENTED_EDGE('',*,*,#1663,.T.);
#1178=ORIENTED_EDGE('',*,*,#1573,.F.);
#1179=CARTESIAN_POINT('',(140.0,0.0,14.0));
#1180=DIRECTION('',(0.0,1.0,0.0));
#1181=DIRECTION('',(1.0,0.0,-2.22044604925E-16));
#1182=SURFACE_STYLE_FILL_AREA(#1664);
#1183=ORIENTED_EDGE('',*,*,#1662,.F.);
#1184=ORIENTED_EDGE('',*,*,#1574,.F.);
#1185=ORIENTED_EDGE('',*,*,#1663,.F.);
#1186=ORIENTED_EDGE('',*,*,#1509,.F.);
#1187=CARTESIAN_POINT('',(140.0,0.0,14.0));
#1188=DIRECTION('',(0.0,1.0,0.0));
#1189=DIRECTION('',(-1.0,0.0,1.224646799147E-16));
#1190=SURFACE_STYLE_FILL_AREA(#1665);
#1191=ORIENTED_EDGE('',*,*,#1666,.T.);
#1192=ORIENTED_EDGE('',*,*,#1510,.F.);
#1193=ORIENTED_EDGE('',*,*,#1667,.T.);
#1194=ORIENTED_EDGE('',*,*,#1575,.F.);
#1195=CARTESIAN_POINT('',(115.0,0.0,14.0));
#1196=DIRECTION('',(0.0,1.0,0.0));
#1197=DIRECTION('',(1.0,0.0,-2.22044604925E-16));
#1198=SURFACE_STYLE_FILL_AREA(#1668);
#1199=ORIENTED_EDGE('',*,*,#1666,.F.);
#1200=ORIENTED_EDGE('',*,*,#1576,.F.);
#1201=ORIENTED_EDGE('',*,*,#1667,.F.);
#1202=ORIENTED_EDGE('',*,*,#1511,.F.);
#1203=CARTESIAN_POINT('',(115.0,0.0,14.0));
#1204=DIRECTION('',(0.0,1.0,0.0));
#1205=DIRECTION('',(-1.0,0.0,1.224646799147E-16));
#1206=SURFACE_STYLE_FILL_AREA(#1669);
#1207=ORIENTED_EDGE('',*,*,#1522,.F.);
#1208=ORIENTED_EDGE('',*,*,#1636,.F.);
#1209=ORIENTED_EDGE('',*,*,#1538,.F.);
#1210=ORIENTED_EDGE('',*,*,#1670,.T.);
#1211=CARTESIAN_POINT('',(-142.5,403.2186364257,17.5));
#1212=DIRECTION('',(0.0,1.0,0.0));
#1213=DIRECTION('',(0.0,0.0,1.0));
#1214=SURFACE_STYLE_FILL_AREA(#1671);
#1215=ORIENTED_EDGE('',*,*,#1670,.F.);
#1216=ORIENTED_EDGE('',*,*,#1541,.F.);
#1217=ORIENTED_EDGE('',*,*,#1536,.F.);
#1218=ORIENTED_EDGE('',*,*,#1523,.F.);
#1219=CARTESIAN_POINT('',(-150.0,10.0,-17.5));
#1220=DIRECTION('',(-1.0,0.0,0.0));
#1221=DIRECTION('',(0.0,0.0,1.0));
#1222=SURFACE_STYLE_FILL_AREA(#1672);
#1223=ORIENTED_EDGE('',*,*,#1673,.T.);
#1224=ORIENTED_EDGE('',*,*,#1526,.F.);
#1225=ORIENTED_EDGE('',*,*,#1674,.T.);
#1226=ORIENTED_EDGE('',*,*,#1542,.F.);
#1227=CARTESIAN_POINT('',(-140.0,0.0,-14.0));
#1228=DIRECTION('',(0.0,1.0,0.0));
#1229=DIRECTION('',(-1.0,0.0,2.22044604925E-16));
#1230=SURFACE_STYLE_FILL_AREA(#1675);
#1231=ORIENTED_EDGE('',*,*,#1673,.F.);
#1232=ORIENTED_EDGE('',*,*,#1543,.F.);
#1233=ORIENTED_EDGE('',*,*,#1674,.F.);
#1234=ORIENTED_EDGE('',*,*,#1527,.F.);
#1235=CARTESIAN_POINT('',(-140.0,0.0,-14.0));
#1236=DIRECTION('',(0.0,1.0,0.0));
#1237=DIRECTION('',(1.0,0.0,-1.224646799147E-16));
#1238=SURFACE_STYLE_FILL_AREA(#1676);
#1239=ORIENTED_EDGE('',*,*,#1677,.T.);
#1240=ORIENTED_EDGE('',*,*,#1528,.F.);
#1241=ORIENTED_EDGE('',*,*,#1678,.T.);
#1242=ORIENTED_EDGE('',*,*,#1544,.F.);
#1243=CARTESIAN_POINT('',(-115.0,0.0,-14.0));
#1244=DIRECTION('',(0.0,1.0,0.0));
#1245=DIRECTION('',(-1.0,0.0,2.22044604925E-16));
#1246=SURFACE_STYLE_FILL_AREA(#1679);
#1247=ORIENTED_EDGE('',*,*,#1677,.F.);
#1248=ORIENTED_EDGE('',*,*,#1545,.F.);
#1249=ORIENTED_EDGE('',*,*,#1678,.F.);
#1250=ORIENTED_EDGE('',*,*,#1529,.F.);
#1251=CARTESIAN_POINT('',(-115.0,0.0,-14.0));
#1252=DIRECTION('',(0.0,1.0,0.0));
#1253=DIRECTION('',(1.0,0.0,-1.224646799147E-16));
#1254=SURFACE_STYLE_FILL_AREA(#1680);
#1255=ORIENTED_EDGE('',*,*,#1681,.T.);
#1256=ORIENTED_EDGE('',*,*,#1546,.F.);
#1257=ORIENTED_EDGE('',*,*,#1682,.T.);
#1258=ORIENTED_EDGE('',*,*,#1530,.F.);
#1259=CARTESIAN_POINT('',(-140.0,0.0,14.0));
#1260=DIRECTION('',(0.0,-1.0,0.0));
#1261=DIRECTION('',(-1.0,0.0,0.0));
#1262=SURFACE_STYLE_FILL_AREA(#1683);
#1263=ORIENTED_EDGE('',*,*,#1681,.F.);
#1264=ORIENTED_EDGE('',*,*,#1531,.F.);
#1265=ORIENTED_EDGE('',*,*,#1682,.F.);
#1266=ORIENTED_EDGE('',*,*,#1547,.F.);
#1267=CARTESIAN_POINT('',(-140.0,0.0,14.0));
#1268=DIRECTION('',(0.0,-1.0,0.0));
#1269=DIRECTION('',(1.0,0.0,1.224646799147E-16));
#1270=SURFACE_STYLE_FILL_AREA(#1684);
#1271=ORIENTED_EDGE('',*,*,#1685,.T.);
#1272=ORIENTED_EDGE('',*,*,#1548,.F.);
#1273=ORIENTED_EDGE('',*,*,#1686,.T.);
#1274=ORIENTED_EDGE('',*,*,#1532,.F.);
#1275=CARTESIAN_POINT('',(-115.0,0.0,14.0));
#1276=DIRECTION('',(0.0,-1.0,0.0));
#1277=DIRECTION('',(-1.0,0.0,0.0));
#1278=SURFACE_STYLE_FILL_AREA(#1687);
#1279=ORIENTED_EDGE('',*,*,#1685,.F.);
#1280=ORIENTED_EDGE('',*,*,#1533,.F.);
#1281=ORIENTED_EDGE('',*,*,#1686,.F.);
#1282=ORIENTED_EDGE('',*,*,#1549,.F.);
#1283=CARTESIAN_POINT('',(-115.0,0.0,14.0));
#1284=DIRECTION('',(0.0,-1.0,0.0));
#1285=DIRECTION('',(1.0,0.0,1.224646799147E-16));
#1286=SURFACE_STYLE_FILL_AREA(#1688);
#1287=ORIENTED_EDGE('',*,*,#1637,.F.);
#1288=ORIENTED_EDGE('',*,*,#1689,.T.);
#1289=ORIENTED_EDGE('',*,*,#1690,.T.);
#1290=ORIENTED_EDGE('',*,*,#1691,.T.);
#1291=CARTESIAN_POINT('',(79.96851029352,10.0,6.0));
#1292=DIRECTION('',(-0.0,1.0,0.0));
#1293=DIRECTION('',(1.0,0.0,0.0));
#1294=SURFACE_STYLE_FILL_AREA(#1692);
#1295=ORIENTED_EDGE('',*,*,#1638,.F.);
#1296=ORIENTED_EDGE('',*,*,#1691,.F.);
#1297=ORIENTED_EDGE('',*,*,#1693,.T.);
#1298=ORIENTED_EDGE('',*,*,#1694,.T.);
#1299=CARTESIAN_POINT('',(64.50547197545,14.0,25.0));
#1300=DIRECTION('',(0.0,0.0,1.0));
#1301=DIRECTION('',(3.736410698673E-15,-1.0,0.0));
#1302=SURFACE_STYLE_FILL_AREA(#1695);
#1303=ORIENTED_EDGE('',*,*,#1639,.F.);
#1304=ORIENTED_EDGE('',*,*,#1694,.F.);
#1305=ORIENTED_EDGE('',*,*,#1696,.T.);
#1306=ORIENTED_EDGE('',*,*,#1697,.T.);
#1307=CARTESIAN_POINT('',(60.8802408351,12.30952693633,6.0));
#1308=DIRECTION('',(0.906307787036597,0.422618261740812,0.0));
#1309=DIRECTION('',(0.0,0.0,-1.0));
#1310=SURFACE_STYLE_FILL_AREA(#1698);
#1311=ORIENTED_EDGE('',*,*,#1640,.F.);
#1312=ORIENTED_EDGE('',*,*,#1697,.F.);
#1313=ORIENTED_EDGE('',*,*,#1699,.T.);
#1314=ORIENTED_EDGE('',*,*,#1700,.T.);
#1315=CARTESIAN_POINT('',(12.085006236,126.4160515546,25.0));
#1316=DIRECTION('',(-0.0,0.0,1.0));
#1317=DIRECTION('',(-0.906307787036597,-0.422618261740812,-0.0));
#1318=SURFACE_STYLE_FILL_AREA(#1701);
#1319=ORIENTED_EDGE('',*,*,#1641,.F.);
#1320=ORIENTED_EDGE('',*,*,#1700,.F.);
#1321=ORIENTED_EDGE('',*,*,#1702,.T.);
#1322=ORIENTED_EDGE('',*,*,#1703,.T.);
#1323=CARTESIAN_POINT('',(0.0,150.0,25.0));
#1324=DIRECTION('',(0.0,0.0,1.0));
#1325=DIRECTION('',(0.933191084251936,-0.359380578596975,0.0));
#1326=SURFACE_STYLE_FILL_AREA(#1704);
#1327=ORIENTED_EDGE('',*,*,#1642,.F.);
#1328=ORIENTED_EDGE('',*,*,#1703,.F.);
#1329=ORIENTED_EDGE('',*,*,#1705,.T.);
#1330=ORIENTED_EDGE('',*,*,#1706,.T.);
#1331=CARTESIAN_POINT('',(22.86318156417,141.1951758244,25.0));
#1332=DIRECTION('',(0.0,0.0,1.0));
#1333=DIRECTION('',(-0.933191084251936,0.359380578596975,0.0));
#1334=SURFACE_STYLE_FILL_AREA(#1707);
#1335=ORIENTED_EDGE('',*,*,#1643,.F.);
#1336=ORIENTED_EDGE('',*,*,#1706,.F.);
#1337=ORIENTED_EDGE('',*,*,#1708,.T.);
#1338=ORIENTED_EDGE('',*,*,#1709,.T.);
#1339=CARTESIAN_POINT('',(24.67579713824,142.0404123478,6.0));
#1340=DIRECTION('',(-0.906307787036597,-0.422618261740812,0.0));
#1341=DIRECTION('',(-0.422618261740812,0.906307787036597,0.0));
#1342=SURFACE_STYLE_FILL_AREA(#1710);
#1343=ORIENTED_EDGE('',*,*,#1644,.F.);
#1344=ORIENTED_EDGE('',*,*,#1709,.F.);
#1345=ORIENTED_EDGE('',*,*,#1711,.T.);
#1346=ORIENTED_EDGE('',*,*,#1689,.F.);
#1347=CARTESIAN_POINT('',(79.96851029352,14.0,25.0));
#1348=DIRECTION('',(0.0,-0.0,1.0));
#1349=DIRECTION('',(0.906307787036597,0.422618261740812,0.0));
#1350=SURFACE_STYLE_FILL_AREA(#1712);
#1351=ORIENTED_EDGE('',*,*,#1645,.F.);
#1352=ORIENTED_EDGE('',*,*,#1713,.T.);
#1353=ORIENTED_EDGE('',*,*,#1714,.T.);
#1354=ORIENTED_EDGE('',*,*,#1715,.T.);
#1355=CARTESIAN_POINT('',(-79.96851029352,10.0,6.0));
#1356=DIRECTION('',(-0.0,1.0,0.0));
#1357=DIRECTION('',(1.0,0.0,0.0));
#1358=SURFACE_STYLE_FILL_AREA(#1716);
#1359=ORIENTED_EDGE('',*,*,#1646,.F.);
#1360=ORIENTED_EDGE('',*,*,#1715,.F.);
#1361=ORIENTED_EDGE('',*,*,#1717,.T.);
#1362=ORIENTED_EDGE('',*,*,#1718,.T.);
#1363=CARTESIAN_POINT('',(-79.96851029352,14.0,25.0));
#1364=DIRECTION('',(0.0,0.0,-1.0));
#1365=DIRECTION('',(-0.906307787036597,0.422618261740812,0.0));
#1366=SURFACE_STYLE_FILL_AREA(#1719);
#1367=ORIENTED_EDGE('',*,*,#1647,.F.);
#1368=ORIENTED_EDGE('',*,*,#1718,.F.);
#1369=ORIENTED_EDGE('',*,*,#1720,.T.);
#1370=ORIENTED_EDGE('',*,*,#1721,.T.);
#1371=CARTESIAN_POINT('',(-24.67579713824,142.0404123478,6.0));
#1372=DIRECTION('',(0.906307787036597,-0.422618261740812,0.0));
#1373=DIRECTION('',(0.0,0.0,-1.0));
#1374=SURFACE_STYLE_FILL_AREA(#1722);
#1375=ORIENTED_EDGE('',*,*,#1648,.F.);
#1376=ORIENTED_EDGE('',*,*,#1721,.F.);
#1377=ORIENTED_EDGE('',*,*,#1723,.T.);
#1378=ORIENTED_EDGE('',*,*,#1724,.T.);
#1379=CARTESIAN_POINT('',(-22.86318156417,141.1951758244,25.0));
#1380=DIRECTION('',(0.0,0.0,-1.0));
#1381=DIRECTION('',(0.933191084251936,0.359380578596975,0.0));
#1382=SURFACE_STYLE_FILL_AREA(#1725);
#1383=ORIENTED_EDGE('',*,*,#1649,.F.);
#1384=ORIENTED_EDGE('',*,*,#1724,.F.);
#1385=ORIENTED_EDGE('',*,*,#1726,.T.);
#1386=ORIENTED_EDGE('',*,*,#1727,.T.);
#1387=CARTESIAN_POINT('',(0.0,150.0,25.0));
#1388=DIRECTION('',(-0.0,0.0,-1.0));
#1389=DIRECTION('',(-0.933191084251936,-0.359380578596975,0.0));
#1390=SURFACE_STYLE_FILL_AREA(#1728);
#1391=ORIENTED_EDGE('',*,*,#1650,.F.);
#1392=ORIENTED_EDGE('',*,*,#1727,.F.);
#1393=ORIENTED_EDGE('',*,*,#1729,.T.);
#1394=ORIENTED_EDGE('',*,*,#1730,.T.);
#1395=CARTESIAN_POINT('',(-12.085006236,126.4160515546,25.0));
#1396=DIRECTION('',(0.0,0.0,-1.0));
#1397=DIRECTION('',(0.906307787036597,-0.422618261740812,0.0));
#1398=SURFACE_STYLE_FILL_AREA(#1731);
#1399=ORIENTED_EDGE('',*,*,#1651,.F.);
#1400=ORIENTED_EDGE('',*,*,#1730,.F.);
#1401=ORIENTED_EDGE('',*,*,#1732,.T.);
#1402=ORIENTED_EDGE('',*,*,#1733,.T.);
#1403=CARTESIAN_POINT('',(-60.88024082731,12.30952695304,6.0));
#1404=DIRECTION('',(-0.906307787036597,0.422618261740812,0.0));
#1405=DIRECTION('',(0.0,0.0,1.0));
#1406=SURFACE_STYLE_FILL_AREA(#1734);
#1407=ORIENTED_EDGE('',*,*,#1652,.F.);
#1408=ORIENTED_EDGE('',*,*,#1733,.F.);
#1409=ORIENTED_EDGE('',*,*,#1735,.T.);
#1410=ORIENTED_EDGE('',*,*,#1713,.F.);
#1411=CARTESIAN_POINT('',(-64.50547197545,14.0,25.0));
#1412=DIRECTION('',(-0.0,0.0,-1.0));
#1413=DIRECTION('',(-1.836970198721E-16,-1.0,0.0));
#1414=SURFACE_STYLE_FILL_AREA(#1736);
#1415=ORIENTED_EDGE('',*,*,#1588,.F.);
#1416=ORIENTED_EDGE('',*,*,#1585,.F.);
#1417=ORIENTED_EDGE('',*,*,#1582,.F.);
#1418=ORIENTED_EDGE('',*,*,#1579,.F.);
#1419=ORIENTED_EDGE('',*,*,#1600,.F.);
#1420=ORIENTED_EDGE('',*,*,#1597,.F.);
#1421=ORIENTED_EDGE('',*,*,#1594,.F.);
#1422=ORIENTED_EDGE('',*,*,#1591,.F.);
#1423=CARTESIAN_POINT('',(83.12455976995,11.0,-5.0));
#1424=DIRECTION('',(0.0,0.0,-1.0));
#1425=DIRECTION('',(0.0,-1.0,0.0));
#1426=SURFACE_STYLE_FILL_AREA(#1737);
#1427=ORIENTED_EDGE('',*,*,#1612,.F.);
#1428=ORIENTED_EDGE('',*,*,#1609,.F.);
#1429=ORIENTED_EDGE('',*,*,#1606,.F.);
#1430=ORIENTED_EDGE('',*,*,#1603,.F.);
#1431=ORIENTED_EDGE('',*,*,#1624,.F.);
#1432=ORIENTED_EDGE('',*,*,#1621,.F.);
#1433=ORIENTED_EDGE('',*,*,#1618,.F.);
#1434=ORIENTED_EDGE('',*,*,#1615,.F.);
#1435=CARTESIAN_POINT('',(-83.12455835256,11.0,-5.0));
#1436=DIRECTION('',(-0.0,-0.0,-1.0));
#1437=DIRECTION('',(0.0,-1.0,0.0));
#1438=SURFACE_STYLE_FILL_AREA(#1738);
#1439=ORIENTED_EDGE('',*,*,#1705,.F.);
#1440=ORIENTED_EDGE('',*,*,#1702,.F.);
#1441=ORIENTED_EDGE('',*,*,#1699,.F.);
#1442=ORIENTED_EDGE('',*,*,#1696,.F.);
#1443=ORIENTED_EDGE('',*,*,#1693,.F.);
#1444=ORIENTED_EDGE('',*,*,#1690,.F.);
#1445=ORIENTED_EDGE('',*,*,#1711,.F.);
#1446=ORIENTED_EDGE('',*,*,#1708,.F.);
#1447=CARTESIAN_POINT('',(83.12455835256,11.0,5.0));
#1448=DIRECTION('',(0.0,0.0,1.0));
#1449=DIRECTION('',(1.0,0.0,0.0));
#1450=SURFACE_STYLE_FILL_AREA(#1739);
#1451=ORIENTED_EDGE('',*,*,#1723,.F.);
#1452=ORIENTED_EDGE('',*,*,#1720,.F.);
#1453=ORIENTED_EDGE('',*,*,#1717,.F.);
#1454=ORIENTED_EDGE('',*,*,#1714,.F.);
#1455=ORIENTED_EDGE('',*,*,#1735,.F.);
#1456=ORIENTED_EDGE('',*,*,#1732,.F.);
#1457=ORIENTED_EDGE('',*,*,#1729,.F.);
#1458=ORIENTED_EDGE('',*,*,#1726,.F.);
#1459=CARTESIAN_POINT('',(-83.12455976995,11.0,5.0));
#1460=DIRECTION('',(0.0,0.0,1.0));
#1461=DIRECTION('',(1.0,0.0,0.0));
#1462=FILL_AREA_STYLE('',(#1740));
#1463=EDGE_CURVE('',#1741,#1742,#1743,.T.);
#1464=EDGE_CURVE('',#1742,#1744,#1745,.T.);
#1465=EDGE_CURVE('',#1744,#1746,#1747,.T.);
#1466=EDGE_CURVE('',#1746,#1748,#1749,.T.);
#1467=EDGE_CURVE('',#1748,#1750,#1751,.T.);
#1468=EDGE_CURVE('',#1750,#1752,#1753,.T.);
#1469=EDGE_CURVE('',#1752,#1754,#1755,.T.);
#1470=EDGE_CURVE('',#1754,#1756,#1757,.T.);
#1471=EDGE_CURVE('',#1756,#1758,#1759,.T.);
#1472=EDGE_CURVE('',#1758,#1760,#1761,.T.);
#1473=EDGE_CURVE('',#1760,#1762,#1763,.T.);
#1474=EDGE_CURVE('',#1762,#1764,#1765,.T.);
#1475=EDGE_CURVE('',#1764,#1766,#1767,.T.);
#1476=EDGE_CURVE('',#1766,#1741,#1768,.T.);
#1477=EDGE_CURVE('',#1769,#1770,#1771,.T.);
#1478=EDGE_CURVE('',#1770,#1772,#1773,.T.);
#1479=EDGE_CURVE('',#1772,#1774,#1775,.T.);
#1480=EDGE_CURVE('',#1774,#1776,#1777,.T.);
#1481=EDGE_CURVE('',#1776,#1778,#1779,.T.);
#1482=EDGE_CURVE('',#1778,#1780,#1781,.T.);
#1483=EDGE_CURVE('',#1780,#1782,#1783,.T.);
#1484=EDGE_CURVE('',#1782,#1769,#1784,.T.);
#1485=EDGE_CURVE('',#1785,#1786,#1787,.T.);
#1486=EDGE_CURVE('',#1786,#1788,#1789,.T.);
#1487=EDGE_CURVE('',#1788,#1790,#1791,.T.);
#1488=EDGE_CURVE('',#1790,#1792,#1793,.T.);
#1489=EDGE_CURVE('',#1792,#1794,#1795,.T.);
#1490=EDGE_CURVE('',#1794,#1796,#1797,.T.);
#1491=EDGE_CURVE('',#1796,#1798,#1799,.T.);
#1492=EDGE_CURVE('',#1798,#1785,#1800,.T.);
#1493=EDGE_CURVE('',#1801,#1802,#1803,.T.);
#1494=EDGE_CURVE('',#1802,#1801,#1804,.T.);
#1495=FILL_AREA_STYLE('',(#1805));
#1496=EDGE_CURVE('',#1806,#1742,#1807,.T.);
#1497=EDGE_CURVE('',#1741,#1808,#1809,.T.);
#1498=EDGE_CURVE('',#1808,#1806,#1810,.T.);
#1499=FILL_AREA_STYLE('',(#1811));
#1500=EDGE_CURVE('',#1806,#1812,#1813,.T.);
#1501=EDGE_CURVE('',#1812,#1814,#1815,.T.);
#1502=EDGE_CURVE('',#1814,#1816,#1817,.T.);
#1503=EDGE_CURVE('',#1816,#1744,#1818,.T.);
#1504=EDGE_CURVE('',#1819,#1820,#1821,.T.);
#1505=EDGE_CURVE('',#1820,#1819,#1822,.T.);
#1506=EDGE_CURVE('',#1823,#1824,#1825,.T.);
#1507=EDGE_CURVE('',#1824,#1823,#1826,.T.);
#1508=EDGE_CURVE('',#1827,#1828,#1829,.T.);
#1509=EDGE_CURVE('',#1828,#1827,#1830,.T.);
#1510=EDGE_CURVE('',#1831,#1832,#1833,.T.);
#1511=EDGE_CURVE('',#1832,#1831,#1834,.T.);
#1512=FILL_AREA_STYLE('',(#1835));
#1513=EDGE_CURVE('',#1816,#1836,#1837,.T.);
#1514=EDGE_CURVE('',#1836,#1746,#1838,.T.);
#1515=FILL_AREA_STYLE('',(#1839));
#1516=EDGE_CURVE('',#1836,#1840,#1841,.T.);
#1517=EDGE_CURVE('',#1840,#1748,#1842,.T.);
#1518=FILL_AREA_STYLE('',(#1843));
#1519=EDGE_CURVE('',#1840,#1844,#1845,.T.);
#1520=EDGE_CURVE('',#1844,#1750,#1846,.T.);
#1521=FILL_AREA_STYLE('',(#1847));
#1522=EDGE_CURVE('',#1848,#1849,#1850,.T.);
#1523=EDGE_CURVE('',#1849,#1851,#1852,.T.);
#1524=EDGE_CURVE('',#1851,#1752,#1853,.T.);
#1525=EDGE_CURVE('',#1844,#1848,#1854,.T.);
#1526=EDGE_CURVE('',#1855,#1856,#1857,.T.);
#1527=EDGE_CURVE('',#1856,#1855,#1858,.T.);
#1528=EDGE_CURVE('',#1859,#1860,#1861,.T.);
#1529=EDGE_CURVE('',#1860,#1859,#1862,.T.);
#1530=EDGE_CURVE('',#1863,#1864,#1865,.T.);
#1531=EDGE_CURVE('',#1864,#1863,#1866,.T.);
#1532=EDGE_CURVE('',#1867,#1868,#1869,.T.);
#1533=EDGE_CURVE('',#1868,#1867,#1870,.T.);
#1534=FILL_AREA_STYLE('',(#1871));
#1535=EDGE_CURVE('',#1872,#1754,#1873,.T.);
#1536=EDGE_CURVE('',#1851,#1872,#1874,.T.);
#1537=FILL_AREA_STYLE('',(#1875));
#1538=EDGE_CURVE('',#1876,#1877,#1878,.T.);
#1539=EDGE_CURVE('',#1877,#1879,#1880,.T.);
#1540=EDGE_CURVE('',#1879,#1756,#1881,.T.);
#1541=EDGE_CURVE('',#1872,#1876,#1882,.T.);
#1542=EDGE_CURVE('',#1883,#1884,#1885,.T.);
#1543=EDGE_CURVE('',#1884,#1883,#1886,.T.);
#1544=EDGE_CURVE('',#1887,#1888,#1889,.T.);
#1545=EDGE_CURVE('',#1888,#1887,#1890,.T.);
#1546=EDGE_CURVE('',#1891,#1892,#1893,.T.);
#1547=EDGE_CURVE('',#1892,#1891,#1894,.T.);
#1548=EDGE_CURVE('',#1895,#1896,#1897,.T.);
#1549=EDGE_CURVE('',#1896,#1895,#1898,.T.);
#1550=FILL_AREA_STYLE('',(#1899));
#1551=EDGE_CURVE('',#1879,#1900,#1901,.T.);
#1552=EDGE_CURVE('',#1900,#1758,#1902,.T.);
#1553=FILL_AREA_STYLE('',(#1903));
#1554=EDGE_CURVE('',#1900,#1904,#1905,.T.);
#1555=EDGE_CURVE('',#1904,#1760,#1906,.T.);
#1556=FILL_AREA_STYLE('',(#1907));
#1557=EDGE_CURVE('',#1904,#1908,#1909,.T.);
#1558=EDGE_CURVE('',#1908,#1762,#1910,.T.);
#1559=FILL_AREA_STYLE('',(#1911));
#1560=EDGE_CURVE('',#1912,#1764,#1913,.T.);
#1561=EDGE_CURVE('',#1908,#1912,#1914,.T.);
#1562=FILL_AREA_STYLE('',(#1915));
#1563=EDGE_CURVE('',#1912,#1916,#1917,.T.);
#1564=EDGE_CURVE('',#1916,#1766,#1918,.T.);
#1565=FILL_AREA_STYLE('',(#1919));
#1566=EDGE_CURVE('',#1916,#1920,#1921,.T.);
#1567=EDGE_CURVE('',#1920,#1922,#1923,.T.);
#1568=EDGE_CURVE('',#1922,#1808,#1924,.T.);
#1569=EDGE_CURVE('',#1925,#1926,#1927,.T.);
#1570=EDGE_CURVE('',#1926,#1925,#1928,.T.);
#1571=EDGE_CURVE('',#1929,#1930,#1931,.T.);
#1572=EDGE_CURVE('',#1930,#1929,#1932,.T.);
#1573=EDGE_CURVE('',#1933,#1934,#1935,.T.);
#1574=EDGE_CURVE('',#1934,#1933,#1936,.T.);
#1575=EDGE_CURVE('',#1937,#1938,#1939,.T.);
#1576=EDGE_CURVE('',#1938,#1937,#1940,.T.);
#1577=FILL_AREA_STYLE('',(#1941));
#1578=EDGE_CURVE('',#1769,#1942,#1943,.T.);
#1579=EDGE_CURVE('',#1942,#1944,#1945,.F.);
#1580=EDGE_CURVE('',#1944,#1770,#1946,.T.);
#1581=FILL_AREA_STYLE('',(#1947));
#1582=EDGE_CURVE('',#1944,#1948,#1949,.F.);
#1583=EDGE_CURVE('',#1948,#1772,#1950,.T.);
#1584=FILL_AREA_STYLE('',(#1951));
#1585=EDGE_CURVE('',#1948,#1952,#1953,.T.);
#1586=EDGE_CURVE('',#1952,#1774,#1954,.T.);
#1587=FILL_AREA_STYLE('',(#1955));
#1588=EDGE_CURVE('',#1952,#1956,#1957,.F.);
#1589=EDGE_CURVE('',#1956,#1776,#1958,.T.);
#1590=FILL_AREA_STYLE('',(#1959));
#1591=EDGE_CURVE('',#1956,#1960,#1961,.T.);
#1592=EDGE_CURVE('',#1960,#1778,#1962,.T.);
#1593=FILL_AREA_STYLE('',(#1963));
#1594=EDGE_CURVE('',#1960,#1964,#1965,.F.);
#1595=EDGE_CURVE('',#1964,#1780,#1966,.T.);
#1596=FILL_AREA_STYLE('',(#1967));
#1597=EDGE_CURVE('',#1964,#1968,#1969,.T.);
#1598=EDGE_CURVE('',#1968,#1782,#1970,.T.);
#1599=FILL_AREA_STYLE('',(#1971));
#1600=EDGE_CURVE('',#1968,#1942,#1972,.F.);
#1601=FILL_AREA_STYLE('',(#1973));
#1602=EDGE_CURVE('',#1785,#1974,#1975,.T.);
#1603=EDGE_CURVE('',#1974,#1976,#1977,.F.);
#1604=EDGE_CURVE('',#1976,#1786,#1978,.T.);
#1605=FILL_AREA_STYLE('',(#1979));
#1606=EDGE_CURVE('',#1976,#1980,#1981,.F.);
#1607=EDGE_CURVE('',#1980,#1788,#1982,.T.);
#1608=FILL_AREA_STYLE('',(#1983));
#1609=EDGE_CURVE('',#1980,#1984,#1985,.T.);
#1610=EDGE_CURVE('',#1984,#1790,#1986,.T.);
#1611=FILL_AREA_STYLE('',(#1987));
#1612=EDGE_CURVE('',#1984,#1988,#1989,.F.);
#1613=EDGE_CURVE('',#1988,#1792,#1990,.T.);
#1614=FILL_AREA_STYLE('',(#1991));
#1615=EDGE_CURVE('',#1988,#1992,#1993,.T.);
#1616=EDGE_CURVE('',#1992,#1794,#1994,.T.);
#1617=FILL_AREA_STYLE('',(#1995));
#1618=EDGE_CURVE('',#1992,#1996,#1997,.F.);
#1619=EDGE_CURVE('',#1996,#1796,#1998,.T.);
#1620=FILL_AREA_STYLE('',(#1999));
#1621=EDGE_CURVE('',#1996,#2000,#2001,.T.);
#1622=EDGE_CURVE('',#2000,#1798,#2002,.T.);
#1623=FILL_AREA_STYLE('',(#2003));
#1624=EDGE_CURVE('',#2000,#1974,#2004,.F.);
#1625=FILL_AREA_STYLE('',(#2005));
#1626=EDGE_CURVE('',#1801,#2006,#2007,.T.);
#1627=EDGE_CURVE('',#2006,#2008,#2009,.T.);
#1628=EDGE_CURVE('',#2008,#1802,#2010,.T.);
#1629=FILL_AREA_STYLE('',(#2011));
#1630=EDGE_CURVE('',#2008,#2006,#2012,.T.);
#1631=FILL_AREA_STYLE('',(#2013));
#1632=EDGE_CURVE('',#1922,#1812,#2014,.T.);
#1633=FILL_AREA_STYLE('',(#2015));
#1634=EDGE_CURVE('',#1920,#1814,#2016,.T.);
#1635=FILL_AREA_STYLE('',(#2017));
#1636=EDGE_CURVE('',#1877,#1848,#2018,.T.);
#1637=EDGE_CURVE('',#2019,#2020,#2021,.T.);
#1638=EDGE_CURVE('',#2020,#2022,#2023,.T.);
#1639=EDGE_CURVE('',#2022,#2024,#2025,.T.);
#1640=EDGE_CURVE('',#2024,#2026,#2027,.T.);
#1641=EDGE_CURVE('',#2026,#2028,#2029,.T.);
#1642=EDGE_CURVE('',#2028,#2030,#2031,.T.);
#1643=EDGE_CURVE('',#2030,#2032,#2033,.T.);
#1644=EDGE_CURVE('',#2032,#2019,#2034,.T.);
#1645=EDGE_CURVE('',#2035,#2036,#2037,.T.);
#1646=EDGE_CURVE('',#2036,#2038,#2039,.T.);
#1647=EDGE_CURVE('',#2038,#2040,#2041,.T.);
#1648=EDGE_CURVE('',#2040,#2042,#2043,.T.);
#1649=EDGE_CURVE('',#2042,#2044,#2045,.T.);
#1650=EDGE_CURVE('',#2044,#2046,#2047,.T.);
#1651=EDGE_CURVE('',#2046,#2048,#2049,.T.);
#1652=EDGE_CURVE('',#2048,#2035,#2050,.T.);
#1653=FILL_AREA_STYLE('',(#2051));
#1654=EDGE_CURVE('',#1819,#1926,#2052,.T.);
#1655=EDGE_CURVE('',#1925,#1820,#2053,.T.);
#1656=FILL_AREA_STYLE('',(#2054));
#1657=FILL_AREA_STYLE('',(#2055));
#1658=EDGE_CURVE('',#1823,#1930,#2056,.T.);
#1659=EDGE_CURVE('',#1929,#1824,#2057,.T.);
#1660=FILL_AREA_STYLE('',(#2058));
#1661=FILL_AREA_STYLE('',(#2059));
#1662=EDGE_CURVE('',#1933,#1828,#2060,.T.);
#1663=EDGE_CURVE('',#1827,#1934,#2061,.T.);
#1664=FILL_AREA_STYLE('',(#2062));
#1665=FILL_AREA_STYLE('',(#2063));
#1666=EDGE_CURVE('',#1937,#1832,#2064,.T.);
#1667=EDGE_CURVE('',#1831,#1938,#2065,.T.);
#1668=FILL_AREA_STYLE('',(#2066));
#1669=FILL_AREA_STYLE('',(#2067));
#1670=EDGE_CURVE('',#1876,#1849,#2068,.T.);
#1671=FILL_AREA_STYLE('',(#2069));
#1672=FILL_AREA_STYLE('',(#2070));
#1673=EDGE_CURVE('',#1883,#1856,#2071,.T.);
#1674=EDGE_CURVE('',#1855,#1884,#2072,.T.);
#1675=FILL_AREA_STYLE('',(#2073));
#1676=FILL_AREA_STYLE('',(#2074));
#1677=EDGE_CURVE('',#1887,#1860,#2075,.T.);
#1678=EDGE_CURVE('',#1859,#1888,#2076,.T.);
#1679=FILL_AREA_STYLE('',(#2077));
#1680=FILL_AREA_STYLE('',(#2078));
#1681=EDGE_CURVE('',#1863,#1892,#2079,.T.);
#1682=EDGE_CURVE('',#1891,#1864,#2080,.T.);
#1683=FILL_AREA_STYLE('',(#2081));
#1684=FILL_AREA_STYLE('',(#2082));
#1685=EDGE_CURVE('',#1867,#1896,#2083,.T.);
#1686=EDGE_CURVE('',#1895,#1868,#2084,.T.);
#1687=FILL_AREA_STYLE('',(#2085));
#1688=FILL_AREA_STYLE('',(#2086));
#1689=EDGE_CURVE('',#2019,#2087,#2088,.T.);
#1690=EDGE_CURVE('',#2087,#2089,#2090,.F.);
#1691=EDGE_CURVE('',#2089,#2020,#2091,.T.);
#1692=FILL_AREA_STYLE('',(#2092));
#1693=EDGE_CURVE('',#2089,#2093,#2094,.F.);
#1694=EDGE_CURVE('',#2093,#2022,#2095,.T.);
#1695=FILL_AREA_STYLE('',(#2096));
#1696=EDGE_CURVE('',#2093,#2097,#2098,.T.);
#1697=EDGE_CURVE('',#2097,#2024,#2099,.T.);
#1698=FILL_AREA_STYLE('',(#2100));
#1699=EDGE_CURVE('',#2097,#2101,#2102,.F.);
#1700=EDGE_CURVE('',#2101,#2026,#2103,.T.);
#1701=FILL_AREA_STYLE('',(#2104));
#1702=EDGE_CURVE('',#2101,#2105,#2106,.T.);
#1703=EDGE_CURVE('',#2105,#2028,#2107,.T.);
#1704=FILL_AREA_STYLE('',(#2108));
#1705=EDGE_CURVE('',#2105,#2109,#2110,.F.);
#1706=EDGE_CURVE('',#2109,#2030,#2111,.T.);
#1707=FILL_AREA_STYLE('',(#2112));
#1708=EDGE_CURVE('',#2109,#2113,#2114,.T.);
#1709=EDGE_CURVE('',#2113,#2032,#2115,.T.);
#1710=FILL_AREA_STYLE('',(#2116));
#1711=EDGE_CURVE('',#2113,#2087,#2117,.F.);
#1712=FILL_AREA_STYLE('',(#2118));
#1713=EDGE_CURVE('',#2035,#2119,#2120,.T.);
#1714=EDGE_CURVE('',#2119,#2121,#2122,.T.);
#1715=EDGE_CURVE('',#2121,#2036,#2123,.T.);
#1716=FILL_AREA_STYLE('',(#2124));
#1717=EDGE_CURVE('',#2121,#2125,#2126,.F.);
#1718=EDGE_CURVE('',#2125,#2038,#2127,.T.);
#1719=FILL_AREA_STYLE('',(#2128));
#1720=EDGE_CURVE('',#2125,#2129,#2130,.T.);
#1721=EDGE_CURVE('',#2129,#2040,#2131,.T.);
#1722=FILL_AREA_STYLE('',(#2132));
#1723=EDGE_CURVE('',#2129,#2133,#2134,.F.);
#1724=EDGE_CURVE('',#2133,#2042,#2135,.T.);
#1725=FILL_AREA_STYLE('',(#2136));
#1726=EDGE_CURVE('',#2133,#2137,#2138,.F.);
#1727=EDGE_CURVE('',#2137,#2044,#2139,.T.);
#1728=FILL_AREA_STYLE('',(#2140));
#1729=EDGE_CURVE('',#2137,#2141,#2142,.F.);
#1730=EDGE_CURVE('',#2141,#2046,#2143,.T.);
#1731=FILL_AREA_STYLE('',(#2144));
#1732=EDGE_CURVE('',#2141,#2145,#2146,.T.);
#1733=EDGE_CURVE('',#2145,#2048,#2147,.T.);
#1734=FILL_AREA_STYLE('',(#2148));
#1735=EDGE_CURVE('',#2145,#2119,#2149,.F.);
#1736=FILL_AREA_STYLE('',(#2150));
#1737=FILL_AREA_STYLE('',(#2151));
#1738=FILL_AREA_STYLE('',(#2152));
#1739=FILL_AREA_STYLE('',(#2153));
#1740=FILL_AREA_STYLE_COLOUR('',#2154);
#1741=VERTEX_POINT('',#2155);
#1742=VERTEX_POINT('',#2156);
#1743=LINE('',#2157,#2158);
#1744=VERTEX_POINT('',#2159);
#1745=LINE('',#2160,#2161);
#1746=VERTEX_POINT('',#2162);
#1747=LINE('',#2163,#2164);
#1748=VERTEX_POINT('',#2165);
#1749=CIRCLE('',#2166,4.999781549994);
#1750=VERTEX_POINT('',#2167);
#1751=LINE('',#2168,#2169);
#1752=VERTEX_POINT('',#2170);
#1753=LINE('',#2171,#2172);
#1754=VERTEX_POINT('',#2173);
#1755=LINE('',#2174,#2175);
#1756=VERTEX_POINT('',#2176);
#1757=LINE('',#2177,#2178);
#1758=VERTEX_POINT('',#2179);
#1759=CIRCLE('',#2180,4.999891460824);
#1760=VERTEX_POINT('',#2181);
#1761=LINE('',#2182,#2183);
#1762=VERTEX_POINT('',#2184);
#1763=CIRCLE('',#2185,24.99985806654);
#1764=VERTEX_POINT('',#2186);
#1765=LINE('',#2187,#2188);
#1766=VERTEX_POINT('',#2189);
#1767=CIRCLE('',#2190,4.999891460824);
#1768=LINE('',#2191,#2192);
#1769=VERTEX_POINT('',#2193);
#1770=VERTEX_POINT('',#2194);
#1771=LINE('',#2195,#2196);
#1772=VERTEX_POINT('',#2197);
#1773=CIRCLE('',#2198,3.999551610212);
#1774=VERTEX_POINT('',#2199);
#1775=LINE('',#2200,#2201);
#1776=VERTEX_POINT('',#2202);
#1777=CIRCLE('',#2203,1.99987158477);
#1778=VERTEX_POINT('',#2204);
#1779=CIRCLE('',#2205,22.49169438989);
#1780=VERTEX_POINT('',#2206);
#1781=CIRCLE('',#2207,3.999774685818);
#1782=VERTEX_POINT('',#2208);
#1783=LINE('',#2209,#2210);
#1784=CIRCLE('',#2211,3.999913168659);
#1785=VERTEX_POINT('',#2212);
#1786=VERTEX_POINT('',#2213);
#1787=LINE('',#2214,#2215);
#1788=VERTEX_POINT('',#2216);
#1789=CIRCLE('',#2217,3.999913168659);
#1790=VERTEX_POINT('',#2218);
#1791=LINE('',#2219,#2220);
#1792=VERTEX_POINT('',#2221);
#1793=CIRCLE('',#2222,3.999774685818);
#1794=VERTEX_POINT('',#2223);
#1795=CIRCLE('',#2224,22.4914090115);
#1796=VERTEX_POINT('',#2225);
#1797=CIRCLE('',#2226,1.99987158477);
#1798=VERTEX_POINT('',#2227);
#1799=LINE('',#2228,#2229);
#1800=CIRCLE('',#2230,4.000109741854);
#1801=VERTEX_POINT('',#2231);
#1802=VERTEX_POINT('',#2232);
#1803=CIRCLE('',#2233,15.0000000004);
#1804=CIRCLE('',#2234,15.0000000004);
#1805=FILL_AREA_STYLE_COLOUR('',#2235);
#1806=VERTEX_POINT('',#2236);
#1807=CIRCLE('',#2237,7.499636948464);
#1808=VERTEX_POINT('',#2238);
#1809=CIRCLE('',#2239,7.499770576359);
#1810=LINE('',#2240,#2241);
#1811=FILL_AREA_STYLE_COLOUR('',#2242);
#1812=VERTEX_POINT('',#2243);
#1813=LINE('',#2244,#2245);
#1814=VERTEX_POINT('',#2246);
#1815=CIRCLE('',#2247,7.499986465216);
#1816=VERTEX_POINT('',#2248);
#1817=LINE('',#2249,#2250);
#1818=LINE('',#2251,#2252);
#1819=VERTEX_POINT('',#2253);
#1820=VERTEX_POINT('',#2254);
#1821=CIRCLE('',#2255,4.250000000537);
#1822=CIRCLE('',#2256,4.250000000537);
#1823=VERTEX_POINT('',#2257);
#1824=VERTEX_POINT('',#2258);
#1825=CIRCLE('',#2259,4.250000000537);
#1826=CIRCLE('',#2260,4.250000000537);
#1827=VERTEX_POINT('',#2261);
#1828=VERTEX_POINT('',#2262);
#1829=CIRCLE('',#2263,4.250000000537);
#1830=CIRCLE('',#2264,4.250000000537);
#1831=VERTEX_POINT('',#2265);
#1832=VERTEX_POINT('',#2266);
#1833=CIRCLE('',#2267,4.250000000537);
#1834=CIRCLE('',#2268,4.250000000537);
#1835=FILL_AREA_STYLE_COLOUR('',#2269);
#1836=VERTEX_POINT('',#2270);
#1837=LINE('',#2271,#2272);
#1838=LINE('',#2273,#2274);
#1839=FILL_AREA_STYLE_COLOUR('',#2275);
#1840=VERTEX_POINT('',#2276);
#1841=CIRCLE('',#2277,4.999963371645);
#1842=LINE('',#2278,#2279);
#1843=FILL_AREA_STYLE_COLOUR('',#2280);
#1844=VERTEX_POINT('',#2281);
#1845=LINE('',#2282,#2283);
#1846=LINE('',#2284,#2285);
#1847=FILL_AREA_STYLE_COLOUR('',#2286);
#1848=VERTEX_POINT('',#2287);
#1849=VERTEX_POINT('',#2288);
#1850=CIRCLE('',#2289,7.499517982764);
#1851=VERTEX_POINT('',#2290);
#1852=LINE('',#2291,#2292);
#1853=CIRCLE('',#2293,7.499986465216);
#1854=LINE('',#2294,#2295);
#1855=VERTEX_POINT('',#2296);
#1856=VERTEX_POINT('',#2297);
#1857=CIRCLE('',#2298,4.250000000537);
#1858=CIRCLE('',#2299,4.250000000537);
#1859=VERTEX_POINT('',#2300);
#1860=VERTEX_POINT('',#2301);
#1861=CIRCLE('',#2302,4.250000000537);
#1862=CIRCLE('',#2303,4.250000000537);
#1863=VERTEX_POINT('',#2304);
#1864=VERTEX_POINT('',#2305);
#1865=CIRCLE('',#2306,4.250000000537);
#1866=CIRCLE('',#2307,4.250000000537);
#1867=VERTEX_POINT('',#2308);
#1868=VERTEX_POINT('',#2309);
#1869=CIRCLE('',#2310,4.250000000537);
#1870=CIRCLE('',#2311,4.250000000537);
#1871=FILL_AREA_STYLE_COLOUR('',#2312);
#1872=VERTEX_POINT('',#2313);
#1873=CIRCLE('',#2314,7.499770576359);
#1874=LINE('',#2315,#2316);
#1875=FILL_AREA_STYLE_COLOUR('',#2317);
#1876=VERTEX_POINT('',#2318);
#1877=VERTEX_POINT('',#2319);
#1878=CIRCLE('',#2320,7.499649897323);
#1879=VERTEX_POINT('',#2321);
#1880=LINE('',#2322,#2323);
#1881=LINE('',#2324,#2325);
#1882=LINE('',#2326,#2327);
#1883=VERTEX_POINT('',#2328);
#1884=VERTEX_POINT('',#2329);
#1885=CIRCLE('',#2330,4.250000000195);
#1886=CIRCLE('',#2331,4.250000000195);
#1887=VERTEX_POINT('',#2332);
#1888=VERTEX_POINT('',#2333);
#1889=CIRCLE('',#2334,4.250000000195);
#1890=CIRCLE('',#2335,4.250000000195);
#1891=VERTEX_POINT('',#2336);
#1892=VERTEX_POINT('',#2337);
#1893=CIRCLE('',#2338,4.250000000195);
#1894=CIRCLE('',#2339,4.250000000195);
#1895=VERTEX_POINT('',#2340);
#1896=VERTEX_POINT('',#2341);
#1897=CIRCLE('',#2342,4.250000000195);
#1898=CIRCLE('',#2343,4.250000000195);
#1899=FILL_AREA_STYLE_COLOUR('',#2344);
#1900=VERTEX_POINT('',#2345);
#1901=CIRCLE('',#2346,4.999894285276);
#1902=LINE('',#2347,#2348);
#1903=FILL_AREA_STYLE_COLOUR('',#2349);
#1904=VERTEX_POINT('',#2350);
#1905=LINE('',#2351,#2352);
#1906=LINE('',#2353,#2354);
#1907=FILL_AREA_STYLE_COLOUR('',#2355);
#1908=VERTEX_POINT('',#2356);
#1909=CIRCLE('',#2357,24.99997743177);
#1910=LINE('',#2358,#2359);
#1911=FILL_AREA_STYLE_COLOUR('',#2360);
#1912=VERTEX_POINT('',#2361);
#1913=LINE('',#2362,#2363);
#1914=LINE('',#2364,#2365);
#1915=FILL_AREA_STYLE_COLOUR('',#2366);
#1916=VERTEX_POINT('',#2367);
#1917=CIRCLE('',#2368,4.999894285276);
#1918=LINE('',#2369,#2370);
#1919=FILL_AREA_STYLE_COLOUR('',#2371);
#1920=VERTEX_POINT('',#2372);
#1921=LINE('',#2373,#2374);
#1922=VERTEX_POINT('',#2375);
#1923=CIRCLE('',#2376,7.499649897323);
#1924=LINE('',#2377,#2378);
#1925=VERTEX_POINT('',#2379);
#1926=VERTEX_POINT('',#2380);
#1927=CIRCLE('',#2381,4.250000000195);
#1928=CIRCLE('',#2382,4.250000000195);
#1929=VERTEX_POINT('',#2383);
#1930=VERTEX_POINT('',#2384);
#1931=CIRCLE('',#2385,4.250000000195);
#1932=CIRCLE('',#2386,4.250000000195);
#1933=VERTEX_POINT('',#2387);
#1934=VERTEX_POINT('',#2388);
#1935=CIRCLE('',#2389,4.250000000195);
#1936=CIRCLE('',#2390,4.250000000195);
#1937=VERTEX_POINT('',#2391);
#1938=VERTEX_POINT('',#2392);
#1939=CIRCLE('',#2393,4.250000000195);
#1940=CIRCLE('',#2394,4.250000000195);
#1941=FILL_AREA_STYLE_COLOUR('',#2395);
#1942=VERTEX_POINT('',#2396);
#1943=LINE('',#2397,#2398);
#1944=VERTEX_POINT('',#2399);
#1945=LINE('',#2400,#2401);
#1946=LINE('',#2402,#2403);
#1947=FILL_AREA_STYLE_COLOUR('',#2404);
#1948=VERTEX_POINT('',#2405);
#1949=CIRCLE('',#2406,4.0);
#1950=LINE('',#2407,#2408);
#1951=FILL_AREA_STYLE_COLOUR('',#2409);
#1952=VERTEX_POINT('',#2410);
#1953=LINE('',#2411,#2412);
#1954=LINE('',#2413,#2414);
#1955=FILL_AREA_STYLE_COLOUR('',#2415);
#1956=VERTEX_POINT('',#2416);
#1957=CIRCLE('',#2417,2.0);
#1958=LINE('',#2418,#2419);
#1959=FILL_AREA_STYLE_COLOUR('',#2420);
#1960=VERTEX_POINT('',#2421);
#1961=CIRCLE('',#2422,22.5);
#1962=LINE('',#2423,#2424);
#1963=FILL_AREA_STYLE_COLOUR('',#2425);
#1964=VERTEX_POINT('',#2426);
#1965=CIRCLE('',#2427,4.0);
#1966=LINE('',#2428,#2429);
#1967=FILL_AREA_STYLE_COLOUR('',#2430);
#1968=VERTEX_POINT('',#2431);
#1969=LINE('',#2432,#2433);
#1970=LINE('',#2434,#2435);
#1971=FILL_AREA_STYLE_COLOUR('',#2436);
#1972=CIRCLE('',#2437,4.0);
#1973=FILL_AREA_STYLE_COLOUR('',#2438);
#1974=VERTEX_POINT('',#2439);
#1975=LINE('',#2440,#2441);
#1976=VERTEX_POINT('',#2442);
#1977=LINE('',#2443,#2444);
#1978=LINE('',#2445,#2446);
#1979=FILL_AREA_STYLE_COLOUR('',#2447);
#1980=VERTEX_POINT('',#2448);
#1981=CIRCLE('',#2449,4.0);
#1982=LINE('',#2450,#2451);
#1983=FILL_AREA_STYLE_COLOUR('',#2452);
#1984=VERTEX_POINT('',#2453);
#1985=LINE('',#2454,#2455);
#1986=LINE('',#2456,#2457);
#1987=FILL_AREA_STYLE_COLOUR('',#2458);
#1988=VERTEX_POINT('',#2459);
#1989=CIRCLE('',#2460,4.0);
#1990=LINE('',#2461,#2462);
#1991=FILL_AREA_STYLE_COLOUR('',#2463);
#1992=VERTEX_POINT('',#2464);
#1993=CIRCLE('',#2465,22.5);
#1994=LINE('',#2466,#2467);
#1995=FILL_AREA_STYLE_COLOUR('',#2468);
#1996=VERTEX_POINT('',#2469);
#1997=CIRCLE('',#2470,2.0);
#1998=LINE('',#2471,#2472);
#1999=FILL_AREA_STYLE_COLOUR('',#2473);
#2000=VERTEX_POINT('',#2474);
#2001=LINE('',#2475,#2476);
#2002=LINE('',#2477,#2478);
#2003=FILL_AREA_STYLE_COLOUR('',#2479);
#2004=CIRCLE('',#2480,4.0);
#2005=FILL_AREA_STYLE_COLOUR('',#2481);
#2006=VERTEX_POINT('',#2482);
#2007=LINE('',#2483,#2484);
#2008=VERTEX_POINT('',#2485);
#2009=CIRCLE('',#2486,15.00000000008);
#2010=LINE('',#2487,#2488);
#2011=FILL_AREA_STYLE_COLOUR('',#2489);
#2012=CIRCLE('',#2490,15.00000000008);
#2013=FILL_AREA_STYLE_COLOUR('',#2491);
#2014=LINE('',#2492,#2493);
#2015=FILL_AREA_STYLE_COLOUR('',#2494);
#2016=LINE('',#2495,#2496);
#2017=FILL_AREA_STYLE_COLOUR('',#2497);
#2018=LINE('',#2498,#2499);
#2019=VERTEX_POINT('',#2500);
#2020=VERTEX_POINT('',#2501);
#2021=LINE('',#2502,#2503);
#2022=VERTEX_POINT('',#2504);
#2023=CIRCLE('',#2505,3.999913168659);
#2024=VERTEX_POINT('',#2506);
#2025=LINE('',#2507,#2508);
#2026=VERTEX_POINT('',#2509);
#2027=CIRCLE('',#2510,3.999774685818);
#2028=VERTEX_POINT('',#2511);
#2029=CIRCLE('',#2512,22.4914090115);
#2030=VERTEX_POINT('',#2513);
#2031=CIRCLE('',#2514,1.99987158477);
#2032=VERTEX_POINT('',#2515);
#2033=LINE('',#2516,#2517);
#2034=CIRCLE('',#2518,4.000109741854);
#2035=VERTEX_POINT('',#2519);
#2036=VERTEX_POINT('',#2520);
#2037=LINE('',#2521,#2522);
#2038=VERTEX_POINT('',#2523);
#2039=CIRCLE('',#2524,3.999551610212);
#2040=VERTEX_POINT('',#2525);
#2041=LINE('',#2526,#2527);
#2042=VERTEX_POINT('',#2528);
#2043=CIRCLE('',#2529,1.99987158477);
#2044=VERTEX_POINT('',#2530);
#2045=CIRCLE('',#2531,22.49169438989);
#2046=VERTEX_POINT('',#2532);
#2047=CIRCLE('',#2533,3.999774685818);
#2048=VERTEX_POINT('',#2534);
#2049=LINE('',#2535,#2536);
#2050=CIRCLE('',#2537,3.999913168659);
#2051=FILL_AREA_STYLE_COLOUR('',#2538);
#2052=LINE('',#2539,#2540);
#2053=LINE('',#2541,#2542);
#2054=FILL_AREA_STYLE_COLOUR('',#2543);
#2055=FILL_AREA_STYLE_COLOUR('',#2544);
#2056=LINE('',#2545,#2546);
#2057=LINE('',#2547,#2548);
#2058=FILL_AREA_STYLE_COLOUR('',#2549);
#2059=FILL_AREA_STYLE_COLOUR('',#2550);
#2060=LINE('',#2551,#2552);
#2061=LINE('',#2553,#2554);
#2062=FILL_AREA_STYLE_COLOUR('',#2555);
#2063=FILL_AREA_STYLE_COLOUR('',#2556);
#2064=LINE('',#2557,#2558);
#2065=LINE('',#2559,#2560);
#2066=FILL_AREA_STYLE_COLOUR('',#2561);
#2067=FILL_AREA_STYLE_COLOUR('',#2562);
#2068=LINE('',#2563,#2564);
#2069=FILL_AREA_STYLE_COLOUR('',#2565);
#2070=FILL_AREA_STYLE_COLOUR('',#2566);
#2071=LINE('',#2567,#2568);
#2072=LINE('',#2569,#2570);
#2073=FILL_AREA_STYLE_COLOUR('',#2571);
#2074=FILL_AREA_STYLE_COLOUR('',#2572);
#2075=LINE('',#2573,#2574);
#2076=LINE('',#2575,#2576);
#2077=FILL_AREA_STYLE_COLOUR('',#2577);
#2078=FILL_AREA_STYLE_COLOUR('',#2578);
#2079=LINE('',#2579,#2580);
#2080=LINE('',#2581,#2582);
#2081=FILL_AREA_STYLE_COLOUR('',#2583);
#2082=FILL_AREA_STYLE_COLOUR('',#2584);
#2083=LINE('',#2585,#2586);
#2084=LINE('',#2587,#2588);
#2085=FILL_AREA_STYLE_COLOUR('',#2589);
#2086=FILL_AREA_STYLE_COLOUR('',#2590);
#2087=VERTEX_POINT('',#2591);
#2088=LINE('',#2592,#2593);
#2089=VERTEX_POINT('',#2594);
#2090=LINE('',#2595,#2596);
#2091=LINE('',#2597,#2598);
#2092=FILL_AREA_STYLE_COLOUR('',#2599);
#2093=VERTEX_POINT('',#2600);
#2094=CIRCLE('',#2601,4.0);
#2095=LINE('',#2602,#2603);
#2096=FILL_AREA_STYLE_COLOUR('',#2604);
#2097=VERTEX_POINT('',#2605);
#2098=LINE('',#2606,#2607);
#2099=LINE('',#2608,#2609);
#2100=FILL_AREA_STYLE_COLOUR('',#2610);
#2101=VERTEX_POINT('',#2611);
#2102=CIRCLE('',#2612,4.0);
#2103=LINE('',#2613,#2614);
#2104=FILL_AREA_STYLE_COLOUR('',#2615);
#2105=VERTEX_POINT('',#2616);
#2106=CIRCLE('',#2617,22.5);
#2107=LINE('',#2618,#2619);
#2108=FILL_AREA_STYLE_COLOUR('',#2620);
#2109=VERTEX_POINT('',#2621);
#2110=CIRCLE('',#2622,2.0);
#2111=LINE('',#2623,#2624);
#2112=FILL_AREA_STYLE_COLOUR('',#2625);
#2113=VERTEX_POINT('',#2626);
#2114=LINE('',#2627,#2628);
#2115=LINE('',#2629,#2630);
#2116=FILL_AREA_STYLE_COLOUR('',#2631);
#2117=CIRCLE('',#2632,4.0);
#2118=FILL_AREA_STYLE_COLOUR('',#2633);
#2119=VERTEX_POINT('',#2634);
#2120=LINE('',#2635,#2636);
#2121=VERTEX_POINT('',#2637);
#2122=LINE('',#2638,#2639);
#2123=LINE('',#2640,#2641);
#2124=FILL_AREA_STYLE_COLOUR('',#2642);
#2125=VERTEX_POINT('',#2643);
#2126=CIRCLE('',#2644,4.0);
#2127=LINE('',#2645,#2646);
#2128=FILL_AREA_STYLE_COLOUR('',#2647);
#2129=VERTEX_POINT('',#2648);
#2130=LINE('',#2649,#2650);
#2131=LINE('',#2651,#2652);
#2132=FILL_AREA_STYLE_COLOUR('',#2653);
#2133=VERTEX_POINT('',#2654);
#2134=CIRCLE('',#2655,2.0);
#2135=LINE('',#2656,#2657);
#2136=FILL_AREA_STYLE_COLOUR('',#2658);
#2137=VERTEX_POINT('',#2659);
#2138=CIRCLE('',#2660,22.5);
#2139=LINE('',#2661,#2662);
#2140=FILL_AREA_STYLE_COLOUR('',#2663);
#2141=VERTEX_POINT('',#2664);
#2142=CIRCLE('',#2665,4.0);
#2143=LINE('',#2666,#2667);
#2144=FILL_AREA_STYLE_COLOUR('',#2668);
#2145=VERTEX_POINT('',#2669);
#2146=LINE('',#2670,#2671);
#2147=LINE('',#2672,#2673);
#2148=FILL_AREA_STYLE_COLOUR('',#2674);
#2149=CIRCLE('',#2675,4.0);
#2150=FILL_AREA_STYLE_COLOUR('',#2676);
#2151=FILL_AREA_STYLE_COLOUR('',#2677);
#2152=FILL_AREA_STYLE_COLOUR('',#2678);
#2153=FILL_AREA_STYLE_COLOUR('',#2679);
#2154=COLOUR_RGB('',0.95686274766922,0.850980401039124,0.447058826684952);
#2155=CARTESIAN_POINT('',(142.5,10.0,-25.0));
#2156=CARTESIAN_POINT('',(142.5,0.0,-25.0));
#2157=CARTESIAN_POINT('',(142.5,10.0,-25.0));
#2158=VECTOR('',#2680,0.001);
#2159=CARTESIAN_POINT('',(60.0,0.0,-25.0));
#2160=CARTESIAN_POINT('',(142.5,0.0,-25.0));
#2161=VECTOR('',#2681,0.001);
#2162=CARTESIAN_POINT('',(4.531538935183,118.9524986235,-25.0));
#2163=CARTESIAN_POINT('',(60.0,0.0,-25.0));
#2164=VECTOR('',#2682,0.001);
#2165=CARTESIAN_POINT('',(-4.531538935183,118.9524986235,-25.0));
#2166=AXIS2_PLACEMENT_3D('',#2683,#2684,#2685);
#2167=CARTESIAN_POINT('',(-60.0,0.0,-25.0));
#2168=CARTESIAN_POINT('',(-4.531538935183,118.9524986235,-25.0));
#2169=VECTOR('',#2686,0.001);
#2170=CARTESIAN_POINT('',(-142.5,0.0,-25.0));
#2171=CARTESIAN_POINT('',(-60.0,0.0,-25.0));
#2172=VECTOR('',#2687,0.001);
#2173=CARTESIAN_POINT('',(-142.5,10.0,-25.0));
#2174=CARTESIAN_POINT('',(-142.5,0.0,-25.0));
#2175=VECTOR('',#2688,0.001);
#2176=CARTESIAN_POINT('',(-96.0528714198,10.0,-25.0));
#2177=CARTESIAN_POINT('',(-142.5,10.0,-25.0));
#2178=VECTOR('',#2689,0.001);
#2179=CARTESIAN_POINT('',(-91.52133248462,12.8869086913,-25.0));
#2180=AXIS2_PLACEMENT_3D('',#2690,#2691,#2692);
#2181=CARTESIAN_POINT('',(-22.65769467592,160.5654565435,-25.0));
#2182=CARTESIAN_POINT('',(-91.52133248462,12.8869086913,-25.0));
#2183=VECTOR('',#2693,0.001);
#2184=CARTESIAN_POINT('',(22.65769467592,160.5654565435,-25.0));
#2185=AXIS2_PLACEMENT_3D('',#2694,#2695,#2696);
#2186=CARTESIAN_POINT('',(91.52133248462,12.8869086913,-25.0));
#2187=CARTESIAN_POINT('',(22.65769467592,160.5654565435,-25.0));
#2188=VECTOR('',#2697,0.001);
#2189=CARTESIAN_POINT('',(96.0528714198,10.0,-25.0));
#2190=AXIS2_PLACEMENT_3D('',#2698,#2699,#2700);
#2191=CARTESIAN_POINT('',(96.0528714198,10.0,-25.0));
#2192=VECTOR('',#2701,0.001);
#2193=CARTESIAN_POINT('',(64.50547197545,10.0,-25.0));
#2194=CARTESIAN_POINT('',(79.96851029352,10.0,-25.0));
#2195=CARTESIAN_POINT('',(64.50547197545,10.0,-25.0));
#2196=VECTOR('',#2702,0.001);
#2197=CARTESIAN_POINT('',(83.59374144166,15.69047304696,-25.0));
#2198=AXIS2_PLACEMENT_3D('',#2703,#2704,#2705);
#2199=CARTESIAN_POINT('',(24.67579713824,142.0404123478,-25.0));
#2200=CARTESIAN_POINT('',(83.59374144166,15.69047304696,-25.0));
#2201=VECTOR('',#2706,0.001);
#2202=CARTESIAN_POINT('',(20.99679939567,141.9139369816,-25.0));
#2203=AXIS2_PLACEMENT_3D('',#2707,#2708,#2709);
#2204=CARTESIAN_POINT('',(10.26085435132,129.9758928294,-25.0));
#2205=AXIS2_PLACEMENT_3D('',#2710,#2711,#2712);
#2206=CARTESIAN_POINT('',(8.459775087856,124.7255785076,-25.0));
#2207=AXIS2_PLACEMENT_3D('',#2713,#2714,#2715);
#2208=CARTESIAN_POINT('',(60.88024082731,12.30952695304,-25.0));
#2209=CARTESIAN_POINT('',(8.459775087856,124.7255785076,-25.0));
#2210=VECTOR('',#2716,0.001);
#2211=AXIS2_PLACEMENT_3D('',#2717,#2718,#2719);
#2212=CARTESIAN_POINT('',(-79.96851029352,10.0,-25.0));
#2213=CARTESIAN_POINT('',(-64.50547197545,10.0,-25.0));
#2214=CARTESIAN_POINT('',(-79.96851029352,10.0,-25.0));
#2215=VECTOR('',#2720,0.001);
#2216=CARTESIAN_POINT('',(-60.88024082731,12.30952695304,-25.0));
#2217=AXIS2_PLACEMENT_3D('',#2721,#2722,#2723);
#2218=CARTESIAN_POINT('',(-8.459775087856,124.7255785076,-25.0));
#2219=CARTESIAN_POINT('',(-60.88024082731,12.30952695304,-25.0));
#2220=VECTOR('',#2724,0.001);
#2221=CARTESIAN_POINT('',(-10.26085435132,129.9758928294,-25.0));
#2222=AXIS2_PLACEMENT_3D('',#2725,#2726,#2727);
#2223=CARTESIAN_POINT('',(-20.99679939567,141.9139369816,-25.0));
#2224=AXIS2_PLACEMENT_3D('',#2728,#2729,#2730);
#2225=CARTESIAN_POINT('',(-24.67579713824,142.0404123478,-25.0));
#2226=AXIS2_PLACEMENT_3D('',#2731,#2732,#2733);
#2227=CARTESIAN_POINT('',(-83.59374144166,15.69047304696,-25.0));
#2228=CARTESIAN_POINT('',(-24.67579713824,142.0404123478,-25.0));
#2229=VECTOR('',#2734,0.001);
#2230=AXIS2_PLACEMENT_3D('',#2735,#2736,#2737);
#2231=CARTESIAN_POINT('',(15.0,150.0,-25.0));
#2232=CARTESIAN_POINT('',(-15.0,150.0,-25.0));
#2233=AXIS2_PLACEMENT_3D('',#2738,#2739,#2740);
#2234=AXIS2_PLACEMENT_3D('',#2741,#2742,#2743);
#2235=COLOUR_RGB('',0.95686274766922,0.850980401039124,0.447058826684952);
#2236=CARTESIAN_POINT('',(150.0,0.0,-17.5));
#2237=AXIS2_PLACEMENT_3D('',#2744,#2745,#2746);
#2238=CARTESIAN_POINT('',(150.0,10.0,-17.5));
#2239=AXIS2_PLACEMENT_3D('',#2747,#2748,#2749);
#2240=CARTESIAN_POINT('',(150.0,10.0,-17.5));
#2241=VECTOR('',#2750,0.001);
#2242=COLOUR_RGB('',0.95686274766922,0.850980401039124,0.447058826684952);
#2243=CARTESIAN_POINT('',(150.0,0.0,17.5));
#2244=CARTESIAN_POINT('',(150.0,0.0,-17.5));
#2245=VECTOR('',#2751,0.001);
#2246=CARTESIAN_POINT('',(142.5,0.0,25.0));
#2247=AXIS2_PLACEMENT_3D('',#2752,#2753,#2754);
#2248=CARTESIAN_POINT('',(60.0,-3.236022757834E-16,25.0));
#2249=CARTESIAN_POINT('',(142.5,0.0,25.0));
#2250=VECTOR('',#2755,0.001);
#2251=CARTESIAN_POINT('',(60.0,-3.236022757834E-16,25.0));
#2252=VECTOR('',#2756,0.001);
#2253=CARTESIAN_POINT('',(144.25,0.0,-14.0));
#2254=CARTESIAN_POINT('',(135.75,0.0,-14.0));
#2255=AXIS2_PLACEMENT_3D('',#2757,#2758,#2759);
#2256=AXIS2_PLACEMENT_3D('',#2760,#2761,#2762);
#2257=CARTESIAN_POINT('',(119.25,0.0,-14.0));
#2258=CARTESIAN_POINT('',(110.75,0.0,-14.0));
#2259=AXIS2_PLACEMENT_3D('',#2763,#2764,#2765);
#2260=AXIS2_PLACEMENT_3D('',#2766,#2767,#2768);
#2261=CARTESIAN_POINT('',(135.75,8.881784197001E-16,14.0));
#2262=CARTESIAN_POINT('',(144.25,8.881784197001E-16,14.0));
#2263=AXIS2_PLACEMENT_3D('',#2769,#2770,#2771);
#2264=AXIS2_PLACEMENT_3D('',#2772,#2773,#2774);
#2265=CARTESIAN_POINT('',(110.75,8.881784197001E-16,14.0));
#2266=CARTESIAN_POINT('',(119.25,8.881784197001E-16,14.0));
#2267=AXIS2_PLACEMENT_3D('',#2775,#2776,#2777);
#2268=AXIS2_PLACEMENT_3D('',#2778,#2779,#2780);
#2269=COLOUR_RGB('',0.95686274766922,0.850980401039124,0.447058826684952);
#2270=CARTESIAN_POINT('',(4.531538935183,118.9524986235,25.0));
#2271=CARTESIAN_POINT('',(60.0,-3.236022757834E-16,25.0));
#2272=VECTOR('',#2781,0.001);
#2273=CARTESIAN_POINT('',(4.531538935183,118.9524986235,25.0));
#2274=VECTOR('',#2782,0.001);
#2275=COLOUR_RGB('',0.95686274766922,0.850980401039124,0.447058826684952);
#2276=CARTESIAN_POINT('',(-4.531538935183,118.9524986235,25.0));
#2277=AXIS2_PLACEMENT_3D('',#2783,#2784,#2785);
#2278=CARTESIAN_POINT('',(-4.531538935183,118.9524986235,25.0));
#2279=VECTOR('',#2786,0.001);
#2280=COLOUR_RGB('',0.95686274766922,0.850980401039124,0.447058826684952);
#2281=CARTESIAN_POINT('',(-60.0,1.388725243942E-14,25.0));
#2282=CARTESIAN_POINT('',(-4.531538935183,118.9524986235,25.0));
#2283=VECTOR('',#2787,0.001);
#2284=CARTESIAN_POINT('',(-60.0,1.388725243942E-14,25.0));
#2285=VECTOR('',#2788,0.001);
#2286=COLOUR_RGB('',0.95686274766922,0.850980401039124,0.447058826684952);
#2287=CARTESIAN_POINT('',(-142.5,-3.236022757834E-16,25.0));
#2288=CARTESIAN_POINT('',(-150.0,0.0,17.5));
#2289=AXIS2_PLACEMENT_3D('',#2789,#2790,#2791);
#2290=CARTESIAN_POINT('',(-150.0,0.0,-17.5));
#2291=CARTESIAN_POINT('',(-150.0,0.0,17.5));
#2292=VECTOR('',#2792,0.001);
#2293=AXIS2_PLACEMENT_3D('',#2793,#2794,#2795);
#2294=CARTESIAN_POINT('',(-60.0,1.388725243942E-14,25.0));
#2295=VECTOR('',#2796,0.001);
#2296=CARTESIAN_POINT('',(-135.75,8.881784197001E-16,-14.0));
#2297=CARTESIAN_POINT('',(-144.25,8.881784197001E-16,-14.0));
#2298=AXIS2_PLACEMENT_3D('',#2797,#2798,#2799);
#2299=AXIS2_PLACEMENT_3D('',#2800,#2801,#2802);
#2300=CARTESIAN_POINT('',(-110.75,8.881784197001E-16,-14.0));
#2301=CARTESIAN_POINT('',(-119.25,8.881784197001E-16,-14.0));
#2302=AXIS2_PLACEMENT_3D('',#2803,#2804,#2805);
#2303=AXIS2_PLACEMENT_3D('',#2806,#2807,#2808);
#2304=CARTESIAN_POINT('',(-144.25,0.0,14.0));
#2305=CARTESIAN_POINT('',(-135.75,0.0,14.0));
#2306=AXIS2_PLACEMENT_3D('',#2809,#2810,#2811);
#2307=AXIS2_PLACEMENT_3D('',#2812,#2813,#2814);
#2308=CARTESIAN_POINT('',(-119.25,0.0,14.0));
#2309=CARTESIAN_POINT('',(-110.75,0.0,14.0));
#2310=AXIS2_PLACEMENT_3D('',#2815,#2816,#2817);
#2311=AXIS2_PLACEMENT_3D('',#2818,#2819,#2820);
#2312=COLOUR_RGB('',0.95686274766922,0.850980401039124,0.447058826684952);
#2313=CARTESIAN_POINT('',(-150.0,10.0,-17.5));
#2314=AXIS2_PLACEMENT_3D('',#2821,#2822,#2823);
#2315=CARTESIAN_POINT('',(-150.0,0.0,-17.5));
#2316=VECTOR('',#2824,0.001);
#2317=COLOUR_RGB('',0.95686274766922,0.850980401039124,0.447058826684952);
#2318=CARTESIAN_POINT('',(-150.0,10.0,17.5));
#2319=CARTESIAN_POINT('',(-142.5,10.0,25.0));
#2320=AXIS2_PLACEMENT_3D('',#2825,#2826,#2827);
#2321=CARTESIAN_POINT('',(-96.0528714198,10.0,25.0));
#2322=CARTESIAN_POINT('',(-142.5,10.0,25.0));
#2323=VECTOR('',#2828,0.001);
#2324=CARTESIAN_POINT('',(-96.0528714198,10.0,25.0));
#2325=VECTOR('',#2829,0.001);
#2326=CARTESIAN_POINT('',(-150.0,10.0,-17.5));
#2327=VECTOR('',#2830,0.001);
#2328=CARTESIAN_POINT('',(-144.25,10.0,-14.0));
#2329=CARTESIAN_POINT('',(-135.75,10.0,-14.0));
#2330=AXIS2_PLACEMENT_3D('',#2831,#2832,#2833);
#2331=AXIS2_PLACEMENT_3D('',#2834,#2835,#2836);
#2332=CARTESIAN_POINT('',(-119.25,10.0,-14.0));
#2333=CARTESIAN_POINT('',(-110.75,10.0,-14.0));
#2334=AXIS2_PLACEMENT_3D('',#2837,#2838,#2839);
#2335=AXIS2_PLACEMENT_3D('',#2840,#2841,#2842);
#2336=CARTESIAN_POINT('',(-135.75,10.0,14.0));
#2337=CARTESIAN_POINT('',(-144.25,10.0,14.0));
#2338=AXIS2_PLACEMENT_3D('',#2843,#2844,#2845);
#2339=AXIS2_PLACEMENT_3D('',#2846,#2847,#2848);
#2340=CARTESIAN_POINT('',(-110.75,10.0,14.0));
#2341=CARTESIAN_POINT('',(-119.25,10.0,14.0));
#2342=AXIS2_PLACEMENT_3D('',#2849,#2850,#2851);
#2343=AXIS2_PLACEMENT_3D('',#2852,#2853,#2854);
#2344=COLOUR_RGB('',0.95686274766922,0.850980401039124,0.447058826684952);
#2345=CARTESIAN_POINT('',(-91.52133248462,12.8869086913,25.0));
#2346=AXIS2_PLACEMENT_3D('',#2855,#2856,#2857);
#2347=CARTESIAN_POINT('',(-91.52133248462,12.8869086913,25.0));
#2348=VECTOR('',#2858,0.001);
#2349=COLOUR_RGB('',0.95686274766922,0.850980401039124,0.447058826684952);
#2350=CARTESIAN_POINT('',(-22.65769467592,160.5654565435,25.0));
#2351=CARTESIAN_POINT('',(-91.52133248462,12.8869086913,25.0));
#2352=VECTOR('',#2859,0.001);
#2353=CARTESIAN_POINT('',(-22.65769467592,160.5654565435,25.0));
#2354=VECTOR('',#2860,0.001);
#2355=COLOUR_RGB('',0.95686274766922,0.850980401039124,0.447058826684952);
#2356=CARTESIAN_POINT('',(22.65769467592,160.5654565435,25.0));
#2357=AXIS2_PLACEMENT_3D('',#2861,#2862,#2863);
#2358=CARTESIAN_POINT('',(22.65769467592,160.5654565435,25.0));
#2359=VECTOR('',#2864,0.001);
#2360=COLOUR_RGB('',0.95686274766922,0.850980401039124,0.447058826684952);
#2361=CARTESIAN_POINT('',(91.52133248462,12.8869086913,25.0));
#2362=CARTESIAN_POINT('',(91.52133248462,12.8869086913,25.0));
#2363=VECTOR('',#2865,0.001);
#2364=CARTESIAN_POINT('',(22.65769467592,160.5654565435,25.0));
#2365=VECTOR('',#2866,0.001);
#2366=COLOUR_RGB('',0.95686274766922,0.850980401039124,0.447058826684952);
#2367=CARTESIAN_POINT('',(96.0528714198,10.0,25.0));
#2368=AXIS2_PLACEMENT_3D('',#2867,#2868,#2869);
#2369=CARTESIAN_POINT('',(96.0528714198,10.0,25.0));
#2370=VECTOR('',#2870,0.001);
#2371=COLOUR_RGB('',0.95686274766922,0.850980401039124,0.447058826684952);
#2372=CARTESIAN_POINT('',(142.5,10.0,25.0));
#2373=CARTESIAN_POINT('',(96.0528714198,10.0,25.0));
#2374=VECTOR('',#2871,0.001);
#2375=CARTESIAN_POINT('',(150.0,10.0,17.5));
#2376=AXIS2_PLACEMENT_3D('',#2872,#2873,#2874);
#2377=CARTESIAN_POINT('',(150.0,10.0,17.5));
#2378=VECTOR('',#2875,0.001);
#2379=CARTESIAN_POINT('',(135.75,10.0,-14.0));
#2380=CARTESIAN_POINT('',(144.25,10.0,-14.0));
#2381=AXIS2_PLACEMENT_3D('',#2876,#2877,#2878);
#2382=AXIS2_PLACEMENT_3D('',#2879,#2880,#2881);
#2383=CARTESIAN_POINT('',(110.75,10.0,-14.0));
#2384=CARTESIAN_POINT('',(119.25,10.0,-14.0));
#2385=AXIS2_PLACEMENT_3D('',#2882,#2883,#2884);
#2386=AXIS2_PLACEMENT_3D('',#2885,#2886,#2887);
#2387=CARTESIAN_POINT('',(144.25,10.0,14.0));
#2388=CARTESIAN_POINT('',(135.75,10.0,14.0));
#2389=AXIS2_PLACEMENT_3D('',#2888,#2889,#2890);
#2390=AXIS2_PLACEMENT_3D('',#2891,#2892,#2893);
#2391=CARTESIAN_POINT('',(119.25,10.0,14.0));
#2392=CARTESIAN_POINT('',(110.75,10.0,14.0));
#2393=AXIS2_PLACEMENT_3D('',#2894,#2895,#2896);
#2394=AXIS2_PLACEMENT_3D('',#2897,#2898,#2899);
#2395=COLOUR_RGB('',0.95686274766922,0.850980401039124,0.447058826684952);
#2396=CARTESIAN_POINT('',(64.50547197545,10.0,-5.0));
#2397=CARTESIAN_POINT('',(64.50547197545,10.0,-25.0));
#2398=VECTOR('',#2900,0.001);
#2399=CARTESIAN_POINT('',(79.96851029352,10.0,-5.0));
#2400=CARTESIAN_POINT('',(81.546535031735,10.0,-5.0));
#2401=VECTOR('',#2901,1.0);
#2402=CARTESIAN_POINT('',(79.96851029352,10.0,-6.0));
#2403=VECTOR('',#2902,0.001);
#2404=COLOUR_RGB('',0.95686274766922,0.850980401039124,0.447058826684952);
#2405=CARTESIAN_POINT('',(83.59374144166,15.69047304696,-5.0));
#2406=AXIS2_PLACEMENT_3D('',#2903,#2904,#2905);
#2407=CARTESIAN_POINT('',(83.59374144166,15.69047304696,-6.0));
#2408=VECTOR('',#2906,0.001);
#2409=COLOUR_RGB('',0.95686274766922,0.850980401039124,0.447058826684952);
#2410=CARTESIAN_POINT('',(24.67579713824,142.0404123478,-5.0));
#2411=CARTESIAN_POINT('',(54.9911476166453,77.0289334492083,-5.0));
#2412=VECTOR('',#2907,1.0);
#2413=CARTESIAN_POINT('',(24.67579713824,142.0404123478,-6.0));
#2414=VECTOR('',#2908,0.001);
#2415=COLOUR_RGB('',0.95686274766922,0.850980401039124,0.447058826684952);
#2416=CARTESIAN_POINT('',(20.99679939567,141.9139369816,-5.0));
#2417=AXIS2_PLACEMENT_3D('',#2909,#2910,#2911);
#2418=CARTESIAN_POINT('',(20.99679939567,141.9139369816,-6.0));
#2419=VECTOR('',#2912,0.001);
#2420=COLOUR_RGB('',0.95686274766922,0.850980401039124,0.447058826684952);
#2421=CARTESIAN_POINT('',(10.26085435132,129.9758928294,-5.0));
#2422=AXIS2_PLACEMENT_3D('',#2913,#2914,#2915);
#2423=CARTESIAN_POINT('',(10.26085435132,129.9758928294,-6.0));
#2424=VECTOR('',#2916,0.001);
#2425=COLOUR_RGB('',0.95686274766922,0.850980401039124,0.447058826684952);
#2426=CARTESIAN_POINT('',(8.459775087856,124.7255785076,-5.0));
#2427=AXIS2_PLACEMENT_3D('',#2917,#2918,#2919);
#2428=CARTESIAN_POINT('',(8.459775087856,124.7255785076,-6.0));
#2429=VECTOR('',#2920,0.001);
#2430=COLOUR_RGB('',0.95686274766922,0.850980401039124,0.447058826684952);
#2431=CARTESIAN_POINT('',(60.88024082731,12.30952695304,-5.0));
#2432=CARTESIAN_POINT('',(63.1175163737827,7.5116740605441,-5.0));
#2433=VECTOR('',#2921,1.0);
#2434=CARTESIAN_POINT('',(60.88024082731,12.30952695304,-6.0));
#2435=VECTOR('',#2922,0.001);
#2436=COLOUR_RGB('',0.95686274766922,0.850980401039124,0.447058826684952);
#2437=AXIS2_PLACEMENT_3D('',#2923,#2924,#2925);
#2438=COLOUR_RGB('',0.95686274766922,0.850980401039124,0.447058826684952);
#2439=CARTESIAN_POINT('',(-79.96851029352,10.0,-5.0));
#2440=CARTESIAN_POINT('',(-79.96851029352,10.0,-25.0));
#2441=VECTOR('',#2926,0.001);
#2442=CARTESIAN_POINT('',(-64.50547197545,10.0,-5.0));
#2443=CARTESIAN_POINT('',(-81.54653432304,10.0,-5.0));
#2444=VECTOR('',#2927,1.0);
#2445=CARTESIAN_POINT('',(-64.50547197545,10.0,-6.0));
#2446=VECTOR('',#2928,0.001);
#2447=COLOUR_RGB('',0.95686274766922,0.850980401039124,0.447058826684952);
#2448=CARTESIAN_POINT('',(-60.88024083551,12.3095269354508,-5.0));
#2449=AXIS2_PLACEMENT_3D('',#2929,#2930,#2931);
#2450=CARTESIAN_POINT('',(-60.8802408351,12.30952693633,-6.0));
#2451=VECTOR('',#2932,0.001);
#2452=COLOUR_RGB('',0.95686274766922,0.850980401039124,0.447058826684952);
#2453=CARTESIAN_POINT('',(-8.459775087856,124.7255785076,-5.0));
#2454=CARTESIAN_POINT('',(-63.1175162510995,7.51167432363466,-5.0));
#2455=VECTOR('',#2933,1.0);
#2456=CARTESIAN_POINT('',(-8.459775087856,124.7255785076,-6.0));
#2457=VECTOR('',#2934,0.001);
#2458=COLOUR_RGB('',0.95686274766922,0.850980401039124,0.447058826684952);
#2459=CARTESIAN_POINT('',(-10.2608543296461,129.975892818245,-5.0));
#2460=AXIS2_PLACEMENT_3D('',#2935,#2936,#2937);
#2461=CARTESIAN_POINT('',(-10.26085433073,129.9758928188,-6.0));
#2462=VECTOR('',#2938,0.001);
#2463=COLOUR_RGB('',0.95686274766922,0.850980401039124,0.447058826684952);
#2464=CARTESIAN_POINT('',(-20.9967993956703,141.913936981601,-5.0));
#2465=AXIS2_PLACEMENT_3D('',#2939,#2940,#2941);
#2466=CARTESIAN_POINT('',(-20.99679939567,141.9139369816,-6.0));
#2467=VECTOR('',#2942,0.001);
#2468=COLOUR_RGB('',0.95686274766922,0.850980401039124,0.447058826684952);
#2469=CARTESIAN_POINT('',(-24.6757971387346,142.040412346747,-5.0));
#2470=AXIS2_PLACEMENT_3D('',#2943,#2944,#2945);
#2471=CARTESIAN_POINT('',(-24.67579713871,142.0404123468,-6.0));
#2472=VECTOR('',#2946,0.001);
#2473=COLOUR_RGB('',0.95686274766922,0.850980401039124,0.447058826684952);
#2474=CARTESIAN_POINT('',(-83.59374144166,15.69047304696,-5.0));
#2475=CARTESIAN_POINT('',(-54.9911474900679,77.0289337206542,-5.0));
#2476=VECTOR('',#2947,1.0);
#2477=CARTESIAN_POINT('',(-83.59374144166,15.69047304696,-6.0));
#2478=VECTOR('',#2948,0.001);
#2479=COLOUR_RGB('',0.95686274766922,0.850980401039124,0.447058826684952);
#2480=AXIS2_PLACEMENT_3D('',#2949,#2950,#2951);
#2481=COLOUR_RGB('',0.95686274766922,0.850980401039124,0.447058826684952);
#2482=CARTESIAN_POINT('',(15.0,150.0,25.0));
#2483=CARTESIAN_POINT('',(15.0,150.0,-25.0));
#2484=VECTOR('',#2952,0.001);
#2485=CARTESIAN_POINT('',(-15.0,150.0,25.0));
#2486=AXIS2_PLACEMENT_3D('',#2953,#2954,#2955);
#2487=CARTESIAN_POINT('',(-15.0,150.0,25.0));
#2488=VECTOR('',#2956,0.001);
#2489=COLOUR_RGB('',0.95686274766922,0.850980401039124,0.447058826684952);
#2490=AXIS2_PLACEMENT_3D('',#2957,#2958,#2959);
#2491=COLOUR_RGB('',0.95686274766922,0.850980401039124,0.447058826684952);
#2492=CARTESIAN_POINT('',(150.0,10.0,17.5));
#2493=VECTOR('',#2960,0.001);
#2494=COLOUR_RGB('',0.95686274766922,0.850980401039124,0.447058826684952);
#2495=CARTESIAN_POINT('',(142.5,10.0,25.0));
#2496=VECTOR('',#2961,0.001);
#2497=COLOUR_RGB('',0.95686274766922,0.850980401039124,0.447058826684952);
#2498=CARTESIAN_POINT('',(-142.5,10.0,25.0));
#2499=VECTOR('',#2962,0.001);
#2500=CARTESIAN_POINT('',(79.96851029352,10.0,25.0));
#2501=CARTESIAN_POINT('',(64.50547197545,10.0,25.0));
#2502=CARTESIAN_POINT('',(79.96851029352,10.0,25.0));
#2503=VECTOR('',#2963,0.001);
#2504=CARTESIAN_POINT('',(60.88024082731,12.30952695304,25.0));
#2505=AXIS2_PLACEMENT_3D('',#2964,#2965,#2966);
#2506=CARTESIAN_POINT('',(8.459775087856,124.7255785076,25.0));
#2507=CARTESIAN_POINT('',(60.88024082731,12.30952695304,25.0));
#2508=VECTOR('',#2967,0.001);
#2509=CARTESIAN_POINT('',(10.26085435132,129.9758928294,25.0));
#2510=AXIS2_PLACEMENT_3D('',#2968,#2969,#2970);
#2511=CARTESIAN_POINT('',(20.99679939567,141.9139369816,25.0));
#2512=AXIS2_PLACEMENT_3D('',#2971,#2972,#2973);
#2513=CARTESIAN_POINT('',(24.67579713824,142.0404123478,25.0));
#2514=AXIS2_PLACEMENT_3D('',#2974,#2975,#2976);
#2515=CARTESIAN_POINT('',(83.59374144166,15.69047304696,25.0));
#2516=CARTESIAN_POINT('',(24.67579713824,142.0404123478,25.0));
#2517=VECTOR('',#2977,0.001);
#2518=AXIS2_PLACEMENT_3D('',#2978,#2979,#2980);
#2519=CARTESIAN_POINT('',(-64.50547197545,10.0,25.0));
#2520=CARTESIAN_POINT('',(-79.96851029352,10.0,25.0));
#2521=CARTESIAN_POINT('',(-64.50547197545,10.0,25.0));
#2522=VECTOR('',#2981,0.001);
#2523=CARTESIAN_POINT('',(-83.59374144166,15.69047304696,25.0));
#2524=AXIS2_PLACEMENT_3D('',#2982,#2983,#2984);
#2525=CARTESIAN_POINT('',(-24.67579713824,142.0404123478,25.0));
#2526=CARTESIAN_POINT('',(-83.59374144166,15.69047304696,25.0));
#2527=VECTOR('',#2985,0.001);
#2528=CARTESIAN_POINT('',(-20.99679939567,141.9139369816,25.0));
#2529=AXIS2_PLACEMENT_3D('',#2986,#2987,#2988);
#2530=CARTESIAN_POINT('',(-10.26085435132,129.9758928294,25.0));
#2531=AXIS2_PLACEMENT_3D('',#2989,#2990,#2991);
#2532=CARTESIAN_POINT('',(-8.459775087856,124.7255785076,25.0));
#2533=AXIS2_PLACEMENT_3D('',#2992,#2993,#2994);
#2534=CARTESIAN_POINT('',(-60.88024082731,12.30952695304,25.0));
#2535=CARTESIAN_POINT('',(-8.459775087856,124.7255785076,25.0));
#2536=VECTOR('',#2995,0.001);
#2537=AXIS2_PLACEMENT_3D('',#2996,#2997,#2998);
#2538=COLOUR_RGB('',0.95686274766922,0.850980401039124,0.447058826684952);
#2539=CARTESIAN_POINT('',(144.25,0.0,-14.0));
#2540=VECTOR('',#2999,0.001);
#2541=CARTESIAN_POINT('',(135.75,10.0,-14.0));
#2542=VECTOR('',#3000,0.001);
#2543=COLOUR_RGB('',0.95686274766922,0.850980401039124,0.447058826684952);
#2544=COLOUR_RGB('',0.95686274766922,0.850980401039124,0.447058826684952);
#2545=CARTESIAN_POINT('',(119.25,0.0,-14.0));
#2546=VECTOR('',#3001,0.001);
#2547=CARTESIAN_POINT('',(110.75,10.0,-14.0));
#2548=VECTOR('',#3002,0.001);
#2549=COLOUR_RGB('',0.95686274766922,0.850980401039124,0.447058826684952);
#2550=COLOUR_RGB('',0.95686274766922,0.850980401039124,0.447058826684952);
#2551=CARTESIAN_POINT('',(144.25,10.0,14.0));
#2552=VECTOR('',#3003,0.001);
#2553=CARTESIAN_POINT('',(135.75,8.881784197001E-16,14.0));
#2554=VECTOR('',#3004,0.001);
#2555=COLOUR_RGB('',0.95686274766922,0.850980401039124,0.447058826684952);
#2556=COLOUR_RGB('',0.95686274766922,0.850980401039124,0.447058826684952);
#2557=CARTESIAN_POINT('',(119.25,10.0,14.0));
#2558=VECTOR('',#3005,0.001);
#2559=CARTESIAN_POINT('',(110.75,8.881784197001E-16,14.0));
#2560=VECTOR('',#3006,0.001);
#2561=COLOUR_RGB('',0.95686274766922,0.850980401039124,0.447058826684952);
#2562=COLOUR_RGB('',0.95686274766922,0.850980401039124,0.447058826684952);
#2563=CARTESIAN_POINT('',(-150.0,10.0,17.5));
#2564=VECTOR('',#3007,0.001);
#2565=COLOUR_RGB('',0.95686274766922,0.850980401039124,0.447058826684952);
#2566=COLOUR_RGB('',0.95686274766922,0.850980401039124,0.447058826684952);
#2567=CARTESIAN_POINT('',(-144.25,10.0,-14.0));
#2568=VECTOR('',#3008,0.001);
#2569=CARTESIAN_POINT('',(-135.75,8.881784197001E-16,-14.0));
#2570=VECTOR('',#3009,0.001);
#2571=COLOUR_RGB('',0.95686274766922,0.850980401039124,0.447058826684952);
#2572=COLOUR_RGB('',0.95686274766922,0.850980401039124,0.447058826684952);
#2573=CARTESIAN_POINT('',(-119.25,10.0,-14.0));
#2574=VECTOR('',#3010,0.001);
#2575=CARTESIAN_POINT('',(-110.75,8.881784197001E-16,-14.0));
#2576=VECTOR('',#3011,0.001);
#2577=COLOUR_RGB('',0.95686274766922,0.850980401039124,0.447058826684952);
#2578=COLOUR_RGB('',0.95686274766922,0.850980401039124,0.447058826684952);
#2579=CARTESIAN_POINT('',(-144.25,0.0,14.0));
#2580=VECTOR('',#3012,0.001);
#2581=CARTESIAN_POINT('',(-135.75,10.0,14.0));
#2582=VECTOR('',#3013,0.001);
#2583=COLOUR_RGB('',0.95686274766922,0.850980401039124,0.447058826684952);
#2584=COLOUR_RGB('',0.95686274766922,0.850980401039124,0.447058826684952);
#2585=CARTESIAN_POINT('',(-119.25,0.0,14.0));
#2586=VECTOR('',#3014,0.001);
#2587=CARTESIAN_POINT('',(-110.75,10.0,14.0));
#2588=VECTOR('',#3015,0.001);
#2589=COLOUR_RGB('',0.95686274766922,0.850980401039124,0.447058826684952);
#2590=COLOUR_RGB('',0.95686274766922,0.850980401039124,0.447058826684952);
#2591=CARTESIAN_POINT('',(79.96851029352,10.0,5.0));
#2592=CARTESIAN_POINT('',(79.96851029352,10.0,25.0));
#2593=VECTOR('',#3016,0.001);
#2594=CARTESIAN_POINT('',(64.50547197545,10.0,5.0));
#2595=CARTESIAN_POINT('',(81.54653432304,10.0,5.0));
#2596=VECTOR('',#3017,1.0);
#2597=CARTESIAN_POINT('',(64.50547197545,10.0,6.0));
#2598=VECTOR('',#3018,0.001);
#2599=COLOUR_RGB('',0.95686274766922,0.850980401039124,0.447058826684952);
#2600=CARTESIAN_POINT('',(60.88024083551,12.3095269354508,5.0));
#2601=AXIS2_PLACEMENT_3D('',#3019,#3020,#3021);
#2602=CARTESIAN_POINT('',(60.8802408351,12.30952693633,6.0));
#2603=VECTOR('',#3022,0.001);
#2604=COLOUR_RGB('',0.95686274766922,0.850980401039124,0.447058826684952);
#2605=CARTESIAN_POINT('',(8.459775087856,124.7255785076,5.0));
#2606=CARTESIAN_POINT('',(63.1175162510995,7.51167432363466,5.0));
#2607=VECTOR('',#3023,1.0);
#2608=CARTESIAN_POINT('',(8.459775087856,124.7255785076,6.0));
#2609=VECTOR('',#3024,0.001);
#2610=COLOUR_RGB('',0.95686274766922,0.850980401039124,0.447058826684952);
#2611=CARTESIAN_POINT('',(10.2608543296461,129.975892818245,5.0));
#2612=AXIS2_PLACEMENT_3D('',#3025,#3026,#3027);
#2613=CARTESIAN_POINT('',(10.26085433073,129.9758928188,6.0));
#2614=VECTOR('',#3028,0.001);
#2615=COLOUR_RGB('',0.95686274766922,0.850980401039124,0.447058826684952);
#2616=CARTESIAN_POINT('',(20.9967993956703,141.913936981601,5.0));
#2617=AXIS2_PLACEMENT_3D('',#3029,#3030,#3031);
#2618=CARTESIAN_POINT('',(20.99679939567,141.9139369816,6.0));
#2619=VECTOR('',#3032,0.001);
#2620=COLOUR_RGB('',0.95686274766922,0.850980401039124,0.447058826684952);
#2621=CARTESIAN_POINT('',(24.6757971387346,142.040412346747,5.0));
#2622=AXIS2_PLACEMENT_3D('',#3033,#3034,#3035);
#2623=CARTESIAN_POINT('',(24.67579713871,142.0404123468,6.0));
#2624=VECTOR('',#3036,0.001);
#2625=COLOUR_RGB('',0.95686274766922,0.850980401039124,0.447058826684952);
#2626=CARTESIAN_POINT('',(83.59374144166,15.69047304696,5.0));
#2627=CARTESIAN_POINT('',(54.9911474900679,77.0289337206542,5.0));
#2628=VECTOR('',#3037,1.0);
#2629=CARTESIAN_POINT('',(83.59374144166,15.69047304696,6.0));
#2630=VECTOR('',#3038,0.001);
#2631=COLOUR_RGB('',0.95686274766922,0.850980401039124,0.447058826684952);
#2632=AXIS2_PLACEMENT_3D('',#3039,#3040,#3041);
#2633=COLOUR_RGB('',0.95686274766922,0.850980401039124,0.447058826684952);
#2634=CARTESIAN_POINT('',(-64.50547197545,10.0,5.0));
#2635=CARTESIAN_POINT('',(-64.50547197545,10.0,25.0));
#2636=VECTOR('',#3042,0.001);
#2637=CARTESIAN_POINT('',(-79.96851029352,10.0,5.0));
#2638=CARTESIAN_POINT('',(-81.546535031735,10.0,5.0));
#2639=VECTOR('',#3043,1.0);
#2640=CARTESIAN_POINT('',(-79.96851029352,10.0,6.0));
#2641=VECTOR('',#3044,0.001);
#2642=COLOUR_RGB('',0.95686274766922,0.850980401039124,0.447058826684952);
#2643=CARTESIAN_POINT('',(-83.59374144166,15.69047304696,5.0));
#2644=AXIS2_PLACEMENT_3D('',#3045,#3046,#3047);
#2645=CARTESIAN_POINT('',(-83.59374144166,15.69047304696,6.0));
#2646=VECTOR('',#3048,0.001);
#2647=COLOUR_RGB('',0.95686274766922,0.850980401039124,0.447058826684952);
#2648=CARTESIAN_POINT('',(-24.67579713824,142.0404123478,5.0));
#2649=CARTESIAN_POINT('',(-54.9911476166453,77.0289334492083,5.0));
#2650=VECTOR('',#3049,1.0);
#2651=CARTESIAN_POINT('',(-24.67579713824,142.0404123478,6.0));
#2652=VECTOR('',#3050,0.001);
#2653=COLOUR_RGB('',0.95686274766922,0.850980401039124,0.447058826684952);
#2654=CARTESIAN_POINT('',(-20.99679939567,141.9139369816,5.0));
#2655=AXIS2_PLACEMENT_3D('',#3051,#3052,#3053);
#2656=CARTESIAN_POINT('',(-20.99679939567,141.9139369816,6.0));
#2657=VECTOR('',#3054,0.001);
#2658=COLOUR_RGB('',0.95686274766922,0.850980401039124,0.447058826684952);
#2659=CARTESIAN_POINT('',(-10.26085435132,129.9758928294,5.0));
#2660=AXIS2_PLACEMENT_3D('',#3055,#3056,#3057);
#2661=CARTESIAN_POINT('',(-10.26085435132,129.9758928294,6.0));
#2662=VECTOR('',#3058,0.001);
#2663=COLOUR_RGB('',0.95686274766922,0.850980401039124,0.447058826684952);
#2664=CARTESIAN_POINT('',(-8.459775087856,124.7255785076,5.0));
#2665=AXIS2_PLACEMENT_3D('',#3059,#3060,#3061);
#2666=CARTESIAN_POINT('',(-8.459775087856,124.7255785076,6.0));
#2667=VECTOR('',#3062,0.001);
#2668=COLOUR_RGB('',0.95686274766922,0.850980401039124,0.447058826684952);
#2669=CARTESIAN_POINT('',(-60.88024082731,12.30952695304,5.0));
#2670=CARTESIAN_POINT('',(-63.1175163737827,7.5116740605441,5.0));
#2671=VECTOR('',#3063,1.0);
#2672=CARTESIAN_POINT('',(-60.88024082731,12.30952695304,6.0));
#2673=VECTOR('',#3064,0.001);
#2674=COLOUR_RGB('',0.95686274766922,0.850980401039124,0.447058826684952);
#2675=AXIS2_PLACEMENT_3D('',#3065,#3066,#3067);
#2676=COLOUR_RGB('',0.95686274766922,0.850980401039124,0.447058826684952);
#2677=COLOUR_RGB('',0.95686274766922,0.850980401039124,0.447058826684952);
#2678=COLOUR_RGB('',0.95686274766922,0.850980401039124,0.447058826684952);
#2679=COLOUR_RGB('',0.95686274766922,0.850980401039124,0.447058826684952);
#2680=DIRECTION('',(0.0,-1.0,0.0));
#2681=DIRECTION('',(-1.0,0.0,0.0));
#2682=DIRECTION('',(-0.422618261740812,0.906307787036597,0.0));
#2683=CARTESIAN_POINT('',(6.905587213168E-14,116.8399242635,-25.0));
#2684=DIRECTION('',(0.0,-0.0,1.0));
#2685=DIRECTION('',(0.906347385355055,0.422533332484025,0.0));
#2686=DIRECTION('',(-0.422618261740812,-0.906307787036597,0.0));
#2687=DIRECTION('',(-1.0,0.0,0.0));
#2688=DIRECTION('',(0.0,1.0,0.0));
#2689=DIRECTION('',(1.0,0.0,0.0));
#2690=CARTESIAN_POINT('',(-96.05280227241,14.99989146035,-25.0));
#2691=DIRECTION('',(0.0,0.0,1.0));
#2692=DIRECTION('',(-1.38297773548851E-05,-0.999999999904369,0.0));
#2693=DIRECTION('',(0.422618261740812,0.906307787036597,0.0));
#2694=CARTESIAN_POINT('',(9.769962616701E-15,150.0003358476,-25.0));
#2695=DIRECTION('',(0.0,0.0,-1.0));
#2696=DIRECTION('',(-0.90631293248206,0.422607227122028,0.0));
#2697=DIRECTION('',(0.422618261740812,-0.906307787036597,0.0));
#2698=CARTESIAN_POINT('',(96.05280227241,14.99989146035,-25.0));
#2699=DIRECTION('',(0.0,0.0,1.0));
#2700=DIRECTION('',(-0.906313631666508,-0.422605727665237,0.0));
#2701=DIRECTION('',(1.0,0.0,0.0));
#2702=DIRECTION('',(1.0,0.0,0.0));
#2703=CARTESIAN_POINT('',(79.96921422174,13.99955154827,-25.0));
#2704=DIRECTION('',(0.0,0.0,1.0));
#2705=DIRECTION('',(-0.000176001784238345,-0.999999984511686,0.0));
#2706=DIRECTION('',(-0.422618261740812,0.906307787036597,-2.54836060074387E-17));
#2707=CARTESIAN_POINT('',(22.8631702849,141.1955039232,-25.0));
#2708=DIRECTION('',(2.37591870381218E-15,-8.92333823488413E-16,1.0));
#2709=DIRECTION('',(0.906371622632927,0.422481338860966,-1.77647090235986E-15));
#2710=CARTESIAN_POINT('',(0.006610904348705,149.9940547794,-25.0));
#2711=DIRECTION('',(0.0,0.0,-1.0));
#2712=DIRECTION('',(0.933241761490094,-0.359248959095036,0.0));
#2713=CARTESIAN_POINT('',(12.08471028088,126.4161530797,-25.0));
#2714=DIRECTION('',(0.0,0.0,1.0));
#2715=DIRECTION('',(-0.455989667624874,0.889985068986754,0.0));
#2716=DIRECTION('',(0.422618261740812,-0.906307787036597,0.0));
#2717=CARTESIAN_POINT('',(64.50541665755,13.99991316828,-25.0));
#2718=DIRECTION('',(0.0,0.0,1.0));
#2719=DIRECTION('',(-0.906313631666508,-0.422605727665237,0.0));
#2720=DIRECTION('',(1.0,0.0,0.0));
#2721=CARTESIAN_POINT('',(-64.50541665755,13.99991316828,-25.0));
#2722=DIRECTION('',(0.0,0.0,1.0));
#2723=DIRECTION('',(-1.38297773619851E-05,-0.999999999904368,0.0));
#2724=DIRECTION('',(0.422618261740812,0.906307787036597,0.0));
#2725=CARTESIAN_POINT('',(-12.08471028088,126.4161530797,-25.0));
#2726=DIRECTION('',(0.0,0.0,1.0));
#2727=DIRECTION('',(0.906284847963831,-0.422667451255921,0.0));
#2728=CARTESIAN_POINT('',(-0.006838059467044,149.9938504976,-25.0));
#2729=DIRECTION('',(-0.0,0.0,-1.0));
#2730=DIRECTION('',(-0.4559081330389,-0.890026839049804,0.0));
#2731=CARTESIAN_POINT('',(-22.8631702849,141.1955039232,-25.0));
#2732=DIRECTION('',(0.0,-0.0,1.0));
#2733=DIRECTION('',(0.933245366075201,0.359239595116078,0.0));
#2734=DIRECTION('',(-0.422618261740812,-0.906307787036597,0.0));
#2735=CARTESIAN_POINT('',(-79.96833803913,14.00010973815,-25.0));
#2736=DIRECTION('',(0.0,0.0,1.0));
#2737=DIRECTION('',(-0.90632598515918,0.422579233547084,0.0));
#2738=CARTESIAN_POINT('',(2.93098878501E-14,150.0001092198,-25.0));
#2739=DIRECTION('',(0.0,0.0,1.0));
#2740=DIRECTION('',(0.999999999973491,-7.28132109183358E-06,0.0));
#2741=CARTESIAN_POINT('',(2.708944180085E-14,149.9998907802,-25.0));
#2742=DIRECTION('',(0.0,0.0,1.0));
#2743=DIRECTION('',(-0.999999999973491,7.28132109562358E-06,0.0));
#2744=CARTESIAN_POINT('',(142.5003630603,0.0,-17.50036306032));
#2745=DIRECTION('',(-0.0,1.0,0.0));
#2746=DIRECTION('',(0.999999998828217,0.0,4.84103866520005E-05));
#2747=CARTESIAN_POINT('',(142.5002294272,10.0,-17.50022942715));
#2748=DIRECTION('',(1.83503528578258E-14,-1.0,-1.82383828110933E-14));
#2749=DIRECTION('',(-3.05912225304527E-05,1.82378214428316E-14,-0.999999999532089));
#2750=DIRECTION('',(0.0,-1.0,0.0));
#2751=DIRECTION('',(0.0,0.0,1.0));
#2752=CARTESIAN_POINT('',(142.5000135348,0.0,17.5000135348));
#2753=DIRECTION('',(0.0,-1.0,0.0));
#2754=DIRECTION('',(0.999999999998372,0.0,-1.80464269360567E-06));
#2755=DIRECTION('',(-1.0,-3.922451827678E-18,0.0));
#2756=DIRECTION('',(0.0,6.472045515668E-18,-1.0));
#2757=CARTESIAN_POINT('',(140.0,0.0,-14.00006753673));
#2758=DIRECTION('',(-0.0,1.0,0.0));
#2759=DIRECTION('',(0.999999999873738,0.0,1.58909951304658E-05));
#2760=CARTESIAN_POINT('',(140.0,0.0,-13.99993246327));
#2761=DIRECTION('',(0.0,1.0,0.0));
#2762=DIRECTION('',(-0.999999999873738,0.0,-1.58909951325558E-05));
#2763=CARTESIAN_POINT('',(115.0,0.0,-14.00006753673));
#2764=DIRECTION('',(-0.0,1.0,0.0));
#2765=DIRECTION('',(0.999999999873738,0.0,1.58909951313058E-05));
#2766=CARTESIAN_POINT('',(115.0,0.0,-13.99993246327));
#2767=DIRECTION('',(0.0,1.0,0.0));
#2768=DIRECTION('',(-0.999999999873738,0.0,-1.58909951333958E-05));
#2769=CARTESIAN_POINT('',(140.0,8.881784197001E-16,14.00006753673));
#2770=DIRECTION('',(0.0,1.0,0.0));
#2771=DIRECTION('',(-0.999999999873738,0.0,-1.58909951333958E-05));
#2772=CARTESIAN_POINT('',(140.0,8.881784197001E-16,13.99993246327));
#2773=DIRECTION('',(-0.0,1.0,0.0));
#2774=DIRECTION('',(0.999999999873738,0.0,1.58909951296358E-05));
#2775=CARTESIAN_POINT('',(115.0,8.881784197001E-16,14.00006753673));
#2776=DIRECTION('',(0.0,1.0,0.0));
#2777=DIRECTION('',(-0.999999999873738,0.0,-1.58909951321358E-05));
#2778=CARTESIAN_POINT('',(115.0,8.881784197001E-16,13.99993246327));
#2779=DIRECTION('',(-0.0,1.0,0.0));
#2780=DIRECTION('',(0.999999999873738,0.0,1.58909951317258E-05));
#2781=DIRECTION('',(-0.422618261740812,0.906307787036597,8.12051560782539E-17));
#2782=DIRECTION('',(0.0,-2.84217094304E-16,-1.0));
#2783=CARTESIAN_POINT('',(7.660538869914E-14,116.8394939863,25.0));
#2784=DIRECTION('',(-1.71147547807024E-16,3.67042155471792E-16,1.0));
#2785=DIRECTION('',(0.906314426398126,0.422604023292059,0.0));
#2786=DIRECTION('',(-5.329070518201E-17,0.0,-1.0));
#2787=DIRECTION('',(-0.422618261740812,-0.906307787036597,-2.7068385359418E-17));
#2788=DIRECTION('',(0.0,-2.777450487884E-16,-1.0));
#2789=CARTESIAN_POINT('',(-142.5004820327,-5.756510337041E-16,17.50048203273));
#2790=DIRECTION('',(-7.676056502152E-17,-1.0,3.36135949170722E-17));
#2791=DIRECTION('',(6.42751611467026E-05,3.36086610499518E-17,0.999999997934352));
#2792=DIRECTION('',(0.0,0.0,-1.0));
#2793=CARTESIAN_POINT('',(-142.5000135348,0.0,-17.5000135348));
#2794=DIRECTION('',(0.0,-1.0,0.0));
#2795=DIRECTION('',(-0.999999999998372,0.0,1.80464269265867E-06));
#2796=DIRECTION('',(-1.0,-1.722527844267E-16,0.0));
#2797=CARTESIAN_POINT('',(-140.0,8.881784197001E-16,-14.00006753673));
#2798=DIRECTION('',(-0.0,1.0,0.0));
#2799=DIRECTION('',(0.999999999873738,0.0,1.58909951313058E-05));
#2800=CARTESIAN_POINT('',(-140.0,8.881784197001E-16,-13.99993246327));
#2801=DIRECTION('',(0.0,1.0,0.0));
#2802=DIRECTION('',(-0.999999999873738,0.0,-1.58909951325558E-05));
#2803=CARTESIAN_POINT('',(-115.0,8.881784197001E-16,-14.00006753673));
#2804=DIRECTION('',(-0.0,1.0,0.0));
#2805=DIRECTION('',(0.999999999873738,0.0,1.58909951308858E-05));
#2806=CARTESIAN_POINT('',(-115.0,8.881784197001E-16,-13.99993246327));
#2807=DIRECTION('',(0.0,1.0,0.0));
#2808=DIRECTION('',(-0.999999999873738,0.0,-1.58909951321358E-05));
#2809=CARTESIAN_POINT('',(-140.0,0.0,14.00006753673));
#2810=DIRECTION('',(0.0,1.0,0.0));
#2811=DIRECTION('',(-0.999999999873738,0.0,-1.58909951359058E-05));
#2812=CARTESIAN_POINT('',(-140.0,0.0,13.99993246327));
#2813=DIRECTION('',(-0.0,1.0,0.0));
#2814=DIRECTION('',(0.999999999873738,0.0,1.58909951296358E-05));
#2815=CARTESIAN_POINT('',(-115.0,0.0,14.00006753673));
#2816=DIRECTION('',(0.0,1.0,0.0));
#2817=DIRECTION('',(-0.999999999873738,0.0,-1.58909951354858E-05));
#2818=CARTESIAN_POINT('',(-115.0,0.0,13.99993246327));
#2819=DIRECTION('',(-0.0,1.0,0.0));
#2820=DIRECTION('',(0.999999999873738,0.0,1.58909951292158E-05));
#2821=CARTESIAN_POINT('',(-142.5002294272,10.0,-17.50022942715));
#2822=DIRECTION('',(-1.82383828110934E-14,-1.0,-1.83503528578258E-14));
#2823=DIRECTION('',(-0.999999999532089,1.82378214428316E-14,3.05912225323427E-05));
#2824=DIRECTION('',(0.0,1.0,0.0));
#2825=CARTESIAN_POINT('',(-142.5003501108,10.0,17.50035011085));
#2826=DIRECTION('',(1.82389718522429E-14,1.0,-1.83558894252714E-14));
#2827=DIRECTION('',(-0.999999998910319,1.82381149128958E-14,-4.66836257613549E-05));
#2828=DIRECTION('',(1.0,0.0,0.0));
#2829=DIRECTION('',(0.0,0.0,-1.0));
#2830=DIRECTION('',(0.0,0.0,1.0));
#2831=CARTESIAN_POINT('',(-140.0,10.0,-14.00004072615));
#2832=DIRECTION('',(-8.0457933458528E-21,-1.0,-8.396232199372E-16));
#2833=DIRECTION('',(-0.999999999954087,0.0,9.58262367503983E-06));
#2834=CARTESIAN_POINT('',(-140.0,10.0,-13.99995927385));
#2835=DIRECTION('',(8.04579334655472E-21,-1.0,8.396232199372E-16));
#2836=DIRECTION('',(0.999999999954087,0.0,-9.58262367587583E-06));
#2837=CARTESIAN_POINT('',(-115.0,10.0,-14.00004072615));
#2838=DIRECTION('',(-8.04579334620376E-21,-1.0,-8.396232199372E-16));
#2839=DIRECTION('',(-0.999999999954087,0.0,9.58262367545783E-06));
#2840=CARTESIAN_POINT('',(-115.0,10.0,-13.99995927385));
#2841=DIRECTION('',(8.04579334620376E-21,-1.0,8.396232199372E-16));
#2842=DIRECTION('',(0.999999999954087,0.0,-9.58262367545783E-06));
#2843=CARTESIAN_POINT('',(-140.0,10.0,14.00004072615));
#2844=DIRECTION('',(1.60915866924113E-20,-1.0,1.6792464398748E-15));
#2845=DIRECTION('',(0.999999999954087,0.0,-9.58262367545783E-06));
#2846=CARTESIAN_POINT('',(-140.0,10.0,13.99995927385));
#2847=DIRECTION('',(4.17954246424631E-16,-1.0,-1.25943883511926E-15));
#2848=DIRECTION('',(-0.999999999954087,-4.17966315133836E-16,9.58262367211383E-06));
#2849=CARTESIAN_POINT('',(-115.0,10.0,14.00004072615));
#2850=DIRECTION('',(1.60915866938152E-20,-1.0,1.6792464398748E-15));
#2851=DIRECTION('',(0.999999999954087,0.0,-9.58262367629383E-06));
#2852=CARTESIAN_POINT('',(-115.0,10.0,13.99995927385));
#2853=DIRECTION('',(4.17954246424628E-16,-1.0,-1.25943883511926E-15));
#2854=DIRECTION('',(-0.999999999954087,-4.17966315133836E-16,9.58262367462183E-06));
#2855=CARTESIAN_POINT('',(-96.0528040718,14.99989428482,25.0));
#2856=DIRECTION('',(-1.84790312149678E-15,1.42114040925696E-15,1.0));
#2857=DIRECTION('',(-1.34698839719838E-05,-0.999999999909281,1.4211155180874E-15));
#2858=DIRECTION('',(0.0,1.06581410364E-16,-1.0));
#2859=DIRECTION('',(0.422618261740812,0.906307787036597,-2.18031130386603E-17));
#2860=DIRECTION('',(-1.42108547152E-16,0.0,-1.0));
#2861=CARTESIAN_POINT('',(1.33226762955E-14,150.0000534011,25.0));
#2862=DIRECTION('',(1.93191491989339E-16,7.80434167597427E-17,-1.0));
#2863=DIRECTION('',(-0.906308605188013,0.422616507205006,-1.42108675437702E-16));
#2864=DIRECTION('',(0.0,0.0,-1.0));
#2865=DIRECTION('',(0.0,0.0,-1.0));
#2866=DIRECTION('',(0.422618261740812,-0.906307787036597,-8.72124521546412E-17));
#2867=CARTESIAN_POINT('',(96.0528040718,14.99989428482,25.0));
#2868=DIRECTION('',(3.1119497115438E-14,5.09576784904429E-14,1.0));
#2869=DIRECTION('',(-0.906313479573169,-0.422606053842079,4.97390431330593E-14));
#2870=DIRECTION('',(0.0,0.0,-1.0));
#2871=DIRECTION('',(1.0,0.0,7.648941468289E-17));
#2872=CARTESIAN_POINT('',(142.5003501108,10.0,17.50035011085));
#2873=DIRECTION('',(-1.83558894252714E-14,1.0,-1.8238971852243E-14));
#2874=DIRECTION('',(-4.66836257660949E-05,1.82381149128958E-14,0.999999998910319));
#2875=DIRECTION('',(0.0,0.0,-1.0));
#2876=CARTESIAN_POINT('',(140.0,10.0,-14.00004072615));
#2877=DIRECTION('',(-1.60915866910075E-20,-1.0,-1.6792464398748E-15));
#2878=DIRECTION('',(-0.999999999954087,0.0,9.58262367462183E-06));
#2879=CARTESIAN_POINT('',(140.0,10.0,-13.99995927385));
#2880=DIRECTION('',(-4.17954246424627E-16,-1.0,1.25943883511926E-15));
#2881=DIRECTION('',(0.999999999954087,-4.17966315133836E-16,-9.58262367545783E-06));
#2882=CARTESIAN_POINT('',(115.0,10.0,-14.00004072615));
#2883=DIRECTION('',(-1.60915866910075E-20,-1.0,-1.6792464398748E-15));
#2884=DIRECTION('',(-0.999999999954087,0.0,9.58262367462183E-06));
#2885=CARTESIAN_POINT('',(115.0,10.0,-13.99995927385));
#2886=DIRECTION('',(-4.17954246424627E-16,-1.0,1.25943883511926E-15));
#2887=DIRECTION('',(0.999999999954087,-4.17966315133836E-16,-9.58262367503983E-06));
#2888=CARTESIAN_POINT('',(140.0,10.0,14.00004072615));
#2889=DIRECTION('',(8.04579334725665E-21,-1.0,8.396232199372E-16));
#2890=DIRECTION('',(0.999999999954087,1.38293453031571E-36,-9.58262367671183E-06));
#2891=CARTESIAN_POINT('',(140.0,10.0,13.99995927385));
#2892=DIRECTION('',(-8.0457933458528E-21,-1.0,-8.396232199372E-16));
#2893=DIRECTION('',(-0.999999999954087,0.0,9.58262367503983E-06));
#2894=CARTESIAN_POINT('',(115.0,10.0,14.00004072615));
#2895=DIRECTION('',(8.0457933458528E-21,-1.0,8.396232199372E-16));
#2896=DIRECTION('',(0.999999999954087,0.0,-9.58262367503983E-06));
#2897=CARTESIAN_POINT('',(115.0,10.0,13.99995927385));
#2898=DIRECTION('',(-8.04579334479991E-21,-1.0,-8.396232199372E-16));
#2899=DIRECTION('',(-0.999999999954087,1.38293453031571E-36,9.58262367378583E-06));
#2900=DIRECTION('',(-1.495879443705E-15,0.0,1.0));
#2901=DIRECTION('',(-1.0,0.0,0.0));
#2902=DIRECTION('',(7.479397218527E-16,0.0,-1.0));
#2903=CARTESIAN_POINT('',(79.96851029352,14.0,-5.0));
#2904=DIRECTION('',(0.0,0.0,-1.0));
#2905=DIRECTION('',(0.906307787036597,0.422618261740812,0.0));
#2906=DIRECTION('',(-1.495879443705E-15,5.235578052969E-15,-1.0));
#2907=DIRECTION('',(-0.422618261740812,0.906307787036597,0.0));
#2908=DIRECTION('',(1.121909582779E-15,1.495879443705E-15,-1.0));
#2909=CARTESIAN_POINT('',(22.86318156417,141.1951758244,-5.0));
#2910=DIRECTION('',(0.0,0.0,-1.0));
#2911=DIRECTION('',(-0.933191084251936,0.359380578596975,0.0));
#2912=DIRECTION('',(0.0,0.0,-1.0));
#2913=CARTESIAN_POINT('',(0.0,150.0,-5.0));
#2914=DIRECTION('',(0.0,0.0,-1.0));
#2915=DIRECTION('',(0.933191084251936,-0.359380578596975,0.0));
#2916=DIRECTION('',(-4.861608192043E-15,-4.487638331116E-15,-1.0));
#2917=CARTESIAN_POINT('',(12.085006236,126.4160515546,-5.0));
#2918=DIRECTION('',(-0.0,0.0,-1.0));
#2919=DIRECTION('',(-0.906307787036597,-0.422618261740812,0.0));
#2920=DIRECTION('',(2.33731163079E-15,-2.991758887411E-15,-1.0));
#2921=DIRECTION('',(0.422618261740812,-0.906307787036597,0.0));
#2922=DIRECTION('',(3.739698609264E-16,-6.544472566211E-16,-1.0));
#2923=CARTESIAN_POINT('',(64.50547197545,14.0,-5.0));
#2924=DIRECTION('',(0.0,0.0,-1.0));
#2925=DIRECTION('',(7.289124377473E-15,-1.0,0.0));
#2926=DIRECTION('',(0.0,0.0,1.0));
#2927=DIRECTION('',(-1.0,0.0,0.0));
#2928=DIRECTION('',(0.0,0.0,-1.0));
#2929=CARTESIAN_POINT('',(-64.50547197545,14.0,-5.0));
#2930=DIRECTION('',(-0.0,0.0,-1.0));
#2931=DIRECTION('',(-1.836970198721E-16,-1.0,0.0));
#2932=DIRECTION('',(4.099917598404E-10,8.792298818829E-10,-1.0));
#2933=DIRECTION('',(0.422618261740812,0.906307787036597,-0.0));
#2934=DIRECTION('',(1.402386978474E-15,-2.243819165558E-15,-1.0));
#2935=CARTESIAN_POINT('',(-12.085006236,126.4160515546,-5.0));
#2936=DIRECTION('',(0.0,-0.0,-1.0));
#2937=DIRECTION('',(0.906307787036597,-0.422618261740812,0.0));
#2938=DIRECTION('',(-1.083852259405E-09,5.553916157384E-10,-1.0));
#2939=CARTESIAN_POINT('',(0.0,150.0,-5.0));
#2940=DIRECTION('',(-0.0,0.0,-1.0));
#2941=DIRECTION('',(-0.933191084251936,-0.359380578596975,0.0));
#2942=DIRECTION('',(2.645836766054E-13,-6.881045441045E-13,-1.0));
#2943=CARTESIAN_POINT('',(-22.86318156417,141.1951758244,-5.0));
#2944=DIRECTION('',(0.0,0.0,-1.0));
#2945=DIRECTION('',(0.933191084251936,0.359380578596975,0.0));
#2946=DIRECTION('',(2.459955046681E-11,5.275368446172E-11,-1.0));
#2947=DIRECTION('',(-0.422618261740812,-0.906307787036597,0.0));
#2948=DIRECTION('',(2.991758887411E-15,4.020176004958E-15,-1.0));
#2949=CARTESIAN_POINT('',(-79.96851029352,14.0,-5.0));
#2950=DIRECTION('',(-0.0,0.0,-1.0));
#2951=DIRECTION('',(-0.906307787036597,0.422618261740812,0.0));
#2952=DIRECTION('',(0.0,0.0,1.0));
#2953=CARTESIAN_POINT('',(2.797762022055E-14,149.9999512285,25.0));
#2954=DIRECTION('',(0.0,-0.0,1.0));
#2955=DIRECTION('',(0.999999999994714,3.25143009261407E-06,0.0));
#2956=DIRECTION('',(0.0,0.0,-1.0));
#2957=CARTESIAN_POINT('',(2.886579864025E-14,150.0000487715,25.0));
#2958=DIRECTION('',(0.0,0.0,1.0));
#2959=DIRECTION('',(-0.999999999994714,-3.25143009071907E-06,0.0));
#2960=DIRECTION('',(0.0,-1.0,0.0));
#2961=DIRECTION('',(0.0,-1.0,0.0));
#2962=DIRECTION('',(0.0,-1.0,0.0));
#2963=DIRECTION('',(-1.0,0.0,0.0));
#2964=CARTESIAN_POINT('',(64.50541665755,13.99991316828,25.0));
#2965=DIRECTION('',(0.0,0.0,-1.0));
#2966=DIRECTION('',(1.38297773371151E-05,-0.999999999904368,0.0));
#2967=DIRECTION('',(-0.422618261740812,0.906307787036597,0.0));
#2968=CARTESIAN_POINT('',(12.08471028088,126.4161530797,25.0));
#2969=DIRECTION('',(-0.0,0.0,-1.0));
#2970=DIRECTION('',(-0.906284847963831,-0.422667451255921,0.0));
#2971=CARTESIAN_POINT('',(0.006838059467353,149.9938504976,25.0));
#2972=DIRECTION('',(0.0,0.0,1.0));
#2973=DIRECTION('',(0.4559081330389,-0.890026839049804,0.0));
#2974=CARTESIAN_POINT('',(22.8631702849,141.1955039232,25.0));
#2975=DIRECTION('',(0.0,0.0,-1.0));
#2976=DIRECTION('',(-0.933245366075201,0.359239595116078,0.0));
#2977=DIRECTION('',(0.422618261740812,-0.906307787036597,0.0));
#2978=CARTESIAN_POINT('',(79.96833803913,14.00010973815,25.0));
#2979=DIRECTION('',(0.0,0.0,-1.0));
#2980=DIRECTION('',(0.90632598515918,0.422579233547084,0.0));
#2981=DIRECTION('',(-1.0,0.0,0.0));
#2982=CARTESIAN_POINT('',(-79.96921422174,13.99955154827,25.0));
#2983=DIRECTION('',(0.0,0.0,-1.0));
#2984=DIRECTION('',(0.000176001784220545,-0.999999984511686,0.0));
#2985=DIRECTION('',(0.422618261740812,0.906307787036597,0.0));
#2986=CARTESIAN_POINT('',(-22.8631702849,141.1955039232,25.0));
#2987=DIRECTION('',(0.0,0.0,-1.0));
#2988=DIRECTION('',(-0.906371622632927,0.422481338860966,0.0));
#2989=CARTESIAN_POINT('',(-0.006610904348143,149.9940547794,25.0));
#2990=DIRECTION('',(0.0,0.0,1.0));
#2991=DIRECTION('',(-0.933241761490094,-0.359248959095036,0.0));
#2992=CARTESIAN_POINT('',(-12.08471028088,126.4161530797,25.0));
#2993=DIRECTION('',(0.0,0.0,-1.0));
#2994=DIRECTION('',(0.455989667624874,0.889985068986754,0.0));
#2995=DIRECTION('',(-0.422618261740812,-0.906307787036597,0.0));
#2996=CARTESIAN_POINT('',(-64.50541665755,13.99991316828,25.0));
#2997=DIRECTION('',(0.0,0.0,-1.0));
#2998=DIRECTION('',(0.906313631666508,-0.422605727665237,0.0));
#2999=DIRECTION('',(0.0,1.0,-1.7763568394E-16));
#3000=DIRECTION('',(0.0,-1.0,0.0));
#3001=DIRECTION('',(0.0,1.0,-1.7763568394E-16));
#3002=DIRECTION('',(0.0,-1.0,0.0));
#3003=DIRECTION('',(0.0,-1.0,1.7763568394E-16));
#3004=DIRECTION('',(0.0,1.0,0.0));
#3005=DIRECTION('',(0.0,-1.0,1.7763568394E-16));
#3006=DIRECTION('',(0.0,1.0,0.0));
#3007=DIRECTION('',(0.0,-1.0,0.0));
#3008=DIRECTION('',(0.0,-1.0,-1.7763568394E-16));
#3009=DIRECTION('',(0.0,1.0,0.0));
#3010=DIRECTION('',(0.0,-1.0,-1.7763568394E-16));
#3011=DIRECTION('',(0.0,1.0,0.0));
#3012=DIRECTION('',(0.0,1.0,1.7763568394E-16));
#3013=DIRECTION('',(0.0,-1.0,0.0));
#3014=DIRECTION('',(0.0,1.0,1.7763568394E-16));
#3015=DIRECTION('',(0.0,-1.0,0.0));
#3016=DIRECTION('',(-1.495879443705E-15,0.0,-1.0));
#3017=DIRECTION('',(1.0,0.0,0.0));
#3018=DIRECTION('',(7.479397218527E-16,0.0,1.0));
#3019=CARTESIAN_POINT('',(64.50547197545,14.0,5.0));
#3020=DIRECTION('',(0.0,0.0,1.0));
#3021=DIRECTION('',(3.736410698673E-15,-1.0,0.0));
#3022=DIRECTION('',(-4.099913858705E-10,8.792298818829E-10,1.0));
#3023=DIRECTION('',(-0.422618261740812,0.906307787036597,0.0));
#3024=DIRECTION('',(2.804773956948E-15,-2.243819165558E-15,1.0));
#3025=CARTESIAN_POINT('',(12.085006236,126.4160515546,5.0));
#3026=DIRECTION('',(0.0,0.0,1.0));
#3027=DIRECTION('',(-0.906307787036597,-0.422618261740812,0.0));
#3028=DIRECTION('',(1.083854596716E-09,5.553916157384E-10,1.0));
#3029=CARTESIAN_POINT('',(0.0,150.0,5.0));
#3030=DIRECTION('',(0.0,0.0,1.0));
#3031=DIRECTION('',(0.933191084251936,-0.359380578596975,0.0));
#3032=DIRECTION('',(-2.649576464663E-13,-6.881045441045E-13,1.0));
#3033=CARTESIAN_POINT('',(22.86318156417,141.1951758244,5.0));
#3034=DIRECTION('',(0.0,0.0,1.0));
#3035=DIRECTION('',(-0.933191084251936,0.359380578596975,0.0));
#3036=DIRECTION('',(-2.45976806175E-11,5.275368446172E-11,1.0));
#3037=DIRECTION('',(0.422618261740812,-0.906307787036597,0.0));
#3038=DIRECTION('',(-1.495879443705E-15,3.552713678801E-15,1.0));
#3039=CARTESIAN_POINT('',(79.96851029352,14.0,5.0));
#3040=DIRECTION('',(0.0,-0.0,1.0));
#3041=DIRECTION('',(0.906307787036597,0.422618261740812,0.0));
#3042=DIRECTION('',(0.0,0.0,-1.0));
#3043=DIRECTION('',(-1.0,0.0,0.0));
#3044=DIRECTION('',(0.0,0.0,1.0));
#3045=CARTESIAN_POINT('',(-79.96851029352,14.0,5.0));
#3046=DIRECTION('',(0.0,0.0,1.0));
#3047=DIRECTION('',(-0.906307787036597,0.422618261740812,0.0));
#3048=DIRECTION('',(2.991758887411E-15,5.329070518201E-15,1.0));
#3049=DIRECTION('',(0.422618261740812,0.906307787036597,-0.0));
#3050=DIRECTION('',(7.479397218527E-16,1.495879443705E-15,1.0));
#3051=CARTESIAN_POINT('',(-22.86318156417,141.1951758244,5.0));
#3052=DIRECTION('',(0.0,-0.0,1.0));
#3053=DIRECTION('',(0.933191084251936,0.359380578596975,0.0));
#3054=DIRECTION('',(-3.739698609264E-16,0.0,1.0));
#3055=CARTESIAN_POINT('',(0.0,150.0,5.0));
#3056=DIRECTION('',(-0.0,0.0,-1.0));
#3057=DIRECTION('',(-0.933191084251936,-0.359380578596975,0.0));
#3058=DIRECTION('',(7.198919822833E-15,-4.487638331116E-15,1.0));
#3059=CARTESIAN_POINT('',(-12.085006236,126.4160515546,5.0));
#3060=DIRECTION('',(0.0,0.0,1.0));
#3061=DIRECTION('',(0.906307787036597,-0.422618261740812,0.0));
#3062=DIRECTION('',(1.121909582779E-15,-1.495879443705E-15,1.0));
#3063=DIRECTION('',(-0.422618261740812,-0.906307787036597,0.0));
#3064=DIRECTION('',(0.0,-6.544472566211E-16,1.0));
#3065=CARTESIAN_POINT('',(-64.50547197545,14.0,5.0));
#3066=DIRECTION('',(0.0,0.0,1.0));
#3067=DIRECTION('',(-1.836970198721E-16,-1.0,0.0));
ENDSEC;
END-ISO-10303-21;
