ISO-10303-21;
HEADER;
FILE_DESCRIPTION(('STEP AP214'),'1');
FILE_NAME('conrod-rm.stp','2024-06-05T10:09:44',(' '),(' '),'Spatial InterOp 3D',' ',' ');
FILE_SCHEMA(('AUTOMOTIVE_DESIGN { 1 0 10303 214 1 1 1 1 }'));
ENDSEC;
DATA;
#1=MECHANICAL_DESIGN_GEOMETRIC_PRESENTATION_REPRESENTATION(' ',(#10,#11,#12,#13,#14,#15,#16,#17,#18,#19,#20,#21,#22,#23,#24,#25,#26,#27,#28,#29,#30,#31,#32,#33,#34,#35,#36,#37,#38,#39,#40,#41,#42,#43,#44,#45,#46,#47,#48,#49,#50,#51,#52,#53,#54,#55,#56,#57,#58,#59,#60,#61,#62,#63,#64,#65,#66,#67,#68,#69,#70,#71,#72,#73,#74,#75,#76,#77,#78,#79,#80,#81,#82,#83,#84,#85,#86,#87,#88,#89,#90,#91,#92,#93,#94,#95,#96,#97,#98,#99,#100,#101,#102,#103,#104,#105,#106,#107,#108),#6);
#2=PRODUCT_DEFINITION_CONTEXT('',#109,'design');
#3=APPLICATION_PROTOCOL_DEFINITION('INTERNATIONAL STANDARD','automotive_design',1994,#109);
#4=PRODUCT_CATEGORY_RELATIONSHIP('NONE','NONE',#110,#111);
#5=SHAPE_DEFINITION_REPRESENTATION(#112,#113);
#6= (GEOMETRIC_REPRESENTATION_CONTEXT(3)GLOBAL_UNCERTAINTY_ASSIGNED_CONTEXT((#116))GLOBAL_UNIT_ASSIGNED_CONTEXT((#118,#119,#120))REPRESENTATION_CONTEXT('NONE','WORKSPACE'));
#10=STYLED_ITEM('',(#122),#123);
#11=STYLED_ITEM('',(#124),#125);
#12=STYLED_ITEM('',(#126),#127);
#13=STYLED_ITEM('',(#128),#129);
#14=STYLED_ITEM('',(#130),#131);
#15=STYLED_ITEM('',(#132),#133);
#16=STYLED_ITEM('',(#134),#135);
#17=STYLED_ITEM('',(#136),#137);
#18=STYLED_ITEM('',(#138),#139);
#19=STYLED_ITEM('',(#140),#141);
#20=STYLED_ITEM('',(#142),#143);
#21=STYLED_ITEM('',(#144),#145);
#22=STYLED_ITEM('',(#146),#147);
#23=STYLED_ITEM('',(#148),#149);
#24=STYLED_ITEM('',(#150),#151);
#25=STYLED_ITEM('',(#152),#153);
#26=STYLED_ITEM('',(#154),#155);
#27=STYLED_ITEM('',(#156),#157);
#28=STYLED_ITEM('',(#158),#159);
#29=STYLED_ITEM('',(#160),#161);
#30=STYLED_ITEM('',(#162),#163);
#31=STYLED_ITEM('',(#164),#165);
#32=STYLED_ITEM('',(#166),#167);
#33=STYLED_ITEM('',(#168),#169);
#34=STYLED_ITEM('',(#170),#171);
#35=STYLED_ITEM('',(#172),#173);
#36=STYLED_ITEM('',(#174),#175);
#37=STYLED_ITEM('',(#176),#177);
#38=STYLED_ITEM('',(#178),#179);
#39=STYLED_ITEM('',(#180),#181);
#40=STYLED_ITEM('',(#182),#183);
#41=STYLED_ITEM('',(#184),#185);
#42=STYLED_ITEM('',(#186),#187);
#43=STYLED_ITEM('',(#188),#189);
#44=STYLED_ITEM('',(#190),#191);
#45=STYLED_ITEM('',(#192),#193);
#46=STYLED_ITEM('',(#194),#195);
#47=STYLED_ITEM('',(#196),#197);
#48=STYLED_ITEM('',(#198),#199);
#49=STYLED_ITEM('',(#200),#201);
#50=STYLED_ITEM('',(#202),#203);
#51=STYLED_ITEM('',(#204),#205);
#52=STYLED_ITEM('',(#206),#207);
#53=STYLED_ITEM('',(#208),#209);
#54=STYLED_ITEM('',(#210),#211);
#55=STYLED_ITEM('',(#212),#213);
#56=STYLED_ITEM('',(#214),#215);
#57=STYLED_ITEM('',(#216),#217);
#58=STYLED_ITEM('',(#218),#219);
#59=STYLED_ITEM('',(#220),#221);
#60=STYLED_ITEM('',(#222),#223);
#61=STYLED_ITEM('',(#224),#225);
#62=STYLED_ITEM('',(#226),#227);
#63=STYLED_ITEM('',(#228),#229);
#64=STYLED_ITEM('',(#230),#231);
#65=STYLED_ITEM('',(#232),#233);
#66=STYLED_ITEM('',(#234),#235);
#67=STYLED_ITEM('',(#236),#237);
#68=STYLED_ITEM('',(#238),#239);
#69=STYLED_ITEM('',(#240),#241);
#70=STYLED_ITEM('',(#242),#243);
#71=STYLED_ITEM('',(#244),#245);
#72=STYLED_ITEM('',(#246),#247);
#73=STYLED_ITEM('',(#248),#249);
#74=STYLED_ITEM('',(#250),#251);
#75=STYLED_ITEM('',(#252),#253);
#76=STYLED_ITEM('',(#254),#255);
#77=STYLED_ITEM('',(#256),#257);
#78=STYLED_ITEM('',(#258),#259);
#79=STYLED_ITEM('',(#260),#261);
#80=STYLED_ITEM('',(#262),#263);
#81=STYLED_ITEM('',(#264),#265);
#82=STYLED_ITEM('',(#266),#267);
#83=STYLED_ITEM('',(#268),#269);
#84=STYLED_ITEM('',(#270),#271);
#85=STYLED_ITEM('',(#272),#273);
#86=STYLED_ITEM('',(#274),#275);
#87=STYLED_ITEM('',(#276),#277);
#88=STYLED_ITEM('',(#278),#279);
#89=STYLED_ITEM('',(#280),#281);
#90=STYLED_ITEM('',(#282),#283);
#91=STYLED_ITEM('',(#284),#285);
#92=STYLED_ITEM('',(#286),#287);
#93=STYLED_ITEM('',(#288),#289);
#94=STYLED_ITEM('',(#290),#291);
#95=STYLED_ITEM('',(#292),#293);
#96=STYLED_ITEM('',(#294),#295);
#97=STYLED_ITEM('',(#296),#297);
#98=STYLED_ITEM('',(#298),#299);
#99=STYLED_ITEM('',(#300),#301);
#100=STYLED_ITEM('',(#302),#303);
#101=STYLED_ITEM('',(#304),#305);
#102=STYLED_ITEM('',(#306),#307);
#103=STYLED_ITEM('',(#308),#309);
#104=STYLED_ITEM('',(#310),#311);
#105=STYLED_ITEM('',(#312),#313);
#106=STYLED_ITEM('',(#314),#315);
#107=STYLED_ITEM('',(#316),#317);
#108=STYLED_ITEM('',(#318),#319);
#109=APPLICATION_CONTEXT(' ');
#110=PRODUCT_CATEGORY('part','NONE');
#111=PRODUCT_RELATED_PRODUCT_CATEGORY('detail',' ',(#320));
#112=PRODUCT_DEFINITION_SHAPE('NONE','NONE',#321);
#113=ADVANCED_BREP_SHAPE_REPRESENTATION('Model',(#322,#323),#6);
#116=UNCERTAINTY_MEASURE_WITH_UNIT(LENGTH_MEASURE(0.001),#118,'','');
#118= (CONVERSION_BASED_UNIT('MILLIMETRE',#326)LENGTH_UNIT()NAMED_UNIT(#329));
#119= (NAMED_UNIT(#331)PLANE_ANGLE_UNIT()SI_UNIT($,.RADIAN.));
#120= (NAMED_UNIT(#331)SOLID_ANGLE_UNIT()SI_UNIT($,.STERADIAN.));
#122=PRESENTATION_STYLE_ASSIGNMENT((#337));
#123=ADVANCED_FACE('',(#338),#339,.F.);
#124=PRESENTATION_STYLE_ASSIGNMENT((#340));
#125=ADVANCED_FACE('',(#341,#342),#343,.T.);
#126=PRESENTATION_STYLE_ASSIGNMENT((#344));
#127=ADVANCED_FACE('',(#345),#346,.F.);
#128=PRESENTATION_STYLE_ASSIGNMENT((#347));
#129=ADVANCED_FACE('',(#348,#349,#350,#351,#352,#353,#354,#355),#356,.T.);
#130=PRESENTATION_STYLE_ASSIGNMENT((#357));
#131=ADVANCED_FACE('',(#358),#359,.T.);
#132=PRESENTATION_STYLE_ASSIGNMENT((#360));
#133=ADVANCED_FACE('',(#361),#362,.F.);
#134=PRESENTATION_STYLE_ASSIGNMENT((#363));
#135=ADVANCED_FACE('',(#364),#365,.T.);
#136=PRESENTATION_STYLE_ASSIGNMENT((#366));
#137=ADVANCED_FACE('',(#367),#368,.T.);
#138=PRESENTATION_STYLE_ASSIGNMENT((#369));
#139=ADVANCED_FACE('',(#370),#371,.T.);
#140=PRESENTATION_STYLE_ASSIGNMENT((#372));
#141=ADVANCED_FACE('',(#373),#374,.F.);
#142=PRESENTATION_STYLE_ASSIGNMENT((#375));
#143=ADVANCED_FACE('',(#376),#377,.T.);
#144=PRESENTATION_STYLE_ASSIGNMENT((#378));
#145=ADVANCED_FACE('',(#379),#380,.F.);
#146=PRESENTATION_STYLE_ASSIGNMENT((#381));
#147=ADVANCED_FACE('',(#382),#383,.F.);
#148=PRESENTATION_STYLE_ASSIGNMENT((#384));
#149=ADVANCED_FACE('',(#385),#386,.F.);
#150=PRESENTATION_STYLE_ASSIGNMENT((#387));
#151=ADVANCED_FACE('',(#388),#389,.T.);
#152=PRESENTATION_STYLE_ASSIGNMENT((#390));
#153=ADVANCED_FACE('',(#391),#392,.T.);
#154=PRESENTATION_STYLE_ASSIGNMENT((#393));
#155=ADVANCED_FACE('',(#394),#395,.T.);
#156=PRESENTATION_STYLE_ASSIGNMENT((#396));
#157=ADVANCED_FACE('',(#397),#398,.F.);
#158=PRESENTATION_STYLE_ASSIGNMENT((#399));
#159=ADVANCED_FACE('',(#400),#401,.T.);
#160=PRESENTATION_STYLE_ASSIGNMENT((#402));
#161=ADVANCED_FACE('',(#403),#404,.F.);
#162=PRESENTATION_STYLE_ASSIGNMENT((#405));
#163=ADVANCED_FACE('',(#406),#407,.T.);
#164=PRESENTATION_STYLE_ASSIGNMENT((#408));
#165=ADVANCED_FACE('',(#409),#410,.F.);
#166=PRESENTATION_STYLE_ASSIGNMENT((#411));
#167=ADVANCED_FACE('',(#412),#413,.T.);
#168=PRESENTATION_STYLE_ASSIGNMENT((#414));
#169=ADVANCED_FACE('',(#415),#416,.F.);
#170=PRESENTATION_STYLE_ASSIGNMENT((#417));
#171=ADVANCED_FACE('',(#418),#419,.T.);
#172=PRESENTATION_STYLE_ASSIGNMENT((#420));
#173=ADVANCED_FACE('',(#421),#422,.T.);
#174=PRESENTATION_STYLE_ASSIGNMENT((#423));
#175=ADVANCED_FACE('',(#424),#425,.T.);
#176=PRESENTATION_STYLE_ASSIGNMENT((#426));
#177=ADVANCED_FACE('',(#427),#428,.F.);
#178=PRESENTATION_STYLE_ASSIGNMENT((#429));
#179=ADVANCED_FACE('',(#430),#431,.T.);
#180=PRESENTATION_STYLE_ASSIGNMENT((#432));
#181=ADVANCED_FACE('',(#433),#434,.F.);
#182=PRESENTATION_STYLE_ASSIGNMENT((#435));
#183=ADVANCED_FACE('',(#436),#437,.T.);
#184=PRESENTATION_STYLE_ASSIGNMENT((#438));
#185=ADVANCED_FACE('',(#439),#440,.T.);
#186=PRESENTATION_STYLE_ASSIGNMENT((#441));
#187=ADVANCED_FACE('',(#442),#443,.T.);
#188=PRESENTATION_STYLE_ASSIGNMENT((#444));
#189=ADVANCED_FACE('',(#445),#446,.F.);
#190=PRESENTATION_STYLE_ASSIGNMENT((#447));
#191=ADVANCED_FACE('',(#448),#449,.F.);
#192=PRESENTATION_STYLE_ASSIGNMENT((#450));
#193=ADVANCED_FACE('',(#451),#452,.F.);
#194=PRESENTATION_STYLE_ASSIGNMENT((#453));
#195=ADVANCED_FACE('',(#454),#455,.F.);
#196=PRESENTATION_STYLE_ASSIGNMENT((#456));
#197=ADVANCED_FACE('',(#457),#458,.F.);
#198=PRESENTATION_STYLE_ASSIGNMENT((#459));
#199=ADVANCED_FACE('',(#460),#461,.F.);
#200=PRESENTATION_STYLE_ASSIGNMENT((#462));
#201=ADVANCED_FACE('',(#463),#464,.F.);
#202=PRESENTATION_STYLE_ASSIGNMENT((#465));
#203=ADVANCED_FACE('',(#466),#467,.F.);
#204=PRESENTATION_STYLE_ASSIGNMENT((#468));
#205=ADVANCED_FACE('',(#469),#470,.F.);
#206=PRESENTATION_STYLE_ASSIGNMENT((#471));
#207=ADVANCED_FACE('',(#472),#473,.F.);
#208=PRESENTATION_STYLE_ASSIGNMENT((#474));
#209=ADVANCED_FACE('',(#475),#476,.F.);
#210=PRESENTATION_STYLE_ASSIGNMENT((#477));
#211=ADVANCED_FACE('',(#478),#479,.F.);
#212=PRESENTATION_STYLE_ASSIGNMENT((#480));
#213=ADVANCED_FACE('',(#481),#482,.F.);
#214=PRESENTATION_STYLE_ASSIGNMENT((#483));
#215=ADVANCED_FACE('',(#484),#485,.F.);
#216=PRESENTATION_STYLE_ASSIGNMENT((#486));
#217=ADVANCED_FACE('',(#487,#488),#489,.T.);
#218=PRESENTATION_STYLE_ASSIGNMENT((#490));
#219=ADVANCED_FACE('',(#491),#492,.F.);
#220=PRESENTATION_STYLE_ASSIGNMENT((#493));
#221=ADVANCED_FACE('',(#494,#495),#496,.T.);
#222=PRESENTATION_STYLE_ASSIGNMENT((#497));
#223=ADVANCED_FACE('',(#498),#499,.F.);
#224=PRESENTATION_STYLE_ASSIGNMENT((#500));
#225=ADVANCED_FACE('',(#501,#502,#503,#504,#505,#506,#507,#508),#509,.T.);
#226=PRESENTATION_STYLE_ASSIGNMENT((#510));
#227=ADVANCED_FACE('',(#511),#512,.F.);
#228=PRESENTATION_STYLE_ASSIGNMENT((#513));
#229=ADVANCED_FACE('',(#514,#515),#516,.T.);
#230=PRESENTATION_STYLE_ASSIGNMENT((#517));
#231=ADVANCED_FACE('',(#518),#519,.F.);
#232=PRESENTATION_STYLE_ASSIGNMENT((#520));
#233=ADVANCED_FACE('',(#521),#522,.F.);
#234=PRESENTATION_STYLE_ASSIGNMENT((#523));
#235=ADVANCED_FACE('',(#524,#525),#526,.T.);
#236=PRESENTATION_STYLE_ASSIGNMENT((#527));
#237=ADVANCED_FACE('',(#528),#529,.F.);
#238=PRESENTATION_STYLE_ASSIGNMENT((#530));
#239=ADVANCED_FACE('',(#531,#532),#533,.T.);
#240=PRESENTATION_STYLE_ASSIGNMENT((#534));
#241=ADVANCED_FACE('',(#535),#536,.F.);
#242=PRESENTATION_STYLE_ASSIGNMENT((#537));
#243=ADVANCED_FACE('',(#538),#539,.T.);
#244=PRESENTATION_STYLE_ASSIGNMENT((#540));
#245=ADVANCED_FACE('',(#541),#542,.T.);
#246=PRESENTATION_STYLE_ASSIGNMENT((#543));
#247=ADVANCED_FACE('',(#544),#545,.T.);
#248=PRESENTATION_STYLE_ASSIGNMENT((#546));
#249=ADVANCED_FACE('',(#547),#548,.F.);
#250=PRESENTATION_STYLE_ASSIGNMENT((#549));
#251=ADVANCED_FACE('',(#550,#551),#552,.T.);
#252=PRESENTATION_STYLE_ASSIGNMENT((#553));
#253=ADVANCED_FACE('',(#554),#555,.F.);
#254=PRESENTATION_STYLE_ASSIGNMENT((#556));
#255=ADVANCED_FACE('',(#557,#558),#559,.T.);
#256=PRESENTATION_STYLE_ASSIGNMENT((#560));
#257=ADVANCED_FACE('',(#561),#562,.F.);
#258=PRESENTATION_STYLE_ASSIGNMENT((#563));
#259=ADVANCED_FACE('',(#564),#565,.F.);
#260=PRESENTATION_STYLE_ASSIGNMENT((#566));
#261=ADVANCED_FACE('',(#567),#568,.T.);
#262=PRESENTATION_STYLE_ASSIGNMENT((#569));
#263=ADVANCED_FACE('',(#570),#571,.T.);
#264=PRESENTATION_STYLE_ASSIGNMENT((#572));
#265=ADVANCED_FACE('',(#573),#574,.T.);
#266=PRESENTATION_STYLE_ASSIGNMENT((#575));
#267=ADVANCED_FACE('',(#576),#577,.F.);
#268=PRESENTATION_STYLE_ASSIGNMENT((#578));
#269=ADVANCED_FACE('',(#579),#580,.F.);
#270=PRESENTATION_STYLE_ASSIGNMENT((#581));
#271=ADVANCED_FACE('',(#582),#583,.F.);
#272=PRESENTATION_STYLE_ASSIGNMENT((#584));
#273=ADVANCED_FACE('',(#585),#586,.T.);
#274=PRESENTATION_STYLE_ASSIGNMENT((#587));
#275=ADVANCED_FACE('',(#588),#589,.T.);
#276=PRESENTATION_STYLE_ASSIGNMENT((#590));
#277=ADVANCED_FACE('',(#591),#592,.T.);
#278=PRESENTATION_STYLE_ASSIGNMENT((#593));
#279=ADVANCED_FACE('',(#594),#595,.F.);
#280=PRESENTATION_STYLE_ASSIGNMENT((#596));
#281=ADVANCED_FACE('',(#597),#598,.T.);
#282=PRESENTATION_STYLE_ASSIGNMENT((#599));
#283=ADVANCED_FACE('',(#600),#601,.T.);
#284=PRESENTATION_STYLE_ASSIGNMENT((#602));
#285=ADVANCED_FACE('',(#603),#604,.T.);
#286=PRESENTATION_STYLE_ASSIGNMENT((#605));
#287=ADVANCED_FACE('',(#606),#607,.T.);
#288=PRESENTATION_STYLE_ASSIGNMENT((#608));
#289=ADVANCED_FACE('',(#609),#610,.T.);
#290=PRESENTATION_STYLE_ASSIGNMENT((#611));
#291=ADVANCED_FACE('',(#612),#613,.T.);
#292=PRESENTATION_STYLE_ASSIGNMENT((#614));
#293=ADVANCED_FACE('',(#615),#616,.F.);
#294=PRESENTATION_STYLE_ASSIGNMENT((#617));
#295=ADVANCED_FACE('',(#618),#619,.F.);
#296=PRESENTATION_STYLE_ASSIGNMENT((#620));
#297=ADVANCED_FACE('',(#621),#622,.F.);
#298=PRESENTATION_STYLE_ASSIGNMENT((#623));
#299=ADVANCED_FACE('',(#624),#625,.F.);
#300=PRESENTATION_STYLE_ASSIGNMENT((#626));
#301=ADVANCED_FACE('',(#627),#628,.F.);
#302=PRESENTATION_STYLE_ASSIGNMENT((#629));
#303=ADVANCED_FACE('',(#630),#631,.F.);
#304=PRESENTATION_STYLE_ASSIGNMENT((#632));
#305=ADVANCED_FACE('',(#633),#634,.T.);
#306=PRESENTATION_STYLE_ASSIGNMENT((#635));
#307=ADVANCED_FACE('',(#636),#637,.T.);
#308=PRESENTATION_STYLE_ASSIGNMENT((#638));
#309=ADVANCED_FACE('',(#639),#640,.T.);
#310=PRESENTATION_STYLE_ASSIGNMENT((#641));
#311=ADVANCED_FACE('',(#642),#643,.T.);
#312=PRESENTATION_STYLE_ASSIGNMENT((#644));
#313=ADVANCED_FACE('',(#645,#646),#647,.T.);
#314=PRESENTATION_STYLE_ASSIGNMENT((#648));
#315=ADVANCED_FACE('',(#649,#650),#651,.T.);
#316=PRESENTATION_STYLE_ASSIGNMENT((#652));
#317=ADVANCED_FACE('',(#653),#654,.F.);
#318=PRESENTATION_STYLE_ASSIGNMENT((#655));
#319=ADVANCED_FACE('',(#656),#657,.F.);
#320=PRODUCT('Model','Model','PART-Model-DESC',(#658));
#321=PRODUCT_DEFINITION('','NONE',#659,#2);
#322=MANIFOLD_SOLID_BREP('Model',#660);
#323=AXIS2_PLACEMENT_3D('',#661,#662,#663);
#326=LENGTH_MEASURE_WITH_UNIT(LENGTH_MEASURE(1.0),#664);
#329=DIMENSIONAL_EXPONENTS(1.0,0.0,0.0,0.0,0.0,0.0,0.0);
#331=DIMENSIONAL_EXPONENTS(0.0,0.0,0.0,0.0,0.0,0.0,0.0);
#337=SURFACE_STYLE_USAGE(.BOTH.,#665);
#338=FACE_OUTER_BOUND('',#666,.T.);
#339=CYLINDRICAL_SURFACE('',#667,6.0);
#340=SURFACE_STYLE_USAGE(.BOTH.,#668);
#341=FACE_OUTER_BOUND('',#669,.T.);
#342=FACE_BOUND('',#670,.T.);
#343=PLANE('',#671);
#344=SURFACE_STYLE_USAGE(.BOTH.,#672);
#345=FACE_OUTER_BOUND('',#673,.T.);
#346=CYLINDRICAL_SURFACE('',#674,6.0);
#347=SURFACE_STYLE_USAGE(.BOTH.,#675);
#348=FACE_OUTER_BOUND('',#676,.T.);
#349=FACE_BOUND('',#677,.T.);
#350=FACE_BOUND('',#678,.T.);
#351=FACE_BOUND('',#679,.T.);
#352=FACE_BOUND('',#680,.T.);
#353=FACE_BOUND('',#681,.T.);
#354=FACE_BOUND('',#682,.T.);
#355=FACE_BOUND('',#683,.T.);
#356=PLANE('',#684);
#357=SURFACE_STYLE_USAGE(.BOTH.,#685);
#358=FACE_OUTER_BOUND('',#686,.T.);
#359=CYLINDRICAL_SURFACE('',#687,19.0);
#360=SURFACE_STYLE_USAGE(.BOTH.,#688);
#361=FACE_OUTER_BOUND('',#689,.T.);
#362=CYLINDRICAL_SURFACE('',#690,6.0);
#363=SURFACE_STYLE_USAGE(.BOTH.,#691);
#364=FACE_OUTER_BOUND('',#692,.T.);
#365=PLANE('',#693);
#366=SURFACE_STYLE_USAGE(.BOTH.,#694);
#367=FACE_OUTER_BOUND('',#695,.T.);
#368=CYLINDRICAL_SURFACE('',#696,6.0);
#369=SURFACE_STYLE_USAGE(.BOTH.,#697);
#370=FACE_OUTER_BOUND('',#698,.T.);
#371=PLANE('',#699);
#372=SURFACE_STYLE_USAGE(.BOTH.,#700);
#373=FACE_OUTER_BOUND('',#701,.T.);
#374=CYLINDRICAL_SURFACE('',#702,20.0);
#375=SURFACE_STYLE_USAGE(.BOTH.,#703);
#376=FACE_OUTER_BOUND('',#704,.T.);
#377=CYLINDRICAL_SURFACE('',#705,19.0);
#378=SURFACE_STYLE_USAGE(.BOTH.,#706);
#379=FACE_OUTER_BOUND('',#707,.T.);
#380=CYLINDRICAL_SURFACE('',#708,3.0);
#381=SURFACE_STYLE_USAGE(.BOTH.,#709);
#382=FACE_OUTER_BOUND('',#710,.T.);
#383=CYLINDRICAL_SURFACE('',#711,3.0);
#384=SURFACE_STYLE_USAGE(.BOTH.,#712);
#385=FACE_OUTER_BOUND('',#713,.T.);
#386=CYLINDRICAL_SURFACE('',#714,6.0);
#387=SURFACE_STYLE_USAGE(.BOTH.,#715);
#388=FACE_OUTER_BOUND('',#716,.T.);
#389=PLANE('',#717);
#390=SURFACE_STYLE_USAGE(.BOTH.,#718);
#391=FACE_OUTER_BOUND('',#719,.T.);
#392=CYLINDRICAL_SURFACE('',#720,6.0);
#393=SURFACE_STYLE_USAGE(.BOTH.,#721);
#394=FACE_OUTER_BOUND('',#722,.T.);
#395=PLANE('',#723);
#396=SURFACE_STYLE_USAGE(.BOTH.,#724);
#397=FACE_OUTER_BOUND('',#725,.T.);
#398=CYLINDRICAL_SURFACE('',#726,6.0);
#399=SURFACE_STYLE_USAGE(.BOTH.,#727);
#400=FACE_OUTER_BOUND('',#728,.T.);
#401=CYLINDRICAL_SURFACE('',#729,19.0);
#402=SURFACE_STYLE_USAGE(.BOTH.,#730);
#403=FACE_OUTER_BOUND('',#731,.T.);
#404=CYLINDRICAL_SURFACE('',#732,6.0);
#405=SURFACE_STYLE_USAGE(.BOTH.,#733);
#406=FACE_OUTER_BOUND('',#734,.T.);
#407=PLANE('',#735);
#408=SURFACE_STYLE_USAGE(.BOTH.,#736);
#409=FACE_OUTER_BOUND('',#737,.T.);
#410=CYLINDRICAL_SURFACE('',#738,6.0);
#411=SURFACE_STYLE_USAGE(.BOTH.,#739);
#412=FACE_OUTER_BOUND('',#740,.T.);
#413=CYLINDRICAL_SURFACE('',#741,19.0);
#414=SURFACE_STYLE_USAGE(.BOTH.,#742);
#415=FACE_OUTER_BOUND('',#743,.T.);
#416=CYLINDRICAL_SURFACE('',#744,6.0);
#417=SURFACE_STYLE_USAGE(.BOTH.,#745);
#418=FACE_OUTER_BOUND('',#746,.T.);
#419=PLANE('',#747);
#420=SURFACE_STYLE_USAGE(.BOTH.,#748);
#421=FACE_OUTER_BOUND('',#749,.T.);
#422=CYLINDRICAL_SURFACE('',#750,6.0);
#423=SURFACE_STYLE_USAGE(.BOTH.,#751);
#424=FACE_OUTER_BOUND('',#752,.T.);
#425=PLANE('',#753);
#426=SURFACE_STYLE_USAGE(.BOTH.,#754);
#427=FACE_OUTER_BOUND('',#755,.T.);
#428=CYLINDRICAL_SURFACE('',#756,6.0);
#429=SURFACE_STYLE_USAGE(.BOTH.,#757);
#430=FACE_OUTER_BOUND('',#758,.T.);
#431=CYLINDRICAL_SURFACE('',#759,19.0);
#432=SURFACE_STYLE_USAGE(.BOTH.,#760);
#433=FACE_OUTER_BOUND('',#761,.T.);
#434=CYLINDRICAL_SURFACE('',#762,6.0);
#435=SURFACE_STYLE_USAGE(.BOTH.,#763);
#436=FACE_OUTER_BOUND('',#764,.T.);
#437=PLANE('',#765);
#438=SURFACE_STYLE_USAGE(.BOTH.,#766);
#439=FACE_OUTER_BOUND('',#767,.T.);
#440=CYLINDRICAL_SURFACE('',#768,6.0);
#441=SURFACE_STYLE_USAGE(.BOTH.,#769);
#442=FACE_OUTER_BOUND('',#770,.T.);
#443=PLANE('',#771);
#444=SURFACE_STYLE_USAGE(.BOTH.,#772);
#445=FACE_OUTER_BOUND('',#773,.T.);
#446=CYLINDRICAL_SURFACE('',#774,6.0);
#447=SURFACE_STYLE_USAGE(.BOTH.,#775);
#448=FACE_OUTER_BOUND('',#776,.T.);
#449=CYLINDRICAL_SURFACE('',#777,6.0);
#450=SURFACE_STYLE_USAGE(.BOTH.,#778);
#451=FACE_OUTER_BOUND('',#779,.T.);
#452=CYLINDRICAL_SURFACE('',#780,1.65);
#453=SURFACE_STYLE_USAGE(.BOTH.,#781);
#454=FACE_OUTER_BOUND('',#782,.T.);
#455=CYLINDRICAL_SURFACE('',#783,1.65);
#456=SURFACE_STYLE_USAGE(.BOTH.,#784);
#457=FACE_OUTER_BOUND('',#785,.T.);
#458=CYLINDRICAL_SURFACE('',#786,1.65);
#459=SURFACE_STYLE_USAGE(.BOTH.,#787);
#460=FACE_OUTER_BOUND('',#788,.T.);
#461=CYLINDRICAL_SURFACE('',#789,1.65);
#462=SURFACE_STYLE_USAGE(.BOTH.,#790);
#463=FACE_OUTER_BOUND('',#791,.T.);
#464=CYLINDRICAL_SURFACE('',#792,9.5);
#465=SURFACE_STYLE_USAGE(.BOTH.,#793);
#466=FACE_OUTER_BOUND('',#794,.T.);
#467=CYLINDRICAL_SURFACE('',#795,9.5);
#468=SURFACE_STYLE_USAGE(.BOTH.,#796);
#469=FACE_OUTER_BOUND('',#797,.T.);
#470=CYLINDRICAL_SURFACE('',#798,3.0);
#471=SURFACE_STYLE_USAGE(.BOTH.,#799);
#472=FACE_OUTER_BOUND('',#800,.T.);
#473=CYLINDRICAL_SURFACE('',#801,3.0);
#474=SURFACE_STYLE_USAGE(.BOTH.,#802);
#475=FACE_OUTER_BOUND('',#803,.T.);
#476=CYLINDRICAL_SURFACE('',#804,3.0);
#477=SURFACE_STYLE_USAGE(.BOTH.,#805);
#478=FACE_OUTER_BOUND('',#806,.T.);
#479=CYLINDRICAL_SURFACE('',#807,3.0);
#480=SURFACE_STYLE_USAGE(.BOTH.,#808);
#481=FACE_OUTER_BOUND('',#809,.T.);
#482=CYLINDRICAL_SURFACE('',#810,3.0);
#483=SURFACE_STYLE_USAGE(.BOTH.,#811);
#484=FACE_OUTER_BOUND('',#812,.T.);
#485=CYLINDRICAL_SURFACE('',#813,3.0);
#486=SURFACE_STYLE_USAGE(.BOTH.,#814);
#487=FACE_OUTER_BOUND('',#815,.T.);
#488=FACE_BOUND('',#816,.T.);
#489=PLANE('',#817);
#490=SURFACE_STYLE_USAGE(.BOTH.,#818);
#491=FACE_OUTER_BOUND('',#819,.T.);
#492=CYLINDRICAL_SURFACE('',#820,20.0);
#493=SURFACE_STYLE_USAGE(.BOTH.,#821);
#494=FACE_OUTER_BOUND('',#822,.T.);
#495=FACE_BOUND('',#823,.T.);
#496=PLANE('',#824);
#497=SURFACE_STYLE_USAGE(.BOTH.,#825);
#498=FACE_OUTER_BOUND('',#826,.T.);
#499=CYLINDRICAL_SURFACE('',#827,6.0);
#500=SURFACE_STYLE_USAGE(.BOTH.,#828);
#501=FACE_OUTER_BOUND('',#829,.T.);
#502=FACE_BOUND('',#830,.T.);
#503=FACE_BOUND('',#831,.T.);
#504=FACE_BOUND('',#832,.T.);
#505=FACE_BOUND('',#833,.T.);
#506=FACE_BOUND('',#834,.T.);
#507=FACE_BOUND('',#835,.T.);
#508=FACE_BOUND('',#836,.T.);
#509=PLANE('',#837);
#510=SURFACE_STYLE_USAGE(.BOTH.,#838);
#511=FACE_OUTER_BOUND('',#839,.T.);
#512=CYLINDRICAL_SURFACE('',#840,6.0);
#513=SURFACE_STYLE_USAGE(.BOTH.,#841);
#514=FACE_OUTER_BOUND('',#842,.T.);
#515=FACE_BOUND('',#843,.T.);
#516=PLANE('',#844);
#517=SURFACE_STYLE_USAGE(.BOTH.,#845);
#518=FACE_OUTER_BOUND('',#846,.T.);
#519=CYLINDRICAL_SURFACE('',#847,6.0);
#520=SURFACE_STYLE_USAGE(.BOTH.,#848);
#521=FACE_OUTER_BOUND('',#849,.T.);
#522=CYLINDRICAL_SURFACE('',#850,6.0);
#523=SURFACE_STYLE_USAGE(.BOTH.,#851);
#524=FACE_OUTER_BOUND('',#852,.T.);
#525=FACE_BOUND('',#853,.T.);
#526=PLANE('',#854);
#527=SURFACE_STYLE_USAGE(.BOTH.,#855);
#528=FACE_OUTER_BOUND('',#856,.T.);
#529=CYLINDRICAL_SURFACE('',#857,20.0);
#530=SURFACE_STYLE_USAGE(.BOTH.,#858);
#531=FACE_OUTER_BOUND('',#859,.T.);
#532=FACE_BOUND('',#860,.T.);
#533=PLANE('',#861);
#534=SURFACE_STYLE_USAGE(.BOTH.,#862);
#535=FACE_OUTER_BOUND('',#863,.T.);
#536=CYLINDRICAL_SURFACE('',#864,6.0);
#537=SURFACE_STYLE_USAGE(.BOTH.,#865);
#538=FACE_OUTER_BOUND('',#866,.T.);
#539=PLANE('',#867);
#540=SURFACE_STYLE_USAGE(.BOTH.,#868);
#541=FACE_OUTER_BOUND('',#869,.T.);
#542=PLANE('',#870);
#543=SURFACE_STYLE_USAGE(.BOTH.,#871);
#544=FACE_OUTER_BOUND('',#872,.T.);
#545=PLANE('',#873);
#546=SURFACE_STYLE_USAGE(.BOTH.,#874);
#547=FACE_OUTER_BOUND('',#875,.T.);
#548=CYLINDRICAL_SURFACE('',#876,6.0);
#549=SURFACE_STYLE_USAGE(.BOTH.,#877);
#550=FACE_OUTER_BOUND('',#878,.T.);
#551=FACE_BOUND('',#879,.T.);
#552=PLANE('',#880);
#553=SURFACE_STYLE_USAGE(.BOTH.,#881);
#554=FACE_OUTER_BOUND('',#882,.T.);
#555=CYLINDRICAL_SURFACE('',#883,20.0);
#556=SURFACE_STYLE_USAGE(.BOTH.,#884);
#557=FACE_OUTER_BOUND('',#885,.T.);
#558=FACE_BOUND('',#886,.T.);
#559=PLANE('',#887);
#560=SURFACE_STYLE_USAGE(.BOTH.,#888);
#561=FACE_OUTER_BOUND('',#889,.T.);
#562=CYLINDRICAL_SURFACE('',#890,6.0);
#563=SURFACE_STYLE_USAGE(.BOTH.,#891);
#564=FACE_OUTER_BOUND('',#892,.T.);
#565=CYLINDRICAL_SURFACE('',#893,6.0);
#566=SURFACE_STYLE_USAGE(.BOTH.,#894);
#567=FACE_OUTER_BOUND('',#895,.T.);
#568=PLANE('',#896);
#569=SURFACE_STYLE_USAGE(.BOTH.,#897);
#570=FACE_OUTER_BOUND('',#898,.T.);
#571=CYLINDRICAL_SURFACE('',#899,6.0);
#572=SURFACE_STYLE_USAGE(.BOTH.,#900);
#573=FACE_OUTER_BOUND('',#901,.T.);
#574=PLANE('',#902);
#575=SURFACE_STYLE_USAGE(.BOTH.,#903);
#576=FACE_OUTER_BOUND('',#904,.T.);
#577=CYLINDRICAL_SURFACE('',#905,6.0);
#578=SURFACE_STYLE_USAGE(.BOTH.,#906);
#579=FACE_OUTER_BOUND('',#907,.T.);
#580=CYLINDRICAL_SURFACE('',#908,3.0);
#581=SURFACE_STYLE_USAGE(.BOTH.,#909);
#582=FACE_OUTER_BOUND('',#910,.T.);
#583=CYLINDRICAL_SURFACE('',#911,3.0);
#584=SURFACE_STYLE_USAGE(.BOTH.,#912);
#585=FACE_OUTER_BOUND('',#913,.T.);
#586=PLANE('',#914);
#587=SURFACE_STYLE_USAGE(.BOTH.,#915);
#588=FACE_OUTER_BOUND('',#916,.T.);
#589=CYLINDRICAL_SURFACE('',#917,6.0);
#590=SURFACE_STYLE_USAGE(.BOTH.,#918);
#591=FACE_OUTER_BOUND('',#919,.T.);
#592=PLANE('',#920);
#593=SURFACE_STYLE_USAGE(.BOTH.,#921);
#594=FACE_OUTER_BOUND('',#922,.T.);
#595=CYLINDRICAL_SURFACE('',#923,6.0);
#596=SURFACE_STYLE_USAGE(.BOTH.,#924);
#597=FACE_OUTER_BOUND('',#925,.T.);
#598=PLANE('',#926);
#599=SURFACE_STYLE_USAGE(.BOTH.,#927);
#600=FACE_OUTER_BOUND('',#928,.T.);
#601=CYLINDRICAL_SURFACE('',#929,6.0);
#602=SURFACE_STYLE_USAGE(.BOTH.,#930);
#603=FACE_OUTER_BOUND('',#931,.T.);
#604=PLANE('',#932);
#605=SURFACE_STYLE_USAGE(.BOTH.,#933);
#606=FACE_OUTER_BOUND('',#934,.T.);
#607=PLANE('',#935);
#608=SURFACE_STYLE_USAGE(.BOTH.,#936);
#609=FACE_OUTER_BOUND('',#937,.T.);
#610=CYLINDRICAL_SURFACE('',#938,6.0);
#611=SURFACE_STYLE_USAGE(.BOTH.,#939);
#612=FACE_OUTER_BOUND('',#940,.T.);
#613=PLANE('',#941);
#614=SURFACE_STYLE_USAGE(.BOTH.,#942);
#615=FACE_OUTER_BOUND('',#943,.T.);
#616=CYLINDRICAL_SURFACE('',#944,3.0);
#617=SURFACE_STYLE_USAGE(.BOTH.,#945);
#618=FACE_OUTER_BOUND('',#946,.T.);
#619=CYLINDRICAL_SURFACE('',#947,3.0);
#620=SURFACE_STYLE_USAGE(.BOTH.,#948);
#621=FACE_OUTER_BOUND('',#949,.T.);
#622=CYLINDRICAL_SURFACE('',#950,3.0);
#623=SURFACE_STYLE_USAGE(.BOTH.,#951);
#624=FACE_OUTER_BOUND('',#952,.T.);
#625=CYLINDRICAL_SURFACE('',#953,3.0);
#626=SURFACE_STYLE_USAGE(.BOTH.,#954);
#627=FACE_OUTER_BOUND('',#955,.T.);
#628=CYLINDRICAL_SURFACE('',#956,3.0);
#629=SURFACE_STYLE_USAGE(.BOTH.,#957);
#630=FACE_OUTER_BOUND('',#958,.T.);
#631=CYLINDRICAL_SURFACE('',#959,3.0);
#632=SURFACE_STYLE_USAGE(.BOTH.,#960);
#633=FACE_OUTER_BOUND('',#961,.T.);
#634=PLANE('',#962);
#635=SURFACE_STYLE_USAGE(.BOTH.,#963);
#636=FACE_OUTER_BOUND('',#964,.T.);
#637=PLANE('',#965);
#638=SURFACE_STYLE_USAGE(.BOTH.,#966);
#639=FACE_OUTER_BOUND('',#967,.T.);
#640=CYLINDRICAL_SURFACE('',#968,6.5);
#641=SURFACE_STYLE_USAGE(.BOTH.,#969);
#642=FACE_OUTER_BOUND('',#970,.T.);
#643=CYLINDRICAL_SURFACE('',#971,6.5);
#644=SURFACE_STYLE_USAGE(.BOTH.,#972);
#645=FACE_OUTER_BOUND('',#973,.T.);
#646=FACE_BOUND('',#974,.T.);
#647=PLANE('',#975);
#648=SURFACE_STYLE_USAGE(.BOTH.,#976);
#649=FACE_OUTER_BOUND('',#977,.T.);
#650=FACE_BOUND('',#978,.T.);
#651=PLANE('',#979);
#652=SURFACE_STYLE_USAGE(.BOTH.,#980);
#653=FACE_OUTER_BOUND('',#981,.T.);
#654=CYLINDRICAL_SURFACE('',#982,3.0);
#655=SURFACE_STYLE_USAGE(.BOTH.,#983);
#656=FACE_OUTER_BOUND('',#984,.T.);
#657=CYLINDRICAL_SURFACE('',#985,3.0);
#658=PRODUCT_CONTEXT('',#109,'mechanical');
#659=PRODUCT_DEFINITION_FORMATION_WITH_SPECIFIED_SOURCE(' ','NONE',#320,.NOT_KNOWN.);
#660=CLOSED_SHELL('',(#123,#125,#127,#129,#131,#133,#135,#137,#139,#141,#143,#145,#147,#149,#151,#153,#155,#157,#159,#161,#163,#165,#167,#169,#171,#173,#175,#177,#179,#181,#183,#185,#187,#189,#191,#193,#195,#197,#199,#201,#203,#205,#207,#209,#211,#213,#215,#217,#219,#221,#223,#225,#227,#229,#231,#233,#235,#237,#239,#241,#243,#245,#247,#249,#251,#253,#255,#257,#259,#261,#263,#265,#267,#269,#271,#273,#275,#277,#279,#281,#283,#285,#287,#289,#291,#293,#295,#297,#299,#301,#303,#305,#307,#309,#311,#313,#315,#317,#319));
#661=CARTESIAN_POINT('',(0.0,0.0,0.0));
#662=DIRECTION('',(0.0,0.0,1.0));
#663=DIRECTION('',(1.0,0.0,0.0));
#664= (NAMED_UNIT(#329)LENGTH_UNIT()SI_UNIT(.MILLI.,.METRE.));
#665=SURFACE_SIDE_STYLE('',(#987));
#666=EDGE_LOOP('',(#988,#989,#990,#991));
#667=AXIS2_PLACEMENT_3D('',#992,#993,#994);
#668=SURFACE_SIDE_STYLE('',(#995));
#669=EDGE_LOOP('',(#996,#997,#998,#999,#1000,#1001,#1002,#1003,#1004));
#670=EDGE_LOOP('',(#1005,#1006));
#671=AXIS2_PLACEMENT_3D('',#1007,#1008,#1009);
#672=SURFACE_SIDE_STYLE('',(#1010));
#673=EDGE_LOOP('',(#1011,#1012,#1013,#1014));
#674=AXIS2_PLACEMENT_3D('',#1015,#1016,#1017);
#675=SURFACE_SIDE_STYLE('',(#1018));
#676=EDGE_LOOP('',(#1019,#1020,#1021,#1022,#1023,#1024,#1025,#1026,#1027,#1028,#1029,#1030,#1031,#1032,#1033,#1034,#1035,#1036,#1037,#1038,#1039,#1040,#1041,#1042,#1043,#1044,#1045,#1046,#1047,#1048,#1049,#1050,#1051));
#677=EDGE_LOOP('',(#1052,#1053));
#678=EDGE_LOOP('',(#1054,#1055));
#679=EDGE_LOOP('',(#1056,#1057));
#680=EDGE_LOOP('',(#1058,#1059));
#681=EDGE_LOOP('',(#1060,#1061));
#682=EDGE_LOOP('',(#1062,#1063));
#683=EDGE_LOOP('',(#1064,#1065));
#684=AXIS2_PLACEMENT_3D('',#1066,#1067,#1068);
#685=SURFACE_SIDE_STYLE('',(#1069));
#686=EDGE_LOOP('',(#1070,#1071,#1072,#1073,#1074,#1075,#1076,#1077,#1078,#1079,#1080,#1081,#1082));
#687=AXIS2_PLACEMENT_3D('',#1083,#1084,#1085);
#688=SURFACE_SIDE_STYLE('',(#1086));
#689=EDGE_LOOP('',(#1087,#1088,#1089,#1090));
#690=AXIS2_PLACEMENT_3D('',#1091,#1092,#1093);
#691=SURFACE_SIDE_STYLE('',(#1094));
#692=EDGE_LOOP('',(#1095,#1096,#1097,#1098));
#693=AXIS2_PLACEMENT_3D('',#1099,#1100,#1101);
#694=SURFACE_SIDE_STYLE('',(#1102));
#695=EDGE_LOOP('',(#1103,#1104,#1105,#1106,#1107));
#696=AXIS2_PLACEMENT_3D('',#1108,#1109,#1110);
#697=SURFACE_SIDE_STYLE('',(#1111));
#698=EDGE_LOOP('',(#1112,#1113,#1114,#1115));
#699=AXIS2_PLACEMENT_3D('',#1116,#1117,#1118);
#700=SURFACE_SIDE_STYLE('',(#1119));
#701=EDGE_LOOP('',(#1120,#1121,#1122,#1123));
#702=AXIS2_PLACEMENT_3D('',#1124,#1125,#1126);
#703=SURFACE_SIDE_STYLE('',(#1127));
#704=EDGE_LOOP('',(#1128,#1129,#1130,#1131,#1132,#1133,#1134,#1135,#1136,#1137,#1138,#1139));
#705=AXIS2_PLACEMENT_3D('',#1140,#1141,#1142);
#706=SURFACE_SIDE_STYLE('',(#1143));
#707=EDGE_LOOP('',(#1144,#1145,#1146,#1147));
#708=AXIS2_PLACEMENT_3D('',#1148,#1149,#1150);
#709=SURFACE_SIDE_STYLE('',(#1151));
#710=EDGE_LOOP('',(#1152,#1153,#1154,#1155));
#711=AXIS2_PLACEMENT_3D('',#1156,#1157,#1158);
#712=SURFACE_SIDE_STYLE('',(#1159));
#713=EDGE_LOOP('',(#1160,#1161,#1162,#1163));
#714=AXIS2_PLACEMENT_3D('',#1164,#1165,#1166);
#715=SURFACE_SIDE_STYLE('',(#1167));
#716=EDGE_LOOP('',(#1168,#1169,#1170,#1171));
#717=AXIS2_PLACEMENT_3D('',#1172,#1173,#1174);
#718=SURFACE_SIDE_STYLE('',(#1175));
#719=EDGE_LOOP('',(#1176,#1177,#1178,#1179));
#720=AXIS2_PLACEMENT_3D('',#1180,#1181,#1182);
#721=SURFACE_SIDE_STYLE('',(#1183));
#722=EDGE_LOOP('',(#1184,#1185,#1186,#1187));
#723=AXIS2_PLACEMENT_3D('',#1188,#1189,#1190);
#724=SURFACE_SIDE_STYLE('',(#1191));
#725=EDGE_LOOP('',(#1192,#1193,#1194,#1195));
#726=AXIS2_PLACEMENT_3D('',#1196,#1197,#1198);
#727=SURFACE_SIDE_STYLE('',(#1199));
#728=EDGE_LOOP('',(#1200,#1201,#1202,#1203,#1204,#1205,#1206,#1207));
#729=AXIS2_PLACEMENT_3D('',#1208,#1209,#1210);
#730=SURFACE_SIDE_STYLE('',(#1211));
#731=EDGE_LOOP('',(#1212,#1213,#1214,#1215,#1216,#1217));
#732=AXIS2_PLACEMENT_3D('',#1218,#1219,#1220);
#733=SURFACE_SIDE_STYLE('',(#1221));
#734=EDGE_LOOP('',(#1222,#1223,#1224,#1225));
#735=AXIS2_PLACEMENT_3D('',#1226,#1227,#1228);
#736=SURFACE_SIDE_STYLE('',(#1229));
#737=EDGE_LOOP('',(#1230,#1231,#1232,#1233,#1234,#1235));
#738=AXIS2_PLACEMENT_3D('',#1236,#1237,#1238);
#739=SURFACE_SIDE_STYLE('',(#1239));
#740=EDGE_LOOP('',(#1240,#1241,#1242,#1243,#1244,#1245,#1246,#1247));
#741=AXIS2_PLACEMENT_3D('',#1248,#1249,#1250);
#742=SURFACE_SIDE_STYLE('',(#1251));
#743=EDGE_LOOP('',(#1252,#1253,#1254,#1255));
#744=AXIS2_PLACEMENT_3D('',#1256,#1257,#1258);
#745=SURFACE_SIDE_STYLE('',(#1259));
#746=EDGE_LOOP('',(#1260,#1261,#1262,#1263));
#747=AXIS2_PLACEMENT_3D('',#1264,#1265,#1266);
#748=SURFACE_SIDE_STYLE('',(#1267));
#749=EDGE_LOOP('',(#1268,#1269,#1270,#1271));
#750=AXIS2_PLACEMENT_3D('',#1272,#1273,#1274);
#751=SURFACE_SIDE_STYLE('',(#1275));
#752=EDGE_LOOP('',(#1276,#1277,#1278,#1279));
#753=AXIS2_PLACEMENT_3D('',#1280,#1281,#1282);
#754=SURFACE_SIDE_STYLE('',(#1283));
#755=EDGE_LOOP('',(#1284,#1285,#1286,#1287));
#756=AXIS2_PLACEMENT_3D('',#1288,#1289,#1290);
#757=SURFACE_SIDE_STYLE('',(#1291));
#758=EDGE_LOOP('',(#1292,#1293,#1294,#1295,#1296,#1297,#1298,#1299,#1300,#1301,#1302,#1303));
#759=AXIS2_PLACEMENT_3D('',#1304,#1305,#1306);
#760=SURFACE_SIDE_STYLE('',(#1307));
#761=EDGE_LOOP('',(#1308,#1309,#1310,#1311));
#762=AXIS2_PLACEMENT_3D('',#1312,#1313,#1314);
#763=SURFACE_SIDE_STYLE('',(#1315));
#764=EDGE_LOOP('',(#1316,#1317,#1318,#1319));
#765=AXIS2_PLACEMENT_3D('',#1320,#1321,#1322);
#766=SURFACE_SIDE_STYLE('',(#1323));
#767=EDGE_LOOP('',(#1324,#1325,#1326,#1327,#1328));
#768=AXIS2_PLACEMENT_3D('',#1329,#1330,#1331);
#769=SURFACE_SIDE_STYLE('',(#1332));
#770=EDGE_LOOP('',(#1333,#1334,#1335,#1336));
#771=AXIS2_PLACEMENT_3D('',#1337,#1338,#1339);
#772=SURFACE_SIDE_STYLE('',(#1340));
#773=EDGE_LOOP('',(#1341,#1342,#1343,#1344));
#774=AXIS2_PLACEMENT_3D('',#1345,#1346,#1347);
#775=SURFACE_SIDE_STYLE('',(#1348));
#776=EDGE_LOOP('',(#1349,#1350,#1351,#1352));
#777=AXIS2_PLACEMENT_3D('',#1353,#1354,#1355);
#778=SURFACE_SIDE_STYLE('',(#1356));
#779=EDGE_LOOP('',(#1357,#1358,#1359,#1360));
#780=AXIS2_PLACEMENT_3D('',#1361,#1362,#1363);
#781=SURFACE_SIDE_STYLE('',(#1364));
#782=EDGE_LOOP('',(#1365,#1366,#1367,#1368));
#783=AXIS2_PLACEMENT_3D('',#1369,#1370,#1371);
#784=SURFACE_SIDE_STYLE('',(#1372));
#785=EDGE_LOOP('',(#1373,#1374,#1375,#1376));
#786=AXIS2_PLACEMENT_3D('',#1377,#1378,#1379);
#787=SURFACE_SIDE_STYLE('',(#1380));
#788=EDGE_LOOP('',(#1381,#1382,#1383,#1384));
#789=AXIS2_PLACEMENT_3D('',#1385,#1386,#1387);
#790=SURFACE_SIDE_STYLE('',(#1388));
#791=EDGE_LOOP('',(#1389,#1390,#1391,#1392));
#792=AXIS2_PLACEMENT_3D('',#1393,#1394,#1395);
#793=SURFACE_SIDE_STYLE('',(#1396));
#794=EDGE_LOOP('',(#1397,#1398,#1399,#1400));
#795=AXIS2_PLACEMENT_3D('',#1401,#1402,#1403);
#796=SURFACE_SIDE_STYLE('',(#1404));
#797=EDGE_LOOP('',(#1405,#1406,#1407,#1408));
#798=AXIS2_PLACEMENT_3D('',#1409,#1410,#1411);
#799=SURFACE_SIDE_STYLE('',(#1412));
#800=EDGE_LOOP('',(#1413,#1414,#1415,#1416));
#801=AXIS2_PLACEMENT_3D('',#1417,#1418,#1419);
#802=SURFACE_SIDE_STYLE('',(#1420));
#803=EDGE_LOOP('',(#1421,#1422,#1423,#1424));
#804=AXIS2_PLACEMENT_3D('',#1425,#1426,#1427);
#805=SURFACE_SIDE_STYLE('',(#1428));
#806=EDGE_LOOP('',(#1429,#1430,#1431,#1432));
#807=AXIS2_PLACEMENT_3D('',#1433,#1434,#1435);
#808=SURFACE_SIDE_STYLE('',(#1436));
#809=EDGE_LOOP('',(#1437,#1438,#1439,#1440));
#810=AXIS2_PLACEMENT_3D('',#1441,#1442,#1443);
#811=SURFACE_SIDE_STYLE('',(#1444));
#812=EDGE_LOOP('',(#1445,#1446,#1447,#1448));
#813=AXIS2_PLACEMENT_3D('',#1449,#1450,#1451);
#814=SURFACE_SIDE_STYLE('',(#1452));
#815=EDGE_LOOP('',(#1453,#1454,#1455,#1456,#1457,#1458,#1459,#1460,#1461));
#816=EDGE_LOOP('',(#1462,#1463));
#817=AXIS2_PLACEMENT_3D('',#1464,#1465,#1466);
#818=SURFACE_SIDE_STYLE('',(#1467));
#819=EDGE_LOOP('',(#1468,#1469,#1470,#1471));
#820=AXIS2_PLACEMENT_3D('',#1472,#1473,#1474);
#821=SURFACE_SIDE_STYLE('',(#1475));
#822=EDGE_LOOP('',(#1476,#1477,#1478,#1479,#1480,#1481,#1482,#1483,#1484));
#823=EDGE_LOOP('',(#1485,#1486));
#824=AXIS2_PLACEMENT_3D('',#1487,#1488,#1489);
#825=SURFACE_SIDE_STYLE('',(#1490));
#826=EDGE_LOOP('',(#1491,#1492,#1493,#1494));
#827=AXIS2_PLACEMENT_3D('',#1495,#1496,#1497);
#828=SURFACE_SIDE_STYLE('',(#1498));
#829=EDGE_LOOP('',(#1499,#1500,#1501,#1502,#1503,#1504,#1505,#1506,#1507,#1508,#1509,#1510,#1511,#1512,#1513,#1514,#1515,#1516,#1517,#1518,#1519,#1520,#1521,#1522,#1523,#1524,#1525,#1526,#1527,#1528));
#830=EDGE_LOOP('',(#1529,#1530));
#831=EDGE_LOOP('',(#1531,#1532));
#832=EDGE_LOOP('',(#1533,#1534));
#833=EDGE_LOOP('',(#1535,#1536));
#834=EDGE_LOOP('',(#1537,#1538));
#835=EDGE_LOOP('',(#1539,#1540));
#836=EDGE_LOOP('',(#1541,#1542));
#837=AXIS2_PLACEMENT_3D('',#1543,#1544,#1545);
#838=SURFACE_SIDE_STYLE('',(#1546));
#839=EDGE_LOOP('',(#1547,#1548,#1549,#1550));
#840=AXIS2_PLACEMENT_3D('',#1551,#1552,#1553);
#841=SURFACE_SIDE_STYLE('',(#1554));
#842=EDGE_LOOP('',(#1555,#1556,#1557,#1558,#1559,#1560,#1561,#1562,#1563));
#843=EDGE_LOOP('',(#1564,#1565));
#844=AXIS2_PLACEMENT_3D('',#1566,#1567,#1568);
#845=SURFACE_SIDE_STYLE('',(#1569));
#846=EDGE_LOOP('',(#1570,#1571,#1572,#1573));
#847=AXIS2_PLACEMENT_3D('',#1574,#1575,#1576);
#848=SURFACE_SIDE_STYLE('',(#1577));
#849=EDGE_LOOP('',(#1578,#1579,#1580,#1581));
#850=AXIS2_PLACEMENT_3D('',#1582,#1583,#1584);
#851=SURFACE_SIDE_STYLE('',(#1585));
#852=EDGE_LOOP('',(#1586,#1587,#1588,#1589,#1590,#1591,#1592,#1593));
#853=EDGE_LOOP('',(#1594,#1595));
#854=AXIS2_PLACEMENT_3D('',#1596,#1597,#1598);
#855=SURFACE_SIDE_STYLE('',(#1599));
#856=EDGE_LOOP('',(#1600,#1601,#1602,#1603));
#857=AXIS2_PLACEMENT_3D('',#1604,#1605,#1606);
#858=SURFACE_SIDE_STYLE('',(#1607));
#859=EDGE_LOOP('',(#1608,#1609,#1610,#1611,#1612,#1613,#1614,#1615));
#860=EDGE_LOOP('',(#1616,#1617));
#861=AXIS2_PLACEMENT_3D('',#1618,#1619,#1620);
#862=SURFACE_SIDE_STYLE('',(#1621));
#863=EDGE_LOOP('',(#1622,#1623,#1624,#1625));
#864=AXIS2_PLACEMENT_3D('',#1626,#1627,#1628);
#865=SURFACE_SIDE_STYLE('',(#1629));
#866=EDGE_LOOP('',(#1630,#1631,#1632,#1633));
#867=AXIS2_PLACEMENT_3D('',#1634,#1635,#1636);
#868=SURFACE_SIDE_STYLE('',(#1637));
#869=EDGE_LOOP('',(#1638,#1639,#1640,#1641));
#870=AXIS2_PLACEMENT_3D('',#1642,#1643,#1644);
#871=SURFACE_SIDE_STYLE('',(#1645));
#872=EDGE_LOOP('',(#1646,#1647,#1648,#1649));
#873=AXIS2_PLACEMENT_3D('',#1650,#1651,#1652);
#874=SURFACE_SIDE_STYLE('',(#1653));
#875=EDGE_LOOP('',(#1654,#1655,#1656,#1657));
#876=AXIS2_PLACEMENT_3D('',#1658,#1659,#1660);
#877=SURFACE_SIDE_STYLE('',(#1661));
#878=EDGE_LOOP('',(#1662,#1663,#1664,#1665,#1666,#1667,#1668,#1669));
#879=EDGE_LOOP('',(#1670,#1671));
#880=AXIS2_PLACEMENT_3D('',#1672,#1673,#1674);
#881=SURFACE_SIDE_STYLE('',(#1675));
#882=EDGE_LOOP('',(#1676,#1677,#1678,#1679));
#883=AXIS2_PLACEMENT_3D('',#1680,#1681,#1682);
#884=SURFACE_SIDE_STYLE('',(#1683));
#885=EDGE_LOOP('',(#1684,#1685,#1686,#1687,#1688,#1689,#1690,#1691));
#886=EDGE_LOOP('',(#1692,#1693));
#887=AXIS2_PLACEMENT_3D('',#1694,#1695,#1696);
#888=SURFACE_SIDE_STYLE('',(#1697));
#889=EDGE_LOOP('',(#1698,#1699,#1700,#1701));
#890=AXIS2_PLACEMENT_3D('',#1702,#1703,#1704);
#891=SURFACE_SIDE_STYLE('',(#1705));
#892=EDGE_LOOP('',(#1706,#1707,#1708,#1709));
#893=AXIS2_PLACEMENT_3D('',#1710,#1711,#1712);
#894=SURFACE_SIDE_STYLE('',(#1713));
#895=EDGE_LOOP('',(#1714,#1715,#1716,#1717));
#896=AXIS2_PLACEMENT_3D('',#1718,#1719,#1720);
#897=SURFACE_SIDE_STYLE('',(#1721));
#898=EDGE_LOOP('',(#1722,#1723,#1724,#1725));
#899=AXIS2_PLACEMENT_3D('',#1726,#1727,#1728);
#900=SURFACE_SIDE_STYLE('',(#1729));
#901=EDGE_LOOP('',(#1730,#1731,#1732,#1733));
#902=AXIS2_PLACEMENT_3D('',#1734,#1735,#1736);
#903=SURFACE_SIDE_STYLE('',(#1737));
#904=EDGE_LOOP('',(#1738,#1739,#1740,#1741));
#905=AXIS2_PLACEMENT_3D('',#1742,#1743,#1744);
#906=SURFACE_SIDE_STYLE('',(#1745));
#907=EDGE_LOOP('',(#1746,#1747,#1748,#1749));
#908=AXIS2_PLACEMENT_3D('',#1750,#1751,#1752);
#909=SURFACE_SIDE_STYLE('',(#1753));
#910=EDGE_LOOP('',(#1754,#1755,#1756,#1757));
#911=AXIS2_PLACEMENT_3D('',#1758,#1759,#1760);
#912=SURFACE_SIDE_STYLE('',(#1761));
#913=EDGE_LOOP('',(#1762,#1763,#1764,#1765));
#914=AXIS2_PLACEMENT_3D('',#1766,#1767,#1768);
#915=SURFACE_SIDE_STYLE('',(#1769));
#916=EDGE_LOOP('',(#1770,#1771,#1772,#1773));
#917=AXIS2_PLACEMENT_3D('',#1774,#1775,#1776);
#918=SURFACE_SIDE_STYLE('',(#1777));
#919=EDGE_LOOP('',(#1778,#1779,#1780,#1781));
#920=AXIS2_PLACEMENT_3D('',#1782,#1783,#1784);
#921=SURFACE_SIDE_STYLE('',(#1785));
#922=EDGE_LOOP('',(#1786,#1787,#1788,#1789));
#923=AXIS2_PLACEMENT_3D('',#1790,#1791,#1792);
#924=SURFACE_SIDE_STYLE('',(#1793));
#925=EDGE_LOOP('',(#1794,#1795,#1796,#1797));
#926=AXIS2_PLACEMENT_3D('',#1798,#1799,#1800);
#927=SURFACE_SIDE_STYLE('',(#1801));
#928=EDGE_LOOP('',(#1802,#1803,#1804,#1805));
#929=AXIS2_PLACEMENT_3D('',#1806,#1807,#1808);
#930=SURFACE_SIDE_STYLE('',(#1809));
#931=EDGE_LOOP('',(#1810,#1811,#1812,#1813));
#932=AXIS2_PLACEMENT_3D('',#1814,#1815,#1816);
#933=SURFACE_SIDE_STYLE('',(#1817));
#934=EDGE_LOOP('',(#1818,#1819,#1820,#1821));
#935=AXIS2_PLACEMENT_3D('',#1822,#1823,#1824);
#936=SURFACE_SIDE_STYLE('',(#1825));
#937=EDGE_LOOP('',(#1826,#1827,#1828,#1829));
#938=AXIS2_PLACEMENT_3D('',#1830,#1831,#1832);
#939=SURFACE_SIDE_STYLE('',(#1833));
#940=EDGE_LOOP('',(#1834,#1835,#1836,#1837));
#941=AXIS2_PLACEMENT_3D('',#1838,#1839,#1840);
#942=SURFACE_SIDE_STYLE('',(#1841));
#943=EDGE_LOOP('',(#1842,#1843,#1844,#1845));
#944=AXIS2_PLACEMENT_3D('',#1846,#1847,#1848);
#945=SURFACE_SIDE_STYLE('',(#1849));
#946=EDGE_LOOP('',(#1850,#1851,#1852,#1853));
#947=AXIS2_PLACEMENT_3D('',#1854,#1855,#1856);
#948=SURFACE_SIDE_STYLE('',(#1857));
#949=EDGE_LOOP('',(#1858,#1859,#1860,#1861));
#950=AXIS2_PLACEMENT_3D('',#1862,#1863,#1864);
#951=SURFACE_SIDE_STYLE('',(#1865));
#952=EDGE_LOOP('',(#1866,#1867,#1868,#1869));
#953=AXIS2_PLACEMENT_3D('',#1870,#1871,#1872);
#954=SURFACE_SIDE_STYLE('',(#1873));
#955=EDGE_LOOP('',(#1874,#1875,#1876,#1877));
#956=AXIS2_PLACEMENT_3D('',#1878,#1879,#1880);
#957=SURFACE_SIDE_STYLE('',(#1881));
#958=EDGE_LOOP('',(#1882,#1883,#1884,#1885));
#959=AXIS2_PLACEMENT_3D('',#1886,#1887,#1888);
#960=SURFACE_SIDE_STYLE('',(#1889));
#961=EDGE_LOOP('',(#1890,#1891,#1892,#1893,#1894));
#962=AXIS2_PLACEMENT_3D('',#1895,#1896,#1897);
#963=SURFACE_SIDE_STYLE('',(#1898));
#964=EDGE_LOOP('',(#1899,#1900,#1901,#1902,#1903));
#965=AXIS2_PLACEMENT_3D('',#1904,#1905,#1906);
#966=SURFACE_SIDE_STYLE('',(#1907));
#967=EDGE_LOOP('',(#1908,#1909,#1910,#1911,#1912,#1913,#1914,#1915));
#968=AXIS2_PLACEMENT_3D('',#1916,#1917,#1918);
#969=SURFACE_SIDE_STYLE('',(#1919));
#970=EDGE_LOOP('',(#1920,#1921,#1922,#1923,#1924,#1925,#1926,#1927));
#971=AXIS2_PLACEMENT_3D('',#1928,#1929,#1930);
#972=SURFACE_SIDE_STYLE('',(#1931));
#973=EDGE_LOOP('',(#1932,#1933));
#974=EDGE_LOOP('',(#1934,#1935));
#975=AXIS2_PLACEMENT_3D('',#1936,#1937,#1938);
#976=SURFACE_SIDE_STYLE('',(#1939));
#977=EDGE_LOOP('',(#1940,#1941));
#978=EDGE_LOOP('',(#1942,#1943));
#979=AXIS2_PLACEMENT_3D('',#1944,#1945,#1946);
#980=SURFACE_SIDE_STYLE('',(#1947));
#981=EDGE_LOOP('',(#1948,#1949,#1950,#1951));
#982=AXIS2_PLACEMENT_3D('',#1952,#1953,#1954);
#983=SURFACE_SIDE_STYLE('',(#1955));
#984=EDGE_LOOP('',(#1956,#1957,#1958,#1959));
#985=AXIS2_PLACEMENT_3D('',#1960,#1961,#1962);
#987=SURFACE_STYLE_FILL_AREA(#1963);
#988=ORIENTED_EDGE('',*,*,#1964,.T.);
#989=ORIENTED_EDGE('',*,*,#1965,.T.);
#990=ORIENTED_EDGE('',*,*,#1966,.T.);
#991=ORIENTED_EDGE('',*,*,#1967,.T.);
#992=CARTESIAN_POINT('',(-20.0,-12.20536597619,33.69312373142));
#993=DIRECTION('',(-1.0,0.0,0.0));
#994=DIRECTION('',(0.0,0.29013695287801,-0.956985134981032));
#995=SURFACE_STYLE_FILL_AREA(#1968);
#996=ORIENTED_EDGE('',*,*,#1969,.T.);
#997=ORIENTED_EDGE('',*,*,#1970,.T.);
#998=ORIENTED_EDGE('',*,*,#1971,.T.);
#999=ORIENTED_EDGE('',*,*,#1972,.T.);
#1000=ORIENTED_EDGE('',*,*,#1973,.T.);
#1001=ORIENTED_EDGE('',*,*,#1964,.F.);
#1002=ORIENTED_EDGE('',*,*,#1974,.T.);
#1003=ORIENTED_EDGE('',*,*,#1975,.T.);
#1004=ORIENTED_EDGE('',*,*,#1976,.T.);
#1005=ORIENTED_EDGE('',*,*,#1977,.T.);
#1006=ORIENTED_EDGE('',*,*,#1978,.T.);
#1007=CARTESIAN_POINT('',(-20.0,-9.405291063512,12.3452757388));
#1008=DIRECTION('',(-1.0,0.0,0.0));
#1009=DIRECTION('',(0.0,0.0,1.0));
#1010=SURFACE_STYLE_FILL_AREA(#1979);
#1011=ORIENTED_EDGE('',*,*,#1965,.F.);
#1012=ORIENTED_EDGE('',*,*,#1973,.F.);
#1013=ORIENTED_EDGE('',*,*,#1980,.T.);
#1014=ORIENTED_EDGE('',*,*,#1981,.T.);
#1015=CARTESIAN_POINT('',(-20.0,-12.20536597619,33.69312373142));
#1016=DIRECTION('',(-1.0,-0.0,0.0));
#1017=DIRECTION('',(0.0,-0.252640940492006,-0.967560104173025));
#1018=SURFACE_STYLE_FILL_AREA(#1982);
#1019=ORIENTED_EDGE('',*,*,#1983,.T.);
#1020=ORIENTED_EDGE('',*,*,#1984,.T.);
#1021=ORIENTED_EDGE('',*,*,#1985,.T.);
#1022=ORIENTED_EDGE('',*,*,#1986,.T.);
#1023=ORIENTED_EDGE('',*,*,#1987,.T.);
#1024=ORIENTED_EDGE('',*,*,#1988,.T.);
#1025=ORIENTED_EDGE('',*,*,#1989,.T.);
#1026=ORIENTED_EDGE('',*,*,#1990,.T.);
#1027=ORIENTED_EDGE('',*,*,#1991,.T.);
#1028=ORIENTED_EDGE('',*,*,#1992,.T.);
#1029=ORIENTED_EDGE('',*,*,#1993,.T.);
#1030=ORIENTED_EDGE('',*,*,#1994,.T.);
#1031=ORIENTED_EDGE('',*,*,#1995,.T.);
#1032=ORIENTED_EDGE('',*,*,#1996,.T.);
#1033=ORIENTED_EDGE('',*,*,#1997,.T.);
#1034=ORIENTED_EDGE('',*,*,#1998,.T.);
#1035=ORIENTED_EDGE('',*,*,#1999,.T.);
#1036=ORIENTED_EDGE('',*,*,#2000,.T.);
#1037=ORIENTED_EDGE('',*,*,#2001,.T.);
#1038=ORIENTED_EDGE('',*,*,#2002,.T.);
#1039=ORIENTED_EDGE('',*,*,#2003,.T.);
#1040=ORIENTED_EDGE('',*,*,#2004,.T.);
#1041=ORIENTED_EDGE('',*,*,#2005,.T.);
#1042=ORIENTED_EDGE('',*,*,#2006,.T.);
#1043=ORIENTED_EDGE('',*,*,#2007,.T.);
#1044=ORIENTED_EDGE('',*,*,#2008,.T.);
#1045=ORIENTED_EDGE('',*,*,#2009,.T.);
#1046=ORIENTED_EDGE('',*,*,#2010,.T.);
#1047=ORIENTED_EDGE('',*,*,#2011,.T.);
#1048=ORIENTED_EDGE('',*,*,#2012,.T.);
#1049=ORIENTED_EDGE('',*,*,#2013,.T.);
#1050=ORIENTED_EDGE('',*,*,#1966,.F.);
#1051=ORIENTED_EDGE('',*,*,#1981,.F.);
#1052=ORIENTED_EDGE('',*,*,#2014,.T.);
#1053=ORIENTED_EDGE('',*,*,#2015,.T.);
#1054=ORIENTED_EDGE('',*,*,#2016,.T.);
#1055=ORIENTED_EDGE('',*,*,#2017,.T.);
#1056=ORIENTED_EDGE('',*,*,#2018,.T.);
#1057=ORIENTED_EDGE('',*,*,#2019,.T.);
#1058=ORIENTED_EDGE('',*,*,#2020,.T.);
#1059=ORIENTED_EDGE('',*,*,#2021,.T.);
#1060=ORIENTED_EDGE('',*,*,#2022,.T.);
#1061=ORIENTED_EDGE('',*,*,#2023,.T.);
#1062=ORIENTED_EDGE('',*,*,#2024,.T.);
#1063=ORIENTED_EDGE('',*,*,#2025,.T.);
#1064=ORIENTED_EDGE('',*,*,#2026,.T.);
#1065=ORIENTED_EDGE('',*,*,#2027,.T.);
#1066=CARTESIAN_POINT('',(-16.2,31.41206409665,21.7535913996));
#1067=DIRECTION('',(1.0,0.0,0.0));
#1068=DIRECTION('',(0.0,1.0,0.0));
#1069=SURFACE_STYLE_FILL_AREA(#2028);
#1070=ORIENTED_EDGE('',*,*,#2013,.F.);
#1071=ORIENTED_EDGE('',*,*,#2012,.F.);
#1072=ORIENTED_EDGE('',*,*,#2029,.T.);
#1073=ORIENTED_EDGE('',*,*,#2030,.T.);
#1074=ORIENTED_EDGE('',*,*,#2031,.T.);
#1075=ORIENTED_EDGE('',*,*,#2032,.T.);
#1076=ORIENTED_EDGE('',*,*,#2033,.T.);
#1077=ORIENTED_EDGE('',*,*,#2034,.T.);
#1078=ORIENTED_EDGE('',*,*,#2035,.T.);
#1079=ORIENTED_EDGE('',*,*,#2036,.T.);
#1080=ORIENTED_EDGE('',*,*,#2037,.T.);
#1081=ORIENTED_EDGE('',*,*,#1974,.F.);
#1082=ORIENTED_EDGE('',*,*,#1967,.F.);
#1083=CARTESIAN_POINT('',(-33.8,-2.22091901554,10.77346363647));
#1084=DIRECTION('',(-1.0,0.0,0.0));
#1085=DIRECTION('',(0.0,-0.176964812008018,0.9842171789351));
#1086=SURFACE_STYLE_FILL_AREA(#2038);
#1087=ORIENTED_EDGE('',*,*,#2039,.T.);
#1088=ORIENTED_EDGE('',*,*,#1987,.F.);
#1089=ORIENTED_EDGE('',*,*,#2040,.T.);
#1090=ORIENTED_EDGE('',*,*,#1969,.F.);
#1091=CARTESIAN_POINT('',(-20.0,-26.98920141105,14.16937105265));
#1092=DIRECTION('',(-1.0,0.0,0.0));
#1093=DIRECTION('',(0.0,0.990731295744374,-0.135836297184051));
#1094=SURFACE_STYLE_FILL_AREA(#2041);
#1095=ORIENTED_EDGE('',*,*,#1986,.F.);
#1096=ORIENTED_EDGE('',*,*,#2042,.T.);
#1097=ORIENTED_EDGE('',*,*,#1970,.F.);
#1098=ORIENTED_EDGE('',*,*,#2040,.F.);
#1099=CARTESIAN_POINT('',(-20.0,-21.81213583808,17.20219023662));
#1100=DIRECTION('',(0.0,-0.862812432797092,-0.505524189145054));
#1101=DIRECTION('',(0.0,0.505524189145054,-0.862812432797092));
#1102=SURFACE_STYLE_FILL_AREA(#2043);
#1103=ORIENTED_EDGE('',*,*,#1985,.F.);
#1104=ORIENTED_EDGE('',*,*,#1984,.F.);
#1105=ORIENTED_EDGE('',*,*,#2044,.T.);
#1106=ORIENTED_EDGE('',*,*,#1971,.F.);
#1107=ORIENTED_EDGE('',*,*,#2042,.F.);
#1108=CARTESIAN_POINT('',(-20.0,-18.16546851121,22.8470439409));
#1109=DIRECTION('',(-1.0,0.0,0.0));
#1110=DIRECTION('',(0.0,0.252640940021939,0.967560104295765));
#1111=SURFACE_STYLE_FILL_AREA(#2045);
#1112=ORIENTED_EDGE('',*,*,#2044,.F.);
#1113=ORIENTED_EDGE('',*,*,#1983,.F.);
#1114=ORIENTED_EDGE('',*,*,#1980,.F.);
#1115=ORIENTED_EDGE('',*,*,#1972,.F.);
#1116=CARTESIAN_POINT('',(-20.0,-13.72121161733,27.88776310617));
#1117=DIRECTION('',(-0.0,0.252640940001993,0.967560104300973));
#1118=DIRECTION('',(1.0,0.0,0.0));
#1119=SURFACE_STYLE_FILL_AREA(#2046);
#1120=ORIENTED_EDGE('',*,*,#1975,.F.);
#1121=ORIENTED_EDGE('',*,*,#2037,.F.);
#1122=ORIENTED_EDGE('',*,*,#2047,.T.);
#1123=ORIENTED_EDGE('',*,*,#2048,.T.);
#1124=CARTESIAN_POINT('',(-20.0,-28.92803942112,30.99671064762));
#1125=DIRECTION('',(1.0,0.0,0.0));
#1126=DIRECTION('',(0.0,0.992114114443365,-0.125337879040046));
#1127=SURFACE_STYLE_FILL_AREA(#2049);
#1128=ORIENTED_EDGE('',*,*,#1988,.F.);
#1129=ORIENTED_EDGE('',*,*,#2039,.F.);
#1130=ORIENTED_EDGE('',*,*,#1976,.F.);
#1131=ORIENTED_EDGE('',*,*,#2048,.F.);
#1132=ORIENTED_EDGE('',*,*,#2050,.T.);
#1133=ORIENTED_EDGE('',*,*,#2051,.T.);
#1134=ORIENTED_EDGE('',*,*,#2052,.T.);
#1135=ORIENTED_EDGE('',*,*,#2053,.T.);
#1136=ORIENTED_EDGE('',*,*,#2054,.T.);
#1137=ORIENTED_EDGE('',*,*,#2055,.T.);
#1138=ORIENTED_EDGE('',*,*,#2056,.T.);
#1139=ORIENTED_EDGE('',*,*,#2057,.T.);
#1140=CARTESIAN_POINT('',(-33.8,-2.22091901554,10.77346363647));
#1141=DIRECTION('',(-1.0,0.0,0.0));
#1142=DIRECTION('',(0.0,-0.990731295757264,0.135836297090036));
#1143=SURFACE_STYLE_FILL_AREA(#2058);
#1144=ORIENTED_EDGE('',*,*,#2019,.F.);
#1145=ORIENTED_EDGE('',*,*,#2059,.T.);
#1146=ORIENTED_EDGE('',*,*,#1977,.F.);
#1147=ORIENTED_EDGE('',*,*,#2060,.T.);
#1148=CARTESIAN_POINT('',(-16.2,-18.16546851121,22.8470439409));
#1149=DIRECTION('',(1.0,0.0,0.0));
#1150=DIRECTION('',(0.0,0.290136953848902,-0.956985134686678));
#1151=SURFACE_STYLE_FILL_AREA(#2061);
#1152=ORIENTED_EDGE('',*,*,#2059,.F.);
#1153=ORIENTED_EDGE('',*,*,#2018,.F.);
#1154=ORIENTED_EDGE('',*,*,#2060,.F.);
#1155=ORIENTED_EDGE('',*,*,#1978,.F.);
#1156=CARTESIAN_POINT('',(-16.2,-18.16546851121,22.8470439409));
#1157=DIRECTION('',(1.0,0.0,0.0));
#1158=DIRECTION('',(0.0,-0.290136953396913,0.956985134823712));
#1159=SURFACE_STYLE_FILL_AREA(#2062);
#1160=ORIENTED_EDGE('',*,*,#2063,.T.);
#1161=ORIENTED_EDGE('',*,*,#1989,.F.);
#1162=ORIENTED_EDGE('',*,*,#2057,.F.);
#1163=ORIENTED_EDGE('',*,*,#2064,.T.);
#1164=CARTESIAN_POINT('',(-20.0,-27.10417489088,8.36025476704));
#1165=DIRECTION('',(-1.0,0.0,0.0));
#1166=DIRECTION('',(0.0,0.842133997868851,-0.539268328045905));
#1167=SURFACE_STYLE_FILL_AREA(#2065);
#1168=ORIENTED_EDGE('',*,*,#2066,.T.);
#1169=ORIENTED_EDGE('',*,*,#1990,.F.);
#1170=ORIENTED_EDGE('',*,*,#2063,.F.);
#1171=ORIENTED_EDGE('',*,*,#2067,.T.);
#1172=CARTESIAN_POINT('',(-20.0,-22.05137090193,5.124644802299));
#1173=DIRECTION('',(0.0,-0.842133998238197,0.539268327469126));
#1174=DIRECTION('',(-1.0,0.0,0.0));
#1175=SURFACE_STYLE_FILL_AREA(#2068);
#1176=ORIENTED_EDGE('',*,*,#1991,.F.);
#1177=ORIENTED_EDGE('',*,*,#2066,.F.);
#1178=ORIENTED_EDGE('',*,*,#2069,.T.);
#1179=ORIENTED_EDGE('',*,*,#2070,.T.);
#1180=CARTESIAN_POINT('',(-20.0,-18.63071300162,-0.659762563152));
#1181=DIRECTION('',(-1.0,0.0,0.0));
#1182=DIRECTION('',(0.0,-0.842133998241631,0.539268327463764));
#1183=SURFACE_STYLE_FILL_AREA(#2071);
#1184=ORIENTED_EDGE('',*,*,#1992,.F.);
#1185=ORIENTED_EDGE('',*,*,#2070,.F.);
#1186=ORIENTED_EDGE('',*,*,#2072,.T.);
#1187=ORIENTED_EDGE('',*,*,#2073,.T.);
#1188=CARTESIAN_POINT('',(-20.0,-14.38938928341,-5.872385916048));
#1189=DIRECTION('',(0.0,0.214158369464957,-0.976798952081804));
#1190=DIRECTION('',(-1.0,0.0,0.0));
#1191=SURFACE_STYLE_FILL_AREA(#2074);
#1192=ORIENTED_EDGE('',*,*,#2075,.T.);
#1193=ORIENTED_EDGE('',*,*,#1993,.F.);
#1194=ORIENTED_EDGE('',*,*,#2073,.F.);
#1195=ORIENTED_EDGE('',*,*,#2076,.T.);
#1196=CARTESIAN_POINT('',(-20.0,-13.10443907476,-11.73317962997));
#1197=DIRECTION('',(-1.0,0.0,0.0));
#1198=DIRECTION('',(0.0,0.435340802808902,0.900265730442796));
#1199=SURFACE_STYLE_FILL_AREA(#2077);
#1200=ORIENTED_EDGE('',*,*,#1994,.F.);
#1201=ORIENTED_EDGE('',*,*,#2075,.F.);
#1202=ORIENTED_EDGE('',*,*,#2078,.T.);
#1203=ORIENTED_EDGE('',*,*,#2079,.T.);
#1204=ORIENTED_EDGE('',*,*,#2080,.T.);
#1205=ORIENTED_EDGE('',*,*,#2081,.T.);
#1206=ORIENTED_EDGE('',*,*,#2082,.T.);
#1207=ORIENTED_EDGE('',*,*,#2083,.T.);
#1208=CARTESIAN_POINT('',(-33.8,-2.22091901554,10.77346363647));
#1209=DIRECTION('',(-1.0,-0.0,0.0));
#1210=DIRECTION('',(0.0,-0.435340802336997,-0.900265730670995));
#1211=SURFACE_STYLE_FILL_AREA(#2084);
#1212=ORIENTED_EDGE('',*,*,#2085,.T.);
#1213=ORIENTED_EDGE('',*,*,#1995,.F.);
#1214=ORIENTED_EDGE('',*,*,#2083,.F.);
#1215=ORIENTED_EDGE('',*,*,#2086,.T.);
#1216=ORIENTED_EDGE('',*,*,#2087,.T.);
#1217=ORIENTED_EDGE('',*,*,#2088,.T.);
#1218=CARTESIAN_POINT('',(-33.8,-6.234197054402,-13.90230584289));
#1219=DIRECTION('',(-1.0,0.0,0.0));
#1220=DIRECTION('',(0.0,0.956985134964052,0.290136952934016));
#1221=SURFACE_STYLE_FILL_AREA(#2089);
#1222=ORIENTED_EDGE('',*,*,#1996,.F.);
#1223=ORIENTED_EDGE('',*,*,#2085,.F.);
#1224=ORIENTED_EDGE('',*,*,#2090,.T.);
#1225=ORIENTED_EDGE('',*,*,#2091,.T.);
#1226=CARTESIAN_POINT('',(-16.2,9.077565103723,-9.260114591661));
#1227=DIRECTION('',(0.0,0.290136953201946,-0.956985134882821));
#1228=DIRECTION('',(-1.0,0.0,0.0));
#1229=SURFACE_STYLE_FILL_AREA(#2092);
#1230=ORIENTED_EDGE('',*,*,#2093,.T.);
#1231=ORIENTED_EDGE('',*,*,#1997,.F.);
#1232=ORIENTED_EDGE('',*,*,#2091,.F.);
#1233=ORIENTED_EDGE('',*,*,#2094,.T.);
#1234=ORIENTED_EDGE('',*,*,#2095,.T.);
#1235=ORIENTED_EDGE('',*,*,#2096,.T.);
#1236=CARTESIAN_POINT('',(-33.8,14.81947591302,-7.519292872449));
#1237=DIRECTION('',(-1.0,0.0,0.0));
#1238=DIRECTION('',(0.0,-0.68161579734276,0.731710260152742));
#1239=SURFACE_STYLE_FILL_AREA(#2097);
#1240=ORIENTED_EDGE('',*,*,#1998,.F.);
#1241=ORIENTED_EDGE('',*,*,#2093,.F.);
#1242=ORIENTED_EDGE('',*,*,#2098,.T.);
#1243=ORIENTED_EDGE('',*,*,#2099,.T.);
#1244=ORIENTED_EDGE('',*,*,#2100,.T.);
#1245=ORIENTED_EDGE('',*,*,#2101,.T.);
#1246=ORIENTED_EDGE('',*,*,#2102,.T.);
#1247=ORIENTED_EDGE('',*,*,#2103,.T.);
#1248=CARTESIAN_POINT('',(-33.8,-2.22091901554,10.77346363647));
#1249=DIRECTION('',(-1.0,0.0,0.0));
#1250=DIRECTION('',(0.0,0.681615796988642,-0.731710260482616));
#1251=SURFACE_STYLE_FILL_AREA(#2104);
#1252=ORIENTED_EDGE('',*,*,#2105,.T.);
#1253=ORIENTED_EDGE('',*,*,#1999,.F.);
#1254=ORIENTED_EDGE('',*,*,#2103,.F.);
#1255=ORIENTED_EDGE('',*,*,#2106,.T.);
#1256=CARTESIAN_POINT('',(-20.0,19.32850644707,-1.900220209735));
#1257=DIRECTION('',(-1.0,0.0,0.0));
#1258=DIRECTION('',(0.0,-0.364326746569053,0.931271185925136));
#1259=SURFACE_STYLE_FILL_AREA(#2107);
#1260=ORIENTED_EDGE('',*,*,#2108,.T.);
#1261=ORIENTED_EDGE('',*,*,#2000,.F.);
#1262=ORIENTED_EDGE('',*,*,#2105,.F.);
#1263=ORIENTED_EDGE('',*,*,#2109,.T.);
#1264=CARTESIAN_POINT('',(-16.2,17.14254596596,3.687406904779));
#1265=DIRECTION('',(0.0,0.364326746140863,-0.93127118609265));
#1266=DIRECTION('',(-1.0,0.0,0.0));
#1267=SURFACE_STYLE_FILL_AREA(#2110);
#1268=ORIENTED_EDGE('',*,*,#2001,.F.);
#1269=ORIENTED_EDGE('',*,*,#2108,.F.);
#1270=ORIENTED_EDGE('',*,*,#2111,.T.);
#1271=ORIENTED_EDGE('',*,*,#2112,.T.);
#1272=CARTESIAN_POINT('',(-20.0,17.77516493968,10.37770303533));
#1273=DIRECTION('',(-1.0,0.0,0.0));
#1274=DIRECTION('',(0.0,0.364326745762822,-0.931271186240545));
#1275=SURFACE_STYLE_FILL_AREA(#2113);
#1276=ORIENTED_EDGE('',*,*,#2002,.F.);
#1277=ORIENTED_EDGE('',*,*,#2112,.F.);
#1278=ORIENTED_EDGE('',*,*,#2114,.T.);
#1279=ORIENTED_EDGE('',*,*,#2115,.T.);
#1280=CARTESIAN_POINT('',(-16.2,17.40776511167,17.08779144131));
#1281=DIRECTION('',(-0.0,0.400890258161923,0.916126083522823));
#1282=DIRECTION('',(1.0,0.0,0.0));
#1283=SURFACE_STYLE_FILL_AREA(#2116);
#1284=ORIENTED_EDGE('',*,*,#2117,.T.);
#1285=ORIENTED_EDGE('',*,*,#2003,.F.);
#1286=ORIENTED_EDGE('',*,*,#2115,.F.);
#1287=ORIENTED_EDGE('',*,*,#2118,.T.);
#1288=CARTESIAN_POINT('',(-20.0,19.81310666168,22.5845479415));
#1289=DIRECTION('',(-1.0,-0.0,0.0));
#1290=DIRECTION('',(0.0,-0.881361027457633,-0.472443371504803));
#1291=SURFACE_STYLE_FILL_AREA(#2119);
#1292=ORIENTED_EDGE('',*,*,#2004,.F.);
#1293=ORIENTED_EDGE('',*,*,#2117,.F.);
#1294=ORIENTED_EDGE('',*,*,#2120,.T.);
#1295=ORIENTED_EDGE('',*,*,#2121,.T.);
#1296=ORIENTED_EDGE('',*,*,#2122,.T.);
#1297=ORIENTED_EDGE('',*,*,#2123,.T.);
#1298=ORIENTED_EDGE('',*,*,#2124,.T.);
#1299=ORIENTED_EDGE('',*,*,#2125,.T.);
#1300=ORIENTED_EDGE('',*,*,#2126,.T.);
#1301=ORIENTED_EDGE('',*,*,#2127,.T.);
#1302=ORIENTED_EDGE('',*,*,#2128,.T.);
#1303=ORIENTED_EDGE('',*,*,#2129,.T.);
#1304=CARTESIAN_POINT('',(-33.8,-2.22091901554,10.77346363647));
#1305=DIRECTION('',(-1.0,0.0,0.0));
#1306=DIRECTION('',(0.0,0.881361027015453,0.472443372329707));
#1307=SURFACE_STYLE_FILL_AREA(#2130);
#1308=ORIENTED_EDGE('',*,*,#2131,.T.);
#1309=ORIENTED_EDGE('',*,*,#2005,.F.);
#1310=ORIENTED_EDGE('',*,*,#2129,.F.);
#1311=ORIENTED_EDGE('',*,*,#2132,.T.);
#1312=CARTESIAN_POINT('',(-20.0,16.49160927931,27.35180145477));
#1313=DIRECTION('',(-1.0,-0.0,0.0));
#1314=DIRECTION('',(0.0,-0.998274686050948,-0.0587167028185469));
#1315=SURFACE_STYLE_FILL_AREA(#2133);
#1316=ORIENTED_EDGE('',*,*,#2134,.T.);
#1317=ORIENTED_EDGE('',*,*,#2006,.F.);
#1318=ORIENTED_EDGE('',*,*,#2131,.F.);
#1319=ORIENTED_EDGE('',*,*,#2135,.T.);
#1320=CARTESIAN_POINT('',(-20.0,10.50196116248,26.99950123726));
#1321=DIRECTION('',(-0.0,0.998274686038666,0.0587167030273504));
#1322=DIRECTION('',(1.0,0.0,0.0));
#1323=SURFACE_STYLE_FILL_AREA(#2136);
#1324=ORIENTED_EDGE('',*,*,#2008,.F.);
#1325=ORIENTED_EDGE('',*,*,#2007,.F.);
#1326=ORIENTED_EDGE('',*,*,#2134,.F.);
#1327=ORIENTED_EDGE('',*,*,#2137,.T.);
#1328=ORIENTED_EDGE('',*,*,#2138,.T.);
#1329=CARTESIAN_POINT('',(-20.0,4.334601446963,29.66857283047));
#1330=DIRECTION('',(-1.0,0.0,0.0));
#1331=DIRECTION('',(0.0,0.998274686055522,0.0587167027407819));
#1332=SURFACE_STYLE_FILL_AREA(#2139);
#1333=ORIENTED_EDGE('',*,*,#2009,.F.);
#1334=ORIENTED_EDGE('',*,*,#2138,.F.);
#1335=ORIENTED_EDGE('',*,*,#2140,.T.);
#1336=ORIENTED_EDGE('',*,*,#2141,.T.);
#1337=CARTESIAN_POINT('',(-16.2,-2.160604647945,31.3926861811));
#1338=DIRECTION('',(0.0,-0.747405778917961,0.664367821044966));
#1339=DIRECTION('',(-1.0,0.0,0.0));
#1340=SURFACE_STYLE_FILL_AREA(#2142);
#1341=ORIENTED_EDGE('',*,*,#2143,.T.);
#1342=ORIENTED_EDGE('',*,*,#2144,.T.);
#1343=ORIENTED_EDGE('',*,*,#2010,.F.);
#1344=ORIENTED_EDGE('',*,*,#2141,.F.);
#1345=CARTESIAN_POINT('',(-20.0,-6.645039319977,35.37889310864));
#1346=DIRECTION('',(-1.0,0.0,0.0));
#1347=DIRECTION('',(0.0,0.290136953201946,-0.956985134882821));
#1348=SURFACE_STYLE_FILL_AREA(#2145);
#1349=ORIENTED_EDGE('',*,*,#2144,.F.);
#1350=ORIENTED_EDGE('',*,*,#2146,.T.);
#1351=ORIENTED_EDGE('',*,*,#2029,.F.);
#1352=ORIENTED_EDGE('',*,*,#2011,.F.);
#1353=CARTESIAN_POINT('',(-20.0,-6.645039319977,35.37889310864));
#1354=DIRECTION('',(-1.0,0.0,0.0));
#1355=DIRECTION('',(0.0,0.176964812381975,-0.984217178867862));
#1356=SURFACE_STYLE_FILL_AREA(#2147);
#1357=ORIENTED_EDGE('',*,*,#2148,.T.);
#1358=ORIENTED_EDGE('',*,*,#2149,.T.);
#1359=ORIENTED_EDGE('',*,*,#2026,.F.);
#1360=ORIENTED_EDGE('',*,*,#2150,.T.);
#1361=CARTESIAN_POINT('',(-34.0,-5.846586157841,22.73233175349));
#1362=DIRECTION('',(-1.0,0.0,0.0));
#1363=DIRECTION('',(0.0,-0.290136952063035,0.956985135228114));
#1364=SURFACE_STYLE_FILL_AREA(#2151);
#1365=ORIENTED_EDGE('',*,*,#2150,.F.);
#1366=ORIENTED_EDGE('',*,*,#2027,.F.);
#1367=ORIENTED_EDGE('',*,*,#2149,.F.);
#1368=ORIENTED_EDGE('',*,*,#2152,.T.);
#1369=CARTESIAN_POINT('',(-34.0,-5.846586157841,22.73233175349));
#1370=DIRECTION('',(-1.0,0.0,0.0));
#1371=DIRECTION('',(0.0,0.290136951670992,-0.956985135346973));
#1372=SURFACE_STYLE_FILL_AREA(#2153);
#1373=ORIENTED_EDGE('',*,*,#2154,.T.);
#1374=ORIENTED_EDGE('',*,*,#2155,.T.);
#1375=ORIENTED_EDGE('',*,*,#2024,.F.);
#1376=ORIENTED_EDGE('',*,*,#2156,.T.);
#1377=CARTESIAN_POINT('',(-34.0,1.404748126761,-1.185404480543));
#1378=DIRECTION('',(-1.0,0.0,0.0));
#1379=DIRECTION('',(0.0,-0.290136952063035,0.956985135228114));
#1380=SURFACE_STYLE_FILL_AREA(#2157);
#1381=ORIENTED_EDGE('',*,*,#2156,.F.);
#1382=ORIENTED_EDGE('',*,*,#2025,.F.);
#1383=ORIENTED_EDGE('',*,*,#2155,.F.);
#1384=ORIENTED_EDGE('',*,*,#2158,.T.);
#1385=CARTESIAN_POINT('',(-34.0,1.404748126761,-1.185404480543));
#1386=DIRECTION('',(-1.0,0.0,0.0));
#1387=DIRECTION('',(0.0,0.290136951670992,-0.956985135346973));
#1388=SURFACE_STYLE_FILL_AREA(#2159);
#1389=ORIENTED_EDGE('',*,*,#2160,.T.);
#1390=ORIENTED_EDGE('',*,*,#2014,.F.);
#1391=ORIENTED_EDGE('',*,*,#2161,.T.);
#1392=ORIENTED_EDGE('',*,*,#2162,.T.);
#1393=CARTESIAN_POINT('',(-16.2,-2.22091901554,10.77346363647));
#1394=DIRECTION('',(1.0,0.0,0.0));
#1395=DIRECTION('',(0.0,-0.290136953398106,0.95698513482335));
#1396=SURFACE_STYLE_FILL_AREA(#2163);
#1397=ORIENTED_EDGE('',*,*,#2015,.F.);
#1398=ORIENTED_EDGE('',*,*,#2160,.F.);
#1399=ORIENTED_EDGE('',*,*,#2164,.T.);
#1400=ORIENTED_EDGE('',*,*,#2161,.F.);
#1401=CARTESIAN_POINT('',(-16.2,-2.22091901554,10.77346363647));
#1402=DIRECTION('',(1.0,0.0,0.0));
#1403=DIRECTION('',(0.0,0.290136953006063,-0.956985134942209));
#1404=SURFACE_STYLE_FILL_AREA(#2165);
#1405=ORIENTED_EDGE('',*,*,#2166,.T.);
#1406=ORIENTED_EDGE('',*,*,#2016,.F.);
#1407=ORIENTED_EDGE('',*,*,#2167,.T.);
#1408=ORIENTED_EDGE('',*,*,#2168,.T.);
#1409=CARTESIAN_POINT('',(-16.2,-18.63071300162,-0.659762563152));
#1410=DIRECTION('',(1.0,0.0,0.0));
#1411=DIRECTION('',(0.0,-0.290136953397828,0.956985134823434));
#1412=SURFACE_STYLE_FILL_AREA(#2169);
#1413=ORIENTED_EDGE('',*,*,#2017,.F.);
#1414=ORIENTED_EDGE('',*,*,#2166,.F.);
#1415=ORIENTED_EDGE('',*,*,#2170,.T.);
#1416=ORIENTED_EDGE('',*,*,#2167,.F.);
#1417=CARTESIAN_POINT('',(-16.2,-18.63071300162,-0.659762563152));
#1418=DIRECTION('',(1.0,0.0,0.0));
#1419=DIRECTION('',(0.0,0.290136953006063,-0.956985134942209));
#1420=SURFACE_STYLE_FILL_AREA(#2171);
#1421=ORIENTED_EDGE('',*,*,#2172,.T.);
#1422=ORIENTED_EDGE('',*,*,#2020,.F.);
#1423=ORIENTED_EDGE('',*,*,#2173,.T.);
#1424=ORIENTED_EDGE('',*,*,#2174,.T.);
#1425=CARTESIAN_POINT('',(-16.2,17.77516493968,10.37770303533));
#1426=DIRECTION('',(1.0,0.0,0.0));
#1427=DIRECTION('',(0.0,-0.290136953398106,0.95698513482335));
#1428=SURFACE_STYLE_FILL_AREA(#2175);
#1429=ORIENTED_EDGE('',*,*,#2021,.F.);
#1430=ORIENTED_EDGE('',*,*,#2172,.F.);
#1431=ORIENTED_EDGE('',*,*,#2176,.T.);
#1432=ORIENTED_EDGE('',*,*,#2173,.F.);
#1433=CARTESIAN_POINT('',(-16.2,17.77516493968,10.37770303533));
#1434=DIRECTION('',(1.0,0.0,0.0));
#1435=DIRECTION('',(0.0,0.290136953006063,-0.956985134942209));
#1436=SURFACE_STYLE_FILL_AREA(#2177);
#1437=ORIENTED_EDGE('',*,*,#2178,.T.);
#1438=ORIENTED_EDGE('',*,*,#2022,.F.);
#1439=ORIENTED_EDGE('',*,*,#2179,.T.);
#1440=ORIENTED_EDGE('',*,*,#2180,.T.);
#1441=CARTESIAN_POINT('',(-16.2,4.334601446963,29.66857283047));
#1442=DIRECTION('',(1.0,0.0,0.0));
#1443=DIRECTION('',(0.0,-0.290136953398106,0.95698513482335));
#1444=SURFACE_STYLE_FILL_AREA(#2181);
#1445=ORIENTED_EDGE('',*,*,#2023,.F.);
#1446=ORIENTED_EDGE('',*,*,#2178,.F.);
#1447=ORIENTED_EDGE('',*,*,#2182,.T.);
#1448=ORIENTED_EDGE('',*,*,#2179,.F.);
#1449=CARTESIAN_POINT('',(-16.2,4.334601446963,29.66857283047));
#1450=DIRECTION('',(1.0,0.0,0.0));
#1451=DIRECTION('',(0.0,0.290136953006063,-0.956985134942209));
#1452=SURFACE_STYLE_FILL_AREA(#2183);
#1453=ORIENTED_EDGE('',*,*,#2132,.F.);
#1454=ORIENTED_EDGE('',*,*,#2128,.F.);
#1455=ORIENTED_EDGE('',*,*,#2184,.T.);
#1456=ORIENTED_EDGE('',*,*,#2030,.F.);
#1457=ORIENTED_EDGE('',*,*,#2146,.F.);
#1458=ORIENTED_EDGE('',*,*,#2143,.F.);
#1459=ORIENTED_EDGE('',*,*,#2140,.F.);
#1460=ORIENTED_EDGE('',*,*,#2137,.F.);
#1461=ORIENTED_EDGE('',*,*,#2135,.F.);
#1462=ORIENTED_EDGE('',*,*,#2182,.F.);
#1463=ORIENTED_EDGE('',*,*,#2180,.F.);
#1464=CARTESIAN_POINT('',(-20.0,12.49656067585,22.24389308285));
#1465=DIRECTION('',(-1.0,0.0,0.0));
#1466=DIRECTION('',(0.0,0.0,1.0));
#1467=SURFACE_STYLE_FILL_AREA(#2185);
#1468=ORIENTED_EDGE('',*,*,#2186,.T.);
#1469=ORIENTED_EDGE('',*,*,#2031,.F.);
#1470=ORIENTED_EDGE('',*,*,#2184,.F.);
#1471=ORIENTED_EDGE('',*,*,#2127,.F.);
#1472=CARTESIAN_POINT('',(-20.0,8.759577758735,42.42277153763));
#1473=DIRECTION('',(1.0,0.0,0.0));
#1474=DIRECTION('',(0.0,0.187376714901058,-0.982288128154305));
#1475=SURFACE_STYLE_FILL_AREA(#2187);
#1476=ORIENTED_EDGE('',*,*,#2188,.T.);
#1477=ORIENTED_EDGE('',*,*,#2189,.T.);
#1478=ORIENTED_EDGE('',*,*,#2190,.T.);
#1479=ORIENTED_EDGE('',*,*,#2191,.T.);
#1480=ORIENTED_EDGE('',*,*,#2192,.T.);
#1481=ORIENTED_EDGE('',*,*,#2032,.F.);
#1482=ORIENTED_EDGE('',*,*,#2186,.F.);
#1483=ORIENTED_EDGE('',*,*,#2126,.F.);
#1484=ORIENTED_EDGE('',*,*,#2193,.T.);
#1485=ORIENTED_EDGE('',*,*,#2194,.T.);
#1486=ORIENTED_EDGE('',*,*,#2195,.T.);
#1487=CARTESIAN_POINT('',(-30.0,12.49786405413,22.30974710297));
#1488=DIRECTION('',(1.0,0.0,0.0));
#1489=DIRECTION('',(0.0,1.0,0.0));
#1490=SURFACE_STYLE_FILL_AREA(#2196);
#1491=ORIENTED_EDGE('',*,*,#2197,.T.);
#1492=ORIENTED_EDGE('',*,*,#2198,.T.);
#1493=ORIENTED_EDGE('',*,*,#2033,.F.);
#1494=ORIENTED_EDGE('',*,*,#2192,.F.);
#1495=CARTESIAN_POINT('',(-33.8,-6.645039319977,35.37889310864));
#1496=DIRECTION('',(-1.0,0.0,0.0));
#1497=DIRECTION('',(0.0,0.176964812136015,-0.984217178912086));
#1498=SURFACE_STYLE_FILL_AREA(#2199);
#1499=ORIENTED_EDGE('',*,*,#2200,.T.);
#1500=ORIENTED_EDGE('',*,*,#2201,.T.);
#1501=ORIENTED_EDGE('',*,*,#2202,.T.);
#1502=ORIENTED_EDGE('',*,*,#2203,.T.);
#1503=ORIENTED_EDGE('',*,*,#2204,.T.);
#1504=ORIENTED_EDGE('',*,*,#2034,.F.);
#1505=ORIENTED_EDGE('',*,*,#2198,.F.);
#1506=ORIENTED_EDGE('',*,*,#2205,.T.);
#1507=ORIENTED_EDGE('',*,*,#2206,.T.);
#1508=ORIENTED_EDGE('',*,*,#2207,.T.);
#1509=ORIENTED_EDGE('',*,*,#2208,.T.);
#1510=ORIENTED_EDGE('',*,*,#2209,.T.);
#1511=ORIENTED_EDGE('',*,*,#2124,.F.);
#1512=ORIENTED_EDGE('',*,*,#2210,.T.);
#1513=ORIENTED_EDGE('',*,*,#2211,.T.);
#1514=ORIENTED_EDGE('',*,*,#2212,.T.);
#1515=ORIENTED_EDGE('',*,*,#2213,.T.);
#1516=ORIENTED_EDGE('',*,*,#2214,.T.);
#1517=ORIENTED_EDGE('',*,*,#2098,.F.);
#1518=ORIENTED_EDGE('',*,*,#2096,.F.);
#1519=ORIENTED_EDGE('',*,*,#2215,.T.);
#1520=ORIENTED_EDGE('',*,*,#2086,.F.);
#1521=ORIENTED_EDGE('',*,*,#2082,.F.);
#1522=ORIENTED_EDGE('',*,*,#2216,.T.);
#1523=ORIENTED_EDGE('',*,*,#2217,.T.);
#1524=ORIENTED_EDGE('',*,*,#2218,.T.);
#1525=ORIENTED_EDGE('',*,*,#2219,.T.);
#1526=ORIENTED_EDGE('',*,*,#2220,.T.);
#1527=ORIENTED_EDGE('',*,*,#2052,.F.);
#1528=ORIENTED_EDGE('',*,*,#2221,.T.);
#1529=ORIENTED_EDGE('',*,*,#2164,.F.);
#1530=ORIENTED_EDGE('',*,*,#2162,.F.);
#1531=ORIENTED_EDGE('',*,*,#2222,.T.);
#1532=ORIENTED_EDGE('',*,*,#2223,.T.);
#1533=ORIENTED_EDGE('',*,*,#2224,.T.);
#1534=ORIENTED_EDGE('',*,*,#2225,.T.);
#1535=ORIENTED_EDGE('',*,*,#2226,.T.);
#1536=ORIENTED_EDGE('',*,*,#2227,.T.);
#1537=ORIENTED_EDGE('',*,*,#2228,.T.);
#1538=ORIENTED_EDGE('',*,*,#2229,.T.);
#1539=ORIENTED_EDGE('',*,*,#2148,.F.);
#1540=ORIENTED_EDGE('',*,*,#2152,.F.);
#1541=ORIENTED_EDGE('',*,*,#2154,.F.);
#1542=ORIENTED_EDGE('',*,*,#2158,.F.);
#1543=CARTESIAN_POINT('',(-33.8,-12.63389165401,46.12415499297));
#1544=DIRECTION('',(-1.0,0.0,0.0));
#1545=DIRECTION('',(0.0,0.0,1.0));
#1546=SURFACE_STYLE_FILL_AREA(#2230);
#1547=ORIENTED_EDGE('',*,*,#2204,.F.);
#1548=ORIENTED_EDGE('',*,*,#2231,.T.);
#1549=ORIENTED_EDGE('',*,*,#2232,.T.);
#1550=ORIENTED_EDGE('',*,*,#2035,.F.);
#1551=CARTESIAN_POINT('',(-33.8,-12.20536597619,33.69312373142));
#1552=DIRECTION('',(-1.0,0.0,0.0));
#1553=DIRECTION('',(0.0,0.290136953201946,-0.956985134882821));
#1554=SURFACE_STYLE_FILL_AREA(#2233);
#1555=ORIENTED_EDGE('',*,*,#2047,.F.);
#1556=ORIENTED_EDGE('',*,*,#2036,.F.);
#1557=ORIENTED_EDGE('',*,*,#2232,.F.);
#1558=ORIENTED_EDGE('',*,*,#2234,.T.);
#1559=ORIENTED_EDGE('',*,*,#2235,.T.);
#1560=ORIENTED_EDGE('',*,*,#2236,.T.);
#1561=ORIENTED_EDGE('',*,*,#2237,.T.);
#1562=ORIENTED_EDGE('',*,*,#2238,.T.);
#1563=ORIENTED_EDGE('',*,*,#2050,.F.);
#1564=ORIENTED_EDGE('',*,*,#2239,.T.);
#1565=ORIENTED_EDGE('',*,*,#2240,.T.);
#1566=CARTESIAN_POINT('',(-30.0,-9.405291063512,12.3452757388));
#1567=DIRECTION('',(1.0,0.0,0.0));
#1568=DIRECTION('',(0.0,1.0,0.0));
#1569=SURFACE_STYLE_FILL_AREA(#2241);
#1570=ORIENTED_EDGE('',*,*,#2242,.T.);
#1571=ORIENTED_EDGE('',*,*,#2221,.F.);
#1572=ORIENTED_EDGE('',*,*,#2051,.F.);
#1573=ORIENTED_EDGE('',*,*,#2238,.F.);
#1574=CARTESIAN_POINT('',(-33.8,-26.98920141105,14.16937105265));
#1575=DIRECTION('',(-1.0,0.0,0.0));
#1576=DIRECTION('',(0.0,0.990731295914809,-0.135836295940974));
#1577=SURFACE_STYLE_FILL_AREA(#2243);
#1578=ORIENTED_EDGE('',*,*,#2053,.F.);
#1579=ORIENTED_EDGE('',*,*,#2220,.F.);
#1580=ORIENTED_EDGE('',*,*,#2244,.T.);
#1581=ORIENTED_EDGE('',*,*,#2245,.T.);
#1582=CARTESIAN_POINT('',(-33.8,-27.10417489088,8.36025476704));
#1583=DIRECTION('',(-1.0,0.0,0.0));
#1584=DIRECTION('',(0.0,0.842133997950827,-0.539268327917889));
#1585=SURFACE_STYLE_FILL_AREA(#2246);
#1586=ORIENTED_EDGE('',*,*,#2247,.T.);
#1587=ORIENTED_EDGE('',*,*,#2248,.T.);
#1588=ORIENTED_EDGE('',*,*,#2249,.T.);
#1589=ORIENTED_EDGE('',*,*,#2250,.T.);
#1590=ORIENTED_EDGE('',*,*,#2080,.F.);
#1591=ORIENTED_EDGE('',*,*,#2251,.T.);
#1592=ORIENTED_EDGE('',*,*,#2054,.F.);
#1593=ORIENTED_EDGE('',*,*,#2245,.F.);
#1594=ORIENTED_EDGE('',*,*,#2252,.T.);
#1595=ORIENTED_EDGE('',*,*,#2253,.T.);
#1596=CARTESIAN_POINT('',(-30.0,-9.785815783447,-6.881004568676));
#1597=DIRECTION('',(1.0,0.0,0.0));
#1598=DIRECTION('',(0.0,1.0,0.0));
#1599=SURFACE_STYLE_FILL_AREA(#2254);
#1600=ORIENTED_EDGE('',*,*,#2251,.F.);
#1601=ORIENTED_EDGE('',*,*,#2079,.F.);
#1602=ORIENTED_EDGE('',*,*,#2255,.T.);
#1603=ORIENTED_EDGE('',*,*,#2055,.F.);
#1604=CARTESIAN_POINT('',(-20.0,-29.70732394181,-8.377190249105));
#1605=DIRECTION('',(1.0,0.0,-0.0));
#1606=DIRECTION('',(0.0,0.425783528571098,0.904825058670208));
#1607=SURFACE_STYLE_FILL_AREA(#2256);
#1608=ORIENTED_EDGE('',*,*,#2064,.F.);
#1609=ORIENTED_EDGE('',*,*,#2056,.F.);
#1610=ORIENTED_EDGE('',*,*,#2255,.F.);
#1611=ORIENTED_EDGE('',*,*,#2078,.F.);
#1612=ORIENTED_EDGE('',*,*,#2076,.F.);
#1613=ORIENTED_EDGE('',*,*,#2072,.F.);
#1614=ORIENTED_EDGE('',*,*,#2069,.F.);
#1615=ORIENTED_EDGE('',*,*,#2067,.F.);
#1616=ORIENTED_EDGE('',*,*,#2170,.F.);
#1617=ORIENTED_EDGE('',*,*,#2168,.F.);
#1618=CARTESIAN_POINT('',(-20.0,-9.785129855601,-6.846347504281));
#1619=DIRECTION('',(-1.0,0.0,0.0));
#1620=DIRECTION('',(0.0,0.0,1.0));
#1621=SURFACE_STYLE_FILL_AREA(#2257);
#1622=ORIENTED_EDGE('',*,*,#2258,.T.);
#1623=ORIENTED_EDGE('',*,*,#2216,.F.);
#1624=ORIENTED_EDGE('',*,*,#2081,.F.);
#1625=ORIENTED_EDGE('',*,*,#2250,.F.);
#1626=CARTESIAN_POINT('',(-33.8,-13.10443907476,-11.73317962997));
#1627=DIRECTION('',(-1.0,0.0,0.0));
#1628=DIRECTION('',(0.0,0.435340802897887,0.900265730399766));
#1629=SURFACE_STYLE_FILL_AREA(#2259);
#1630=ORIENTED_EDGE('',*,*,#2215,.F.);
#1631=ORIENTED_EDGE('',*,*,#2095,.F.);
#1632=ORIENTED_EDGE('',*,*,#2260,.T.);
#1633=ORIENTED_EDGE('',*,*,#2087,.F.);
#1634=CARTESIAN_POINT('',(-33.8,-0.492286245105,-12.16148412368));
#1635=DIRECTION('',(0.0,0.290136953201946,-0.956985134882821));
#1636=DIRECTION('',(-1.0,0.0,0.0));
#1637=SURFACE_STYLE_FILL_AREA(#2261);
#1638=ORIENTED_EDGE('',*,*,#2088,.F.);
#1639=ORIENTED_EDGE('',*,*,#2262,.T.);
#1640=ORIENTED_EDGE('',*,*,#2263,.T.);
#1641=ORIENTED_EDGE('',*,*,#2264,.T.);
#1642=CARTESIAN_POINT('',(-17.1000000032,-0.492286245284,-12.16148412309));
#1643=DIRECTION('',(0.0,-0.956985134882821,-0.290136953201946));
#1644=DIRECTION('',(0.0,0.290136953201946,-0.956985134882821));
#1645=SURFACE_STYLE_FILL_AREA(#2265);
#1646=ORIENTED_EDGE('',*,*,#2094,.F.);
#1647=ORIENTED_EDGE('',*,*,#2266,.T.);
#1648=ORIENTED_EDGE('',*,*,#2267,.T.);
#1649=ORIENTED_EDGE('',*,*,#2268,.T.);
#1650=CARTESIAN_POINT('',(-17.09999999959,9.077565103388,-9.260114590556));
#1651=DIRECTION('',(-0.0,0.956985134882821,0.290136953201946));
#1652=DIRECTION('',(1.0,0.0,0.0));
#1653=SURFACE_STYLE_FILL_AREA(#2269);
#1654=ORIENTED_EDGE('',*,*,#2099,.F.);
#1655=ORIENTED_EDGE('',*,*,#2214,.F.);
#1656=ORIENTED_EDGE('',*,*,#2270,.T.);
#1657=ORIENTED_EDGE('',*,*,#2271,.T.);
#1658=CARTESIAN_POINT('',(-33.8,19.32850644707,-1.900220209735));
#1659=DIRECTION('',(-1.0,0.0,0.0));
#1660=DIRECTION('',(0.0,-0.364326746196027,0.931271186071069));
#1661=SURFACE_STYLE_FILL_AREA(#2272);
#1662=ORIENTED_EDGE('',*,*,#2273,.T.);
#1663=ORIENTED_EDGE('',*,*,#2100,.F.);
#1664=ORIENTED_EDGE('',*,*,#2271,.F.);
#1665=ORIENTED_EDGE('',*,*,#2274,.T.);
#1666=ORIENTED_EDGE('',*,*,#2275,.T.);
#1667=ORIENTED_EDGE('',*,*,#2276,.T.);
#1668=ORIENTED_EDGE('',*,*,#2277,.T.);
#1669=ORIENTED_EDGE('',*,*,#2122,.F.);
#1670=ORIENTED_EDGE('',*,*,#2278,.T.);
#1671=ORIENTED_EDGE('',*,*,#2279,.T.);
#1672=CARTESIAN_POINT('',(-30.0,13.29909265595,0.339976732251));
#1673=DIRECTION('',(1.0,0.0,0.0));
#1674=DIRECTION('',(0.0,1.0,0.0));
#1675=SURFACE_STYLE_FILL_AREA(#2280);
#1676=ORIENTED_EDGE('',*,*,#2281,.T.);
#1677=ORIENTED_EDGE('',*,*,#2101,.F.);
#1678=ORIENTED_EDGE('',*,*,#2273,.F.);
#1679=ORIENTED_EDGE('',*,*,#2121,.F.);
#1680=CARTESIAN_POINT('',(-20.0,31.27252160977,10.11056462833));
#1681=DIRECTION('',(1.0,-0.0,0.0));
#1682=DIRECTION('',(-0.0,-0.876308935898873,-0.48174957069393));
#1683=SURFACE_STYLE_FILL_AREA(#2282);
#1684=ORIENTED_EDGE('',*,*,#2118,.F.);
#1685=ORIENTED_EDGE('',*,*,#2114,.F.);
#1686=ORIENTED_EDGE('',*,*,#2111,.F.);
#1687=ORIENTED_EDGE('',*,*,#2109,.F.);
#1688=ORIENTED_EDGE('',*,*,#2106,.F.);
#1689=ORIENTED_EDGE('',*,*,#2102,.F.);
#1690=ORIENTED_EDGE('',*,*,#2281,.F.);
#1691=ORIENTED_EDGE('',*,*,#2120,.F.);
#1692=ORIENTED_EDGE('',*,*,#2176,.F.);
#1693=ORIENTED_EDGE('',*,*,#2174,.F.);
#1694=CARTESIAN_POINT('',(-20.0,13.23605899692,0.32086630354));
#1695=DIRECTION('',(-1.0,0.0,0.0));
#1696=DIRECTION('',(0.0,0.0,1.0));
#1697=SURFACE_STYLE_FILL_AREA(#2283);
#1698=ORIENTED_EDGE('',*,*,#2284,.T.);
#1699=ORIENTED_EDGE('',*,*,#2210,.F.);
#1700=ORIENTED_EDGE('',*,*,#2123,.F.);
#1701=ORIENTED_EDGE('',*,*,#2277,.F.);
#1702=CARTESIAN_POINT('',(-33.8,19.81310666168,22.5845479415));
#1703=DIRECTION('',(-1.0,-0.0,0.0));
#1704=DIRECTION('',(0.0,-0.881361027457633,-0.472443371504803));
#1705=SURFACE_STYLE_FILL_AREA(#2285);
#1706=ORIENTED_EDGE('',*,*,#2125,.F.);
#1707=ORIENTED_EDGE('',*,*,#2209,.F.);
#1708=ORIENTED_EDGE('',*,*,#2286,.T.);
#1709=ORIENTED_EDGE('',*,*,#2193,.F.);
#1710=CARTESIAN_POINT('',(-33.8,16.49160927931,27.35180145477));
#1711=DIRECTION('',(-1.0,-0.0,0.0));
#1712=DIRECTION('',(0.0,-0.998274686052742,-0.0587167027880349));
#1713=SURFACE_STYLE_FILL_AREA(#2287);
#1714=ORIENTED_EDGE('',*,*,#2286,.F.);
#1715=ORIENTED_EDGE('',*,*,#2208,.F.);
#1716=ORIENTED_EDGE('',*,*,#2288,.T.);
#1717=ORIENTED_EDGE('',*,*,#2188,.F.);
#1718=CARTESIAN_POINT('',(-33.8,10.5019611627,26.99950123337));
#1719=DIRECTION('',(-0.0,0.998274686038666,0.0587167030273504));
#1720=DIRECTION('',(1.0,0.0,0.0));
#1721=SURFACE_STYLE_FILL_AREA(#2289);
#1722=ORIENTED_EDGE('',*,*,#2207,.F.);
#1723=ORIENTED_EDGE('',*,*,#2290,.T.);
#1724=ORIENTED_EDGE('',*,*,#2189,.F.);
#1725=ORIENTED_EDGE('',*,*,#2288,.F.);
#1726=CARTESIAN_POINT('',(-33.8,4.334601446963,29.66857283047));
#1727=DIRECTION('',(-1.0,0.0,0.0));
#1728=DIRECTION('',(0.0,0.998274686049137,0.0587167028493281));
#1729=SURFACE_STYLE_FILL_AREA(#2291);
#1730=ORIENTED_EDGE('',*,*,#2206,.F.);
#1731=ORIENTED_EDGE('',*,*,#2292,.T.);
#1732=ORIENTED_EDGE('',*,*,#2190,.F.);
#1733=ORIENTED_EDGE('',*,*,#2290,.F.);
#1734=CARTESIAN_POINT('',(-30.0,-2.160604648096,31.39268618093));
#1735=DIRECTION('',(0.0,-0.747405778917961,0.664367821044966));
#1736=DIRECTION('',(-1.0,0.0,0.0));
#1737=SURFACE_STYLE_FILL_AREA(#2293);
#1738=ORIENTED_EDGE('',*,*,#2205,.F.);
#1739=ORIENTED_EDGE('',*,*,#2197,.F.);
#1740=ORIENTED_EDGE('',*,*,#2191,.F.);
#1741=ORIENTED_EDGE('',*,*,#2292,.F.);
#1742=CARTESIAN_POINT('',(-33.8,-6.645039319977,35.37889310864));
#1743=DIRECTION('',(-1.0,0.0,0.0));
#1744=DIRECTION('',(0.0,0.29013695265096,-0.956985135049868));
#1745=SURFACE_STYLE_FILL_AREA(#2294);
#1746=ORIENTED_EDGE('',*,*,#2295,.T.);
#1747=ORIENTED_EDGE('',*,*,#2194,.F.);
#1748=ORIENTED_EDGE('',*,*,#2296,.T.);
#1749=ORIENTED_EDGE('',*,*,#2227,.F.);
#1750=CARTESIAN_POINT('',(-30.0,4.334601446963,29.66857283047));
#1751=DIRECTION('',(1.0,0.0,0.0));
#1752=DIRECTION('',(0.0,-0.290136953203139,0.95698513488246));
#1753=SURFACE_STYLE_FILL_AREA(#2297);
#1754=ORIENTED_EDGE('',*,*,#2195,.F.);
#1755=ORIENTED_EDGE('',*,*,#2295,.F.);
#1756=ORIENTED_EDGE('',*,*,#2226,.F.);
#1757=ORIENTED_EDGE('',*,*,#2296,.F.);
#1758=CARTESIAN_POINT('',(-30.0,4.334601446963,29.66857283047));
#1759=DIRECTION('',(1.0,0.0,0.0));
#1760=DIRECTION('',(0.0,0.290136952808071,-0.956985135002235));
#1761=SURFACE_STYLE_FILL_AREA(#2298);
#1762=ORIENTED_EDGE('',*,*,#2200,.F.);
#1763=ORIENTED_EDGE('',*,*,#2242,.F.);
#1764=ORIENTED_EDGE('',*,*,#2237,.F.);
#1765=ORIENTED_EDGE('',*,*,#2299,.T.);
#1766=CARTESIAN_POINT('',(-33.8,-21.81232681311,17.20251618667));
#1767=DIRECTION('',(0.0,-0.862812432797092,-0.505524189145054));
#1768=DIRECTION('',(0.0,0.505524189145054,-0.862812432797092));
#1769=SURFACE_STYLE_FILL_AREA(#2300);
#1770=ORIENTED_EDGE('',*,*,#2201,.F.);
#1771=ORIENTED_EDGE('',*,*,#2299,.F.);
#1772=ORIENTED_EDGE('',*,*,#2236,.F.);
#1773=ORIENTED_EDGE('',*,*,#2301,.T.);
#1774=CARTESIAN_POINT('',(-33.8,-18.16546851121,22.8470439409));
#1775=DIRECTION('',(-1.0,0.0,0.0));
#1776=DIRECTION('',(0.0,0.252640940100093,0.967560104275358));
#1777=SURFACE_STYLE_FILL_AREA(#2302);
#1778=ORIENTED_EDGE('',*,*,#2303,.T.);
#1779=ORIENTED_EDGE('',*,*,#2202,.F.);
#1780=ORIENTED_EDGE('',*,*,#2301,.F.);
#1781=ORIENTED_EDGE('',*,*,#2235,.F.);
#1782=CARTESIAN_POINT('',(-33.8,-13.72121161534,27.88776310566));
#1783=DIRECTION('',(-0.0,0.252640940001993,0.967560104300973));
#1784=DIRECTION('',(1.0,0.0,0.0));
#1785=SURFACE_STYLE_FILL_AREA(#2304);
#1786=ORIENTED_EDGE('',*,*,#2231,.F.);
#1787=ORIENTED_EDGE('',*,*,#2203,.F.);
#1788=ORIENTED_EDGE('',*,*,#2303,.F.);
#1789=ORIENTED_EDGE('',*,*,#2234,.F.);
#1790=CARTESIAN_POINT('',(-33.8,-12.20536597619,33.69312373142));
#1791=DIRECTION('',(-1.0,-0.0,0.0));
#1792=DIRECTION('',(0.0,-0.252640940411043,-0.967560104194165));
#1793=SURFACE_STYLE_FILL_AREA(#2305);
#1794=ORIENTED_EDGE('',*,*,#2211,.F.);
#1795=ORIENTED_EDGE('',*,*,#2284,.F.);
#1796=ORIENTED_EDGE('',*,*,#2276,.F.);
#1797=ORIENTED_EDGE('',*,*,#2306,.T.);
#1798=CARTESIAN_POINT('',(-30.0,17.40776511167,17.08779144131));
#1799=DIRECTION('',(-0.0,0.400890258161923,0.916126083522823));
#1800=DIRECTION('',(1.0,0.0,0.0));
#1801=SURFACE_STYLE_FILL_AREA(#2307);
#1802=ORIENTED_EDGE('',*,*,#2212,.F.);
#1803=ORIENTED_EDGE('',*,*,#2306,.F.);
#1804=ORIENTED_EDGE('',*,*,#2275,.F.);
#1805=ORIENTED_EDGE('',*,*,#2308,.T.);
#1806=CARTESIAN_POINT('',(-33.8,17.77516493968,10.37770303533));
#1807=DIRECTION('',(-1.0,0.0,0.0));
#1808=DIRECTION('',(0.0,0.364326745762822,-0.931271186240545));
#1809=SURFACE_STYLE_FILL_AREA(#2309);
#1810=ORIENTED_EDGE('',*,*,#2270,.F.);
#1811=ORIENTED_EDGE('',*,*,#2213,.F.);
#1812=ORIENTED_EDGE('',*,*,#2308,.F.);
#1813=ORIENTED_EDGE('',*,*,#2274,.F.);
#1814=CARTESIAN_POINT('',(-30.0,17.14254596625,3.687406904891));
#1815=DIRECTION('',(0.0,0.364326746140863,-0.93127118609265));
#1816=DIRECTION('',(-1.0,0.0,0.0));
#1817=SURFACE_STYLE_FILL_AREA(#2310);
#1818=ORIENTED_EDGE('',*,*,#2217,.F.);
#1819=ORIENTED_EDGE('',*,*,#2258,.F.);
#1820=ORIENTED_EDGE('',*,*,#2249,.F.);
#1821=ORIENTED_EDGE('',*,*,#2311,.T.);
#1822=CARTESIAN_POINT('',(-33.8,-14.389389283,-5.872385915958));
#1823=DIRECTION('',(0.0,0.214158369464957,-0.976798952081804));
#1824=DIRECTION('',(-1.0,0.0,0.0));
#1825=SURFACE_STYLE_FILL_AREA(#2312);
#1826=ORIENTED_EDGE('',*,*,#2218,.F.);
#1827=ORIENTED_EDGE('',*,*,#2311,.F.);
#1828=ORIENTED_EDGE('',*,*,#2248,.F.);
#1829=ORIENTED_EDGE('',*,*,#2313,.T.);
#1830=CARTESIAN_POINT('',(-33.8,-18.63071300162,-0.659762563152));
#1831=DIRECTION('',(-1.0,0.0,0.0));
#1832=DIRECTION('',(0.0,-0.842133998370136,0.539268327263087));
#1833=SURFACE_STYLE_FILL_AREA(#2314);
#1834=ORIENTED_EDGE('',*,*,#2244,.F.);
#1835=ORIENTED_EDGE('',*,*,#2219,.F.);
#1836=ORIENTED_EDGE('',*,*,#2313,.F.);
#1837=ORIENTED_EDGE('',*,*,#2247,.F.);
#1838=CARTESIAN_POINT('',(-33.8,-22.05137090212,5.124644802004));
#1839=DIRECTION('',(0.0,-0.842133998238197,0.539268327469126));
#1840=DIRECTION('',(-1.0,0.0,0.0));
#1841=SURFACE_STYLE_FILL_AREA(#2315);
#1842=ORIENTED_EDGE('',*,*,#2253,.F.);
#1843=ORIENTED_EDGE('',*,*,#2316,.T.);
#1844=ORIENTED_EDGE('',*,*,#2222,.F.);
#1845=ORIENTED_EDGE('',*,*,#2317,.T.);
#1846=CARTESIAN_POINT('',(-30.0,-18.63071300162,-0.659762563152));
#1847=DIRECTION('',(1.0,0.0,0.0));
#1848=DIRECTION('',(0.0,0.290136952808071,-0.956985135002235));
#1849=SURFACE_STYLE_FILL_AREA(#2318);
#1850=ORIENTED_EDGE('',*,*,#2316,.F.);
#1851=ORIENTED_EDGE('',*,*,#2252,.F.);
#1852=ORIENTED_EDGE('',*,*,#2317,.F.);
#1853=ORIENTED_EDGE('',*,*,#2223,.F.);
#1854=CARTESIAN_POINT('',(-30.0,-18.63071300162,-0.659762563152));
#1855=DIRECTION('',(1.0,0.0,0.0));
#1856=DIRECTION('',(0.0,-0.290136953203139,0.95698513488246));
#1857=SURFACE_STYLE_FILL_AREA(#2319);
#1858=ORIENTED_EDGE('',*,*,#2240,.F.);
#1859=ORIENTED_EDGE('',*,*,#2320,.T.);
#1860=ORIENTED_EDGE('',*,*,#2224,.F.);
#1861=ORIENTED_EDGE('',*,*,#2321,.T.);
#1862=CARTESIAN_POINT('',(-30.0,-18.16546851121,22.8470439409));
#1863=DIRECTION('',(1.0,0.0,0.0));
#1864=DIRECTION('',(0.0,0.290136953848902,-0.956985134686678));
#1865=SURFACE_STYLE_FILL_AREA(#2322);
#1866=ORIENTED_EDGE('',*,*,#2320,.F.);
#1867=ORIENTED_EDGE('',*,*,#2239,.F.);
#1868=ORIENTED_EDGE('',*,*,#2321,.F.);
#1869=ORIENTED_EDGE('',*,*,#2225,.F.);
#1870=CARTESIAN_POINT('',(-30.0,-18.16546851121,22.8470439409));
#1871=DIRECTION('',(1.0,0.0,0.0));
#1872=DIRECTION('',(0.0,-0.290136953201946,0.956985134882821));
#1873=SURFACE_STYLE_FILL_AREA(#2323);
#1874=ORIENTED_EDGE('',*,*,#2279,.F.);
#1875=ORIENTED_EDGE('',*,*,#2324,.T.);
#1876=ORIENTED_EDGE('',*,*,#2228,.F.);
#1877=ORIENTED_EDGE('',*,*,#2325,.T.);
#1878=CARTESIAN_POINT('',(-30.0,17.77516493968,10.37770303533));
#1879=DIRECTION('',(1.0,0.0,0.0));
#1880=DIRECTION('',(0.0,0.290136952809903,-0.95698513500168));
#1881=SURFACE_STYLE_FILL_AREA(#2326);
#1882=ORIENTED_EDGE('',*,*,#2324,.F.);
#1883=ORIENTED_EDGE('',*,*,#2278,.F.);
#1884=ORIENTED_EDGE('',*,*,#2325,.F.);
#1885=ORIENTED_EDGE('',*,*,#2229,.F.);
#1886=CARTESIAN_POINT('',(-30.0,17.77516493968,10.37770303533));
#1887=DIRECTION('',(1.0,0.0,0.0));
#1888=DIRECTION('',(0.0,-0.290136953501043,0.956985134792142));
#1889=SURFACE_STYLE_FILL_AREA(#2327);
#1890=ORIENTED_EDGE('',*,*,#2260,.F.);
#1891=ORIENTED_EDGE('',*,*,#2268,.F.);
#1892=ORIENTED_EDGE('',*,*,#2328,.T.);
#1893=ORIENTED_EDGE('',*,*,#2329,.T.);
#1894=ORIENTED_EDGE('',*,*,#2262,.F.);
#1895=CARTESIAN_POINT('',(-28.9,10.9271422129,-12.87915652597));
#1896=DIRECTION('',(-1.0,0.0,0.0));
#1897=DIRECTION('',(0.0,0.0,1.0));
#1898=SURFACE_STYLE_FILL_AREA(#2330);
#1899=ORIENTED_EDGE('',*,*,#2331,.T.);
#1900=ORIENTED_EDGE('',*,*,#2266,.F.);
#1901=ORIENTED_EDGE('',*,*,#2090,.F.);
#1902=ORIENTED_EDGE('',*,*,#2264,.F.);
#1903=ORIENTED_EDGE('',*,*,#2332,.T.);
#1904=CARTESIAN_POINT('',(-21.1,10.92714221249,-12.87915652524));
#1905=DIRECTION('',(1.0,0.0,0.0));
#1906=DIRECTION('',(0.0,1.0,0.0));
#1907=SURFACE_STYLE_FILL_AREA(#2333);
#1908=ORIENTED_EDGE('',*,*,#2334,.T.);
#1909=ORIENTED_EDGE('',*,*,#2328,.F.);
#1910=ORIENTED_EDGE('',*,*,#2267,.F.);
#1911=ORIENTED_EDGE('',*,*,#2331,.F.);
#1912=ORIENTED_EDGE('',*,*,#2335,.T.);
#1913=ORIENTED_EDGE('',*,*,#2336,.T.);
#1914=ORIENTED_EDGE('',*,*,#2337,.T.);
#1915=ORIENTED_EDGE('',*,*,#2338,.T.);
#1916=CARTESIAN_POINT('',(-29.9,15.62250360638,-48.08112215882));
#1917=DIRECTION('',(-1.0,0.0,0.0));
#1918=DIRECTION('',(0.0,0.290136953201946,-0.956985134882821));
#1919=SURFACE_STYLE_FILL_AREA(#2339);
#1920=ORIENTED_EDGE('',*,*,#2340,.T.);
#1921=ORIENTED_EDGE('',*,*,#2337,.F.);
#1922=ORIENTED_EDGE('',*,*,#2341,.T.);
#1923=ORIENTED_EDGE('',*,*,#2335,.F.);
#1924=ORIENTED_EDGE('',*,*,#2332,.F.);
#1925=ORIENTED_EDGE('',*,*,#2263,.F.);
#1926=ORIENTED_EDGE('',*,*,#2329,.F.);
#1927=ORIENTED_EDGE('',*,*,#2334,.F.);
#1928=CARTESIAN_POINT('',(-29.9,15.62250360638,-48.08112215882));
#1929=DIRECTION('',(-1.0,0.0,0.0));
#1930=DIRECTION('',(0.0,-0.290136953398106,0.95698513482335));
#1931=SURFACE_STYLE_FILL_AREA(#2342);
#1932=ORIENTED_EDGE('',*,*,#2336,.F.);
#1933=ORIENTED_EDGE('',*,*,#2341,.F.);
#1934=ORIENTED_EDGE('',*,*,#2343,.T.);
#1935=ORIENTED_EDGE('',*,*,#2344,.T.);
#1936=CARTESIAN_POINT('',(-20.1,10.57144586695,-56.40465636119));
#1937=DIRECTION('',(1.0,0.0,0.0));
#1938=DIRECTION('',(0.0,1.0,0.0));
#1939=SURFACE_STYLE_FILL_AREA(#2345);
#1940=ORIENTED_EDGE('',*,*,#2338,.F.);
#1941=ORIENTED_EDGE('',*,*,#2340,.F.);
#1942=ORIENTED_EDGE('',*,*,#2346,.T.);
#1943=ORIENTED_EDGE('',*,*,#2347,.T.);
#1944=CARTESIAN_POINT('',(-29.9,10.57144586735,-56.40465636275));
#1945=DIRECTION('',(-1.0,0.0,0.0));
#1946=DIRECTION('',(0.0,0.0,1.0));
#1947=SURFACE_STYLE_FILL_AREA(#2348);
#1948=ORIENTED_EDGE('',*,*,#2349,.T.);
#1949=ORIENTED_EDGE('',*,*,#2346,.F.);
#1950=ORIENTED_EDGE('',*,*,#2350,.T.);
#1951=ORIENTED_EDGE('',*,*,#2343,.F.);
#1952=CARTESIAN_POINT('',(-29.9,15.62250360638,-48.08112215882));
#1953=DIRECTION('',(-1.0,0.0,0.0));
#1954=DIRECTION('',(0.0,0.290136953201946,-0.956985134882821));
#1955=SURFACE_STYLE_FILL_AREA(#2351);
#1956=ORIENTED_EDGE('',*,*,#2347,.F.);
#1957=ORIENTED_EDGE('',*,*,#2349,.F.);
#1958=ORIENTED_EDGE('',*,*,#2344,.F.);
#1959=ORIENTED_EDGE('',*,*,#2350,.F.);
#1960=CARTESIAN_POINT('',(-29.9,15.62250360638,-48.08112215882));
#1961=DIRECTION('',(-1.0,0.0,0.0));
#1962=DIRECTION('',(0.0,-0.290136953398106,0.95698513482335));
#1963=FILL_AREA_STYLE('',(#2352));
#1964=EDGE_CURVE('',#2353,#2354,#2355,.T.);
#1965=EDGE_CURVE('',#2354,#2356,#2357,.T.);
#1966=EDGE_CURVE('',#2356,#2358,#2359,.T.);
#1967=EDGE_CURVE('',#2358,#2353,#2360,.T.);
#1968=FILL_AREA_STYLE('',(#2361));
#1969=EDGE_CURVE('',#2362,#2363,#2364,.T.);
#1970=EDGE_CURVE('',#2363,#2365,#2366,.T.);
#1971=EDGE_CURVE('',#2365,#2367,#2368,.T.);
#1972=EDGE_CURVE('',#2367,#2369,#2370,.T.);
#1973=EDGE_CURVE('',#2369,#2354,#2371,.T.);
#1974=EDGE_CURVE('',#2353,#2372,#2373,.T.);
#1975=EDGE_CURVE('',#2372,#2374,#2375,.T.);
#1976=EDGE_CURVE('',#2374,#2362,#2376,.T.);
#1977=EDGE_CURVE('',#2377,#2378,#2379,.T.);
#1978=EDGE_CURVE('',#2378,#2377,#2380,.T.);
#1979=FILL_AREA_STYLE('',(#2381));
#1980=EDGE_CURVE('',#2369,#2382,#2383,.T.);
#1981=EDGE_CURVE('',#2382,#2356,#2384,.T.);
#1982=FILL_AREA_STYLE('',(#2385));
#1983=EDGE_CURVE('',#2382,#2386,#2387,.T.);
#1984=EDGE_CURVE('',#2386,#2388,#2389,.T.);
#1985=EDGE_CURVE('',#2388,#2390,#2391,.T.);
#1986=EDGE_CURVE('',#2390,#2392,#2393,.T.);
#1987=EDGE_CURVE('',#2392,#2394,#2395,.T.);
#1988=EDGE_CURVE('',#2394,#2396,#2397,.T.);
#1989=EDGE_CURVE('',#2396,#2398,#2399,.T.);
#1990=EDGE_CURVE('',#2398,#2400,#2401,.T.);
#1991=EDGE_CURVE('',#2400,#2402,#2403,.T.);
#1992=EDGE_CURVE('',#2402,#2404,#2405,.T.);
#1993=EDGE_CURVE('',#2404,#2406,#2407,.T.);
#1994=EDGE_CURVE('',#2406,#2408,#2409,.T.);
#1995=EDGE_CURVE('',#2408,#2410,#2411,.T.);
#1996=EDGE_CURVE('',#2410,#2412,#2413,.T.);
#1997=EDGE_CURVE('',#2412,#2414,#2415,.T.);
#1998=EDGE_CURVE('',#2414,#2416,#2417,.T.);
#1999=EDGE_CURVE('',#2416,#2418,#2419,.T.);
#2000=EDGE_CURVE('',#2418,#2420,#2421,.T.);
#2001=EDGE_CURVE('',#2420,#2422,#2423,.T.);
#2002=EDGE_CURVE('',#2422,#2424,#2425,.T.);
#2003=EDGE_CURVE('',#2424,#2426,#2427,.T.);
#2004=EDGE_CURVE('',#2426,#2428,#2429,.T.);
#2005=EDGE_CURVE('',#2428,#2430,#2431,.T.);
#2006=EDGE_CURVE('',#2430,#2432,#2433,.T.);
#2007=EDGE_CURVE('',#2432,#2434,#2435,.T.);
#2008=EDGE_CURVE('',#2434,#2436,#2437,.T.);
#2009=EDGE_CURVE('',#2436,#2438,#2439,.T.);
#2010=EDGE_CURVE('',#2438,#2440,#2441,.T.);
#2011=EDGE_CURVE('',#2440,#2442,#2443,.T.);
#2012=EDGE_CURVE('',#2442,#2444,#2445,.T.);
#2013=EDGE_CURVE('',#2444,#2358,#2446,.T.);
#2014=EDGE_CURVE('',#2447,#2448,#2449,.T.);
#2015=EDGE_CURVE('',#2448,#2447,#2450,.T.);
#2016=EDGE_CURVE('',#2451,#2452,#2453,.T.);
#2017=EDGE_CURVE('',#2452,#2451,#2454,.T.);
#2018=EDGE_CURVE('',#2455,#2456,#2457,.T.);
#2019=EDGE_CURVE('',#2456,#2455,#2458,.T.);
#2020=EDGE_CURVE('',#2459,#2460,#2461,.T.);
#2021=EDGE_CURVE('',#2460,#2459,#2462,.T.);
#2022=EDGE_CURVE('',#2463,#2464,#2465,.T.);
#2023=EDGE_CURVE('',#2464,#2463,#2466,.T.);
#2024=EDGE_CURVE('',#2467,#2468,#2469,.T.);
#2025=EDGE_CURVE('',#2468,#2467,#2470,.T.);
#2026=EDGE_CURVE('',#2471,#2472,#2473,.T.);
#2027=EDGE_CURVE('',#2472,#2471,#2474,.T.);
#2028=FILL_AREA_STYLE('',(#2475));
#2029=EDGE_CURVE('',#2442,#2476,#2477,.T.);
#2030=EDGE_CURVE('',#2476,#2478,#2479,.T.);
#2031=EDGE_CURVE('',#2478,#2480,#2481,.T.);
#2032=EDGE_CURVE('',#2480,#2482,#2483,.T.);
#2033=EDGE_CURVE('',#2482,#2484,#2485,.T.);
#2034=EDGE_CURVE('',#2484,#2486,#2487,.T.);
#2035=EDGE_CURVE('',#2486,#2488,#2489,.T.);
#2036=EDGE_CURVE('',#2488,#2490,#2491,.T.);
#2037=EDGE_CURVE('',#2490,#2372,#2492,.T.);
#2038=FILL_AREA_STYLE('',(#2493));
#2039=EDGE_CURVE('',#2362,#2394,#2494,.T.);
#2040=EDGE_CURVE('',#2392,#2363,#2495,.T.);
#2041=FILL_AREA_STYLE('',(#2496));
#2042=EDGE_CURVE('',#2390,#2365,#2497,.T.);
#2043=FILL_AREA_STYLE('',(#2498));
#2044=EDGE_CURVE('',#2386,#2367,#2499,.T.);
#2045=FILL_AREA_STYLE('',(#2500));
#2046=FILL_AREA_STYLE('',(#2501));
#2047=EDGE_CURVE('',#2490,#2502,#2503,.T.);
#2048=EDGE_CURVE('',#2502,#2374,#2504,.T.);
#2049=FILL_AREA_STYLE('',(#2505));
#2050=EDGE_CURVE('',#2502,#2506,#2507,.T.);
#2051=EDGE_CURVE('',#2506,#2508,#2509,.T.);
#2052=EDGE_CURVE('',#2508,#2510,#2511,.T.);
#2053=EDGE_CURVE('',#2510,#2512,#2513,.T.);
#2054=EDGE_CURVE('',#2512,#2514,#2515,.T.);
#2055=EDGE_CURVE('',#2514,#2516,#2517,.T.);
#2056=EDGE_CURVE('',#2516,#2518,#2519,.T.);
#2057=EDGE_CURVE('',#2518,#2396,#2520,.T.);
#2058=FILL_AREA_STYLE('',(#2521));
#2059=EDGE_CURVE('',#2456,#2378,#2522,.T.);
#2060=EDGE_CURVE('',#2377,#2455,#2523,.T.);
#2061=FILL_AREA_STYLE('',(#2524));
#2062=FILL_AREA_STYLE('',(#2525));
#2063=EDGE_CURVE('',#2526,#2398,#2527,.T.);
#2064=EDGE_CURVE('',#2518,#2526,#2528,.T.);
#2065=FILL_AREA_STYLE('',(#2529));
#2066=EDGE_CURVE('',#2530,#2400,#2531,.T.);
#2067=EDGE_CURVE('',#2526,#2530,#2532,.T.);
#2068=FILL_AREA_STYLE('',(#2533));
#2069=EDGE_CURVE('',#2530,#2534,#2535,.T.);
#2070=EDGE_CURVE('',#2534,#2402,#2536,.T.);
#2071=FILL_AREA_STYLE('',(#2537));
#2072=EDGE_CURVE('',#2534,#2538,#2539,.T.);
#2073=EDGE_CURVE('',#2538,#2404,#2540,.T.);
#2074=FILL_AREA_STYLE('',(#2541));
#2075=EDGE_CURVE('',#2542,#2406,#2543,.T.);
#2076=EDGE_CURVE('',#2538,#2542,#2544,.T.);
#2077=FILL_AREA_STYLE('',(#2545));
#2078=EDGE_CURVE('',#2542,#2546,#2547,.T.);
#2079=EDGE_CURVE('',#2546,#2548,#2549,.T.);
#2080=EDGE_CURVE('',#2548,#2550,#2551,.T.);
#2081=EDGE_CURVE('',#2550,#2552,#2553,.T.);
#2082=EDGE_CURVE('',#2552,#2554,#2555,.T.);
#2083=EDGE_CURVE('',#2554,#2408,#2556,.T.);
#2084=FILL_AREA_STYLE('',(#2557));
#2085=EDGE_CURVE('',#2558,#2410,#2559,.T.);
#2086=EDGE_CURVE('',#2554,#2560,#2561,.T.);
#2087=EDGE_CURVE('',#2560,#2562,#2563,.T.);
#2088=EDGE_CURVE('',#2562,#2558,#2564,.T.);
#2089=FILL_AREA_STYLE('',(#2565));
#2090=EDGE_CURVE('',#2558,#2566,#2567,.F.);
#2091=EDGE_CURVE('',#2566,#2412,#2568,.T.);
#2092=FILL_AREA_STYLE('',(#2569));
#2093=EDGE_CURVE('',#2570,#2414,#2571,.T.);
#2094=EDGE_CURVE('',#2566,#2572,#2573,.T.);
#2095=EDGE_CURVE('',#2572,#2574,#2575,.T.);
#2096=EDGE_CURVE('',#2574,#2570,#2576,.T.);
#2097=FILL_AREA_STYLE('',(#2577));
#2098=EDGE_CURVE('',#2570,#2578,#2579,.T.);
#2099=EDGE_CURVE('',#2578,#2580,#2581,.T.);
#2100=EDGE_CURVE('',#2580,#2582,#2583,.T.);
#2101=EDGE_CURVE('',#2582,#2584,#2585,.T.);
#2102=EDGE_CURVE('',#2584,#2586,#2587,.T.);
#2103=EDGE_CURVE('',#2586,#2416,#2588,.T.);
#2104=FILL_AREA_STYLE('',(#2589));
#2105=EDGE_CURVE('',#2590,#2418,#2591,.T.);
#2106=EDGE_CURVE('',#2586,#2590,#2592,.T.);
#2107=FILL_AREA_STYLE('',(#2593));
#2108=EDGE_CURVE('',#2594,#2420,#2595,.T.);
#2109=EDGE_CURVE('',#2590,#2594,#2596,.T.);
#2110=FILL_AREA_STYLE('',(#2597));
#2111=EDGE_CURVE('',#2594,#2598,#2599,.T.);
#2112=EDGE_CURVE('',#2598,#2422,#2600,.T.);
#2113=FILL_AREA_STYLE('',(#2601));
#2114=EDGE_CURVE('',#2598,#2602,#2603,.T.);
#2115=EDGE_CURVE('',#2602,#2424,#2604,.T.);
#2116=FILL_AREA_STYLE('',(#2605));
#2117=EDGE_CURVE('',#2606,#2426,#2607,.T.);
#2118=EDGE_CURVE('',#2602,#2606,#2608,.T.);
#2119=FILL_AREA_STYLE('',(#2609));
#2120=EDGE_CURVE('',#2606,#2610,#2611,.T.);
#2121=EDGE_CURVE('',#2610,#2612,#2613,.T.);
#2122=EDGE_CURVE('',#2612,#2614,#2615,.T.);
#2123=EDGE_CURVE('',#2614,#2616,#2617,.T.);
#2124=EDGE_CURVE('',#2616,#2618,#2619,.T.);
#2125=EDGE_CURVE('',#2618,#2620,#2621,.T.);
#2126=EDGE_CURVE('',#2620,#2622,#2623,.T.);
#2127=EDGE_CURVE('',#2622,#2624,#2625,.T.);
#2128=EDGE_CURVE('',#2624,#2626,#2627,.T.);
#2129=EDGE_CURVE('',#2626,#2428,#2628,.T.);
#2130=FILL_AREA_STYLE('',(#2629));
#2131=EDGE_CURVE('',#2630,#2430,#2631,.T.);
#2132=EDGE_CURVE('',#2626,#2630,#2632,.T.);
#2133=FILL_AREA_STYLE('',(#2633));
#2134=EDGE_CURVE('',#2634,#2432,#2635,.T.);
#2135=EDGE_CURVE('',#2630,#2634,#2636,.T.);
#2136=FILL_AREA_STYLE('',(#2637));
#2137=EDGE_CURVE('',#2634,#2638,#2639,.T.);
#2138=EDGE_CURVE('',#2638,#2436,#2640,.T.);
#2139=FILL_AREA_STYLE('',(#2641));
#2140=EDGE_CURVE('',#2638,#2642,#2643,.T.);
#2141=EDGE_CURVE('',#2642,#2438,#2644,.T.);
#2142=FILL_AREA_STYLE('',(#2645));
#2143=EDGE_CURVE('',#2642,#2646,#2647,.T.);
#2144=EDGE_CURVE('',#2646,#2440,#2648,.T.);
#2145=FILL_AREA_STYLE('',(#2649));
#2146=EDGE_CURVE('',#2646,#2476,#2650,.T.);
#2147=FILL_AREA_STYLE('',(#2651));
#2148=EDGE_CURVE('',#2652,#2653,#2654,.T.);
#2149=EDGE_CURVE('',#2653,#2472,#2655,.T.);
#2150=EDGE_CURVE('',#2471,#2652,#2656,.T.);
#2151=FILL_AREA_STYLE('',(#2657));
#2152=EDGE_CURVE('',#2653,#2652,#2658,.T.);
#2153=FILL_AREA_STYLE('',(#2659));
#2154=EDGE_CURVE('',#2660,#2661,#2662,.T.);
#2155=EDGE_CURVE('',#2661,#2468,#2663,.T.);
#2156=EDGE_CURVE('',#2467,#2660,#2664,.T.);
#2157=FILL_AREA_STYLE('',(#2665));
#2158=EDGE_CURVE('',#2661,#2660,#2666,.T.);
#2159=FILL_AREA_STYLE('',(#2667));
#2160=EDGE_CURVE('',#2668,#2448,#2669,.T.);
#2161=EDGE_CURVE('',#2447,#2670,#2671,.T.);
#2162=EDGE_CURVE('',#2670,#2668,#2672,.T.);
#2163=FILL_AREA_STYLE('',(#2673));
#2164=EDGE_CURVE('',#2668,#2670,#2674,.T.);
#2165=FILL_AREA_STYLE('',(#2675));
#2166=EDGE_CURVE('',#2676,#2452,#2677,.T.);
#2167=EDGE_CURVE('',#2451,#2678,#2679,.T.);
#2168=EDGE_CURVE('',#2678,#2676,#2680,.T.);
#2169=FILL_AREA_STYLE('',(#2681));
#2170=EDGE_CURVE('',#2676,#2678,#2682,.T.);
#2171=FILL_AREA_STYLE('',(#2683));
#2172=EDGE_CURVE('',#2684,#2460,#2685,.T.);
#2173=EDGE_CURVE('',#2459,#2686,#2687,.T.);
#2174=EDGE_CURVE('',#2686,#2684,#2688,.T.);
#2175=FILL_AREA_STYLE('',(#2689));
#2176=EDGE_CURVE('',#2684,#2686,#2690,.T.);
#2177=FILL_AREA_STYLE('',(#2691));
#2178=EDGE_CURVE('',#2692,#2464,#2693,.T.);
#2179=EDGE_CURVE('',#2463,#2694,#2695,.T.);
#2180=EDGE_CURVE('',#2694,#2692,#2696,.T.);
#2181=FILL_AREA_STYLE('',(#2697));
#2182=EDGE_CURVE('',#2692,#2694,#2698,.T.);
#2183=FILL_AREA_STYLE('',(#2699));
#2184=EDGE_CURVE('',#2624,#2478,#2700,.T.);
#2185=FILL_AREA_STYLE('',(#2701));
#2186=EDGE_CURVE('',#2622,#2480,#2702,.T.);
#2187=FILL_AREA_STYLE('',(#2703));
#2188=EDGE_CURVE('',#2704,#2705,#2706,.T.);
#2189=EDGE_CURVE('',#2705,#2707,#2708,.T.);
#2190=EDGE_CURVE('',#2707,#2709,#2710,.T.);
#2191=EDGE_CURVE('',#2709,#2711,#2712,.T.);
#2192=EDGE_CURVE('',#2711,#2482,#2713,.T.);
#2193=EDGE_CURVE('',#2620,#2704,#2714,.T.);
#2194=EDGE_CURVE('',#2715,#2716,#2717,.T.);
#2195=EDGE_CURVE('',#2716,#2715,#2718,.T.);
#2196=FILL_AREA_STYLE('',(#2719));
#2197=EDGE_CURVE('',#2711,#2720,#2721,.T.);
#2198=EDGE_CURVE('',#2720,#2484,#2722,.T.);
#2199=FILL_AREA_STYLE('',(#2723));
#2200=EDGE_CURVE('',#2724,#2725,#2726,.T.);
#2201=EDGE_CURVE('',#2725,#2727,#2728,.T.);
#2202=EDGE_CURVE('',#2727,#2729,#2730,.T.);
#2203=EDGE_CURVE('',#2729,#2731,#2732,.T.);
#2204=EDGE_CURVE('',#2731,#2486,#2733,.T.);
#2205=EDGE_CURVE('',#2720,#2734,#2735,.T.);
#2206=EDGE_CURVE('',#2734,#2736,#2737,.T.);
#2207=EDGE_CURVE('',#2736,#2738,#2739,.T.);
#2208=EDGE_CURVE('',#2738,#2740,#2741,.T.);
#2209=EDGE_CURVE('',#2740,#2618,#2742,.T.);
#2210=EDGE_CURVE('',#2616,#2743,#2744,.T.);
#2211=EDGE_CURVE('',#2743,#2745,#2746,.T.);
#2212=EDGE_CURVE('',#2745,#2747,#2748,.T.);
#2213=EDGE_CURVE('',#2747,#2749,#2750,.T.);
#2214=EDGE_CURVE('',#2749,#2578,#2751,.T.);
#2215=EDGE_CURVE('',#2574,#2560,#2752,.T.);
#2216=EDGE_CURVE('',#2552,#2753,#2754,.T.);
#2217=EDGE_CURVE('',#2753,#2755,#2756,.T.);
#2218=EDGE_CURVE('',#2755,#2757,#2758,.T.);
#2219=EDGE_CURVE('',#2757,#2759,#2760,.T.);
#2220=EDGE_CURVE('',#2759,#2510,#2761,.T.);
#2221=EDGE_CURVE('',#2508,#2724,#2762,.T.);
#2222=EDGE_CURVE('',#2763,#2764,#2765,.T.);
#2223=EDGE_CURVE('',#2764,#2763,#2766,.T.);
#2224=EDGE_CURVE('',#2767,#2768,#2769,.T.);
#2225=EDGE_CURVE('',#2768,#2767,#2770,.T.);
#2226=EDGE_CURVE('',#2771,#2772,#2773,.T.);
#2227=EDGE_CURVE('',#2772,#2771,#2774,.T.);
#2228=EDGE_CURVE('',#2775,#2776,#2777,.T.);
#2229=EDGE_CURVE('',#2776,#2775,#2778,.T.);
#2230=FILL_AREA_STYLE('',(#2779));
#2231=EDGE_CURVE('',#2731,#2780,#2781,.T.);
#2232=EDGE_CURVE('',#2780,#2488,#2782,.T.);
#2233=FILL_AREA_STYLE('',(#2783));
#2234=EDGE_CURVE('',#2780,#2784,#2785,.T.);
#2235=EDGE_CURVE('',#2784,#2786,#2787,.T.);
#2236=EDGE_CURVE('',#2786,#2788,#2789,.T.);
#2237=EDGE_CURVE('',#2788,#2790,#2791,.T.);
#2238=EDGE_CURVE('',#2790,#2506,#2792,.T.);
#2239=EDGE_CURVE('',#2793,#2794,#2795,.T.);
#2240=EDGE_CURVE('',#2794,#2793,#2796,.T.);
#2241=FILL_AREA_STYLE('',(#2797));
#2242=EDGE_CURVE('',#2790,#2724,#2798,.T.);
#2243=FILL_AREA_STYLE('',(#2799));
#2244=EDGE_CURVE('',#2759,#2800,#2801,.T.);
#2245=EDGE_CURVE('',#2800,#2512,#2802,.T.);
#2246=FILL_AREA_STYLE('',(#2803));
#2247=EDGE_CURVE('',#2800,#2804,#2805,.T.);
#2248=EDGE_CURVE('',#2804,#2806,#2807,.T.);
#2249=EDGE_CURVE('',#2806,#2808,#2809,.T.);
#2250=EDGE_CURVE('',#2808,#2550,#2810,.T.);
#2251=EDGE_CURVE('',#2548,#2514,#2811,.T.);
#2252=EDGE_CURVE('',#2812,#2813,#2814,.T.);
#2253=EDGE_CURVE('',#2813,#2812,#2815,.T.);
#2254=FILL_AREA_STYLE('',(#2816));
#2255=EDGE_CURVE('',#2546,#2516,#2817,.T.);
#2256=FILL_AREA_STYLE('',(#2818));
#2257=FILL_AREA_STYLE('',(#2819));
#2258=EDGE_CURVE('',#2808,#2753,#2820,.T.);
#2259=FILL_AREA_STYLE('',(#2821));
#2260=EDGE_CURVE('',#2572,#2562,#2822,.T.);
#2261=FILL_AREA_STYLE('',(#2823));
#2262=EDGE_CURVE('',#2562,#2824,#2825,.T.);
#2263=EDGE_CURVE('',#2824,#2826,#2827,.T.);
#2264=EDGE_CURVE('',#2826,#2558,#2828,.T.);
#2265=FILL_AREA_STYLE('',(#2829));
#2266=EDGE_CURVE('',#2566,#2830,#2831,.T.);
#2267=EDGE_CURVE('',#2830,#2832,#2833,.F.);
#2268=EDGE_CURVE('',#2832,#2572,#2834,.T.);
#2269=FILL_AREA_STYLE('',(#2835));
#2270=EDGE_CURVE('',#2749,#2836,#2837,.T.);
#2271=EDGE_CURVE('',#2836,#2580,#2838,.T.);
#2272=FILL_AREA_STYLE('',(#2839));
#2273=EDGE_CURVE('',#2612,#2582,#2840,.T.);
#2274=EDGE_CURVE('',#2836,#2841,#2842,.T.);
#2275=EDGE_CURVE('',#2841,#2843,#2844,.T.);
#2276=EDGE_CURVE('',#2843,#2845,#2846,.T.);
#2277=EDGE_CURVE('',#2845,#2614,#2847,.T.);
#2278=EDGE_CURVE('',#2848,#2849,#2850,.T.);
#2279=EDGE_CURVE('',#2849,#2848,#2851,.T.);
#2280=FILL_AREA_STYLE('',(#2852));
#2281=EDGE_CURVE('',#2610,#2584,#2853,.T.);
#2282=FILL_AREA_STYLE('',(#2854));
#2283=FILL_AREA_STYLE('',(#2855));
#2284=EDGE_CURVE('',#2845,#2743,#2856,.T.);
#2285=FILL_AREA_STYLE('',(#2857));
#2286=EDGE_CURVE('',#2740,#2704,#2858,.T.);
#2287=FILL_AREA_STYLE('',(#2859));
#2288=EDGE_CURVE('',#2738,#2705,#2860,.T.);
#2289=FILL_AREA_STYLE('',(#2861));
#2290=EDGE_CURVE('',#2736,#2707,#2862,.T.);
#2291=FILL_AREA_STYLE('',(#2863));
#2292=EDGE_CURVE('',#2734,#2709,#2864,.T.);
#2293=FILL_AREA_STYLE('',(#2865));
#2294=FILL_AREA_STYLE('',(#2866));
#2295=EDGE_CURVE('',#2772,#2716,#2867,.T.);
#2296=EDGE_CURVE('',#2715,#2771,#2868,.T.);
#2297=FILL_AREA_STYLE('',(#2869));
#2298=FILL_AREA_STYLE('',(#2870));
#2299=EDGE_CURVE('',#2788,#2725,#2871,.T.);
#2300=FILL_AREA_STYLE('',(#2872));
#2301=EDGE_CURVE('',#2786,#2727,#2873,.T.);
#2302=FILL_AREA_STYLE('',(#2874));
#2303=EDGE_CURVE('',#2784,#2729,#2875,.T.);
#2304=FILL_AREA_STYLE('',(#2876));
#2305=FILL_AREA_STYLE('',(#2877));
#2306=EDGE_CURVE('',#2843,#2745,#2878,.T.);
#2307=FILL_AREA_STYLE('',(#2879));
#2308=EDGE_CURVE('',#2841,#2747,#2880,.T.);
#2309=FILL_AREA_STYLE('',(#2881));
#2310=FILL_AREA_STYLE('',(#2882));
#2311=EDGE_CURVE('',#2806,#2755,#2883,.T.);
#2312=FILL_AREA_STYLE('',(#2884));
#2313=EDGE_CURVE('',#2804,#2757,#2885,.T.);
#2314=FILL_AREA_STYLE('',(#2886));
#2315=FILL_AREA_STYLE('',(#2887));
#2316=EDGE_CURVE('',#2813,#2764,#2888,.T.);
#2317=EDGE_CURVE('',#2763,#2812,#2889,.T.);
#2318=FILL_AREA_STYLE('',(#2890));
#2319=FILL_AREA_STYLE('',(#2891));
#2320=EDGE_CURVE('',#2794,#2768,#2892,.T.);
#2321=EDGE_CURVE('',#2767,#2793,#2893,.T.);
#2322=FILL_AREA_STYLE('',(#2894));
#2323=FILL_AREA_STYLE('',(#2895));
#2324=EDGE_CURVE('',#2849,#2776,#2896,.T.);
#2325=EDGE_CURVE('',#2775,#2848,#2897,.T.);
#2326=FILL_AREA_STYLE('',(#2898));
#2327=FILL_AREA_STYLE('',(#2899));
#2328=EDGE_CURVE('',#2832,#2900,#2901,.T.);
#2329=EDGE_CURVE('',#2900,#2824,#2902,.T.);
#2330=FILL_AREA_STYLE('',(#2903));
#2331=EDGE_CURVE('',#2904,#2830,#2905,.T.);
#2332=EDGE_CURVE('',#2826,#2904,#2906,.T.);
#2333=FILL_AREA_STYLE('',(#2907));
#2334=EDGE_CURVE('',#2908,#2900,#2909,.T.);
#2335=EDGE_CURVE('',#2904,#2910,#2911,.T.);
#2336=EDGE_CURVE('',#2910,#2912,#2913,.T.);
#2337=EDGE_CURVE('',#2912,#2914,#2915,.T.);
#2338=EDGE_CURVE('',#2914,#2908,#2916,.T.);
#2339=FILL_AREA_STYLE('',(#2917));
#2340=EDGE_CURVE('',#2908,#2914,#2918,.T.);
#2341=EDGE_CURVE('',#2912,#2910,#2919,.T.);
#2342=FILL_AREA_STYLE('',(#2920));
#2343=EDGE_CURVE('',#2921,#2922,#2923,.T.);
#2344=EDGE_CURVE('',#2922,#2921,#2924,.T.);
#2345=FILL_AREA_STYLE('',(#2925));
#2346=EDGE_CURVE('',#2926,#2927,#2928,.T.);
#2347=EDGE_CURVE('',#2927,#2926,#2929,.T.);
#2348=FILL_AREA_STYLE('',(#2930));
#2349=EDGE_CURVE('',#2921,#2927,#2931,.T.);
#2350=EDGE_CURVE('',#2926,#2922,#2932,.T.);
#2351=FILL_AREA_STYLE('',(#2933));
#2352=FILL_AREA_STYLE_COLOUR('',#2934);
#2353=VERTEX_POINT('',#2935);
#2354=VERTEX_POINT('',#2936);
#2355=CIRCLE('',#2937,5.934091934992);
#2356=VERTEX_POINT('',#2938);
#2357=LINE('',#2939,#2940);
#2358=VERTEX_POINT('',#2941);
#2359=CIRCLE('',#2942,6.003668218646);
#2360=LINE('',#2943,#2944);
#2361=FILL_AREA_STYLE_COLOUR('',#2945);
#2362=VERTEX_POINT('',#2946);
#2363=VERTEX_POINT('',#2947);
#2364=B_SPLINE_CURVE_WITH_KNOTS('',3,(#2948,#2949,#2950,#2951,#2952,#2953,#2954,#2955,#2956,#2957,#2958,#2959,#2960,#2961,#2962,#2963,#2964,#2965,#2966,#2967,#2968,#2969,#2970,#2971,#2972,#2973,#2974,#2975,#2976,#2977,#2978),.UNSPECIFIED.,.F.,.F.,(4,3,3,3,3,3,3,3,3,3,4),(0.0,0.1,0.2,0.32,0.42,0.62736,0.72736,0.82736,0.92736,0.97856,1.0),.UNSPECIFIED.);
#2365=VERTEX_POINT('',#2979);
#2366=LINE('',#2980,#2981);
#2367=VERTEX_POINT('',#2982);
#2368=B_SPLINE_CURVE_WITH_KNOTS('',3,(#2983,#2984,#2985,#2986,#2987,#2988,#2989,#2990,#2991,#2992,#2993,#2994,#2995,#2996,#2997,#2998,#2999,#3000,#3001,#3002,#3003,#3004,#3005,#3006,#3007,#3008,#3009,#3010,#3011,#3012,#3013,#3014,#3015,#3016),.UNSPECIFIED.,.F.,.F.,(4,3,3,3,3,3,3,3,3,3,3,4),(0.0,0.064,0.1408,0.23296,0.33296,0.6769453568,0.7969453568,0.8969453568,0.9769453568,0.99305148416,0.998118033741,1.0),.UNSPECIFIED.);
#2369=VERTEX_POINT('',#3017);
#2370=LINE('',#3018,#3019);
#2371=B_SPLINE_CURVE_WITH_KNOTS('',3,(#3020,#3021,#3022,#3023,#3024,#3025,#3026,#3027,#3028,#3029,#3030,#3031,#3032,#3033,#3034,#3035,#3036,#3037,#3038,#3039,#3040,#3041,#3042,#3043,#3044,#3045,#3046,#3047,#3048,#3049,#3050,#3051,#3052,#3053),.UNSPECIFIED.,.F.,.F.,(4,3,3,3,3,3,3,3,3,3,3,4),(0.0,0.1,0.2,0.28,0.445888,0.545888,0.625888,0.764128,0.864128,0.964128,0.9903424,1.0),.UNSPECIFIED.);
#2372=VERTEX_POINT('',#3054);
#2373=CIRCLE('',#3055,18.79690380376);
#2374=VERTEX_POINT('',#3056);
#2375=B_SPLINE_CURVE_WITH_KNOTS('',3,(#3057,#3058,#3059,#3060,#3061,#3062,#3063,#3064,#3065,#3066,#3067,#3068,#3069,#3070,#3071,#3072,#3073,#3074,#3075,#3076,#3077,#3078,#3079,#3080,#3081,#3082,#3083,#3084,#3085,#3086,#3087,#3088,#3089,#3090),.UNSPECIFIED.,.F.,.F.,(4,3,3,3,3,3,3,3,3,3,3,4),(0.0,0.1,0.2,0.264,0.3408,0.50005248,0.67285248,0.81685248,0.96085248,0.99362048,0.997842604651,1.0),.UNSPECIFIED.);
#2376=CIRCLE('',#3091,18.7969127963);
#2377=VERTEX_POINT('',#3092);
#2378=VERTEX_POINT('',#3093);
#2379=B_SPLINE_CURVE_WITH_KNOTS('',3,(#3094,#3095,#3096,#3097,#3098,#3099,#3100,#3101,#3102,#3103,#3104,#3105,#3106,#3107,#3108,#3109,#3110,#3111,#3112,#3113,#3114,#3115,#3116,#3117,#3118,#3119,#3120,#3121,#3122,#3123,#3124,#3125,#3126,#3127,#3128,#3129,#3130),.UNSPECIFIED.,.F.,.F.,(4,3,3,3,3,3,3,3,3,3,3,3,4),(0.0,0.064,0.1408,0.23296,0.33296,0.43296,0.60576,0.70576,0.82576,0.92576,0.98976,0.998006337208,1.0),.UNSPECIFIED.);
#2380=B_SPLINE_CURVE_WITH_KNOTS('',3,(#3131,#3132,#3133,#3134,#3135,#3136,#3137,#3138,#3139,#3140,#3141,#3142,#3143,#3144,#3145,#3146,#3147,#3148,#3149,#3150,#3151,#3152,#3153,#3154,#3155,#3156,#3157,#3158,#3159,#3160,#3161,#3162,#3163,#3164,#3165,#3166,#3167),.UNSPECIFIED.,.F.,.F.,(4,3,3,3,3,3,3,3,3,3,3,3,4),(0.0,0.064,0.1408,0.23296,0.33296,0.43296,0.60576,0.70576,0.82576,0.92576,0.98976,0.998006337208,1.0),.UNSPECIFIED.);
#2381=FILL_AREA_STYLE_COLOUR('',#3168);
#2382=VERTEX_POINT('',#3169);
#2383=LINE('',#3170,#3171);
#2384=CIRCLE('',#3172,6.019616421754);
#2385=FILL_AREA_STYLE_COLOUR('',#3173);
#2386=VERTEX_POINT('',#3174);
#2387=LINE('',#3175,#3176);
#2388=VERTEX_POINT('',#3177);
#2389=CIRCLE('',#3178,5.999999283288);
#2390=VERTEX_POINT('',#3179);
#2391=CIRCLE('',#3180,5.999989674132);
#2392=VERTEX_POINT('',#3181);
#2393=LINE('',#3182,#3183);
#2394=VERTEX_POINT('',#3184);
#2395=CIRCLE('',#3185,6.003244480999);
#2396=VERTEX_POINT('',#3186);
#2397=CIRCLE('',#3187,18.99999993633);
#2398=VERTEX_POINT('',#3188);
#2399=CIRCLE('',#3189,6.002073887028);
#2400=VERTEX_POINT('',#3190);
#2401=LINE('',#3191,#3192);
#2402=VERTEX_POINT('',#3193);
#2403=CIRCLE('',#3194,5.999980588683);
#2404=VERTEX_POINT('',#3195);
#2405=LINE('',#3196,#3197);
#2406=VERTEX_POINT('',#3198);
#2407=CIRCLE('',#3199,6.007822416949);
#2408=VERTEX_POINT('',#3200);
#2409=CIRCLE('',#3201,18.99999981646);
#2410=VERTEX_POINT('',#3202);
#2411=CIRCLE('',#3203,6.003423882032);
#2412=VERTEX_POINT('',#3204);
#2413=LINE('',#3205,#3206);
#2414=VERTEX_POINT('',#3207);
#2415=CIRCLE('',#3208,6.004841792778);
#2416=VERTEX_POINT('',#3209);
#2417=CIRCLE('',#3210,18.99999980741);
#2418=VERTEX_POINT('',#3211);
#2419=CIRCLE('',#3212,6.005710035776);
#2420=VERTEX_POINT('',#3213);
#2421=LINE('',#3214,#3215);
#2422=VERTEX_POINT('',#3216);
#2423=CIRCLE('',#3217,5.99998058895);
#2424=VERTEX_POINT('',#3218);
#2425=LINE('',#3219,#3220);
#2426=VERTEX_POINT('',#3221);
#2427=CIRCLE('',#3222,6.020486302588);
#2428=VERTEX_POINT('',#3223);
#2429=CIRCLE('',#3224,18.99999995039);
#2430=VERTEX_POINT('',#3225);
#2431=CIRCLE('',#3226,6.018540656511);
#2432=VERTEX_POINT('',#3227);
#2433=LINE('',#3228,#3229);
#2434=VERTEX_POINT('',#3230);
#2435=CIRCLE('',#3231,5.999989673969);
#2436=VERTEX_POINT('',#3232);
#2437=CIRCLE('',#3233,5.999999282131);
#2438=VERTEX_POINT('',#3234);
#2439=LINE('',#3235,#3236);
#2440=VERTEX_POINT('',#3237);
#2441=CIRCLE('',#3238,6.00586615375);
#2442=VERTEX_POINT('',#3239);
#2443=CIRCLE('',#3240,6.003760217243);
#2444=VERTEX_POINT('',#3241);
#2445=CIRCLE('',#3242,18.99999995136);
#2446=CIRCLE('',#3243,18.99999995691);
#2447=VERTEX_POINT('',#3244);
#2448=VERTEX_POINT('',#3245);
#2449=CIRCLE('',#3246,9.500000000017);
#2450=CIRCLE('',#3247,9.500000000135);
#2451=VERTEX_POINT('',#3248);
#2452=VERTEX_POINT('',#3249);
#2453=CIRCLE('',#3250,3.000000000156);
#2454=CIRCLE('',#3251,3.000000068068);
#2455=VERTEX_POINT('',#3252);
#2456=VERTEX_POINT('',#3253);
#2457=CIRCLE('',#3254,3.00000000785);
#2458=CIRCLE('',#3255,3.000000001129);
#2459=VERTEX_POINT('',#3256);
#2460=VERTEX_POINT('',#3257);
#2461=CIRCLE('',#3258,3.000000038521);
#2462=CIRCLE('',#3259,3.000000006766);
#2463=VERTEX_POINT('',#3260);
#2464=VERTEX_POINT('',#3261);
#2465=CIRCLE('',#3262,3.000000029491);
#2466=CIRCLE('',#3263,3.000000003548);
#2467=VERTEX_POINT('',#3264);
#2468=VERTEX_POINT('',#3265);
#2469=CIRCLE('',#3266,1.650000055514);
#2470=CIRCLE('',#3267,1.650000094806);
#2471=VERTEX_POINT('',#3268);
#2472=VERTEX_POINT('',#3269);
#2473=CIRCLE('',#3270,1.650000051804);
#2474=CIRCLE('',#3271,1.650000045352);
#2475=FILL_AREA_STYLE_COLOUR('',#3272);
#2476=VERTEX_POINT('',#3273);
#2477=LINE('',#3274,#3275);
#2478=VERTEX_POINT('',#3276);
#2479=CIRCLE('',#3277,18.7992407141);
#2480=VERTEX_POINT('',#3278);
#2481=LINE('',#3279,#3280);
#2482=VERTEX_POINT('',#3281);
#2483=CIRCLE('',#3282,18.79927322893);
#2484=VERTEX_POINT('',#3283);
#2485=LINE('',#3284,#3285);
#2486=VERTEX_POINT('',#3286);
#2487=CIRCLE('',#3287,18.99999992189);
#2488=VERTEX_POINT('',#3288);
#2489=LINE('',#3289,#3290);
#2490=VERTEX_POINT('',#3291);
#2491=CIRCLE('',#3292,18.79927535473);
#2492=LINE('',#3293,#3294);
#2493=FILL_AREA_STYLE_COLOUR('',#3295);
#2494=LINE('',#3296,#3297);
#2495=LINE('',#3298,#3299);
#2496=FILL_AREA_STYLE_COLOUR('',#3300);
#2497=LINE('',#3301,#3302);
#2498=FILL_AREA_STYLE_COLOUR('',#3303);
#2499=LINE('',#3304,#3305);
#2500=FILL_AREA_STYLE_COLOUR('',#3306);
#2501=FILL_AREA_STYLE_COLOUR('',#3307);
#2502=VERTEX_POINT('',#3308);
#2503=B_SPLINE_CURVE_WITH_KNOTS('',3,(#3309,#3310,#3311,#3312,#3313,#3314,#3315,#3316,#3317,#3318,#3319,#3320,#3321,#3322,#3323,#3324,#3325,#3326,#3327,#3328,#3329,#3330,#3331,#3332,#3333,#3334,#3335,#3336,#3337,#3338,#3339,#3340,#3341,#3342),.UNSPECIFIED.,.F.,.F.,(4,3,3,3,3,3,3,3,3,3,3,4),(0.0,0.1,0.2,0.264,0.3408,0.531902976,0.651902976,0.824702976,0.924702976,0.988702976,0.996949313208,1.0),.UNSPECIFIED.);
#2504=LINE('',#3343,#3344);
#2505=FILL_AREA_STYLE_COLOUR('',#3345);
#2506=VERTEX_POINT('',#3346);
#2507=CIRCLE('',#3347,18.79928446165);
#2508=VERTEX_POINT('',#3348);
#2509=LINE('',#3349,#3350);
#2510=VERTEX_POINT('',#3351);
#2511=CIRCLE('',#3352,18.99999989635);
#2512=VERTEX_POINT('',#3353);
#2513=LINE('',#3354,#3355);
#2514=VERTEX_POINT('',#3356);
#2515=CIRCLE('',#3357,18.79925940114);
#2516=VERTEX_POINT('',#3358);
#2517=LINE('',#3359,#3360);
#2518=VERTEX_POINT('',#3361);
#2519=CIRCLE('',#3362,18.7992245092);
#2520=LINE('',#3363,#3364);
#2521=FILL_AREA_STYLE_COLOUR('',#3365);
#2522=LINE('',#3366,#3367);
#2523=LINE('',#3368,#3369);
#2524=FILL_AREA_STYLE_COLOUR('',#3370);
#2525=FILL_AREA_STYLE_COLOUR('',#3371);
#2526=VERTEX_POINT('',#3372);
#2527=LINE('',#3373,#3374);
#2528=B_SPLINE_CURVE_WITH_KNOTS('',3,(#3375,#3376,#3377,#3378,#3379,#3380,#3381,#3382,#3383,#3384,#3385,#3386,#3387,#3388,#3389,#3390,#3391,#3392,#3393,#3394,#3395,#3396,#3397,#3398,#3399,#3400,#3401,#3402,#3403,#3404,#3405),.UNSPECIFIED.,.F.,.F.,(4,3,3,3,3,3,3,3,3,3,4),(0.0,0.1,0.2,0.3,0.4,0.60736,0.70736,0.82736,0.92736,0.97856,1.0),.UNSPECIFIED.);
#2529=FILL_AREA_STYLE_COLOUR('',#3406);
#2530=VERTEX_POINT('',#3407);
#2531=LINE('',#3408,#3409);
#2532=LINE('',#3410,#3411);
#2533=FILL_AREA_STYLE_COLOUR('',#3412);
#2534=VERTEX_POINT('',#3413);
#2535=B_SPLINE_CURVE_WITH_KNOTS('',3,(#3414,#3415,#3416,#3417,#3418,#3419,#3420,#3421,#3422,#3423,#3424,#3425,#3426,#3427,#3428,#3429,#3430,#3431,#3432,#3433,#3434,#3435,#3436,#3437,#3438,#3439,#3440,#3441,#3442,#3443,#3444,#3445,#3446,#3447,#3448,#3449,#3450),.UNSPECIFIED.,.F.,.F.,(4,3,3,3,3,3,3,3,3,3,3,3,4),(0.0,0.064,0.1408,0.23296,0.35296,0.56032,0.68032,0.78032,0.88032,0.98032,0.9937417728,0.997963897451,1.0),.UNSPECIFIED.);
#2536=LINE('',#3451,#3452);
#2537=FILL_AREA_STYLE_COLOUR('',#3453);
#2538=VERTEX_POINT('',#3454);
#2539=LINE('',#3455,#3456);
#2540=LINE('',#3457,#3458);
#2541=FILL_AREA_STYLE_COLOUR('',#3459);
#2542=VERTEX_POINT('',#3460);
#2543=LINE('',#3461,#3462);
#2544=B_SPLINE_CURVE_WITH_KNOTS('',3,(#3463,#3464,#3465,#3466,#3467,#3468,#3469,#3470,#3471,#3472,#3473,#3474,#3475,#3476,#3477,#3478,#3479,#3480,#3481,#3482,#3483,#3484,#3485,#3486,#3487,#3488,#3489,#3490,#3491,#3492,#3493),.UNSPECIFIED.,.F.,.F.,(4,3,3,3,3,3,3,3,3,3,4),(0.0,0.1,0.2,0.3,0.4,0.60736,0.70736,0.82736,0.92736,0.97856,1.0),.UNSPECIFIED.);
#2545=FILL_AREA_STYLE_COLOUR('',#3494);
#2546=VERTEX_POINT('',#3495);
#2547=CIRCLE('',#3496,18.79923402824);
#2548=VERTEX_POINT('',#3497);
#2549=LINE('',#3498,#3499);
#2550=VERTEX_POINT('',#3500);
#2551=CIRCLE('',#3501,18.7992642084);
#2552=VERTEX_POINT('',#3502);
#2553=LINE('',#3503,#3504);
#2554=VERTEX_POINT('',#3505);
#2555=CIRCLE('',#3506,18.99999981013);
#2556=LINE('',#3507,#3508);
#2557=FILL_AREA_STYLE_COLOUR('',#3509);
#2558=VERTEX_POINT('',#3510);
#2559=LINE('',#3511,#3512);
#2560=VERTEX_POINT('',#3513);
#2561=CIRCLE('',#3514,6.005501257849);
#2562=VERTEX_POINT('',#3515);
#2563=LINE('',#3516,#3517);
#2564=LINE('',#3518,#3519);
#2565=FILL_AREA_STYLE_COLOUR('',#3520);
#2566=VERTEX_POINT('',#3521);
#2567=LINE('',#3522,#3523);
#2568=LINE('',#3524,#3525);
#2569=FILL_AREA_STYLE_COLOUR('',#3526);
#2570=VERTEX_POINT('',#3527);
#2571=LINE('',#3528,#3529);
#2572=VERTEX_POINT('',#3530);
#2573=LINE('',#3531,#3532);
#2574=VERTEX_POINT('',#3533);
#2575=LINE('',#3534,#3535);
#2576=CIRCLE('',#3536,6.004441070809);
#2577=FILL_AREA_STYLE_COLOUR('',#3537);
#2578=VERTEX_POINT('',#3538);
#2579=CIRCLE('',#3539,18.99999981397);
#2580=VERTEX_POINT('',#3540);
#2581=LINE('',#3541,#3542);
#2582=VERTEX_POINT('',#3543);
#2583=CIRCLE('',#3544,18.79926599888);
#2584=VERTEX_POINT('',#3545);
#2585=LINE('',#3546,#3547);
#2586=VERTEX_POINT('',#3548);
#2587=CIRCLE('',#3549,18.79923316559);
#2588=LINE('',#3550,#3551);
#2589=FILL_AREA_STYLE_COLOUR('',#3552);
#2590=VERTEX_POINT('',#3553);
#2591=LINE('',#3554,#3555);
#2592=B_SPLINE_CURVE_WITH_KNOTS('',3,(#3556,#3557,#3558,#3559,#3560,#3561,#3562,#3563,#3564,#3565,#3566,#3567,#3568,#3569,#3570,#3571,#3572,#3573,#3574,#3575,#3576,#3577,#3578,#3579,#3580,#3581,#3582,#3583,#3584,#3585,#3586),.UNSPECIFIED.,.F.,.F.,(4,3,3,3,3,3,3,3,3,3,4),(0.0,0.1,0.2,0.3,0.4,0.60736,0.70736,0.82736,0.92736,0.97856,1.0),.UNSPECIFIED.);
#2593=FILL_AREA_STYLE_COLOUR('',#3587);
#2594=VERTEX_POINT('',#3588);
#2595=LINE('',#3589,#3590);
#2596=LINE('',#3591,#3592);
#2597=FILL_AREA_STYLE_COLOUR('',#3593);
#2598=VERTEX_POINT('',#3594);
#2599=B_SPLINE_CURVE_WITH_KNOTS('',3,(#3595,#3596,#3597,#3598,#3599,#3600,#3601,#3602,#3603,#3604,#3605,#3606,#3607,#3608,#3609,#3610,#3611,#3612,#3613,#3614,#3615,#3616,#3617,#3618,#3619,#3620,#3621,#3622,#3623,#3624,#3625,#3626,#3627,#3628,#3629,#3630,#3631),.UNSPECIFIED.,.F.,.F.,(4,3,3,3,3,3,3,3,3,3,3,3,4),(0.0,0.064,0.1408,0.23296,0.35296,0.56032,0.68032,0.78032,0.88032,0.98032,0.9937417728,0.997963897451,1.0),.UNSPECIFIED.);
#2600=LINE('',#3632,#3633);
#2601=FILL_AREA_STYLE_COLOUR('',#3634);
#2602=VERTEX_POINT('',#3635);
#2603=LINE('',#3636,#3637);
#2604=LINE('',#3638,#3639);
#2605=FILL_AREA_STYLE_COLOUR('',#3640);
#2606=VERTEX_POINT('',#3641);
#2607=LINE('',#3642,#3643);
#2608=B_SPLINE_CURVE_WITH_KNOTS('',3,(#3644,#3645,#3646,#3647,#3648,#3649,#3650,#3651,#3652,#3653,#3654,#3655,#3656,#3657,#3658,#3659,#3660,#3661,#3662,#3663,#3664,#3665,#3666,#3667,#3668,#3669,#3670,#3671,#3672,#3673,#3674),.UNSPECIFIED.,.F.,.F.,(4,3,3,3,3,3,3,3,3,3,4),(0.0,0.1,0.2,0.3,0.4,0.60736,0.70736,0.82736,0.92736,0.97856,1.0),.UNSPECIFIED.);
#2609=FILL_AREA_STYLE_COLOUR('',#3675);
#2610=VERTEX_POINT('',#3676);
#2611=CIRCLE('',#3677,18.79924099692);
#2612=VERTEX_POINT('',#3678);
#2613=LINE('',#3679,#3680);
#2614=VERTEX_POINT('',#3681);
#2615=CIRCLE('',#3682,18.79926934344);
#2616=VERTEX_POINT('',#3683);
#2617=LINE('',#3684,#3685);
#2618=VERTEX_POINT('',#3686);
#2619=CIRCLE('',#3687,18.99999992631);
#2620=VERTEX_POINT('',#3688);
#2621=LINE('',#3689,#3690);
#2622=VERTEX_POINT('',#3691);
#2623=CIRCLE('',#3692,18.79926598243);
#2624=VERTEX_POINT('',#3693);
#2625=LINE('',#3694,#3695);
#2626=VERTEX_POINT('',#3696);
#2627=CIRCLE('',#3697,18.79923178455);
#2628=LINE('',#3698,#3699);
#2629=FILL_AREA_STYLE_COLOUR('',#3700);
#2630=VERTEX_POINT('',#3701);
#2631=LINE('',#3702,#3703);
#2632=B_SPLINE_CURVE_WITH_KNOTS('',3,(#3704,#3705,#3706,#3707,#3708,#3709,#3710,#3711,#3712,#3713,#3714,#3715,#3716,#3717,#3718,#3719,#3720,#3721,#3722,#3723,#3724,#3725,#3726,#3727,#3728,#3729,#3730,#3731,#3732,#3733,#3734),.UNSPECIFIED.,.F.,.F.,(4,3,3,3,3,3,3,3,3,3,4),(0.0,0.1,0.2,0.3,0.4,0.60736,0.70736,0.82736,0.92736,0.97856,1.0),.UNSPECIFIED.);
#2633=FILL_AREA_STYLE_COLOUR('',#3735);
#2634=VERTEX_POINT('',#3736);
#2635=LINE('',#3737,#3738);
#2636=LINE('',#3739,#3740);
#2637=FILL_AREA_STYLE_COLOUR('',#3741);
#2638=VERTEX_POINT('',#3742);
#2639=B_SPLINE_CURVE_WITH_KNOTS('',3,(#3743,#3744,#3745,#3746,#3747,#3748,#3749,#3750,#3751,#3752,#3753,#3754,#3755,#3756,#3757,#3758,#3759,#3760,#3761,#3762,#3763,#3764,#3765,#3766,#3767,#3768,#3769,#3770,#3771,#3772,#3773,#3774,#3775,#3776,#3777,#3778,#3779),.UNSPECIFIED.,.F.,.F.,(4,3,3,3,3,3,3,3,3,3,3,3,4),(0.0,0.064,0.1408,0.23296,0.35296,0.56032,0.68032,0.78032,0.88032,0.98032,0.9937417728,0.997963897451,1.0),.UNSPECIFIED.);
#2640=LINE('',#3780,#3781);
#2641=FILL_AREA_STYLE_COLOUR('',#3782);
#2642=VERTEX_POINT('',#3783);
#2643=LINE('',#3784,#3785);
#2644=LINE('',#3786,#3787);
#2645=FILL_AREA_STYLE_COLOUR('',#3788);
#2646=VERTEX_POINT('',#3789);
#2647=B_SPLINE_CURVE_WITH_KNOTS('',3,(#3790,#3791,#3792,#3793,#3794,#3795,#3796,#3797,#3798,#3799,#3800,#3801,#3802,#3803,#3804,#3805,#3806,#3807,#3808,#3809,#3810,#3811,#3812,#3813,#3814,#3815,#3816,#3817,#3818,#3819,#3820,#3821,#3822,#3823),.UNSPECIFIED.,.F.,.F.,(4,3,3,3,3,3,3,3,3,3,3,4),(0.0,0.1,0.2,0.3,0.4728,0.5728,0.6728,0.7728,0.8728,0.9728,0.99377152,1.0),.UNSPECIFIED.);
#2648=LINE('',#3824,#3825);
#2649=FILL_AREA_STYLE_COLOUR('',#3826);
#2650=CIRCLE('',#3827,5.934092868112);
#2651=FILL_AREA_STYLE_COLOUR('',#3828);
#2652=VERTEX_POINT('',#3829);
#2653=VERTEX_POINT('',#3830);
#2654=CIRCLE('',#3831,1.650000070938);
#2655=LINE('',#3832,#3833);
#2656=LINE('',#3834,#3835);
#2657=FILL_AREA_STYLE_COLOUR('',#3836);
#2658=CIRCLE('',#3837,1.650000040109);
#2659=FILL_AREA_STYLE_COLOUR('',#3838);
#2660=VERTEX_POINT('',#3839);
#2661=VERTEX_POINT('',#3840);
#2662=CIRCLE('',#3841,1.650000040109);
#2663=LINE('',#3842,#3843);
#2664=LINE('',#3844,#3845);
#2665=FILL_AREA_STYLE_COLOUR('',#3846);
#2666=CIRCLE('',#3847,1.650000029803);
#2667=FILL_AREA_STYLE_COLOUR('',#3848);
#2668=VERTEX_POINT('',#3849);
#2669=LINE('',#3850,#3851);
#2670=VERTEX_POINT('',#3852);
#2671=LINE('',#3853,#3854);
#2672=CIRCLE('',#3855,9.500000000018);
#2673=FILL_AREA_STYLE_COLOUR('',#3856);
#2674=CIRCLE('',#3857,9.500000000058);
#2675=FILL_AREA_STYLE_COLOUR('',#3858);
#2676=VERTEX_POINT('',#3859);
#2677=LINE('',#3860,#3861);
#2678=VERTEX_POINT('',#3862);
#2679=LINE('',#3863,#3864);
#2680=B_SPLINE_CURVE_WITH_KNOTS('',3,(#3865,#3866,#3867,#3868,#3869,#3870,#3871,#3872,#3873,#3874,#3875,#3876,#3877,#3878,#3879,#3880,#3881,#3882,#3883,#3884,#3885,#3886,#3887,#3888,#3889,#3890,#3891,#3892,#3893,#3894,#3895,#3896,#3897,#3898,#3899,#3900,#3901),.UNSPECIFIED.,.F.,.F.,(4,3,3,3,3,3,3,3,3,3,3,3,4),(0.0,0.064,0.12544,0.2139136,0.3339136,0.4339136,0.6067136,0.7067136,0.8267136,0.9267136,0.9907136,0.997310669767,1.0),.UNSPECIFIED.);
#2681=FILL_AREA_STYLE_COLOUR('',#3902);
#2682=B_SPLINE_CURVE_WITH_KNOTS('',3,(#3903,#3904,#3905,#3906,#3907,#3908,#3909,#3910,#3911,#3912,#3913,#3914,#3915,#3916,#3917,#3918,#3919,#3920,#3921,#3922,#3923,#3924,#3925,#3926,#3927,#3928,#3929,#3930,#3931,#3932,#3933,#3934,#3935,#3936,#3937,#3938,#3939),.UNSPECIFIED.,.F.,.F.,(4,3,3,3,3,3,3,3,3,3,3,3,4),(0.0,0.064,0.12544,0.2139136,0.3339136,0.4339136,0.6067136,0.7067136,0.8267136,0.9267136,0.9907136,0.997310669767,1.0),.UNSPECIFIED.);
#2683=FILL_AREA_STYLE_COLOUR('',#3940);
#2684=VERTEX_POINT('',#3941);
#2685=LINE('',#3942,#3943);
#2686=VERTEX_POINT('',#3944);
#2687=LINE('',#3945,#3946);
#2688=B_SPLINE_CURVE_WITH_KNOTS('',3,(#3947,#3948,#3949,#3950,#3951,#3952,#3953,#3954,#3955,#3956,#3957,#3958,#3959,#3960,#3961,#3962,#3963,#3964,#3965,#3966,#3967,#3968,#3969,#3970,#3971,#3972,#3973,#3974,#3975,#3976,#3977,#3978,#3979,#3980,#3981,#3982,#3983),.UNSPECIFIED.,.F.,.F.,(4,3,3,3,3,3,3,3,3,3,3,3,4),(0.0,0.064,0.12544,0.2139136,0.3339136,0.4339136,0.6067136,0.7067136,0.8267136,0.9267136,0.9907136,0.997310669767,1.0),.UNSPECIFIED.);
#2689=FILL_AREA_STYLE_COLOUR('',#3984);
#2690=B_SPLINE_CURVE_WITH_KNOTS('',3,(#3985,#3986,#3987,#3988,#3989,#3990,#3991,#3992,#3993,#3994,#3995,#3996,#3997,#3998,#3999,#4000,#4001,#4002,#4003,#4004,#4005,#4006,#4007,#4008,#4009,#4010,#4011,#4012,#4013,#4014,#4015,#4016,#4017,#4018,#4019,#4020,#4021),.UNSPECIFIED.,.F.,.F.,(4,3,3,3,3,3,3,3,3,3,3,3,4),(0.0,0.064,0.12544,0.2139136,0.3339136,0.4339136,0.6067136,0.7067136,0.8267136,0.9267136,0.9907136,0.997310669767,1.0),.UNSPECIFIED.);
#2691=FILL_AREA_STYLE_COLOUR('',#4022);
#2692=VERTEX_POINT('',#4023);
#2693=LINE('',#4024,#4025);
#2694=VERTEX_POINT('',#4026);
#2695=LINE('',#4027,#4028);
#2696=B_SPLINE_CURVE_WITH_KNOTS('',3,(#4029,#4030,#4031,#4032,#4033,#4034,#4035,#4036,#4037,#4038,#4039,#4040,#4041,#4042,#4043,#4044,#4045,#4046,#4047,#4048,#4049,#4050,#4051,#4052,#4053,#4054,#4055,#4056,#4057,#4058,#4059,#4060,#4061,#4062,#4063,#4064,#4065),.UNSPECIFIED.,.F.,.F.,(4,3,3,3,3,3,3,3,3,3,3,3,4),(0.0,0.064,0.12544,0.2139136,0.3339136,0.4339136,0.6067136,0.7067136,0.8267136,0.9267136,0.9907136,0.997310669767,1.0),.UNSPECIFIED.);
#2697=FILL_AREA_STYLE_COLOUR('',#4066);
#2698=B_SPLINE_CURVE_WITH_KNOTS('',3,(#4067,#4068,#4069,#4070,#4071,#4072,#4073,#4074,#4075,#4076,#4077,#4078,#4079,#4080,#4081,#4082,#4083,#4084,#4085,#4086,#4087,#4088,#4089,#4090,#4091,#4092,#4093,#4094,#4095,#4096,#4097,#4098,#4099,#4100,#4101,#4102,#4103),.UNSPECIFIED.,.F.,.F.,(4,3,3,3,3,3,3,3,3,3,3,3,4),(0.0,0.064,0.12544,0.2139136,0.3339136,0.4339136,0.6067136,0.7067136,0.8267136,0.9267136,0.9907136,0.997310669767,1.0),.UNSPECIFIED.);
#2699=FILL_AREA_STYLE_COLOUR('',#4104);
#2700=B_SPLINE_CURVE_WITH_KNOTS('',3,(#4105,#4106,#4107,#4108,#4109,#4110,#4111,#4112,#4113,#4114,#4115,#4116,#4117,#4118,#4119,#4120,#4121,#4122,#4123,#4124,#4125,#4126,#4127,#4128,#4129,#4130,#4131,#4132,#4133,#4134,#4135,#4136,#4137,#4138),.UNSPECIFIED.,.F.,.F.,(4,3,3,3,3,3,3,3,3,3,3,4),(0.0,0.1,0.2,0.264,0.3408,0.50005248,0.67285248,0.81685248,0.96085248,0.99362048,0.997842604651,1.0),.UNSPECIFIED.);
#2701=FILL_AREA_STYLE_COLOUR('',#4139);
#2702=B_SPLINE_CURVE_WITH_KNOTS('',3,(#4140,#4141,#4142,#4143,#4144,#4145,#4146,#4147,#4148,#4149,#4150,#4151,#4152,#4153,#4154,#4155,#4156,#4157,#4158,#4159,#4160,#4161,#4162,#4163,#4164,#4165,#4166,#4167,#4168,#4169,#4170,#4171,#4172,#4173),.UNSPECIFIED.,.F.,.F.,(4,3,3,3,3,3,3,3,3,3,3,4),(0.0,0.1,0.2,0.264,0.3408,0.531902976,0.651902976,0.824702976,0.924702976,0.988702976,0.996949313208,1.0),.UNSPECIFIED.);
#2703=FILL_AREA_STYLE_COLOUR('',#4174);
#2704=VERTEX_POINT('',#4175);
#2705=VERTEX_POINT('',#4176);
#2706=LINE('',#4177,#4178);
#2707=VERTEX_POINT('',#4179);
#2708=B_SPLINE_CURVE_WITH_KNOTS('',3,(#4180,#4181,#4182,#4183,#4184,#4185,#4186,#4187,#4188,#4189,#4190,#4191,#4192,#4193,#4194,#4195,#4196,#4197,#4198,#4199,#4200,#4201,#4202,#4203,#4204,#4205,#4206,#4207,#4208,#4209,#4210,#4211,#4212,#4213),.UNSPECIFIED.,.F.,.F.,(4,3,3,3,3,3,3,3,3,3,3,4),(0.0,0.064,0.1408,0.23296,0.35296,0.6969453568,0.7969453568,0.8969453568,0.9769453568,0.99305148416,0.998118033741,1.0),.UNSPECIFIED.);
#2709=VERTEX_POINT('',#4214);
#2710=LINE('',#4215,#4216);
#2711=VERTEX_POINT('',#4217);
#2712=B_SPLINE_CURVE_WITH_KNOTS('',3,(#4218,#4219,#4220,#4221,#4222,#4223,#4224,#4225,#4226,#4227,#4228,#4229,#4230,#4231,#4232,#4233,#4234,#4235,#4236,#4237,#4238,#4239,#4240,#4241,#4242,#4243,#4244,#4245,#4246,#4247,#4248,#4249,#4250,#4251),.UNSPECIFIED.,.F.,.F.,(4,3,3,3,3,3,3,3,3,3,3,4),(0.0,0.1,0.2,0.3,0.444,0.544,0.644,0.764,0.864,0.964,0.9902144,1.0),.UNSPECIFIED.);
#2713=CIRCLE('',#4252,5.933362818092);
#2714=B_SPLINE_CURVE_WITH_KNOTS('',3,(#4253,#4254,#4255,#4256,#4257,#4258,#4259,#4260,#4261,#4262,#4263,#4264,#4265,#4266,#4267,#4268,#4269,#4270,#4271,#4272,#4273,#4274,#4275,#4276,#4277,#4278,#4279,#4280,#4281,#4282,#4283),.UNSPECIFIED.,.F.,.F.,(4,3,3,3,3,3,3,3,3,3,4),(0.0,0.1,0.2,0.32,0.42,0.62736,0.72736,0.82736,0.92736,0.97856,1.0),.UNSPECIFIED.);
#2715=VERTEX_POINT('',#4284);
#2716=VERTEX_POINT('',#4285);
#2717=B_SPLINE_CURVE_WITH_KNOTS('',3,(#4286,#4287,#4288,#4289,#4290,#4291,#4292,#4293,#4294,#4295,#4296,#4297,#4298,#4299,#4300,#4301,#4302,#4303,#4304,#4305,#4306,#4307,#4308,#4309,#4310,#4311,#4312,#4313,#4314,#4315,#4316,#4317,#4318,#4319,#4320,#4321,#4322),.UNSPECIFIED.,.F.,.F.,(4,3,3,3,3,3,3,3,3,3,3,3,4),(0.0,0.064,0.1408,0.23296,0.33296,0.43296,0.60576,0.70576,0.82576,0.92576,0.98976,0.998006337208,1.0),.UNSPECIFIED.);
#2718=B_SPLINE_CURVE_WITH_KNOTS('',3,(#4323,#4324,#4325,#4326,#4327,#4328,#4329,#4330,#4331,#4332,#4333,#4334,#4335,#4336,#4337,#4338,#4339,#4340,#4341,#4342,#4343,#4344,#4345,#4346,#4347,#4348,#4349,#4350,#4351,#4352,#4353,#4354,#4355,#4356,#4357,#4358,#4359),.UNSPECIFIED.,.F.,.F.,(4,3,3,3,3,3,3,3,3,3,3,3,4),(0.0,0.064,0.1408,0.23296,0.33296,0.43296,0.60576,0.70576,0.82576,0.92576,0.98976,0.998006337208,1.0),.UNSPECIFIED.);
#2719=FILL_AREA_STYLE_COLOUR('',#4360);
#2720=VERTEX_POINT('',#4361);
#2721=LINE('',#4362,#4363);
#2722=CIRCLE('',#4364,6.180944713296);
#2723=FILL_AREA_STYLE_COLOUR('',#4365);
#2724=VERTEX_POINT('',#4366);
#2725=VERTEX_POINT('',#4367);
#2726=LINE('',#4368,#4369);
#2727=VERTEX_POINT('',#4370);
#2728=CIRCLE('',#4371,5.99998058857);
#2729=VERTEX_POINT('',#4372);
#2730=LINE('',#4373,#4374);
#2731=VERTEX_POINT('',#4375);
#2732=CIRCLE('',#4376,6.011792582726);
#2733=CIRCLE('',#4377,5.846385567235);
#2734=VERTEX_POINT('',#4378);
#2735=B_SPLINE_CURVE_WITH_KNOTS('',3,(#4379,#4380,#4381,#4382,#4383,#4384,#4385,#4386,#4387,#4388,#4389,#4390,#4391,#4392,#4393,#4394,#4395,#4396,#4397,#4398,#4399,#4400,#4401,#4402,#4403,#4404,#4405,#4406,#4407,#4408,#4409),.UNSPECIFIED.,.F.,.F.,(4,3,3,3,3,3,3,3,3,3,4),(0.0,0.1,0.2,0.32,0.42,0.5,0.63824,0.73824,0.83824,0.93824,1.0),.UNSPECIFIED.);
#2736=VERTEX_POINT('',#4410);
#2737=LINE('',#4411,#4412);
#2738=VERTEX_POINT('',#4413);
#2739=CIRCLE('',#4414,5.999980588901);
#2740=VERTEX_POINT('',#4415);
#2741=LINE('',#4416,#4417);
#2742=CIRCLE('',#4418,6.010782450933);
#2743=VERTEX_POINT('',#4419);
#2744=CIRCLE('',#4420,6.014348315435);
#2745=VERTEX_POINT('',#4421);
#2746=LINE('',#4422,#4423);
#2747=VERTEX_POINT('',#4424);
#2748=CIRCLE('',#4425,5.999980588254);
#2749=VERTEX_POINT('',#4426);
#2750=LINE('',#4427,#4428);
#2751=CIRCLE('',#4429,6.015671540212);
#2752=LINE('',#4430,#4431);
#2753=VERTEX_POINT('',#4432);
#2754=CIRCLE('',#4433,5.993327049313);
#2755=VERTEX_POINT('',#4434);
#2756=LINE('',#4435,#4436);
#2757=VERTEX_POINT('',#4437);
#2758=CIRCLE('',#4438,5.999980589101);
#2759=VERTEX_POINT('',#4439);
#2760=LINE('',#4440,#4441);
#2761=CIRCLE('',#4442,6.015664484606);
#2762=CIRCLE('',#4443,6.008861132291);
#2763=VERTEX_POINT('',#4444);
#2764=VERTEX_POINT('',#4445);
#2765=CIRCLE('',#4446,3.000000027657);
#2766=CIRCLE('',#4447,3.00000000527);
#2767=VERTEX_POINT('',#4448);
#2768=VERTEX_POINT('',#4449);
#2769=CIRCLE('',#4450,3.000000006403);
#2770=CIRCLE('',#4451,3.000000005772);
#2771=VERTEX_POINT('',#4452);
#2772=VERTEX_POINT('',#4453);
#2773=CIRCLE('',#4454,3.000000017317);
#2774=CIRCLE('',#4455,3.000000001703);
#2775=VERTEX_POINT('',#4456);
#2776=VERTEX_POINT('',#4457);
#2777=CIRCLE('',#4458,3.000000016085);
#2778=CIRCLE('',#4459,3.000000000001);
#2779=FILL_AREA_STYLE_COLOUR('',#4460);
#2780=VERTEX_POINT('',#4461);
#2781=LINE('',#4462,#4463);
#2782=CIRCLE('',#4464,5.934175760719);
#2783=FILL_AREA_STYLE_COLOUR('',#4465);
#2784=VERTEX_POINT('',#4466);
#2785=B_SPLINE_CURVE_WITH_KNOTS('',3,(#4467,#4468,#4469,#4470,#4471,#4472,#4473,#4474,#4475,#4476,#4477,#4478,#4479,#4480,#4481,#4482,#4483,#4484,#4485,#4486,#4487,#4488,#4489,#4490,#4491,#4492,#4493,#4494,#4495,#4496,#4497,#4498,#4499,#4500),.UNSPECIFIED.,.F.,.F.,(4,3,3,3,3,3,3,3,3,3,3,4),(0.0,0.1,0.2,0.28,0.445888,0.545888,0.625888,0.764128,0.864128,0.964128,0.9903424,1.0),.UNSPECIFIED.);
#2786=VERTEX_POINT('',#4501);
#2787=LINE('',#4502,#4503);
#2788=VERTEX_POINT('',#4504);
#2789=B_SPLINE_CURVE_WITH_KNOTS('',3,(#4505,#4506,#4507,#4508,#4509,#4510,#4511,#4512,#4513,#4514,#4515,#4516,#4517,#4518,#4519,#4520,#4521,#4522,#4523,#4524,#4525,#4526,#4527,#4528,#4529,#4530,#4531,#4532,#4533,#4534,#4535,#4536,#4537,#4538),.UNSPECIFIED.,.F.,.F.,(4,3,3,3,3,3,3,3,3,3,3,4),(0.0,0.064,0.1408,0.23296,0.35296,0.6969453568,0.7969453568,0.8969453568,0.9769453568,0.99305148416,0.998118033741,1.0),.UNSPECIFIED.);
#2790=VERTEX_POINT('',#4539);
#2791=LINE('',#4540,#4541);
#2792=B_SPLINE_CURVE_WITH_KNOTS('',3,(#4542,#4543,#4544,#4545,#4546,#4547,#4548,#4549,#4550,#4551,#4552,#4553,#4554,#4555,#4556,#4557,#4558,#4559,#4560,#4561,#4562,#4563,#4564,#4565,#4566,#4567,#4568,#4569,#4570,#4571,#4572),.UNSPECIFIED.,.F.,.F.,(4,3,3,3,3,3,3,3,3,3,4),(0.0,0.1,0.2,0.32,0.42,0.62736,0.72736,0.82736,0.92736,0.97856,1.0),.UNSPECIFIED.);
#2793=VERTEX_POINT('',#4573);
#2794=VERTEX_POINT('',#4574);
#2795=B_SPLINE_CURVE_WITH_KNOTS('',3,(#4575,#4576,#4577,#4578,#4579,#4580,#4581,#4582,#4583,#4584,#4585,#4586,#4587,#4588,#4589,#4590,#4591,#4592,#4593,#4594,#4595,#4596,#4597,#4598,#4599,#4600,#4601,#4602,#4603,#4604,#4605,#4606,#4607,#4608,#4609,#4610,#4611),.UNSPECIFIED.,.F.,.F.,(4,3,3,3,3,3,3,3,3,3,3,3,4),(0.0,0.064,0.1408,0.23296,0.33296,0.43296,0.60576,0.70576,0.82576,0.92576,0.98976,0.998006337208,1.0),.UNSPECIFIED.);
#2796=B_SPLINE_CURVE_WITH_KNOTS('',3,(#4612,#4613,#4614,#4615,#4616,#4617,#4618,#4619,#4620,#4621,#4622,#4623,#4624,#4625,#4626,#4627,#4628,#4629,#4630,#4631,#4632,#4633,#4634,#4635,#4636,#4637,#4638,#4639,#4640,#4641,#4642,#4643,#4644,#4645,#4646,#4647,#4648),.UNSPECIFIED.,.F.,.F.,(4,3,3,3,3,3,3,3,3,3,3,3,4),(0.0,0.064,0.1408,0.23296,0.33296,0.43296,0.60576,0.70576,0.82576,0.92576,0.98976,0.998006337208,1.0),.UNSPECIFIED.);
#2797=FILL_AREA_STYLE_COLOUR('',#4649);
#2798=LINE('',#4650,#4651);
#2799=FILL_AREA_STYLE_COLOUR('',#4652);
#2800=VERTEX_POINT('',#4653);
#2801=LINE('',#4654,#4655);
#2802=B_SPLINE_CURVE_WITH_KNOTS('',3,(#4656,#4657,#4658,#4659,#4660,#4661,#4662,#4663,#4664,#4665,#4666,#4667,#4668,#4669,#4670,#4671,#4672,#4673,#4674,#4675,#4676,#4677,#4678,#4679,#4680,#4681,#4682,#4683,#4684,#4685,#4686),.UNSPECIFIED.,.F.,.F.,(4,3,3,3,3,3,3,3,3,3,4),(0.0,0.1,0.2,0.3,0.4,0.60736,0.70736,0.82736,0.92736,0.97856,1.0),.UNSPECIFIED.);
#2803=FILL_AREA_STYLE_COLOUR('',#4687);
#2804=VERTEX_POINT('',#4688);
#2805=LINE('',#4689,#4690);
#2806=VERTEX_POINT('',#4691);
#2807=B_SPLINE_CURVE_WITH_KNOTS('',3,(#4692,#4693,#4694,#4695,#4696,#4697,#4698,#4699,#4700,#4701,#4702,#4703,#4704,#4705,#4706,#4707,#4708,#4709,#4710,#4711,#4712,#4713,#4714,#4715,#4716,#4717,#4718,#4719,#4720,#4721,#4722,#4723,#4724,#4725),.UNSPECIFIED.,.F.,.F.,(4,3,3,3,3,3,3,3,3,3,3,4),(0.0,0.064,0.1408,0.23296,0.35296,0.6969453568,0.7969453568,0.8969453568,0.9769453568,0.99305148416,0.998118033741,1.0),.UNSPECIFIED.);
#2808=VERTEX_POINT('',#4726);
#2809=LINE('',#4727,#4728);
#2810=B_SPLINE_CURVE_WITH_KNOTS('',3,(#4729,#4730,#4731,#4732,#4733,#4734,#4735,#4736,#4737,#4738,#4739,#4740,#4741,#4742,#4743,#4744,#4745,#4746,#4747,#4748,#4749,#4750,#4751,#4752,#4753,#4754,#4755,#4756,#4757,#4758,#4759),.UNSPECIFIED.,.F.,.F.,(4,3,3,3,3,3,3,3,3,3,4),(0.0,0.1,0.2,0.32,0.42,0.62736,0.72736,0.82736,0.92736,0.97856,1.0),.UNSPECIFIED.);
#2811=B_SPLINE_CURVE_WITH_KNOTS('',3,(#4760,#4761,#4762,#4763,#4764,#4765,#4766,#4767,#4768,#4769,#4770,#4771,#4772,#4773,#4774,#4775,#4776,#4777,#4778,#4779,#4780,#4781,#4782,#4783,#4784,#4785,#4786,#4787,#4788,#4789,#4790,#4791,#4792,#4793),.UNSPECIFIED.,.F.,.F.,(4,3,3,3,3,3,3,3,3,3,3,4),(0.0,0.1,0.2,0.264,0.3408,0.50005248,0.67285248,0.81685248,0.96085248,0.99362048,0.997842604651,1.0),.UNSPECIFIED.);
#2812=VERTEX_POINT('',#4794);
#2813=VERTEX_POINT('',#4795);
#2814=B_SPLINE_CURVE_WITH_KNOTS('',3,(#4796,#4797,#4798,#4799,#4800,#4801,#4802,#4803,#4804,#4805,#4806,#4807,#4808,#4809,#4810,#4811,#4812,#4813,#4814,#4815,#4816,#4817,#4818,#4819,#4820,#4821,#4822,#4823,#4824,#4825,#4826,#4827,#4828,#4829,#4830,#4831,#4832),.UNSPECIFIED.,.F.,.F.,(4,3,3,3,3,3,3,3,3,3,3,3,4),(0.0,0.064,0.1408,0.23296,0.33296,0.43296,0.60576,0.70576,0.82576,0.92576,0.98976,0.998006337208,1.0),.UNSPECIFIED.);
#2815=B_SPLINE_CURVE_WITH_KNOTS('',3,(#4833,#4834,#4835,#4836,#4837,#4838,#4839,#4840,#4841,#4842,#4843,#4844,#4845,#4846,#4847,#4848,#4849,#4850,#4851,#4852,#4853,#4854,#4855,#4856,#4857,#4858,#4859,#4860,#4861,#4862,#4863,#4864,#4865,#4866,#4867,#4868,#4869),.UNSPECIFIED.,.F.,.F.,(4,3,3,3,3,3,3,3,3,3,3,3,4),(0.0,0.064,0.1408,0.23296,0.33296,0.43296,0.60576,0.70576,0.82576,0.92576,0.98976,0.998006337208,1.0),.UNSPECIFIED.);
#2816=FILL_AREA_STYLE_COLOUR('',#4870);
#2817=B_SPLINE_CURVE_WITH_KNOTS('',3,(#4871,#4872,#4873,#4874,#4875,#4876,#4877,#4878,#4879,#4880,#4881,#4882,#4883,#4884,#4885,#4886,#4887,#4888,#4889,#4890,#4891,#4892,#4893,#4894,#4895,#4896,#4897,#4898,#4899,#4900,#4901,#4902,#4903,#4904),.UNSPECIFIED.,.F.,.F.,(4,3,3,3,3,3,3,3,3,3,3,4),(0.0,0.1,0.2,0.264,0.3408,0.531902976,0.651902976,0.824702976,0.924702976,0.988702976,0.996949313208,1.0),.UNSPECIFIED.);
#2818=FILL_AREA_STYLE_COLOUR('',#4905);
#2819=FILL_AREA_STYLE_COLOUR('',#4906);
#2820=LINE('',#4907,#4908);
#2821=FILL_AREA_STYLE_COLOUR('',#4909);
#2822=LINE('',#4910,#4911);
#2823=FILL_AREA_STYLE_COLOUR('',#4912);
#2824=VERTEX_POINT('',#4913);
#2825=LINE('',#4914,#4915);
#2826=VERTEX_POINT('',#4916);
#2827=LINE('',#4917,#4918);
#2828=LINE('',#4919,#4920);
#2829=FILL_AREA_STYLE_COLOUR('',#4921);
#2830=VERTEX_POINT('',#4922);
#2831=LINE('',#4923,#4924);
#2832=VERTEX_POINT('',#4925);
#2833=LINE('',#4926,#4927);
#2834=LINE('',#4928,#4929);
#2835=FILL_AREA_STYLE_COLOUR('',#4930);
#2836=VERTEX_POINT('',#4931);
#2837=LINE('',#4932,#4933);
#2838=B_SPLINE_CURVE_WITH_KNOTS('',3,(#4934,#4935,#4936,#4937,#4938,#4939,#4940,#4941,#4942,#4943,#4944,#4945,#4946,#4947,#4948,#4949,#4950,#4951,#4952,#4953,#4954,#4955,#4956,#4957,#4958,#4959,#4960,#4961,#4962,#4963,#4964),.UNSPECIFIED.,.F.,.F.,(4,3,3,3,3,3,3,3,3,3,4),(0.0,0.1,0.2,0.3,0.4,0.60736,0.70736,0.82736,0.92736,0.97856,1.0),.UNSPECIFIED.);
#2839=FILL_AREA_STYLE_COLOUR('',#4965);
#2840=B_SPLINE_CURVE_WITH_KNOTS('',3,(#4966,#4967,#4968,#4969,#4970,#4971,#4972,#4973,#4974,#4975,#4976,#4977,#4978,#4979,#4980,#4981,#4982,#4983,#4984,#4985,#4986,#4987,#4988,#4989,#4990,#4991,#4992,#4993,#4994,#4995,#4996,#4997,#4998,#4999),.UNSPECIFIED.,.F.,.F.,(4,3,3,3,3,3,3,3,3,3,3,4),(0.0,0.1,0.2,0.264,0.3408,0.50005248,0.67285248,0.81685248,0.96085248,0.99362048,0.997842604651,1.0),.UNSPECIFIED.);
#2841=VERTEX_POINT('',#5000);
#2842=LINE('',#5001,#5002);
#2843=VERTEX_POINT('',#5003);
#2844=B_SPLINE_CURVE_WITH_KNOTS('',3,(#5004,#5005,#5006,#5007,#5008,#5009,#5010,#5011,#5012,#5013,#5014,#5015,#5016,#5017,#5018,#5019,#5020,#5021,#5022,#5023,#5024,#5025,#5026,#5027,#5028,#5029,#5030,#5031,#5032,#5033,#5034,#5035,#5036,#5037),.UNSPECIFIED.,.F.,.F.,(4,3,3,3,3,3,3,3,3,3,3,4),(0.0,0.064,0.1408,0.23296,0.35296,0.6969453568,0.7969453568,0.8969453568,0.9769453568,0.99305148416,0.998118033741,1.0),.UNSPECIFIED.);
#2845=VERTEX_POINT('',#5038);
#2846=LINE('',#5039,#5040);
#2847=B_SPLINE_CURVE_WITH_KNOTS('',3,(#5041,#5042,#5043,#5044,#5045,#5046,#5047,#5048,#5049,#5050,#5051,#5052,#5053,#5054,#5055,#5056,#5057,#5058,#5059,#5060,#5061,#5062,#5063,#5064,#5065,#5066,#5067,#5068,#5069,#5070,#5071),.UNSPECIFIED.,.F.,.F.,(4,3,3,3,3,3,3,3,3,3,4),(0.0,0.1,0.2,0.32,0.42,0.62736,0.72736,0.82736,0.92736,0.97856,1.0),.UNSPECIFIED.);
#2848=VERTEX_POINT('',#5072);
#2849=VERTEX_POINT('',#5073);
#2850=B_SPLINE_CURVE_WITH_KNOTS('',3,(#5074,#5075,#5076,#5077,#5078,#5079,#5080,#5081,#5082,#5083,#5084,#5085,#5086,#5087,#5088,#5089,#5090,#5091,#5092,#5093,#5094,#5095,#5096,#5097,#5098,#5099,#5100,#5101,#5102,#5103,#5104,#5105,#5106,#5107,#5108,#5109,#5110),.UNSPECIFIED.,.F.,.F.,(4,3,3,3,3,3,3,3,3,3,3,3,4),(0.0,0.064,0.1408,0.23296,0.33296,0.43296,0.60576,0.70576,0.82576,0.92576,0.98976,0.998006337208,1.0),.UNSPECIFIED.);
#2851=B_SPLINE_CURVE_WITH_KNOTS('',3,(#5111,#5112,#5113,#5114,#5115,#5116,#5117,#5118,#5119,#5120,#5121,#5122,#5123,#5124,#5125,#5126,#5127,#5128,#5129,#5130,#5131,#5132,#5133,#5134,#5135,#5136,#5137,#5138,#5139,#5140,#5141,#5142,#5143,#5144,#5145,#5146,#5147),.UNSPECIFIED.,.F.,.F.,(4,3,3,3,3,3,3,3,3,3,3,3,4),(0.0,0.064,0.1408,0.23296,0.33296,0.43296,0.60576,0.70576,0.82576,0.92576,0.98976,0.998006337208,1.0),.UNSPECIFIED.);
#2852=FILL_AREA_STYLE_COLOUR('',#5148);
#2853=B_SPLINE_CURVE_WITH_KNOTS('',3,(#5149,#5150,#5151,#5152,#5153,#5154,#5155,#5156,#5157,#5158,#5159,#5160,#5161,#5162,#5163,#5164,#5165,#5166,#5167,#5168,#5169,#5170,#5171,#5172,#5173,#5174,#5175,#5176,#5177,#5178,#5179,#5180,#5181,#5182),.UNSPECIFIED.,.F.,.F.,(4,3,3,3,3,3,3,3,3,3,3,4),(0.0,0.1,0.2,0.264,0.3408,0.531902976,0.651902976,0.824702976,0.924702976,0.988702976,0.996949313208,1.0),.UNSPECIFIED.);
#2854=FILL_AREA_STYLE_COLOUR('',#5183);
#2855=FILL_AREA_STYLE_COLOUR('',#5184);
#2856=LINE('',#5185,#5186);
#2857=FILL_AREA_STYLE_COLOUR('',#5187);
#2858=LINE('',#5188,#5189);
#2859=FILL_AREA_STYLE_COLOUR('',#5190);
#2860=LINE('',#5191,#5192);
#2861=FILL_AREA_STYLE_COLOUR('',#5193);
#2862=LINE('',#5194,#5195);
#2863=FILL_AREA_STYLE_COLOUR('',#5196);
#2864=LINE('',#5197,#5198);
#2865=FILL_AREA_STYLE_COLOUR('',#5199);
#2866=FILL_AREA_STYLE_COLOUR('',#5200);
#2867=LINE('',#5201,#5202);
#2868=LINE('',#5203,#5204);
#2869=FILL_AREA_STYLE_COLOUR('',#5205);
#2870=FILL_AREA_STYLE_COLOUR('',#5206);
#2871=LINE('',#5207,#5208);
#2872=FILL_AREA_STYLE_COLOUR('',#5209);
#2873=LINE('',#5210,#5211);
#2874=FILL_AREA_STYLE_COLOUR('',#5212);
#2875=LINE('',#5213,#5214);
#2876=FILL_AREA_STYLE_COLOUR('',#5215);
#2877=FILL_AREA_STYLE_COLOUR('',#5216);
#2878=LINE('',#5217,#5218);
#2879=FILL_AREA_STYLE_COLOUR('',#5219);
#2880=LINE('',#5220,#5221);
#2881=FILL_AREA_STYLE_COLOUR('',#5222);
#2882=FILL_AREA_STYLE_COLOUR('',#5223);
#2883=LINE('',#5224,#5225);
#2884=FILL_AREA_STYLE_COLOUR('',#5226);
#2885=LINE('',#5227,#5228);
#2886=FILL_AREA_STYLE_COLOUR('',#5229);
#2887=FILL_AREA_STYLE_COLOUR('',#5230);
#2888=LINE('',#5231,#5232);
#2889=LINE('',#5233,#5234);
#2890=FILL_AREA_STYLE_COLOUR('',#5235);
#2891=FILL_AREA_STYLE_COLOUR('',#5236);
#2892=LINE('',#5237,#5238);
#2893=LINE('',#5239,#5240);
#2894=FILL_AREA_STYLE_COLOUR('',#5241);
#2895=FILL_AREA_STYLE_COLOUR('',#5242);
#2896=LINE('',#5243,#5244);
#2897=LINE('',#5245,#5246);
#2898=FILL_AREA_STYLE_COLOUR('',#5247);
#2899=FILL_AREA_STYLE_COLOUR('',#5248);
#2900=VERTEX_POINT('',#5249);
#2901=B_SPLINE_CURVE_WITH_KNOTS('',3,(#5250,#5251,#5252,#5253,#5254,#5255,#5256,#5257,#5258,#5259,#5260,#5261,#5262,#5263,#5264,#5265,#5266,#5267,#5268,#5269,#5270,#5271,#5272,#5273,#5274,#5275,#5276,#5277),.UNSPECIFIED.,.F.,.F.,(4,3,3,3,3,3,3,3,3,4),(0.18477280254974,0.25616,0.35616,0.47616,0.57616,0.72016,0.92752,0.97872,0.99482612736,1.0),.UNSPECIFIED.);
#2902=B_SPLINE_CURVE_WITH_KNOTS('',3,(#5278,#5279,#5280,#5281,#5282,#5283,#5284,#5285,#5286,#5287,#5288,#5289,#5290,#5291,#5292,#5293,#5294,#5295,#5296,#5297,#5298,#5299,#5300,#5301,#5302),.UNSPECIFIED.,.F.,.F.,(4,3,3,3,3,3,3,3,4),(0.0,0.1,0.164,0.25616,0.35616,0.47616,0.57616,0.72016,0.813577111664765),.UNSPECIFIED.);
#2903=FILL_AREA_STYLE_COLOUR('',#5303);
#2904=VERTEX_POINT('',#5304);
#2905=B_SPLINE_CURVE_WITH_KNOTS('',3,(#5305,#5306,#5307,#5308,#5309,#5310,#5311,#5312,#5313,#5314,#5315,#5316,#5317,#5318,#5319,#5320,#5321,#5322,#5323,#5324,#5325,#5326,#5327,#5328,#5329),.UNSPECIFIED.,.F.,.F.,(4,3,3,3,3,3,3,3,4),(0.0,0.1,0.164,0.25616,0.35616,0.47616,0.57616,0.72016,0.813467611598667),.UNSPECIFIED.);
#2906=B_SPLINE_CURVE_WITH_KNOTS('',3,(#5330,#5331,#5332,#5333,#5334,#5335,#5336,#5337,#5338,#5339,#5340,#5341,#5342,#5343,#5344,#5345,#5346,#5347,#5348,#5349,#5350,#5351,#5352,#5353,#5354,#5355,#5356,#5357),.UNSPECIFIED.,.F.,.F.,(4,3,3,3,3,3,3,3,3,4),(0.1847234522332,0.25616,0.35616,0.47616,0.57616,0.72016,0.92752,0.97872,0.99482612736,1.0),.UNSPECIFIED.);
#2907=FILL_AREA_STYLE_COLOUR('',#5358);
#2908=VERTEX_POINT('',#5359);
#2909=LINE('',#5360,#5361);
#2910=VERTEX_POINT('',#5362);
#2911=LINE('',#5363,#5364);
#2912=VERTEX_POINT('',#5365);
#2913=B_SPLINE_CURVE_WITH_KNOTS('',3,(#5366,#5367,#5368,#5369,#5370,#5371,#5372,#5373,#5374,#5375,#5376,#5377,#5378,#5379,#5380,#5381,#5382,#5383,#5384,#5385,#5386,#5387,#5388,#5389,#5390,#5391,#5392,#5393,#5394,#5395,#5396,#5397,#5398,#5399,#5400,#5401,#5402,#5403,#5404,#5405),.UNSPECIFIED.,.F.,.F.,(4,3,3,3,3,3,3,3,3,3,3,3,3,4),(0.0,0.0512,0.11264,0.186368,0.29253632,0.41253632,0.51253632,0.65653632,0.75653632,0.85653632,0.95653632,0.98930432,0.997550657208,1.0),.UNSPECIFIED.);
#2914=VERTEX_POINT('',#5406);
#2915=LINE('',#5407,#5408);
#2916=B_SPLINE_CURVE_WITH_KNOTS('',3,(#5409,#5410,#5411,#5412,#5413,#5414,#5415,#5416,#5417,#5418,#5419,#5420,#5421,#5422,#5423,#5424,#5425,#5426,#5427,#5428,#5429,#5430,#5431,#5432,#5433,#5434,#5435,#5436,#5437,#5438,#5439,#5440,#5441,#5442,#5443,#5444,#5445,#5446,#5447,#5448),.UNSPECIFIED.,.F.,.F.,(4,3,3,3,3,3,3,3,3,3,3,3,3,4),(0.0,0.0512,0.11264,0.186368,0.29253632,0.41253632,0.51253632,0.65653632,0.75653632,0.85653632,0.95653632,0.98930432,0.997550657208,1.0),.UNSPECIFIED.);
#2917=FILL_AREA_STYLE_COLOUR('',#5449);
#2918=B_SPLINE_CURVE_WITH_KNOTS('',3,(#5450,#5451,#5452,#5453,#5454,#5455,#5456,#5457,#5458,#5459,#5460,#5461,#5462,#5463,#5464,#5465,#5466,#5467,#5468,#5469,#5470,#5471,#5472,#5473,#5474,#5475,#5476,#5477,#5478,#5479,#5480,#5481,#5482,#5483,#5484,#5485,#5486,#5487,#5488,#5489),.UNSPECIFIED.,.F.,.F.,(4,3,3,3,3,3,3,3,3,3,3,3,3,4),(0.0,0.0512,0.11264,0.186368,0.29253632,0.41253632,0.51253632,0.65653632,0.75653632,0.85653632,0.95653632,0.98930432,0.997550657208,1.0),.UNSPECIFIED.);
#2919=B_SPLINE_CURVE_WITH_KNOTS('',3,(#5490,#5491,#5492,#5493,#5494,#5495,#5496,#5497,#5498,#5499,#5500,#5501,#5502,#5503,#5504,#5505,#5506,#5507,#5508,#5509,#5510,#5511,#5512,#5513,#5514,#5515,#5516,#5517,#5518,#5519,#5520,#5521,#5522,#5523,#5524,#5525,#5526,#5527,#5528,#5529),.UNSPECIFIED.,.F.,.F.,(4,3,3,3,3,3,3,3,3,3,3,3,3,4),(0.0,0.0512,0.11264,0.186368,0.29253632,0.41253632,0.51253632,0.65653632,0.75653632,0.85653632,0.95653632,0.98930432,0.997550657208,1.0),.UNSPECIFIED.);
#2920=FILL_AREA_STYLE_COLOUR('',#5530);
#2921=VERTEX_POINT('',#5531);
#2922=VERTEX_POINT('',#5532);
#2923=B_SPLINE_CURVE_WITH_KNOTS('',3,(#5533,#5534,#5535,#5536,#5537,#5538,#5539,#5540,#5541,#5542,#5543,#5544,#5545,#5546,#5547,#5548,#5549,#5550,#5551,#5552,#5553,#5554,#5555,#5556,#5557,#5558,#5559,#5560,#5561,#5562,#5563,#5564,#5565,#5566,#5567,#5568,#5569),.UNSPECIFIED.,.F.,.F.,(4,3,3,3,3,3,3,3,3,3,3,3,4),(0.0,0.064,0.1408,0.23296,0.33296,0.43296,0.60576,0.70576,0.82576,0.92576,0.98976,0.998006337208,1.0),.UNSPECIFIED.);
#2924=B_SPLINE_CURVE_WITH_KNOTS('',3,(#5570,#5571,#5572,#5573,#5574,#5575,#5576,#5577,#5578,#5579,#5580,#5581,#5582,#5583,#5584,#5585,#5586,#5587,#5588,#5589,#5590,#5591,#5592,#5593,#5594,#5595,#5596,#5597,#5598,#5599,#5600,#5601,#5602,#5603,#5604,#5605,#5606),.UNSPECIFIED.,.F.,.F.,(4,3,3,3,3,3,3,3,3,3,3,3,4),(0.0,0.064,0.1408,0.23296,0.33296,0.43296,0.60576,0.70576,0.82576,0.92576,0.98976,0.998006337208,1.0),.UNSPECIFIED.);
#2925=FILL_AREA_STYLE_COLOUR('',#5607);
#2926=VERTEX_POINT('',#5608);
#2927=VERTEX_POINT('',#5609);
#2928=B_SPLINE_CURVE_WITH_KNOTS('',3,(#5610,#5611,#5612,#5613,#5614,#5615,#5616,#5617,#5618,#5619,#5620,#5621,#5622,#5623,#5624,#5625,#5626,#5627,#5628,#5629,#5630,#5631,#5632,#5633,#5634,#5635,#5636,#5637,#5638,#5639,#5640,#5641,#5642,#5643,#5644,#5645,#5646),.UNSPECIFIED.,.F.,.F.,(4,3,3,3,3,3,3,3,3,3,3,3,4),(0.0,0.064,0.1408,0.23296,0.33296,0.43296,0.60576,0.70576,0.82576,0.92576,0.98976,0.998006337208,1.0),.UNSPECIFIED.);
#2929=B_SPLINE_CURVE_WITH_KNOTS('',3,(#5647,#5648,#5649,#5650,#5651,#5652,#5653,#5654,#5655,#5656,#5657,#5658,#5659,#5660,#5661,#5662,#5663,#5664,#5665,#5666,#5667,#5668,#5669,#5670,#5671,#5672,#5673,#5674,#5675,#5676,#5677,#5678,#5679,#5680,#5681,#5682,#5683),.UNSPECIFIED.,.F.,.F.,(4,3,3,3,3,3,3,3,3,3,3,3,4),(0.0,0.064,0.1408,0.23296,0.33296,0.43296,0.60576,0.70576,0.82576,0.92576,0.98976,0.998006337208,1.0),.UNSPECIFIED.);
#2930=FILL_AREA_STYLE_COLOUR('',#5684);
#2931=LINE('',#5685,#5686);
#2932=LINE('',#5687,#5688);
#2933=FILL_AREA_STYLE_COLOUR('',#5689);
#2934=COLOUR_RGB('',0.941176474094391,0.647058844566345,0.0901960805058479);
#2935=CARTESIAN_POINT('',(-20.0000000008,-9.809098702989,28.19240530991));
#2936=CARTESIAN_POINT('',(-20.0,-10.4645442595,27.95121292343));
#2937=AXIS2_PLACEMENT_3D('',#5690,#5691,#5692);
#2938=CARTESIAN_POINT('',(-16.2,-10.46454425698,27.95121292212));
#2939=CARTESIAN_POINT('',(-20.0,-10.4645442595,27.95121292343));
#2940=VECTOR('',#5693,0.001);
#2941=CARTESIAN_POINT('',(-16.2,-9.809098701984,28.1924053102));
#2942=AXIS2_PLACEMENT_3D('',#5694,#5695,#5696);
#2943=CARTESIAN_POINT('',(-16.2,-9.809098701984,28.1924053102));
#2944=VECTOR('',#5697,0.001);
#2945=COLOUR_RGB('',0.941176474094391,0.647058844566345,0.0901960805058479);
#2946=CARTESIAN_POINT('',(-20.0,-21.04481363734,13.3543532734));
#2947=CARTESIAN_POINT('',(-20.0,-21.81232681417,17.20251618686));
#2948=CARTESIAN_POINT('',(-20.0,-21.04481363734,13.3543532734));
#2949=CARTESIAN_POINT('',(-20.0,-21.0333730616,13.48320316115));
#2950=CARTESIAN_POINT('',(-20.0,-21.0179271224,13.6117659087));
#2951=CARTESIAN_POINT('',(-20.0,-21.00856550848,13.74062567387));
#2952=CARTESIAN_POINT('',(-20.0,-20.99920389455,13.86948543904));
#2953=CARTESIAN_POINT('',(-20.0,-20.99419939733,13.99863017043));
#2954=CARTESIAN_POINT('',(-20.0,-20.99107466886,14.12751956785));
#2955=CARTESIAN_POINT('',(-20.0,-20.98732499469,14.28218684475));
#2956=CARTESIAN_POINT('',(-20.0,-20.99239136824,14.43568805827));
#2957=CARTESIAN_POINT('',(-20.0,-21.00376596249,14.5970141983));
#2958=CARTESIAN_POINT('',(-20.0,-21.01324479103,14.73145264834));
#2959=CARTESIAN_POINT('',(-20.0,-21.02785563631,14.86954945564));
#2960=CARTESIAN_POINT('',(-20.0,-21.04792458495,15.00873714134));
#2961=CARTESIAN_POINT('',(-20.0,-21.08953955686,15.2973567264));
#2962=CARTESIAN_POINT('',(-20.0,-21.15308960423,15.59059342333));
#2963=CARTESIAN_POINT('',(-20.0,-21.23348935836,15.86598908448));
#2964=CARTESIAN_POINT('',(-20.0,-21.27226238793,15.99879949206));
#2965=CARTESIAN_POINT('',(-20.0,-21.3147497444,16.12749079686));
#2966=CARTESIAN_POINT('',(-20.0,-21.36097285539,16.24940104466));
#2967=CARTESIAN_POINT('',(-20.0,-21.40719596638,16.37131129247));
#2968=CARTESIAN_POINT('',(-20.0,-21.45510410716,16.48966840469));
#2969=CARTESIAN_POINT('',(-20.0,-21.50934748306,16.60655417884));
#2970=CARTESIAN_POINT('',(-20.0,-21.56359085895,16.72343995299));
#2971=CARTESIAN_POINT('',(-20.0,-21.62015446966,16.83962755673));
#2972=CARTESIAN_POINT('',(-20.0,-21.67908260101,16.95452283881));
#2973=CARTESIAN_POINT('',(-20.0,-21.70925380425,17.01334922324));
#2974=CARTESIAN_POINT('',(-20.0,-21.74167278442,17.07109644747));
#2975=CARTESIAN_POINT('',(-20.0,-21.77231503225,17.12972269113));
#2976=CARTESIAN_POINT('',(-20.0,-21.78514647354,17.15427243067));
#2977=CARTESIAN_POINT('',(-20.0,-21.79947654944,17.17797444516));
#2978=CARTESIAN_POINT('',(-20.0,-21.81232681417,17.20251618686));
#2979=CARTESIAN_POINT('',(-20.0,-23.34234310904,19.81389880472));
#2980=CARTESIAN_POINT('',(-20.0,-21.81232681417,17.20251618686));
#2981=VECTOR('',#5698,0.001);
#2982=CARTESIAN_POINT('',(-20.0,-16.64962287127,28.65240456596));
#2983=CARTESIAN_POINT('',(-20.0,-23.34234310904,19.81389880472));
#2984=CARTESIAN_POINT('',(-20.0,-23.47940809438,20.08509143605));
#2985=CARTESIAN_POINT('',(-20.0,-23.61781044987,20.34995590298));
#2986=CARTESIAN_POINT('',(-20.0,-23.73435253944,20.62473509883));
#2987=CARTESIAN_POINT('',(-20.0,-23.87420304693,20.95447013385));
#2988=CARTESIAN_POINT('',(-20.0,-23.97844647483,21.30326655354));
#2989=CARTESIAN_POINT('',(-20.0,-24.05039978304,21.67042404669));
#2990=CARTESIAN_POINT('',(-20.0,-24.1367437529,22.11101303847));
#2991=CARTESIAN_POINT('',(-20.0,-24.17459989942,22.57214292797));
#2992=CARTESIAN_POINT('',(-20.0,-24.16250136335,23.0192536076));
#2993=CARTESIAN_POINT('',(-20.0,-24.14937361154,23.50439974435));
#2994=CARTESIAN_POINT('',(-20.0,-24.07843937979,23.96649644238));
#2995=CARTESIAN_POINT('',(-20.0,-23.95771278814,24.41326053533));
#2996=CARTESIAN_POINT('',(-20.0,-23.5424309911,25.95006359453));
#2997=CARTESIAN_POINT('',(-20.0,-22.52717478519,27.26594313703));
#2998=CARTESIAN_POINT('',(-20.0,-21.14230285011,28.05678019565));
#2999=CARTESIAN_POINT('',(-20.0,-20.65918742405,28.33266533191));
#3000=CARTESIAN_POINT('',(-20.0,-20.12917078987,28.54579350104));
#3001=CARTESIAN_POINT('',(-20.0,-19.55613165707,28.68316119668));
#3002=CARTESIAN_POINT('',(-20.0,-19.0785990464,28.79763427639));
#3003=CARTESIAN_POINT('',(-20.0,-18.5805231904,28.85646009405));
#3004=CARTESIAN_POINT('',(-20.0,-18.10058457856,28.84764439858));
#3005=CARTESIAN_POINT('',(-20.0,-17.71663368909,28.8405918422));
#3006=CARTESIAN_POINT('',(-20.0,-17.34402491585,28.790354564));
#3007=CARTESIAN_POINT('',(-20.0,-16.97084863947,28.72063634665));
#3008=CARTESIAN_POINT('',(-20.0,-16.89571833153,28.70660021555));
#3009=CARTESIAN_POINT('',(-20.0,-16.82122596401,28.68865732039));
#3010=CARTESIAN_POINT('',(-20.0,-16.74615191577,28.67400903097));
#3011=CARTESIAN_POINT('',(-20.0,-16.72253566221,28.66940107755));
#3012=CARTESIAN_POINT('',(-20.0,-16.69935363373,28.66296105116));
#3013=CARTESIAN_POINT('',(-20.0,-16.6757390187,28.65833526889));
#3014=CARTESIAN_POINT('',(-20.0,-16.66696738665,28.65661702533));
#3015=CARTESIAN_POINT('',(-20.0,-16.65839445514,28.65412333378));
#3016=CARTESIAN_POINT('',(-20.0,-16.64962287127,28.65240456596));
#3017=CARTESIAN_POINT('',(-20.0,-13.72121161914,27.88776310641));
#3018=CARTESIAN_POINT('',(-20.0,-16.64962287127,28.65240456596));
#3019=VECTOR('',#5699,0.001);
#3020=CARTESIAN_POINT('',(-20.0,-13.72121161914,27.88776310641));
#3021=CARTESIAN_POINT('',(-20.0,-13.60864239417,27.86487156538));
#3022=CARTESIAN_POINT('',(-20.0,-13.49707876146,27.83696660487));
#3023=CARTESIAN_POINT('',(-20.0,-13.38433857959,27.81531032562));
#3024=CARTESIAN_POINT('',(-20.0,-13.27159839772,27.79365404638));
#3025=CARTESIAN_POINT('',(-20.0,-13.15825110503,27.77422007437));
#3026=CARTESIAN_POINT('',(-20.0,-13.04499805245,27.75626958046));
#3027=CARTESIAN_POINT('',(-20.0,-12.95439561039,27.74190918533));
#3028=CARTESIAN_POINT('',(-20.0,-12.86313009031,27.73183695733));
#3029=CARTESIAN_POINT('',(-20.0,-12.77200246864,27.72127128638));
#3030=CARTESIAN_POINT('',(-20.0,-12.58304023236,27.69936231111));
#3031=CARTESIAN_POINT('',(-20.0,-12.39605626782,27.69188175551));
#3032=CARTESIAN_POINT('',(-20.0,-12.21956863601,27.69046967838));
#3033=CARTESIAN_POINT('',(-20.0,-12.11317900457,27.68961845519));
#3034=CARTESIAN_POINT('',(-20.0,-12.00924519073,27.69211611634));
#3035=CARTESIAN_POINT('',(-20.0,-11.90624955256,27.69811998408));
#3036=CARTESIAN_POINT('',(-20.0,-11.82385304202,27.70292307827));
#3037=CARTESIAN_POINT('',(-20.0,-11.74209245722,27.70820493695));
#3038=CARTESIAN_POINT('',(-20.0,-11.66041691912,27.71708647197));
#3039=CARTESIAN_POINT('',(-20.0,-11.5192815893,27.73243376448));
#3040=CARTESIAN_POINT('',(-20.0,-11.37762751981,27.74944758195));
#3041=CARTESIAN_POINT('',(-20.0,-11.23339122583,27.7758550097));
#3042=CARTESIAN_POINT('',(-20.0,-11.12905362891,27.794957605));
#3043=CARTESIAN_POINT('',(-20.0,-11.02245344237,27.81500445362));
#3044=CARTESIAN_POINT('',(-20.0,-10.91349205127,27.83925592387));
#3045=CARTESIAN_POINT('',(-20.0,-10.80453066017,27.86350739411));
#3046=CARTESIAN_POINT('',(-20.0,-10.69323382491,27.89272376425));
#3047=CARTESIAN_POINT('',(-20.0,-10.58271510273,27.91956581203));
#3048=CARTESIAN_POINT('',(-20.0,-10.55374328282,27.9266022938));
#3049=CARTESIAN_POINT('',(-20.0,-10.5252776538,27.93549743602));
#3050=CARTESIAN_POINT('',(-20.0,-10.49631261599,27.94257122538));
#3051=CARTESIAN_POINT('',(-20.0,-10.48564165846,27.9451772674));
#3052=CARTESIAN_POINT('',(-20.0,-10.47521502178,27.94860580733));
#3053=CARTESIAN_POINT('',(-20.0,-10.4645442595,27.95121292343));
#3054=CARTESIAN_POINT('',(-20.0000000004,-9.08575713734,28.489953063));
#3055=AXIS2_PLACEMENT_3D('',#5700,#5701,#5702);
#3056=CARTESIAN_POINT('',(-20.0,-21.13508574102,12.57743072412));
#3057=CARTESIAN_POINT('',(-20.0000000004,-9.08575713734,28.489953063));
#3058=CARTESIAN_POINT('',(-20.00000000039,-9.202535584798,27.80472129632));
#3059=CARTESIAN_POINT('',(-20.00000000037,-9.312870461373,27.11798139808));
#3060=CARTESIAN_POINT('',(-20.00000000036,-9.460760684085,26.44035312733));
#3061=CARTESIAN_POINT('',(-20.00000000035,-9.608650906797,25.76272485659));
#3062=CARTESIAN_POINT('',(-20.00000000033,-9.80134841621,25.09708267404));
#3063=CARTESIAN_POINT('',(-20.00000000032,-10.03689199484,24.42187551707));
#3064=CARTESIAN_POINT('',(-20.00000000031,-10.18763988516,23.98974293661));
#3065=CARTESIAN_POINT('',(-20.0000000003,-10.35493952138,23.55717692762));
#3066=CARTESIAN_POINT('',(-20.00000000029,-10.53930704709,23.13028943799));
#3067=CARTESIAN_POINT('',(-20.00000000029,-10.76054807795,22.61802445043));
#3068=CARTESIAN_POINT('',(-20.00000000027,-11.00221454486,22.11235144034));
#3069=CARTESIAN_POINT('',(-20.00000000026,-11.26175442985,21.62321699745));
#3070=CARTESIAN_POINT('',(-20.00000000025,-11.79993633538,20.60894781668));
#3071=CARTESIAN_POINT('',(-20.00000000021,-12.39813546345,19.68434141649));
#3072=CARTESIAN_POINT('',(-20.0000000002,-13.0618666341,18.81967669679));
#3073=CARTESIAN_POINT('',(-20.00000000019,-13.78206104669,17.88145542976));
#3074=CARTESIAN_POINT('',(-20.00000000014,-14.58078937881,17.01428745999));
#3075=CARTESIAN_POINT('',(-20.00000000013,-15.45811158891,16.21382998587));
#3076=CARTESIAN_POINT('',(-20.00000000012,-16.18921343066,15.54678209078));
#3077=CARTESIAN_POINT('',(-20.00000000008,-16.9751820571,14.92435484875));
#3078=CARTESIAN_POINT('',(-20.00000000007,-17.80267202174,14.37346534101));
#3079=CARTESIAN_POINT('',(-20.00000000006,-18.63016198638,13.82257583327));
#3080=CARTESIAN_POINT('',(-20.00000000002,-19.50428799251,13.35028730504));
#3081=CARTESIAN_POINT('',(-20.00000000001,-20.39910860959,12.91771689988));
#3082=CARTESIAN_POINT('',(-20.00000000001,-20.60273001223,12.81928310102));
#3083=CARTESIAN_POINT('',(-20.0,-20.81030032402,12.72879882377));
#3084=CARTESIAN_POINT('',(-20.0,-21.01467111923,12.63170728633));
#3085=CARTESIAN_POINT('',(-20.0,-21.04100409568,12.61919713699));
#3086=CARTESIAN_POINT('',(-20.0,-21.0680130137,12.60824421682));
#3087=CARTESIAN_POINT('',(-20.0,-21.09434832308,12.59573824608));
#3088=CARTESIAN_POINT('',(-20.0,-21.1078049779,12.58934802188));
#3089=CARTESIAN_POINT('',(-20.0,-21.12162893227,12.58382067261));
#3090=CARTESIAN_POINT('',(-20.0,-21.13508574102,12.57743072412));
#3091=AXIS2_PLACEMENT_3D('',#5703,#5704,#5705);
#3092=CARTESIAN_POINT('',(-20.0,-19.03587936817,25.71799934643));
#3093=CARTESIAN_POINT('',(-20.0,-17.29505764998,19.97608853786));
#3094=CARTESIAN_POINT('',(-20.0,-19.03587936817,25.71799934643));
#3095=CARTESIAN_POINT('',(-20.0,-19.22891371564,25.64307213291));
#3096=CARTESIAN_POINT('',(-20.0,-19.41278619271,25.57418468467));
#3097=CARTESIAN_POINT('',(-20.0,-19.58905066808,25.48504323441));
#3098=CARTESIAN_POINT('',(-20.0,-19.80056803852,25.37807349409));
#3099=CARTESIAN_POINT('',(-20.0,-20.00507055239,25.23328842349));
#3100=CARTESIAN_POINT('',(-20.0,-20.19160555096,25.06043907286));
#3101=CARTESIAN_POINT('',(-20.0,-20.41544754925,24.85301985211));
#3102=CARTESIAN_POINT('',(-20.0,-20.61187020295,24.60749233573));
#3103=CARTESIAN_POINT('',(-20.0,-20.7618653721,24.34976576199));
#3104=CARTESIAN_POINT('',(-20.0,-20.92462054695,24.07011453181));
#3105=CARTESIAN_POINT('',(-20.0,-21.03456874915,23.77651330933));
#3106=CARTESIAN_POINT('',(-20.0,-21.09888112861,23.47822029003));
#3107=CARTESIAN_POINT('',(-20.0,-21.16319350808,23.17992727073));
#3108=CARTESIAN_POINT('',(-20.0,-21.18068312529,22.87729721943));
#3109=CARTESIAN_POINT('',(-20.0,-21.15379936563,22.58022727879));
#3110=CARTESIAN_POINT('',(-20.0,-21.10734422895,22.06689042137));
#3111=CARTESIAN_POINT('',(-20.0,-20.92923798949,21.57076155974));
#3112=CARTESIAN_POINT('',(-20.0,-20.63561635301,21.14389425832));
#3113=CARTESIAN_POINT('',(-20.0,-20.46569642449,20.89686457));
#3114=CARTESIAN_POINT('',(-20.0,-20.257140377,20.67318014598));
#3115=CARTESIAN_POINT('',(-20.0,-20.01286546623,20.48284433769));
#3116=CARTESIAN_POINT('',(-20.0,-19.71973557331,20.25444136775));
#3117=CARTESIAN_POINT('',(-20.0,-19.37011349156,20.07196525095));
#3118=CARTESIAN_POINT('',(-20.0,-18.98480270752,19.96138099466));
#3119=CARTESIAN_POINT('',(-20.0,-18.66371038749,19.86922744775));
#3120=CARTESIAN_POINT('',(-20.0,-18.32454587271,19.82693136081));
#3121=CARTESIAN_POINT('',(-20.0,-18.00347743458,19.85213953622));
#3122=CARTESIAN_POINT('',(-20.0,-17.79799363417,19.86827276849));
#3123=CARTESIAN_POINT('',(-20.0,-17.59425865909,19.90717859626));
#3124=CARTESIAN_POINT('',(-20.0,-17.39156357351,19.95167258411));
#3125=CARTESIAN_POINT('',(-20.0,-17.3654465106,19.95740559079));
#3126=CARTESIAN_POINT('',(-20.0,-17.3399062024,19.96540531376));
#3127=CARTESIAN_POINT('',(-20.0,-17.31379577961,19.97120647081));
#3128=CARTESIAN_POINT('',(-20.0,-17.30748323416,19.97260897845));
#3129=CARTESIAN_POINT('',(-20.0,-17.30137013218,19.97468538106));
#3130=CARTESIAN_POINT('',(-20.0,-17.29505764998,19.97608853786));
#3131=CARTESIAN_POINT('',(-20.0,-17.29505764998,19.97608853786));
#3132=CARTESIAN_POINT('',(-20.0,-17.10202335683,20.05101572162));
#3133=CARTESIAN_POINT('',(-20.0,-16.9181509281,20.11990314619));
#3134=CARTESIAN_POINT('',(-20.0,-16.74188647721,20.20904457879));
#3135=CARTESIAN_POINT('',(-20.0,-16.53036913614,20.31601429792));
#3136=CARTESIAN_POINT('',(-20.0,-16.32586660431,20.46079936385));
#3137=CARTESIAN_POINT('',(-20.0,-16.13933161201,20.63364868206));
#3138=CARTESIAN_POINT('',(-20.0,-15.91548962125,20.84106786392));
#3139=CARTESIAN_POINT('',(-20.0,-15.7190669814,21.08659532172));
#3140=CARTESIAN_POINT('',(-20.0,-15.5690717924,21.34432187841));
#3141=CARTESIAN_POINT('',(-20.0,-15.406316596,21.62397309009));
#3142=CARTESIAN_POINT('',(-20.0,-15.29636835939,21.91757431339));
#3143=CARTESIAN_POINT('',(-20.0,-15.232055952,22.21586732572));
#3144=CARTESIAN_POINT('',(-20.0,-15.16774354462,22.51416033805));
#3145=CARTESIAN_POINT('',(-20.0,-15.15025389959,22.81679038416));
#3146=CARTESIAN_POINT('',(-20.0,-15.17713763316,23.1138603227));
#3147=CARTESIAN_POINT('',(-20.0,-15.22359272477,23.62719717649));
#3148=CARTESIAN_POINT('',(-20.0,-15.40169891397,24.12332605097));
#3149=CARTESIAN_POINT('',(-20.0,-15.69532051394,24.55019337736));
#3150=CARTESIAN_POINT('',(-20.0,-15.86524042133,24.79722308013));
#3151=CARTESIAN_POINT('',(-20.0,-16.07379645186,25.02090752758));
#3152=CARTESIAN_POINT('',(-20.0,-16.3180713454,25.2112433646));
#3153=CARTESIAN_POINT('',(-20.0,-16.61120121765,25.43964636904));
#3154=CARTESIAN_POINT('',(-20.0,-16.96082328253,25.62212252782));
#3155=CARTESIAN_POINT('',(-20.0,-17.34613407385,25.73270681923));
#3156=CARTESIAN_POINT('',(-20.0,-17.66722639995,25.82486039541));
#3157=CARTESIAN_POINT('',(-20.0,-18.00639094071,25.8671565116));
#3158=CARTESIAN_POINT('',(-20.0,-18.32745943027,25.8419483469));
#3159=CARTESIAN_POINT('',(-20.0,-18.53294326359,25.82581512148));
#3160=CARTESIAN_POINT('',(-20.0,-18.73667828619,25.78690928989));
#3161=CARTESIAN_POINT('',(-20.0,-18.93937342149,25.74241530289));
#3162=CARTESIAN_POINT('',(-20.0,-18.9654904908,25.73668229632));
#3163=CARTESIAN_POINT('',(-20.0,-18.99103080482,25.72868257101));
#3164=CARTESIAN_POINT('',(-20.0,-19.01714123406,25.72288141406));
#3165=CARTESIAN_POINT('',(-20.0,-19.02345378106,25.72147890644));
#3166=CARTESIAN_POINT('',(-20.0,-19.02956688441,25.7194025032));
#3167=CARTESIAN_POINT('',(-20.0,-19.03587936817,25.71799934643));
#3168=COLOUR_RGB('',0.941176474094391,0.647058844566345,0.0901960805058479);
#3169=CARTESIAN_POINT('',(-16.2,-13.72121161736,27.88776310605));
#3170=CARTESIAN_POINT('',(-20.0,-13.72121161914,27.88776310641));
#3171=VECTOR('',#5706,0.001);
#3172=AXIS2_PLACEMENT_3D('',#5707,#5708,#5709);
#3173=COLOUR_RGB('',0.941176474094391,0.647058844566345,0.0901960805058479);
#3174=CARTESIAN_POINT('',(-16.2,-16.64962287225,28.65240456744));
#3175=CARTESIAN_POINT('',(-16.2,-13.72121161736,27.88776310605));
#3176=VECTOR('',#5710,0.001);
#3177=CARTESIAN_POINT('',(-16.2,-19.90629023278,28.58895474948));
#3178=AXIS2_PLACEMENT_3D('',#5711,#5712,#5713);
#3179=CARTESIAN_POINT('',(-16.2,-23.34234310967,19.81389880894));
#3180=AXIS2_PLACEMENT_3D('',#5714,#5715,#5716);
#3181=CARTESIAN_POINT('',(-16.2,-21.81213584107,17.20219023487));
#3182=CARTESIAN_POINT('',(-16.2,-23.34234310967,19.81389880894));
#3183=VECTOR('',#5717,0.001);
#3184=CARTESIAN_POINT('',(-16.2,-21.04481363658,13.35435326954));
#3185=AXIS2_PLACEMENT_3D('',#5718,#5719,#5720);
#3186=CARTESIAN_POINT('',(-16.2,-21.13219348057,8.939424893982));
#3187=AXIS2_PLACEMENT_3D('',#5721,#5722,#5723);
#3188=CARTESIAN_POINT('',(-16.2,-22.05137090154,5.124644802052));
#3189=AXIS2_PLACEMENT_3D('',#5724,#5725,#5726);
#3190=CARTESIAN_POINT('',(-16.2,-23.6835169908,2.575847401452));
#3191=CARTESIAN_POINT('',(-16.2,-22.05137090154,5.124644802052));
#3192=VECTOR('',#5727,0.001);
#3193=CARTESIAN_POINT('',(-16.2,-17.34576278439,-6.520556275592));
#3194=AXIS2_PLACEMENT_3D('',#5728,#5729,#5730);
#3195=CARTESIAN_POINT('',(-16.2,-14.38938928344,-5.872385915903));
#3196=CARTESIAN_POINT('',(-16.2,-17.34576278439,-6.520556275592));
#3197=VECTOR('',#5731,0.001);
#3198=CARTESIAN_POINT('',(-16.2,-10.49239425995,-6.331585246313));
#3199=AXIS2_PLACEMENT_3D('',#5732,#5733,#5734);
#3200=CARTESIAN_POINT('',(-16.2,-5.271010325467,-7.980121167579));
#3201=AXIS2_PLACEMENT_3D('',#5735,#5736,#5737);
#3202=CARTESIAN_POINT('',(-16.2,-0.492286244436,-12.16148412462));
#3203=AXIS2_PLACEMENT_3D('',#5738,#5739,#5740);
#3204=CARTESIAN_POINT('',(-16.2,9.077565102959,-9.260114591642));
#3205=CARTESIAN_POINT('',(-16.2,-0.492286244436,-12.16148412462));
#3206=VECTOR('',#5741,0.001);
#3207=CARTESIAN_POINT('',(-16.2,10.72978112894,-3.129031311507));
#3208=AXIS2_PLACEMENT_3D('',#5742,#5743,#5744);
#3209=CARTESIAN_POINT('',(-16.2,14.15664433245,1.141463907299));
#3210=AXIS2_PLACEMENT_3D('',#5745,#5746,#5747);
#3211=CARTESIAN_POINT('',(-16.2,17.14254596581,3.687406905157));
#3212=AXIS2_PLACEMENT_3D('',#5748,#5749,#5750);
#3213=CARTESIAN_POINT('',(-16.2,19.96112541558,4.790075917899));
#3214=CARTESIAN_POINT('',(-16.2,17.14254596581,3.687406905157));
#3215=VECTOR('',#5751,0.001);
#3216=CARTESIAN_POINT('',(-16.2,20.18050648587,15.87445953769));
#3217=AXIS2_PLACEMENT_3D('',#5752,#5753,#5754);
#3218=CARTESIAN_POINT('',(-16.2,17.40776511285,17.08779144067));
#3219=CARTESIAN_POINT('',(-16.2,20.18050648587,15.87445953769));
#3220=VECTOR('',#5755,0.001);
#3221=CARTESIAN_POINT('',(-16.2,14.52494049783,19.74988771078));
#3222=AXIS2_PLACEMENT_3D('',#5756,#5757,#5758);
#3223=CARTESIAN_POINT('',(-16.2,12.00060248565,23.37300038159));
#3224=AXIS2_PLACEMENT_3D('',#5759,#5760,#5761);
#3225=CARTESIAN_POINT('',(-16.2,10.50196116298,26.99950123786));
#3226=AXIS2_PLACEMENT_3D('',#5762,#5763,#5764);
#3227=CARTESIAN_POINT('',(-16.2,10.32424956276,30.02087305036));
#3228=CARTESIAN_POINT('',(-16.2,10.50196116298,26.99950123786));
#3229=VECTOR('',#5765,0.001);
#3230=CARTESIAN_POINT('',(-16.2,2.593779725396,35.41048363905));
#3231=AXIS2_PLACEMENT_3D('',#5766,#5767,#5768);
#3232=CARTESIAN_POINT('',(-16.2,-0.149833225862,33.65477975751));
#3233=AXIS2_PLACEMENT_3D('',#5769,#5770,#5771);
#3234=CARTESIAN_POINT('',(-16.2,-2.160604645742,31.39268618359));
#3235=CARTESIAN_POINT('',(-16.2,-0.149833225862,33.65477975751));
#3236=VECTOR('',#5772,0.001);
#3237=CARTESIAN_POINT('',(-16.2,-4.904217599962,29.63698229959));
#3238=AXIS2_PLACEMENT_3D('',#5773,#5774,#5775);
#3239=CARTESIAN_POINT('',(-16.2,-5.583250443626,29.47359003589));
#3240=AXIS2_PLACEMENT_3D('',#5776,#5777,#5778);
#3241=CARTESIAN_POINT('',(-16.2,-7.73352113197,28.95618119755));
#3242=AXIS2_PLACEMENT_3D('',#5779,#5780,#5781);
#3243=AXIS2_PLACEMENT_3D('',#5782,#5783,#5784);
#3244=CARTESIAN_POINT('',(-16.2,-4.977220072823,19.86482241729));
#3245=CARTESIAN_POINT('',(-16.2,0.535382038014,1.682104854521));
#3246=AXIS2_PLACEMENT_3D('',#5785,#5786,#5787);
#3247=AXIS2_PLACEMENT_3D('',#5788,#5789,#5790);
#3248=CARTESIAN_POINT('',(-16.2,-19.50112386182,2.211192841319));
#3249=CARTESIAN_POINT('',(-16.2,-17.7603021426,-3.530717967978));
#3250=AXIS2_PLACEMENT_3D('',#5791,#5792,#5793);
#3251=AXIS2_PLACEMENT_3D('',#5794,#5795,#5796);
#3252=CARTESIAN_POINT('',(-16.2,-19.03587937141,25.71799934537));
#3253=CARTESIAN_POINT('',(-16.2,-17.29505765219,19.97608853607));
#3254=AXIS2_PLACEMENT_3D('',#5797,#5798,#5799);
#3255=AXIS2_PLACEMENT_3D('',#5800,#5801,#5802);
#3256=CARTESIAN_POINT('',(-16.2,16.90475407948,13.2486584398));
#3257=CARTESIAN_POINT('',(-16.2,18.6455757987,7.506747630507));
#3258=AXIS2_PLACEMENT_3D('',#5803,#5804,#5805);
#3259=AXIS2_PLACEMENT_3D('',#5806,#5807,#5808);
#3260=CARTESIAN_POINT('',(-16.2,3.464190586768,32.53952823494));
#3261=CARTESIAN_POINT('',(-16.2,5.20501230598,26.79761742564));
#3262=AXIS2_PLACEMENT_3D('',#5809,#5810,#5811);
#3263=AXIS2_PLACEMENT_3D('',#5812,#5813,#5814);
#3264=CARTESIAN_POINT('',(-16.2,1.883474098907,-2.764429953293));
#3265=CARTESIAN_POINT('',(-16.2,0.926022153956,0.393620992007));
#3266=AXIS2_PLACEMENT_3D('',#5815,#5816,#5817);
#3267=AXIS2_PLACEMENT_3D('',#5818,#5819,#5820);
#3268=CARTESIAN_POINT('',(-16.2,-5.367860185694,21.15330628074));
#3269=CARTESIAN_POINT('',(-16.2,-6.325312130645,24.31135722604));
#3270=AXIS2_PLACEMENT_3D('',#5821,#5822,#5823);
#3271=AXIS2_PLACEMENT_3D('',#5824,#5825,#5826);
#3272=COLOUR_RGB('',0.941176474094391,0.647058844566345,0.0901960805058479);
#3273=CARTESIAN_POINT('',(-20.0000000008,-5.583250445722,29.47359003565));
#3274=CARTESIAN_POINT('',(-16.2,-5.583250443626,29.47359003589));
#3275=VECTOR('',#5827,0.001);
#3276=CARTESIAN_POINT('',(-20.0000000004,-6.350043313618,29.3193616346));
#3277=AXIS2_PLACEMENT_3D('',#5828,#5829,#5830);
#3278=CARTESIAN_POINT('',(-29.9999999992,-6.350043314431,29.31936163444));
#3279=CARTESIAN_POINT('',(-20.0000000004,-6.350043313618,29.3193616346));
#3280=VECTOR('',#5831,0.001);
#3281=CARTESIAN_POINT('',(-29.9999999996,-5.583250447098,29.4735900348));
#3282=AXIS2_PLACEMENT_3D('',#5832,#5833,#5834);
#3283=CARTESIAN_POINT('',(-33.8,-5.583250445722,29.47359003565));
#3284=CARTESIAN_POINT('',(-29.9999999996,-5.583250447098,29.4735900348));
#3285=VECTOR('',#5835,0.001);
#3286=CARTESIAN_POINT('',(-33.8,-9.809098702847,28.1924053102));
#3287=AXIS2_PLACEMENT_3D('',#5836,#5837,#5838);
#3288=CARTESIAN_POINT('',(-29.9999999992,-9.809098702989,28.19240530991));
#3289=CARTESIAN_POINT('',(-33.8,-9.809098702847,28.1924053102));
#3290=VECTOR('',#5839,0.001);
#3291=CARTESIAN_POINT('',(-29.9999999996,-9.08575713734,28.489953063));
#3292=AXIS2_PLACEMENT_3D('',#5840,#5841,#5842);
#3293=CARTESIAN_POINT('',(-29.9999999996,-9.08575713734,28.489953063));
#3294=VECTOR('',#5843,0.001);
#3295=COLOUR_RGB('',0.941176474094391,0.647058844566345,0.0901960805058479);
#3296=CARTESIAN_POINT('',(-20.0,-21.04481363734,13.3543532734));
#3297=VECTOR('',#5844,0.001);
#3298=CARTESIAN_POINT('',(-16.2,-21.81213584107,17.20219023487));
#3299=VECTOR('',#5845,0.001);
#3300=COLOUR_RGB('',0.941176474094391,0.647058844566345,0.0901960805058479);
#3301=CARTESIAN_POINT('',(-16.2,-23.34234310967,19.81389880894));
#3302=VECTOR('',#5846,0.001);
#3303=COLOUR_RGB('',0.941176474094391,0.647058844566345,0.0901960805058479);
#3304=CARTESIAN_POINT('',(-16.2,-16.64962287225,28.65240456744));
#3305=VECTOR('',#5847,0.001);
#3306=COLOUR_RGB('',0.941176474094391,0.647058844566345,0.0901960805058479);
#3307=COLOUR_RGB('',0.941176474094391,0.647058844566345,0.0901960805058479);
#3308=CARTESIAN_POINT('',(-30.0,-21.13508574102,12.57743072412));
#3309=CARTESIAN_POINT('',(-29.9999999996,-9.08575713734,28.489953063));
#3310=CARTESIAN_POINT('',(-29.99999999962,-9.173065743183,27.79886030839));
#3311=CARTESIAN_POINT('',(-29.99999999962,-9.302941196217,27.11373899331));
#3312=CARTESIAN_POINT('',(-29.99999999964,-9.461853131159,26.43552148759));
#3313=CARTESIAN_POINT('',(-29.99999999966,-9.620765066102,25.75730398188));
#3314=CARTESIAN_POINT('',(-29.99999999966,-9.806027620188,25.08505789271));
#3315=CARTESIAN_POINT('',(-29.99999999968,-10.03480950617,24.42711349022));
#3316=CARTESIAN_POINT('',(-29.99999999969,-10.18122991319,24.00602907263));
#3317=CARTESIAN_POINT('',(-29.99999999969,-10.34367604095,23.59045799689));
#3318=CARTESIAN_POINT('',(-29.9999999997,-10.51790706186,23.18009891793));
#3319=CARTESIAN_POINT('',(-29.99999999972,-10.72698428694,22.68766802317));
#3320=CARTESIAN_POINT('',(-29.99999999972,-10.95723468479,22.2042957536));
#3321=CARTESIAN_POINT('',(-29.99999999974,-11.20511264921,21.73020927741));
#3322=CARTESIAN_POINT('',(-29.99999999977,-11.82191234564,20.55053041698));
#3323=CARTESIAN_POINT('',(-29.99999999977,-12.55597256215,19.4321345134));
#3324=CARTESIAN_POINT('',(-29.99999999981,-13.39451199151,18.3982410447));
#3325=CARTESIAN_POINT('',(-29.99999999984,-13.92105916325,17.74902448701));
#3326=CARTESIAN_POINT('',(-29.99999999984,-14.48927863024,17.13377131358));
#3327=CARTESIAN_POINT('',(-29.99999999986,-15.09288135884,16.55549991634));
#3328=CARTESIAN_POINT('',(-29.99999999989,-15.96206928802,15.72278910432));
#3329=CARTESIAN_POINT('',(-29.99999999989,-16.90465614871,14.96610922708));
#3330=CARTESIAN_POINT('',(-29.99999999993,-17.90924929369,14.30301981703));
#3331=CARTESIAN_POINT('',(-29.99999999995,-18.49061106741,13.91928751954));
#3332=CARTESIAN_POINT('',(-29.99999999995,-19.09775657413,13.5766581823));
#3333=CARTESIAN_POINT('',(-29.99999999997,-19.7159701223,13.25565351422));
#3334=CARTESIAN_POINT('',(-29.99999999998,-20.11162679313,13.05021052666));
#3335=CARTESIAN_POINT('',(-29.99999999998,-20.51160582724,12.85322767899));
#3336=CARTESIAN_POINT('',(-29.99999999999,-20.92010635747,12.67468261716));
#3337=CARTESIAN_POINT('',(-30.0,-20.97274125001,12.65167726111));
#3338=CARTESIAN_POINT('',(-30.0,-21.0241482777,12.62611055059));
#3339=CARTESIAN_POINT('',(-30.0,-21.07697943781,12.60355956747));
#3340=CARTESIAN_POINT('',(-30.0,-21.09652403298,12.59521695612));
#3341=CARTESIAN_POINT('',(-30.0,-21.11551465229,12.58571099287));
#3342=CARTESIAN_POINT('',(-30.0,-21.13508574102,12.57743072412));
#3343=CARTESIAN_POINT('',(-30.0,-21.13508574102,12.57743072412));
#3344=VECTOR('',#5848,0.001);
#3345=COLOUR_RGB('',0.941176474094391,0.647058844566345,0.0901960805058479);
#3346=CARTESIAN_POINT('',(-29.9999999996,-21.04481363681,13.35435327718));
#3347=AXIS2_PLACEMENT_3D('',#5849,#5850,#5851);
#3348=CARTESIAN_POINT('',(-33.8,-21.04481363548,13.3543532774));
#3349=CARTESIAN_POINT('',(-29.9999999996,-21.04481363681,13.35435327718));
#3350=VECTOR('',#5852,0.001);
#3351=CARTESIAN_POINT('',(-33.8,-21.13219348038,8.939424892066));
#3352=AXIS2_PLACEMENT_3D('',#5853,#5854,#5855);
#3353=CARTESIAN_POINT('',(-29.9999999992,-21.13219348042,8.939424892121));
#3354=CARTESIAN_POINT('',(-33.8,-21.13219348038,8.939424892066));
#3355=VECTOR('',#5856,0.001);
#3356=CARTESIAN_POINT('',(-29.9999999996,-21.19165337178,9.719310923726));
#3357=AXIS2_PLACEMENT_3D('',#5857,#5858,#5859);
#3358=CARTESIAN_POINT('',(-20.0000000008,-21.19165337165,9.719310924288));
#3359=CARTESIAN_POINT('',(-29.9999999996,-21.19165337178,9.719310923726));
#3360=VECTOR('',#5860,0.001);
#3361=CARTESIAN_POINT('',(-20.0000000004,-21.13219347884,8.939424890222));
#3362=AXIS2_PLACEMENT_3D('',#5861,#5862,#5863);
#3363=CARTESIAN_POINT('',(-20.0000000004,-21.13219347884,8.939424890222));
#3364=VECTOR('',#5864,0.001);
#3365=COLOUR_RGB('',0.941176474094391,0.647058844566345,0.0901960805058479);
#3366=CARTESIAN_POINT('',(-16.2,-17.29505765219,19.97608853607));
#3367=VECTOR('',#5865,0.001);
#3368=CARTESIAN_POINT('',(-20.0,-19.03587936817,25.71799934643));
#3369=VECTOR('',#5866,0.001);
#3370=COLOUR_RGB('',0.941176474094391,0.647058844566345,0.0901960805058479);
#3371=COLOUR_RGB('',0.941176474094391,0.647058844566345,0.0901960805058479);
#3372=CARTESIAN_POINT('',(-20.0,-22.05137090454,5.124644799322));
#3373=CARTESIAN_POINT('',(-20.0,-22.05137090454,5.124644799322));
#3374=VECTOR('',#5867,0.001);
#3375=CARTESIAN_POINT('',(-20.0000000004,-21.13219347884,8.939424890222));
#3376=CARTESIAN_POINT('',(-20.00000000038,-21.11933113506,8.806797748204));
#3377=CARTESIAN_POINT('',(-20.00000000038,-21.11488269772,8.673614146058));
#3378=CARTESIAN_POINT('',(-20.00000000036,-21.11087859729,8.54042493528));
#3379=CARTESIAN_POINT('',(-20.00000000034,-21.10687449687,8.407235724502));
#3380=CARTESIAN_POINT('',(-20.00000000034,-21.1048250258,8.274070321986));
#3381=CARTESIAN_POINT('',(-20.00000000032,-21.10969693575,8.140910030675));
#3382=CARTESIAN_POINT('',(-20.0000000003,-21.1145688457,8.007749739364));
#3383=CARTESIAN_POINT('',(-20.0000000003,-21.12171680547,7.874656573969));
#3384=CARTESIAN_POINT('',(-20.00000000028,-21.13544310811,7.74211606203));
#3385=CARTESIAN_POINT('',(-20.00000000026,-21.14916941076,7.609575550091));
#3386=CARTESIAN_POINT('',(-20.00000000026,-21.16760912672,7.477496549578));
#3387=CARTESIAN_POINT('',(-20.00000000024,-21.1901289156,7.346163926827));
#3388=CARTESIAN_POINT('',(-20.0000000002,-21.23682594983,7.073832600291));
#3389=CARTESIAN_POINT('',(-20.0000000002,-21.30232887439,6.804672848332));
#3390=CARTESIAN_POINT('',(-20.00000000016,-21.38608479381,6.541367112757));
#3391=CARTESIAN_POINT('',(-20.00000000014,-21.42647634446,6.414387109104));
#3392=CARTESIAN_POINT('',(-20.00000000014,-21.47091854888,6.288649279781));
#3393=CARTESIAN_POINT('',(-20.00000000012,-21.519674233,6.164640078678));
#3394=CARTESIAN_POINT('',(-20.00000000009,-21.57818105395,6.015829037355));
#3395=CARTESIAN_POINT('',(-20.00000000009,-21.64539698378,5.870698165564));
#3396=CARTESIAN_POINT('',(-20.00000000007,-21.71560163551,5.727035084037));
#3397=CARTESIAN_POINT('',(-20.00000000005,-21.77410551195,5.60731584943));
#3398=CARTESIAN_POINT('',(-20.00000000005,-21.83776299432,5.490319777359));
#3399=CARTESIAN_POINT('',(-20.00000000003,-21.90410743145,5.374761072122));
#3400=CARTESIAN_POINT('',(-20.00000000002,-21.93807578325,5.31559501504));
#3401=CARTESIAN_POINT('',(-20.00000000002,-21.97121946983,5.255992156241));
#3402=CARTESIAN_POINT('',(-20.00000000001,-22.0071859323,5.198019017526));
#3403=CARTESIAN_POINT('',(-20.0,-22.02224688846,5.173742765689));
#3404=CARTESIAN_POINT('',(-20.0,-22.03596472659,5.148703446097));
#3405=CARTESIAN_POINT('',(-20.0,-22.05137090454,5.124644799322));
#3406=COLOUR_RGB('',0.941176474094391,0.647058844566345,0.0901960805058479);
#3407=CARTESIAN_POINT('',(-20.0,-23.68351699308,2.575847397852));
#3408=CARTESIAN_POINT('',(-20.0,-23.68351699308,2.575847397852));
#3409=VECTOR('',#5868,0.001);
#3410=CARTESIAN_POINT('',(-20.0,-22.05137090454,5.124644799322));
#3411=VECTOR('',#5869,0.001);
#3412=COLOUR_RGB('',0.941176474094391,0.647058844566345,0.0901960805058479);
#3413=CARTESIAN_POINT('',(-20.0,-17.34576278505,-6.52055627393));
#3414=CARTESIAN_POINT('',(-20.0,-23.68351699308,2.575847397852));
#3415=CARTESIAN_POINT('',(-20.0,-23.84615648877,2.321865767552));
#3416=CARTESIAN_POINT('',(-20.0,-23.98599639786,2.053897634114));
#3417=CARTESIAN_POINT('',(-20.0,-24.10863567901,1.77836563814));
#3418=CARTESIAN_POINT('',(-20.0,-24.2558028164,1.44772724297));
#3419=CARTESIAN_POINT('',(-20.0,-24.37778151241,1.105732424416));
#3420=CARTESIAN_POINT('',(-20.0,-24.46304080353,0.754007008841));
#3421=CARTESIAN_POINT('',(-20.0,-24.56535195289,0.331936510151));
#3422=CARTESIAN_POINT('',(-20.0,-24.61996808286,-0.101567233669));
#3423=CARTESIAN_POINT('',(-20.0,-24.62894384732,-0.53576823873));
#3424=CARTESIAN_POINT('',(-20.0,-24.64063104064,-1.101134130736));
#3425=CARTESIAN_POINT('',(-20.0,-24.57260056985,-1.668159861639));
#3426=CARTESIAN_POINT('',(-20.0,-24.42609165231,-2.214337780829));
#3427=CARTESIAN_POINT('',(-20.0,-24.1729242428,-3.158133225188));
#3428=CARTESIAN_POINT('',(-20.0,-23.68476352504,-4.037981442032));
#3429=CARTESIAN_POINT('',(-20.0,-23.018224659,-4.752522916051));
#3430=CARTESIAN_POINT('',(-20.0,-22.63249614856,-5.166030713516));
#3431=CARTESIAN_POINT('',(-20.0,-22.18802232377,-5.524744326917));
#3432=CARTESIAN_POINT('',(-20.0,-21.70224467306,-5.814218430084));
#3433=CARTESIAN_POINT('',(-20.0,-21.29742996413,-6.05544684939));
#3434=CARTESIAN_POINT('',(-20.0,-20.86379146608,-6.247983573197));
#3435=CARTESIAN_POINT('',(-20.0,-20.41384816367,-6.388044715088));
#3436=CARTESIAN_POINT('',(-20.0,-19.96390486126,-6.52810585698));
#3437=CARTESIAN_POINT('',(-20.0,-19.49769331227,-6.61712419205));
#3438=CARTESIAN_POINT('',(-20.0,-19.02748535489,-6.648278255531));
#3439=CARTESIAN_POINT('',(-20.0,-18.55727739751,-6.679432319013));
#3440=CARTESIAN_POINT('',(-20.0,-18.08413632254,-6.647666416401));
#3441=CARTESIAN_POINT('',(-20.0,-17.61964747676,-6.568191822964));
#3442=CARTESIAN_POINT('',(-20.0,-17.55730483919,-6.557524923599));
#3443=CARTESIAN_POINT('',(-20.0,-17.49466453861,-6.549101592802));
#3444=CARTESIAN_POINT('',(-20.0,-17.43269034986,-6.536468812848));
#3445=CARTESIAN_POINT('',(-20.0,-17.41319495578,-6.532494883886));
#3446=CARTESIAN_POINT('',(-20.0,-17.39348062185,-6.529973195693));
#3447=CARTESIAN_POINT('',(-20.0,-17.37402572503,-6.525805523526));
#3448=CARTESIAN_POINT('',(-20.0,-17.36464367966,-6.523795680467));
#3449=CARTESIAN_POINT('',(-20.0,-17.35513508036,-6.522611103615));
#3450=CARTESIAN_POINT('',(-20.0,-17.34576278505,-6.52055627393));
#3451=CARTESIAN_POINT('',(-20.0,-17.34576278505,-6.52055627393));
#3452=VECTOR('',#5870,0.001);
#3453=COLOUR_RGB('',0.941176474094391,0.647058844566345,0.0901960805058479);
#3454=CARTESIAN_POINT('',(-20.0,-14.38938928949,-5.872385919467));
#3455=CARTESIAN_POINT('',(-20.0,-17.34576278505,-6.52055627393));
#3456=VECTOR('',#5871,0.001);
#3457=CARTESIAN_POINT('',(-20.0,-14.38938928949,-5.872385919467));
#3458=VECTOR('',#5872,0.001);
#3459=COLOUR_RGB('',0.941176474094391,0.647058844566345,0.0901960805058479);
#3460=CARTESIAN_POINT('',(-20.0,-10.49239425773,-6.331585246959));
#3461=CARTESIAN_POINT('',(-20.0,-10.49239425773,-6.331585246959));
#3462=VECTOR('',#5873,0.001);
#3463=CARTESIAN_POINT('',(-20.0,-14.38938928949,-5.872385919467));
#3464=CARTESIAN_POINT('',(-20.0,-14.25923142942,-5.84384944834));
#3465=CARTESIAN_POINT('',(-20.0,-14.12752089854,-5.823601076756));
#3466=CARTESIAN_POINT('',(-20.0,-13.99575197984,-5.803793230197));
#3467=CARTESIAN_POINT('',(-20.0,-13.86398306115,-5.783985383638));
#3468=CARTESIAN_POINT('',(-20.0,-13.7320054362,-5.766121136019));
#3469=CARTESIAN_POINT('',(-20.0,-13.59921014496,-5.755129805562));
#3470=CARTESIAN_POINT('',(-20.0,-13.46641485373,-5.744138475106));
#3471=CARTESIAN_POINT('',(-20.0,-13.33341565909,-5.735415038319));
#3472=CARTESIAN_POINT('',(-20.0,-13.20018323564,-5.733288994785));
#3473=CARTESIAN_POINT('',(-20.0,-13.0669508122,-5.73116295125));
#3474=CARTESIAN_POINT('',(-20.0,-12.93361634673,-5.733771762994));
#3475=CARTESIAN_POINT('',(-20.0,-12.80053797105,-5.740520440078));
#3476=CARTESIAN_POINT('',(-20.0,-12.52458665123,-5.75451449688));
#3477=CARTESIAN_POINT('',(-20.0,-12.24954897151,-5.787558109072));
#3478=CARTESIAN_POINT('',(-20.0,-11.97815407886,-5.839421166922));
#3479=CARTESIAN_POINT('',(-20.0,-11.84727305424,-5.864432286641));
#3480=CARTESIAN_POINT('',(-20.0,-11.71714389722,-5.893612997296));
#3481=CARTESIAN_POINT('',(-20.0,-11.58821837142,-5.927282085665));
#3482=CARTESIAN_POINT('',(-20.0,-11.43350774046,-5.967684991707));
#3483=CARTESIAN_POINT('',(-20.0,-11.28141593989,-6.017172722301));
#3484=CARTESIAN_POINT('',(-20.0,-11.13042625375,-6.069802455618));
#3485=CARTESIAN_POINT('',(-20.0,-11.00460151531,-6.113660566715));
#3486=CARTESIAN_POINT('',(-20.0,-10.88086802552,-6.162959445836));
#3487=CARTESIAN_POINT('',(-20.0,-10.75824231426,-6.215097087227));
#3488=CARTESIAN_POINT('',(-20.0,-10.69545795009,-6.241791559619));
#3489=CARTESIAN_POINT('',(-20.0,-10.63233790846,-6.26761529072));
#3490=CARTESIAN_POINT('',(-20.0,-10.57050049031,-6.296435508562));
#3491=CARTESIAN_POINT('',(-20.0,-10.54460607146,-6.308503974783));
#3492=CARTESIAN_POINT('',(-20.0,-10.51811365071,-6.319148140003));
#3493=CARTESIAN_POINT('',(-20.0,-10.49239425773,-6.331585246959));
#3494=COLOUR_RGB('',0.941176474094391,0.647058844566345,0.0901960805058479);
#3495=CARTESIAN_POINT('',(-20.0000000004,-9.781392626596,-6.657521384675));
#3496=AXIS2_PLACEMENT_3D('',#5874,#5875,#5876);
#3497=CARTESIAN_POINT('',(-29.9999999992,-9.781392623617,-6.65752138328));
#3498=CARTESIAN_POINT('',(-20.0000000004,-9.781392626596,-6.657521384675));
#3499=VECTOR('',#5877,0.001);
#3500=CARTESIAN_POINT('',(-29.9999999996,-10.49239425719,-6.331585247186));
#3501=AXIS2_PLACEMENT_3D('',#5878,#5879,#5880);
#3502=CARTESIAN_POINT('',(-33.8,-10.49239425858,-6.331585246959));
#3503=CARTESIAN_POINT('',(-29.9999999996,-10.49239425719,-6.331585247186));
#3504=VECTOR('',#5881,0.001);
#3505=CARTESIAN_POINT('',(-33.8,-5.2710103256,-7.980121167559));
#3506=AXIS2_PLACEMENT_3D('',#5882,#5883,#5884);
#3507=CARTESIAN_POINT('',(-33.8,-5.2710103256,-7.980121167559));
#3508=VECTOR('',#5885,0.001);
#3509=COLOUR_RGB('',0.941176474094391,0.647058844566345,0.0901960805058479);
#3510=CARTESIAN_POINT('',(-21.0999999984498,-0.492286245105932,-12.1614841236807));
#3511=CARTESIAN_POINT('',(-17.1000000032,-0.492286245284,-12.16148412309));
#3512=VECTOR('',#5886,0.001);
#3513=CARTESIAN_POINT('',(-33.8,-0.492286244617,-12.16148412529));
#3514=AXIS2_PLACEMENT_3D('',#5887,#5888,#5889);
#3515=CARTESIAN_POINT('',(-28.9,-0.492286245216598,-12.1614841233155));
#3516=CARTESIAN_POINT('',(-33.8,-0.492286244617,-12.16148412529));
#3517=VECTOR('',#5890,0.001);
#3518=CARTESIAN_POINT('',(-32.8999999968,-0.492286245194,-12.16148412339));
#3519=VECTOR('',#5891,0.001);
#3520=COLOUR_RGB('',0.941176474094391,0.647058844566345,0.0901960805058479);
#3521=CARTESIAN_POINT('',(-21.1000000002464,9.07756510629276,-9.2601145908819));
#3522=CARTESIAN_POINT('',(-21.1,9.42207975170226,-9.15566528868371));
#3523=VECTOR('',#5892,1.0);
#3524=CARTESIAN_POINT('',(-17.09999999959,9.077565103723,-9.260114591661));
#3525=VECTOR('',#5893,0.001);
#3526=COLOUR_RGB('',0.941176474094391,0.647058844566345,0.0901960805058479);
#3527=CARTESIAN_POINT('',(-33.8,10.72978112741,-3.12903131287));
#3528=CARTESIAN_POINT('',(-33.8,10.72978112741,-3.12903131287));
#3529=VECTOR('',#5894,0.001);
#3530=CARTESIAN_POINT('',(-28.9,9.07756510264391,-9.26011458810171));
#3531=CARTESIAN_POINT('',(-17.09999999959,9.077565103723,-9.260114591661));
#3532=VECTOR('',#5895,0.001);
#3533=CARTESIAN_POINT('',(-33.8,9.077565103556,-9.260114591109));
#3534=CARTESIAN_POINT('',(-32.89999999484,9.077565103388,-9.260114590556));
#3535=VECTOR('',#5896,0.001);
#3536=AXIS2_PLACEMENT_3D('',#5897,#5898,#5899);
#3537=COLOUR_RGB('',0.941176474094391,0.647058844566345,0.0901960805058479);
#3538=CARTESIAN_POINT('',(-33.8,14.1566443326,1.14146390756));
#3539=AXIS2_PLACEMENT_3D('',#5900,#5901,#5902);
#3540=CARTESIAN_POINT('',(-29.9999999992,14.15664433434,1.141463910477));
#3541=CARTESIAN_POINT('',(-33.8,14.1566443326,1.14146390756));
#3542=VECTOR('',#5903,0.001);
#3543=CARTESIAN_POINT('',(-29.9999999996,13.74634289464,0.475573217964));
#3544=AXIS2_PLACEMENT_3D('',#5904,#5905,#5906);
#3545=CARTESIAN_POINT('',(-20.0000000008,13.74634289284,0.47557321512));
#3546=CARTESIAN_POINT('',(-29.9999999996,13.74634289464,0.475573217964));
#3547=VECTOR('',#5907,0.001);
#3548=CARTESIAN_POINT('',(-20.0000000004,14.15664433462,1.141463910635));
#3549=AXIS2_PLACEMENT_3D('',#5908,#5909,#5910);
#3550=CARTESIAN_POINT('',(-20.0000000004,14.15664433462,1.141463910635));
#3551=VECTOR('',#5911,0.001);
#3552=COLOUR_RGB('',0.941176474094391,0.647058844566345,0.0901960805058479);
#3553=CARTESIAN_POINT('',(-20.0,17.14254596794,3.687406905097));
#3554=CARTESIAN_POINT('',(-20.0,17.14254596794,3.687406905097));
#3555=VECTOR('',#5912,0.001);
#3556=CARTESIAN_POINT('',(-20.0000000004,14.15664433462,1.141463910635));
#3557=CARTESIAN_POINT('',(-20.00000000038,14.2241947579,1.256321818604));
#3558=CARTESIAN_POINT('',(-20.00000000038,14.29887925118,1.366684343764));
#3559=CARTESIAN_POINT('',(-20.00000000036,14.37392651961,1.476790230116));
#3560=CARTESIAN_POINT('',(-20.00000000034,14.44897378803,1.586896116468));
#3561=CARTESIAN_POINT('',(-20.00000000034,14.52558838914,1.695833840471));
#3562=CARTESIAN_POINT('',(-20.00000000032,14.60779950239,1.800699142489));
#3563=CARTESIAN_POINT('',(-20.0000000003,14.69001061563,1.905564444507));
#3564=CARTESIAN_POINT('',(-20.0000000003,14.77402363607,2.009037612583));
#3565=CARTESIAN_POINT('',(-20.00000000028,14.86303380632,2.108197021114));
#3566=CARTESIAN_POINT('',(-20.00000000026,14.95204397657,2.207356429644));
#3567=CARTESIAN_POINT('',(-20.00000000026,15.04459610925,2.303371992651));
#3568=CARTESIAN_POINT('',(-20.00000000024,15.14001037987,2.396385516776));
#3569=CARTESIAN_POINT('',(-20.0000000002,15.33786141143,2.5892583604));
#3570=CARTESIAN_POINT('',(-20.0000000002,15.54906252487,2.76851151986));
#3571=CARTESIAN_POINT('',(-20.00000000016,15.77158971515,2.932299840827));
#3572=CARTESIAN_POINT('',(-20.00000000014,15.87890413948,3.011287264133));
#3573=CARTESIAN_POINT('',(-20.00000000014,15.98876548055,3.086888831815));
#3574=CARTESIAN_POINT('',(-20.00000000012,16.10110043709,3.158556511066));
#3575=CARTESIAN_POINT('',(-20.00000000009,16.23590238493,3.244557726168));
#3576=CARTESIAN_POINT('',(-20.00000000009,16.37558700088,3.322462535205));
#3577=CARTESIAN_POINT('',(-20.00000000007,16.51682679779,3.397423150923));
#3578=CARTESIAN_POINT('',(-20.00000000005,16.63452662855,3.459890330687));
#3579=CARTESIAN_POINT('',(-20.00000000005,16.75479517932,3.517125212137));
#3580=CARTESIAN_POINT('',(-20.00000000003,16.87639265913,3.571617886991));
#3581=CARTESIAN_POINT('',(-20.00000000002,16.9386505688,3.599518136516));
#3582=CARTESIAN_POINT('',(-20.00000000002,17.00049805584,3.628256492203));
#3583=CARTESIAN_POINT('',(-20.00000000001,17.06367129117,3.654017190514));
#3584=CARTESIAN_POINT('',(-20.0,17.09012508346,3.664804482932));
#3585=CARTESIAN_POINT('',(-20.0,17.11594079039,3.676998575149));
#3586=CARTESIAN_POINT('',(-20.0,17.14254596794,3.687406905097));
#3587=COLOUR_RGB('',0.941176474094391,0.647058844566345,0.0901960805058479);
#3588=CARTESIAN_POINT('',(-20.0,19.96112541417,4.790075918107));
#3589=CARTESIAN_POINT('',(-20.0,19.96112541417,4.790075918107));
#3590=VECTOR('',#5913,0.001);
#3591=CARTESIAN_POINT('',(-20.0,17.14254596794,3.687406905097));
#3592=VECTOR('',#5914,0.001);
#3593=COLOUR_RGB('',0.941176474094391,0.647058844566345,0.0901960805058479);
#3594=CARTESIAN_POINT('',(-20.0,20.18050648698,15.87445953708));
#3595=CARTESIAN_POINT('',(-20.0,19.96112541417,4.790075918107));
#3596=CARTESIAN_POINT('',(-20.0,20.24199018709,4.899954276018));
#3597=CARTESIAN_POINT('',(-20.0,20.5126307669,5.034549214083));
#3598=CARTESIAN_POINT('',(-20.0,20.77380167363,5.185373720325));
#3599=CARTESIAN_POINT('',(-20.0,21.0872067617,5.366363127816));
#3600=CARTESIAN_POINT('',(-20.0,21.38690910827,5.571345472062));
#3601=CARTESIAN_POINT('',(-20.0,21.66262433626,5.805783156556));
#3602=CARTESIAN_POINT('',(-20.0,21.99348260984,6.08710837795));
#3603=CARTESIAN_POINT('',(-20.0,22.29247510033,6.405717712852));
#3604=CARTESIAN_POINT('',(-20.0,22.55495359409,6.751717882941));
#3605=CARTESIAN_POINT('',(-20.0,22.89672246618,7.202238937745));
#3606=CARTESIAN_POINT('',(-20.0,23.17497402252,7.700959698544));
#3607=CARTESIAN_POINT('',(-20.0,23.37748114493,8.228942698382));
#3608=CARTESIAN_POINT('',(-20.0,23.72741345245,9.141297322103));
#3609=CARTESIAN_POINT('',(-20.0,23.84964493876,10.14004315423));
#3610=CARTESIAN_POINT('',(-20.0,23.73040060964,11.10990106612));
#3611=CARTESIAN_POINT('',(-20.0,23.66139347474,11.67116143179));
#3612=CARTESIAN_POINT('',(-20.0,23.51265316842,12.22262200035));
#3613=CARTESIAN_POINT('',(-20.0,23.28979940227,12.74234440862));
#3614=CARTESIAN_POINT('',(-20.0,23.10408793048,13.17544641551));
#3615=CARTESIAN_POINT('',(-20.0,22.8664372612,13.58609820975));
#3616=CARTESIAN_POINT('',(-20.0,22.58475135655,13.96388009159));
#3617=CARTESIAN_POINT('',(-20.0,22.3030654519,14.34166197343));
#3618=CARTESIAN_POINT('',(-20.0,21.97821605306,14.68771159466));
#3619=CARTESIAN_POINT('',(-20.0,21.6161217235,14.98929706451));
#3620=CARTESIAN_POINT('',(-20.0,21.25402739393,15.29088253437));
#3621=CARTESIAN_POINT('',(-20.0,20.8525766924,15.54328872236));
#3622=CARTESIAN_POINT('',(-20.0,20.43008332823,15.75201211914));
#3623=CARTESIAN_POINT('',(-20.0,20.37337722879,15.78002649923));
#3624=CARTESIAN_POINT('',(-20.0,20.31774905293,15.81003092902));
#3625=CARTESIAN_POINT('',(-20.0,20.26018551923,15.83623830953));
#3626=CARTESIAN_POINT('',(-20.0,20.24207759726,15.8444824386));
#3627=CARTESIAN_POINT('',(-20.0,20.22464615545,15.85403014562));
#3628=CARTESIAN_POINT('',(-20.0,20.20645711704,15.86209372945));
#3629=CARTESIAN_POINT('',(-20.0,20.19768552678,15.86598236017));
#3630=CARTESIAN_POINT('',(-20.0,20.18929663175,15.87061303225));
#3631=CARTESIAN_POINT('',(-20.0,20.18050648698,15.87445953708));
#3632=CARTESIAN_POINT('',(-20.0,20.18050648698,15.87445953708));
#3633=VECTOR('',#5915,0.001);
#3634=COLOUR_RGB('',0.941176474094391,0.647058844566345,0.0901960805058479);
#3635=CARTESIAN_POINT('',(-20.0,17.40776511195,17.08779144195));
#3636=CARTESIAN_POINT('',(-20.0,20.18050648698,15.87445953708));
#3637=VECTOR('',#5916,0.001);
#3638=CARTESIAN_POINT('',(-20.0,17.40776511195,17.08779144195));
#3639=VECTOR('',#5917,0.001);
#3640=COLOUR_RGB('',0.941176474094391,0.647058844566345,0.0901960805058479);
#3641=CARTESIAN_POINT('',(-20.0000000004,14.52494049691,19.74988771247));
#3642=CARTESIAN_POINT('',(-20.0000000004,14.52494049691,19.74988771247));
#3643=VECTOR('',#5918,0.001);
#3644=CARTESIAN_POINT('',(-20.0,17.40776511195,17.08779144195));
#3645=CARTESIAN_POINT('',(-20.00000000002,17.28569187429,17.14120982251));
#3646=CARTESIAN_POINT('',(-20.00000000002,17.16723412385,17.20224605653));
#3647=CARTESIAN_POINT('',(-20.00000000004,17.04898806918,17.26367299921));
#3648=CARTESIAN_POINT('',(-20.00000000006,16.9307420145,17.3250999419));
#3649=CARTESIAN_POINT('',(-20.00000000006,16.81346953326,17.38822196609));
#3650=CARTESIAN_POINT('',(-20.00000000008,16.69957534391,17.45738490678));
#3651=CARTESIAN_POINT('',(-20.0000000001,16.58568115456,17.52654784746));
#3652=CARTESIAN_POINT('',(-20.0000000001,16.4729550387,17.59766540382));
#3653=CARTESIAN_POINT('',(-20.00000000012,16.36391808688,17.67425745217));
#3654=CARTESIAN_POINT('',(-20.00000000014,16.25488113505,17.75084950051));
#3655=CARTESIAN_POINT('',(-20.00000000014,16.14854470563,17.83133210297));
#3656=CARTESIAN_POINT('',(-20.00000000016,16.04484881096,17.91501340412));
#3657=CARTESIAN_POINT('',(-20.0000000002,15.82982500378,18.08853495018));
#3658=CARTESIAN_POINT('',(-20.0000000002,15.62673739428,18.27693088536));
#3659=CARTESIAN_POINT('',(-20.00000000024,15.43765865446,18.47841089615));
#3660=CARTESIAN_POINT('',(-20.00000000026,15.34647484861,18.57557525321));
#3661=CARTESIAN_POINT('',(-20.00000000026,15.25835014301,18.67567094544));
#3662=CARTESIAN_POINT('',(-20.00000000028,15.17383739523,18.77869033291));
#3663=CARTESIAN_POINT('',(-20.00000000031,15.0724220979,18.90231359787));
#3664=CARTESIAN_POINT('',(-20.00000000031,14.97846540508,19.03174733015));
#3665=CARTESIAN_POINT('',(-20.00000000033,14.88724716411,19.16307518968));
#3666=CARTESIAN_POINT('',(-20.00000000035,14.8112319633,19.27251507261));
#3667=CARTESIAN_POINT('',(-20.00000000035,14.74010661952,19.38512742288));
#3668=CARTESIAN_POINT('',(-20.00000000037,14.67154607188,19.49938524554));
#3669=CARTESIAN_POINT('',(-20.00000000038,14.63644307148,19.55788525074));
#3670=CARTESIAN_POINT('',(-20.00000000038,14.60055669223,19.61587811692));
#3671=CARTESIAN_POINT('',(-20.00000000039,14.56746926908,19.67554128541));
#3672=CARTESIAN_POINT('',(-20.00000000039,14.55361391064,19.70052523722));
#3673=CARTESIAN_POINT('',(-20.00000000039,14.53843757486,19.72470840167));
#3674=CARTESIAN_POINT('',(-20.0000000004,14.52494049691,19.74988771247));
#3675=COLOUR_RGB('',0.941176474094391,0.647058844566345,0.0901960805058479);
#3676=CARTESIAN_POINT('',(-20.0000000004,14.14130854907,20.43149185947));
#3677=AXIS2_PLACEMENT_3D('',#5919,#5920,#5921);
#3678=CARTESIAN_POINT('',(-29.9999999992,14.14130854581,20.4314918585));
#3679=CARTESIAN_POINT('',(-20.0000000004,14.14130854907,20.43149185947));
#3680=VECTOR('',#5922,0.001);
#3681=CARTESIAN_POINT('',(-29.9999999996,14.52494049632,19.74988771207));
#3682=AXIS2_PLACEMENT_3D('',#5923,#5924,#5925);
#3683=CARTESIAN_POINT('',(-33.8,14.52494049689,19.74988771245));
#3684=CARTESIAN_POINT('',(-29.9999999996,14.52494049632,19.74988771207));
#3685=VECTOR('',#5926,0.001);
#3686=CARTESIAN_POINT('',(-33.8,12.00060248788,23.37300037907));
#3687=AXIS2_PLACEMENT_3D('',#5927,#5928,#5929);
#3688=CARTESIAN_POINT('',(-29.9999999992,12.00060248621,23.37300038099));
#3689=CARTESIAN_POINT('',(-33.8,12.00060248788,23.37300037907));
#3690=VECTOR('',#5930,0.001);
#3691=CARTESIAN_POINT('',(-29.9999999996,12.50711205747,22.77700897452));
#3692=AXIS2_PLACEMENT_3D('',#5931,#5932,#5933);
#3693=CARTESIAN_POINT('',(-20.0000000008,12.50711205639,22.77700897469));
#3694=CARTESIAN_POINT('',(-29.9999999996,12.50711205747,22.77700897452));
#3695=VECTOR('',#5934,0.001);
#3696=CARTESIAN_POINT('',(-20.0000000004,12.00060248668,23.37300038032));
#3697=AXIS2_PLACEMENT_3D('',#5935,#5936,#5937);
#3698=CARTESIAN_POINT('',(-20.0000000004,12.00060248668,23.37300038032));
#3699=VECTOR('',#5938,0.001);
#3700=COLOUR_RGB('',0.941176474094391,0.647058844566345,0.0901960805058479);
#3701=CARTESIAN_POINT('',(-20.0,10.5019611629,26.99950123728));
#3702=CARTESIAN_POINT('',(-20.0,10.5019611629,26.99950123728));
#3703=VECTOR('',#5939,0.001);
#3704=CARTESIAN_POINT('',(-20.0000000004,12.00060248668,23.37300038032));
#3705=CARTESIAN_POINT('',(-20.00000000038,11.91224035376,23.4727376961));
#3706=CARTESIAN_POINT('',(-20.00000000038,11.83035813274,23.57787076589));
#3707=CARTESIAN_POINT('',(-20.00000000036,11.7488320935,23.68326954965));
#3708=CARTESIAN_POINT('',(-20.00000000034,11.66730605426,23.78866833341));
#3709=CARTESIAN_POINT('',(-20.00000000034,11.58737533579,23.89519675707));
#3710=CARTESIAN_POINT('',(-20.00000000032,11.51304713822,24.00578933249));
#3711=CARTESIAN_POINT('',(-20.0000000003,11.43871894064,24.11638190791));
#3712=CARTESIAN_POINT('',(-20.0000000003,11.366271561,24.22825800585));
#3713=CARTESIAN_POINT('',(-20.00000000028,11.29947101477,24.34355365067));
#3714=CARTESIAN_POINT('',(-20.00000000026,11.23267046854,24.45884929549));
#3715=CARTESIAN_POINT('',(-20.00000000026,11.16995442361,24.57654204507));
#3716=CARTESIAN_POINT('',(-20.00000000024,11.11097793663,24.69602916855));
#3717=CARTESIAN_POINT('',(-20.0000000002,10.98868429324,24.94379766778));
#3718=CARTESIAN_POINT('',(-20.0000000002,10.88346914132,25.20005413553));
#3719=CARTESIAN_POINT('',(-20.00000000016,10.7964618751,25.4623034445));
#3720=CARTESIAN_POINT('',(-20.00000000014,10.75450235243,25.58877398316));
#3721=CARTESIAN_POINT('',(-20.00000000014,10.71655001035,25.71662049669));
#3722=CARTESIAN_POINT('',(-20.00000000012,10.68310340772,25.84560391991));
#3723=CARTESIAN_POINT('',(-20.00000000009,10.64296748457,26.00038402777));
#3724=CARTESIAN_POINT('',(-20.00000000009,10.61204052858,26.15730590192));
#3725=CARTESIAN_POINT('',(-20.00000000007,10.58439424418,26.31479703525));
#3726=CARTESIAN_POINT('',(-20.00000000005,10.56135567384,26.44603964635));
#3727=CARTESIAN_POINT('',(-20.00000000005,10.54408709305,26.57810838627));
#3728=CARTESIAN_POINT('',(-20.00000000003,10.52983716736,26.71059362436));
#3729=CARTESIAN_POINT('',(-20.00000000002,10.52254120541,26.77842606625));
#3730=CARTESIAN_POINT('',(-20.00000000002,10.51432132957,26.8461271621));
#3731=CARTESIAN_POINT('',(-20.00000000001,10.50934305293,26.91416897275));
#3732=CARTESIAN_POINT('',(-20.0,10.50725839958,26.94266148096));
#3733=CARTESIAN_POINT('',(-20.0,10.5036386209,26.97098185899));
#3734=CARTESIAN_POINT('',(-20.0,10.5019611629,26.99950123728));
#3735=COLOUR_RGB('',0.941176474094391,0.647058844566345,0.0901960805058479);
#3736=CARTESIAN_POINT('',(-20.0,10.32424956209,30.02087304685));
#3737=CARTESIAN_POINT('',(-20.0,10.32424956209,30.02087304685));
#3738=VECTOR('',#5940,0.001);
#3739=CARTESIAN_POINT('',(-20.0,10.5019611629,26.99950123728));
#3740=VECTOR('',#5941,0.001);
#3741=COLOUR_RGB('',0.941176474094391,0.647058844566345,0.0901960805058479);
#3742=CARTESIAN_POINT('',(-20.0,-0.149833225924,33.65477975933));
#3743=CARTESIAN_POINT('',(-20.0,10.32424956209,30.02087304685));
#3744=CARTESIAN_POINT('',(-20.0,10.30654102174,30.32194559917));
#3745=CARTESIAN_POINT('',(-20.0,10.26216616752,30.62093220929));
#3746=CARTESIAN_POINT('',(-20.0,10.19942978667,30.91592783753));
#3747=CARTESIAN_POINT('',(-20.0,10.12414612965,31.26992259142));
#3748=CARTESIAN_POINT('',(-20.0,10.02180945405,31.61829948894));
#3749=CARTESIAN_POINT('',(-20.0,9.884046657647,31.95296548172));
#3750=CARTESIAN_POINT('',(-20.0,9.718731301966,32.35456467306));
#3751=CARTESIAN_POINT('',(-20.0,9.508109578955,32.73737912861));
#3752=CARTESIAN_POINT('',(-20.0,9.260154177878,33.09393094305));
#3753=CARTESIAN_POINT('',(-20.0,8.937295582725,33.5581911181));
#3754=CARTESIAN_POINT('',(-20.0,8.54896841335,33.97693726479));
#3755=CARTESIAN_POINT('',(-20.0,8.109404883337,34.33268870285));
#3756=CARTESIAN_POINT('',(-20.0,7.349839103474,34.94742718781));
#3757=CARTESIAN_POINT('',(-20.0,6.437746978387,35.37230567532));
#3758=CARTESIAN_POINT('',(-20.0,5.478508767524,35.55860015625));
#3759=CARTESIAN_POINT('',(-20.0,4.923394062163,35.66640946235));
#3760=CARTESIAN_POINT('',(-20.0,4.352960612374,35.69535971252));
#3761=CARTESIAN_POINT('',(-20.0,3.789809628446,35.64401624279));
#3762=CARTESIAN_POINT('',(-20.0,3.32051714184,35.60123001802));
#3763=CARTESIAN_POINT('',(-20.0,2.856525981273,35.5021091837));
#3764=CARTESIAN_POINT('',(-20.0,2.410188329242,35.35095099043));
#3765=CARTESIAN_POINT('',(-20.0,1.96385067721,35.19979279717));
#3766=CARTESIAN_POINT('',(-20.0,1.534353944973,34.99777787344));
#3767=CARTESIAN_POINT('',(-20.0,1.135635817227,34.74660073751));
#3768=CARTESIAN_POINT('',(-20.0,0.736917689481,34.49542360157));
#3769=CARTESIAN_POINT('',(-20.0,0.372810050426,34.19161909742));
#3770=CARTESIAN_POINT('',(-20.0,0.04374467418106,33.85430310734));
#3771=CARTESIAN_POINT('',(-20.0,-0.0004217329819605,33.80902932153));
#3772=CARTESIAN_POINT('',(-20.0,-0.04614769314405,33.7653956611));
#3773=CARTESIAN_POINT('',(-20.0,-0.08886050333601,33.71874801327));
#3774=CARTESIAN_POINT('',(-20.0,-0.102296791634,33.70407393208));
#3775=CARTESIAN_POINT('',(-20.0,-0.116763812363,33.69044604948));
#3776=CARTESIAN_POINT('',(-20.0,-0.130053458295,33.67563903043));
#3777=CARTESIAN_POINT('',(-20.0,-0.136462336336,33.66849840534));
#3778=CARTESIAN_POINT('',(-20.0,-0.143458678321,33.66195104842));
#3779=CARTESIAN_POINT('',(-20.0,-0.149833225924,33.65477975933));
#3780=CARTESIAN_POINT('',(-20.0,-0.149833225924,33.65477975933));
#3781=VECTOR('',#5942,0.001);
#3782=COLOUR_RGB('',0.941176474094391,0.647058844566345,0.0901960805058479);
#3783=CARTESIAN_POINT('',(-20.0,-2.160604648467,31.39268618157));
#3784=CARTESIAN_POINT('',(-20.0,-0.149833225924,33.65477975933));
#3785=VECTOR('',#5943,0.001);
#3786=CARTESIAN_POINT('',(-20.0,-2.160604648467,31.39268618157));
#3787=VECTOR('',#5944,0.001);
#3788=COLOUR_RGB('',0.941176474094391,0.647058844566345,0.0901960805058479);
#3789=CARTESIAN_POINT('',(-20.0,-4.904217600766,29.63698229934));
#3790=CARTESIAN_POINT('',(-20.0,-2.160604648467,31.39268618157));
#3791=CARTESIAN_POINT('',(-20.0,-2.233655705749,31.31050462397));
#3792=CARTESIAN_POINT('',(-20.0,-2.312508901338,31.23391589548));
#3793=CARTESIAN_POINT('',(-20.0,-2.389965476964,31.15587267495));
#3794=CARTESIAN_POINT('',(-20.0,-2.46742205259,31.07782945442));
#3795=CARTESIAN_POINT('',(-20.0,-2.546407834144,31.00147502331));
#3796=CARTESIAN_POINT('',(-20.0,-2.628035869439,30.92780597124));
#3797=CARTESIAN_POINT('',(-20.0,-2.709663904734,30.85413691918));
#3798=CARTESIAN_POINT('',(-20.0,-2.791084026938,30.7803929327));
#3799=CARTESIAN_POINT('',(-20.0,-2.876636857889,30.71132066262));
#3800=CARTESIAN_POINT('',(-20.0,-3.024472149771,30.59196377991));
#3801=CARTESIAN_POINT('',(-20.0,-3.175992890813,30.4768651617));
#3802=CARTESIAN_POINT('',(-20.0,-3.334483618087,30.37206998842));
#3803=CARTESIAN_POINT('',(-20.0,-3.426202788963,30.31142463351));
#3804=CARTESIAN_POINT('',(-20.0,-3.519898673592,30.25352972329));
#3805=CARTESIAN_POINT('',(-20.0,-3.614811738899,30.19801598255));
#3806=CARTESIAN_POINT('',(-20.0,-3.709724804207,30.1425022418));
#3807=CARTESIAN_POINT('',(-20.0,-3.807234275967,30.09148550235));
#3808=CARTESIAN_POINT('',(-20.0,-3.905054426922,30.04127112747));
#3809=CARTESIAN_POINT('',(-20.0,-4.002874577877,29.99105675258));
#3810=CARTESIAN_POINT('',(-20.0,-4.103369368952,29.94661497208));
#3811=CARTESIAN_POINT('',(-20.0,-4.203801012123,29.90185170111));
#3812=CARTESIAN_POINT('',(-20.0,-4.304232655294,29.85708843015));
#3813=CARTESIAN_POINT('',(-20.0,-4.406403626323,29.81676512745));
#3814=CARTESIAN_POINT('',(-20.0,-4.50914327686,29.77758822629));
#3815=CARTESIAN_POINT('',(-20.0,-4.611882927396,29.73841132513));
#3816=CARTESIAN_POINT('',(-20.0,-4.714544797327,29.69913114521));
#3817=CARTESIAN_POINT('',(-20.0,-4.819281996029,29.66565899881));
#3818=CARTESIAN_POINT('',(-20.0,-4.841246978603,29.65863938093));
#3819=CARTESIAN_POINT('',(-20.0,-4.862707957916,29.65025515788));
#3820=CARTESIAN_POINT('',(-20.0,-4.884752412823,29.64348925051));
#3821=CARTESIAN_POINT('',(-20.0,-4.891299551347,29.64147979585));
#3822=CARTESIAN_POINT('',(-20.0,-4.897663619693,29.638969323));
#3823=CARTESIAN_POINT('',(-20.0,-4.904217600766,29.63698229934));
#3824=CARTESIAN_POINT('',(-20.0,-4.904217600766,29.63698229934));
#3825=VECTOR('',#5945,0.001);
#3826=COLOUR_RGB('',0.941176474094391,0.647058844566345,0.0901960805058479);
#3827=AXIS2_PLACEMENT_3D('',#5946,#5947,#5948);
#3828=COLOUR_RGB('',0.941176474094391,0.647058844566345,0.0901960805058479);
#3829=CARTESIAN_POINT('',(-33.8,-5.367860185057,21.15330628093));
#3830=CARTESIAN_POINT('',(-33.8,-6.325312130642,24.31135722604));
#3831=AXIS2_PLACEMENT_3D('',#5949,#5950,#5951);
#3832=CARTESIAN_POINT('',(-33.8,-6.325312130642,24.31135722604));
#3833=VECTOR('',#5952,0.001);
#3834=CARTESIAN_POINT('',(-16.2,-5.367860185694,21.15330628074));
#3835=VECTOR('',#5953,0.001);
#3836=COLOUR_RGB('',0.941176474094391,0.647058844566345,0.0901960805058479);
#3837=AXIS2_PLACEMENT_3D('',#5954,#5955,#5956);
#3838=COLOUR_RGB('',0.941176474094391,0.647058844566345,0.0901960805058479);
#3839=CARTESIAN_POINT('',(-33.8,1.883474099545,-2.764429953099));
#3840=CARTESIAN_POINT('',(-33.8,0.926022153959,0.393620992008));
#3841=AXIS2_PLACEMENT_3D('',#5957,#5958,#5959);
#3842=CARTESIAN_POINT('',(-33.8,0.926022153959,0.393620992008));
#3843=VECTOR('',#5960,0.001);
#3844=CARTESIAN_POINT('',(-16.2,1.883474098907,-2.764429953293));
#3845=VECTOR('',#5961,0.001);
#3846=COLOUR_RGB('',0.941176474094391,0.647058844566345,0.0901960805058479);
#3847=AXIS2_PLACEMENT_3D('',#5962,#5963,#5964);
#3848=COLOUR_RGB('',0.941176474094391,0.647058844566345,0.0901960805058479);
#3849=CARTESIAN_POINT('',(-33.8,0.53538203615,1.682104853956));
#3850=CARTESIAN_POINT('',(-33.8,0.53538203615,1.682104853956));
#3851=VECTOR('',#5965,0.001);
#3852=CARTESIAN_POINT('',(-33.8,-4.977220070958,19.86482241786));
#3853=CARTESIAN_POINT('',(-16.2,-4.977220072823,19.86482241729));
#3854=VECTOR('',#5966,0.001);
#3855=AXIS2_PLACEMENT_3D('',#5967,#5968,#5969);
#3856=COLOUR_RGB('',0.941176474094391,0.647058844566345,0.0901960805058479);
#3857=AXIS2_PLACEMENT_3D('',#5970,#5971,#5972);
#3858=COLOUR_RGB('',0.941176474094391,0.647058844566345,0.0901960805058479);
#3859=CARTESIAN_POINT('',(-20.0,-17.76030214296,-3.53071796964));
#3860=CARTESIAN_POINT('',(-20.0,-17.76030214296,-3.53071796964));
#3861=VECTOR('',#5973,0.001);
#3862=CARTESIAN_POINT('',(-20.0,-19.50112386123,2.211192841496));
#3863=CARTESIAN_POINT('',(-16.2,-19.50112386182,2.211192841319));
#3864=VECTOR('',#5974,0.001);
#3865=CARTESIAN_POINT('',(-20.0,-19.50112386123,2.211192841496));
#3866=CARTESIAN_POINT('',(-20.0,-19.30871058316,2.269528337216));
#3867=CARTESIAN_POINT('',(-20.0,-19.11014294671,2.306186224121));
#3868=CARTESIAN_POINT('',(-20.0,-18.90995564333,2.324919702315));
#3869=CARTESIAN_POINT('',(-20.0,-18.71777583208,2.342903841381));
#3870=CARTESIAN_POINT('',(-20.0,-18.52403428623,2.34552369278));
#3871=CARTESIAN_POINT('',(-20.0,-18.33197357433,2.326309321782));
#3872=CARTESIAN_POINT('',(-20.0,-18.05540614919,2.298640627546));
#3873=CARTESIAN_POINT('',(-20.0,-17.78296713853,2.230989509871));
#3874=CARTESIAN_POINT('',(-20.0,-17.52460605394,2.128497328394));
#3875=CARTESIAN_POINT('',(-20.0,-17.1741814058,1.989483410375));
#3876=CARTESIAN_POINT('',(-20.0,-16.84989567461,1.784402236284));
#3877=CARTESIAN_POINT('',(-20.0,-16.57525351308,1.526150447234));
#3878=CARTESIAN_POINT('',(-20.0,-16.34638504514,1.310940623026));
#3879=CARTESIAN_POINT('',(-20.0,-16.1518066409,1.059242988282));
#3880=CARTESIAN_POINT('',(-20.0,-16.00064328613,0.783842036521));
#3881=CARTESIAN_POINT('',(-20.0,-15.73943300909,0.307949191878));
#3882=CARTESIAN_POINT('',(-20.0,-15.61058319756,-0.239974849897));
#3883=CARTESIAN_POINT('',(-20.0,-15.63276981809,-0.782388494898));
#3884=CARTESIAN_POINT('',(-20.0,-15.64560929756,-1.0962852802));
#3885=CARTESIAN_POINT('',(-20.0,-15.70831019158,-1.408189907424));
#3886=CARTESIAN_POINT('',(-20.0,-15.81752070335,-1.702755873168));
#3887=CARTESIAN_POINT('',(-20.0,-15.94857331746,-2.05623503206));
#3888=CARTESIAN_POINT('',(-20.0,-16.14737124507,-2.384417155737));
#3889=CARTESIAN_POINT('',(-20.0,-16.39934524134,-2.664830080962));
#3890=CARTESIAN_POINT('',(-20.0,-16.60932357157,-2.89850751865));
#3891=CARTESIAN_POINT('',(-20.0,-16.85677027192,-3.097900490555));
#3892=CARTESIAN_POINT('',(-20.0,-17.12868183061,-3.255254067874));
#3893=CARTESIAN_POINT('',(-20.0,-17.30270522817,-3.355960357358));
#3894=CARTESIAN_POINT('',(-20.0,-17.48728267689,-3.437658868748));
#3895=CARTESIAN_POINT('',(-20.0,-17.67791243333,-3.501582225964));
#3896=CARTESIAN_POINT('',(-20.0,-17.697562399,-3.508171395452));
#3897=CARTESIAN_POINT('',(-20.0,-17.71662390532,-3.516234572859));
#3898=CARTESIAN_POINT('',(-20.0,-17.73640620372,-3.522415104853));
#3899=CARTESIAN_POINT('',(-20.0,-17.74447056184,-3.524934631269));
#3900=CARTESIAN_POINT('',(-20.0,-17.75221678599,-3.528266666325));
#3901=CARTESIAN_POINT('',(-20.0,-17.76030214296,-3.53071796964));
#3902=COLOUR_RGB('',0.941176474094391,0.647058844566345,0.0901960805058479);
#3903=CARTESIAN_POINT('',(-20.0,-17.76030214296,-3.53071796964));
#3904=CARTESIAN_POINT('',(-20.0,-17.952715421,-3.58905346525));
#3905=CARTESIAN_POINT('',(-20.0,-18.15128305769,-3.625711350983));
#3906=CARTESIAN_POINT('',(-20.0,-18.35147036102,-3.644444829088));
#3907=CARTESIAN_POINT('',(-20.0,-18.54365017221,-3.662428968068));
#3908=CARTESIAN_POINT('',(-20.0,-18.73739171814,-3.665048821723));
#3909=CARTESIAN_POINT('',(-20.0,-18.92945242998,-3.645834450663));
#3910=CARTESIAN_POINT('',(-20.0,-19.20601985503,-3.618165756337));
#3911=CARTESIAN_POINT('',(-20.0,-19.47845886539,-3.550514636653));
#3912=CARTESIAN_POINT('',(-20.0,-19.73681994987,-3.448022455137));
#3913=CARTESIAN_POINT('',(-20.0,-20.08724459788,-3.309008537065));
#3914=CARTESIAN_POINT('',(-20.0,-20.41153033136,-3.10392736555));
#3915=CARTESIAN_POINT('',(-20.0,-20.68617249276,-2.845675576536));
#3916=CARTESIAN_POINT('',(-20.0,-20.9150409606,-2.630465752358));
#3917=CARTESIAN_POINT('',(-20.0,-21.1096193638,-2.378768115882));
#3918=CARTESIAN_POINT('',(-20.0,-21.26078271851,-2.103367164196));
#3919=CARTESIAN_POINT('',(-20.0,-21.52199299544,-1.627474319682));
#3920=CARTESIAN_POINT('',(-20.0,-21.65084280729,-1.079550277202));
#3921=CARTESIAN_POINT('',(-20.0,-21.62865618683,-0.537136632364));
#3922=CARTESIAN_POINT('',(-20.0,-21.61581670739,-0.223239847157));
#3923=CARTESIAN_POINT('',(-20.0,-21.55311581362,0.08866478066111));
#3924=CARTESIAN_POINT('',(-20.0,-21.44390530195,0.383230746336));
#3925=CARTESIAN_POINT('',(-20.0,-21.31285268794,0.736709905146));
#3926=CARTESIAN_POINT('',(-20.0,-21.11405475774,1.064892027372));
#3927=CARTESIAN_POINT('',(-20.0,-20.86208076164,1.34530495259));
#3928=CARTESIAN_POINT('',(-20.0,-20.65210243155,1.578982390272));
#3929=CARTESIAN_POINT('',(-20.0,-20.40465573297,1.778375364468));
#3930=CARTESIAN_POINT('',(-20.0,-20.13274417443,1.935728941849));
#3931=CARTESIAN_POINT('',(-20.0,-19.95872077696,2.036435231374));
#3932=CARTESIAN_POINT('',(-20.0,-19.77414332728,2.118133740744));
#3933=CARTESIAN_POINT('',(-20.0,-19.58351357093,2.182057098029));
#3934=CARTESIAN_POINT('',(-20.0,-19.56386360527,2.188646267525));
#3935=CARTESIAN_POINT('',(-20.0,-19.54480209888,2.196709444768));
#3936=CARTESIAN_POINT('',(-20.0,-19.5250198005,2.202889976769));
#3937=CARTESIAN_POINT('',(-20.0,-19.51695544238,2.205409503188));
#3938=CARTESIAN_POINT('',(-20.0,-19.5092092182,2.208741538179));
#3939=CARTESIAN_POINT('',(-20.0,-19.50112386123,2.211192841496));
#3940=COLOUR_RGB('',0.941176474094391,0.647058844566345,0.0901960805058479);
#3941=CARTESIAN_POINT('',(-20.0,18.64557579759,7.506747630912));
#3942=CARTESIAN_POINT('',(-20.0,18.64557579759,7.506747630912));
#3943=VECTOR('',#5975,0.001);
#3944=CARTESIAN_POINT('',(-20.0,16.90475408007,13.24865843998));
#3945=CARTESIAN_POINT('',(-16.2,16.90475407948,13.2486584398));
#3946=VECTOR('',#5976,0.001);
#3947=CARTESIAN_POINT('',(-20.0,16.90475408007,13.24865843998));
#3948=CARTESIAN_POINT('',(-20.0,17.09716735814,13.30699393572));
#3949=CARTESIAN_POINT('',(-20.0,17.29573499429,13.34365182523));
#3950=CARTESIAN_POINT('',(-20.0,17.49592229767,13.36238530344));
#3951=CARTESIAN_POINT('',(-20.0,17.68810210891,13.38036944253));
#3952=CARTESIAN_POINT('',(-20.0,17.88184365512,13.38298929193));
#3953=CARTESIAN_POINT('',(-20.0,18.07390436702,13.36377492095));
#3954=CARTESIAN_POINT('',(-20.0,18.35047179216,13.33610622675));
#3955=CARTESIAN_POINT('',(-20.0,18.62291080354,13.26845511054));
#3956=CARTESIAN_POINT('',(-20.0,18.88127188812,13.16596292909));
#3957=CARTESIAN_POINT('',(-20.0,19.23169653626,13.02694901111));
#3958=CARTESIAN_POINT('',(-20.0,19.55598227309,12.82186784192));
#3959=CARTESIAN_POINT('',(-20.0,19.83062443461,12.56361605291));
#3960=CARTESIAN_POINT('',(-20.0,20.05949290254,12.34840622873));
#3961=CARTESIAN_POINT('',(-20.0,20.25407130348,12.09670858888));
#3962=CARTESIAN_POINT('',(-20.0,20.40523465824,11.82130763715));
#3963=CARTESIAN_POINT('',(-20.0,20.66644493526,11.34541479256));
#3964=CARTESIAN_POINT('',(-20.0,20.79529474854,10.79749074892));
#3965=CARTESIAN_POINT('',(-20.0,20.77310812798,10.25507710397));
#3966=CARTESIAN_POINT('',(-20.0,20.76026864849,9.941180318705));
#3967=CARTESIAN_POINT('',(-20.0,20.69756775712,9.629275688871));
#3968=CARTESIAN_POINT('',(-20.0,20.58835724534,9.334709723162));
#3969=CARTESIAN_POINT('',(-20.0,20.4573046312,8.981230564311));
#3970=CARTESIAN_POINT('',(-20.0,20.25850669331,8.653048445883));
#3971=CARTESIAN_POINT('',(-20.0,20.00653269702,8.372635520705));
#3972=CARTESIAN_POINT('',(-20.0,19.79655436677,8.138958083057));
#3973=CARTESIAN_POINT('',(-20.0,19.54910767102,7.93956510517));
#3974=CARTESIAN_POINT('',(-20.0,19.27719611231,7.782211527894));
#3975=CARTESIAN_POINT('',(-20.0,19.10317271473,7.681505238437));
#3976=CARTESIAN_POINT('',(-20.0,18.91859526442,7.5998067301));
#3977=CARTESIAN_POINT('',(-20.0,18.72796550796,7.535883372914));
#3978=CARTESIAN_POINT('',(-20.0,18.70831554229,7.529294203429));
#3979=CARTESIAN_POINT('',(-20.0,18.68925403543,7.521231027195));
#3980=CARTESIAN_POINT('',(-20.0,18.66947173704,7.515050495205));
#3981=CARTESIAN_POINT('',(-20.0,18.66140737892,7.51253096879));
#3982=CARTESIAN_POINT('',(-20.0,18.65366115456,7.509198934226));
#3983=CARTESIAN_POINT('',(-20.0,18.64557579759,7.506747630912));
#3984=COLOUR_RGB('',0.941176474094391,0.647058844566345,0.0901960805058479);
#3985=CARTESIAN_POINT('',(-20.0,18.64557579759,7.506747630912));
#3986=CARTESIAN_POINT('',(-20.0,18.45316251956,7.448412135289));
#3987=CARTESIAN_POINT('',(-20.0,18.25459488346,7.411754246301));
#3988=CARTESIAN_POINT('',(-20.0,18.05440758014,7.393020768181));
#3989=CARTESIAN_POINT('',(-20.0,17.86222776895,7.375036629186));
#3990=CARTESIAN_POINT('',(-20.0,17.66848622279,7.372416778012));
#3991=CARTESIAN_POINT('',(-20.0,17.47642551096,7.391631149057));
#3992=CARTESIAN_POINT('',(-20.0,17.19985808593,7.419299843362));
#3993=CARTESIAN_POINT('',(-20.0,16.92741907564,7.486950962938));
#3994=CARTESIAN_POINT('',(-20.0,16.66905799117,7.58944314443));
#3995=CARTESIAN_POINT('',(-20.0,16.31863334319,7.728457062469));
#3996=CARTESIAN_POINT('',(-20.0,15.9943476084,7.933538232398));
#3997=CARTESIAN_POINT('',(-20.0,15.71970544702,8.191790021374));
#3998=CARTESIAN_POINT('',(-20.0,15.4908369792,8.40699984552));
#3999=CARTESIAN_POINT('',(-20.0,15.29625857603,8.658697482612));
#4000=CARTESIAN_POINT('',(-20.0,15.14509522134,8.934098434263));
#4001=CARTESIAN_POINT('',(-20.0,14.88388494444,9.409991278717));
#4002=CARTESIAN_POINT('',(-20.0,14.75503513211,9.95791532188));
#4003=CARTESIAN_POINT('',(-20.0,14.7772217526,10.50032896665));
#4004=CARTESIAN_POINT('',(-20.0,14.79006123205,10.81422575182));
#4005=CARTESIAN_POINT('',(-20.0,14.85276212625,11.12613038003));
#4006=CARTESIAN_POINT('',(-20.0,14.96197263793,11.42069634566));
#4007=CARTESIAN_POINT('',(-20.0,15.09302525195,11.77417550443));
#4008=CARTESIAN_POINT('',(-20.0,15.29182318475,12.10235762499));
#4009=CARTESIAN_POINT('',(-20.0,15.54379718087,12.38277055016));
#4010=CARTESIAN_POINT('',(-20.0,15.75377551097,12.6164479878));
#4011=CARTESIAN_POINT('',(-20.0,16.00122220717,12.81584096523));
#4012=CARTESIAN_POINT('',(-20.0,16.27313376573,12.97319454257));
#4013=CARTESIAN_POINT('',(-20.0,16.4471571632,13.07390083207));
#4014=CARTESIAN_POINT('',(-20.0,16.63173461343,13.15559934051));
#4015=CARTESIAN_POINT('',(-20.0,16.82236436979,13.21952269777));
#4016=CARTESIAN_POINT('',(-20.0,16.84201433546,13.22611186727));
#4017=CARTESIAN_POINT('',(-20.0,16.86107584225,13.23417504362));
#4018=CARTESIAN_POINT('',(-20.0,16.88085814063,13.24035557562));
#4019=CARTESIAN_POINT('',(-20.0,16.88892249875,13.24287510204));
#4020=CARTESIAN_POINT('',(-20.0,16.89666872311,13.24620713667));
#4021=CARTESIAN_POINT('',(-20.0,16.90475408007,13.24865843998));
#4022=COLOUR_RGB('',0.941176474094391,0.647058844566345,0.0901960805058479);
#4023=CARTESIAN_POINT('',(-20.0,5.205012305391,26.79761742547));
#4024=CARTESIAN_POINT('',(-20.0,5.205012305391,26.79761742547));
#4025=VECTOR('',#5977,0.001);
#4026=CARTESIAN_POINT('',(-20.0,3.464190587357,32.53952823512));
#4027=CARTESIAN_POINT('',(-16.2,3.464190586768,32.53952823494));
#4028=VECTOR('',#5978,0.001);
#4029=CARTESIAN_POINT('',(-20.0,3.464190587357,32.53952823512));
#4030=CARTESIAN_POINT('',(-20.0,3.65660386542,32.59786373085));
#4031=CARTESIAN_POINT('',(-20.0,3.855171501136,32.63452162399));
#4032=CARTESIAN_POINT('',(-20.0,4.055358804509,32.6532551022));
#4033=CARTESIAN_POINT('',(-20.0,4.247538615747,32.67123924128));
#4034=CARTESIAN_POINT('',(-20.0,4.441280162921,32.67385909225));
#4035=CARTESIAN_POINT('',(-20.0,4.633340874816,32.65464472127));
#4036=CARTESIAN_POINT('',(-20.0,4.909908299945,32.62697602706));
#4037=CARTESIAN_POINT('',(-20.0,5.182347309967,32.55932490358));
#4038=CARTESIAN_POINT('',(-20.0,5.440708394543,32.45683272213));
#4039=CARTESIAN_POINT('',(-20.0,5.791133042678,32.31781880415));
#4040=CARTESIAN_POINT('',(-20.0,6.115418776122,32.11273763255));
#4041=CARTESIAN_POINT('',(-20.0,6.390060937646,31.85448584354));
#4042=CARTESIAN_POINT('',(-20.0,6.618929405583,31.63927601937));
#4043=CARTESIAN_POINT('',(-20.0,6.813507811087,31.38757838419));
#4044=CARTESIAN_POINT('',(-20.0,6.964671165855,31.11217743246));
#4045=CARTESIAN_POINT('',(-20.0,7.225881442895,30.63628458788));
#4046=CARTESIAN_POINT('',(-20.0,7.354731255639,30.08836054405));
#4047=CARTESIAN_POINT('',(-20.0,7.332544635122,29.5459468991));
#4048=CARTESIAN_POINT('',(-20.0,7.319705155657,29.23205011383));
#4049=CARTESIAN_POINT('',(-20.0,7.257004257156,28.92014548674));
#4050=CARTESIAN_POINT('',(-20.0,7.147793745404,28.62557952102));
#4051=CARTESIAN_POINT('',(-20.0,7.016741131301,28.27210036216));
#4052=CARTESIAN_POINT('',(-20.0,6.817943201095,27.94391824072));
#4053=CARTESIAN_POINT('',(-20.0,6.565969204835,27.66350531552));
#4054=CARTESIAN_POINT('',(-20.0,6.355990874619,27.42982787785));
#4055=CARTESIAN_POINT('',(-20.0,6.108544178361,27.23043490072));
#4056=CARTESIAN_POINT('',(-20.0,5.836632619679,27.07308132341));
#4057=CARTESIAN_POINT('',(-20.0,5.662609222122,26.97237503393));
#4058=CARTESIAN_POINT('',(-20.0,5.478031771892,26.89067652541));
#4059=CARTESIAN_POINT('',(-20.0,5.287402015452,26.8267531682));
#4060=CARTESIAN_POINT('',(-20.0,5.267752049783,26.82016399871));
#4061=CARTESIAN_POINT('',(-20.0,5.248690543156,26.81210082197));
#4062=CARTESIAN_POINT('',(-20.0,5.228908244765,26.80592028998));
#4063=CARTESIAN_POINT('',(-20.0,5.220843886644,26.80340076356));
#4064=CARTESIAN_POINT('',(-20.0,5.213097662361,26.80006872878));
#4065=CARTESIAN_POINT('',(-20.0,5.205012305391,26.79761742547));
#4066=COLOUR_RGB('',0.941176474094391,0.647058844566345,0.0901960805058479);
#4067=CARTESIAN_POINT('',(-20.0,5.205012305391,26.79761742547));
#4068=CARTESIAN_POINT('',(-20.0,5.012599027354,26.73928192983));
#4069=CARTESIAN_POINT('',(-20.0,4.814031391537,26.70262403813));
#4070=CARTESIAN_POINT('',(-20.0,4.61384408821,26.68389055999));
#4071=CARTESIAN_POINT('',(-20.0,4.421664277016,26.66590642099));
#4072=CARTESIAN_POINT('',(-20.0,4.227922730346,26.66328657175));
#4073=CARTESIAN_POINT('',(-20.0,4.035862018506,26.68250094279));
#4074=CARTESIAN_POINT('',(-20.0,3.759294593458,26.71016963708));
#4075=CARTESIAN_POINT('',(-20.0,3.486855583366,26.77782075798));
#4076=CARTESIAN_POINT('',(-20.0,3.228494498881,26.88031293946));
#4077=CARTESIAN_POINT('',(-20.0,2.878069850871,27.01932685749));
#4078=CARTESIAN_POINT('',(-20.0,2.553784117301,27.2244080286));
#4079=CARTESIAN_POINT('',(-20.0,2.279141955883,27.48265981758));
#4080=CARTESIAN_POINT('',(-20.0,2.050273488036,27.69786964173));
#4081=CARTESIAN_POINT('',(-20.0,1.855695083351,27.94956727731));
#4082=CARTESIAN_POINT('',(-20.0,1.704531728637,28.22496822897));
#4083=CARTESIAN_POINT('',(-20.0,1.443321451691,28.70086107345));
#4084=CARTESIAN_POINT('',(-20.0,1.314471639382,29.24878511672));
#4085=CARTESIAN_POINT('',(-20.0,1.336658259845,29.79119876153));
#4086=CARTESIAN_POINT('',(-20.0,1.34949773928,30.10509554672));
#4087=CARTESIAN_POINT('',(-20.0,1.412198634724,30.41700017451));
#4088=CARTESIAN_POINT('',(-20.0,1.521409146398,30.71156614017));
#4089=CARTESIAN_POINT('',(-20.0,1.652461760406,31.06504529896));
#4090=CARTESIAN_POINT('',(-20.0,1.851259692057,31.39322741996));
#4091=CARTESIAN_POINT('',(-20.0,2.103233688176,31.67364034516));
#4092=CARTESIAN_POINT('',(-20.0,2.313212018275,31.90731778283));
#4093=CARTESIAN_POINT('',(-20.0,2.56065871331,32.10671076243));
#4094=CARTESIAN_POINT('',(-20.0,2.832570271865,32.2640643398));
#4095=CARTESIAN_POINT('',(-20.0,3.006593669341,32.36477062931));
#4096=CARTESIAN_POINT('',(-20.0,3.191171120276,32.44646913658));
#4097=CARTESIAN_POINT('',(-20.0,3.38180087664,32.51039249385));
#4098=CARTESIAN_POINT('',(-20.0,3.401450842301,32.51698166335));
#4099=CARTESIAN_POINT('',(-20.0,3.420512349403,32.52504483904));
#4100=CARTESIAN_POINT('',(-20.0,3.440294647787,32.53122537104));
#4101=CARTESIAN_POINT('',(-20.0,3.448359005904,32.53374489745));
#4102=CARTESIAN_POINT('',(-20.0,3.456105230391,32.5370769318));
#4103=CARTESIAN_POINT('',(-20.0,3.464190587357,32.53952823512));
#4104=COLOUR_RGB('',0.941176474094391,0.647058844566345,0.0901960805058479);
#4105=CARTESIAN_POINT('',(-20.0000000008,12.50711205639,22.77700897469));
#4106=CARTESIAN_POINT('',(-20.00000000079,11.81933139325,22.67632361851));
#4107=CARTESIAN_POINT('',(-20.00000000077,11.13210758497,22.56904402316));
#4108=CARTESIAN_POINT('',(-20.00000000076,10.4419442175,22.50029733109));
#4109=CARTESIAN_POINT('',(-20.00000000075,9.75178085003,22.43155063903));
#4110=CARTESIAN_POINT('',(-20.00000000073,9.059170729712,22.40912211423));
#4111=CARTESIAN_POINT('',(-20.00000000072,8.344223613949,22.42448687975));
#4112=CARTESIAN_POINT('',(-20.00000000071,7.886657459861,22.43432032968));
#4113=CARTESIAN_POINT('',(-20.0000000007,7.423564320193,22.45976148857));
#4114=CARTESIAN_POINT('',(-20.00000000069,6.960597502723,22.50318993417));
#4115=CARTESIAN_POINT('',(-20.00000000069,6.405037321759,22.55530406889));
#4116=CARTESIAN_POINT('',(-20.00000000067,5.849434673495,22.62888097847));
#4117=CARTESIAN_POINT('',(-20.00000000066,5.304037939986,22.72456722102));
#4118=CARTESIAN_POINT('',(-20.00000000065,4.173103273381,22.92298221355));
#4119=CARTESIAN_POINT('',(-20.00000000061,3.108896582171,23.20618430985));
#4120=CARTESIAN_POINT('',(-20.0000000006,2.081447346297,23.57023406715));
#4121=CARTESIAN_POINT('',(-20.00000000059,0.966593574734,23.96525333504));
#4122=CARTESIAN_POINT('',(-20.00000000054,-0.104952781651,24.45691946926));
#4123=CARTESIAN_POINT('',(-20.00000000053,-1.137340541175,25.04394750123));
#4124=CARTESIAN_POINT('',(-20.00000000052,-1.997663674111,25.53313752787));
#4125=CARTESIAN_POINT('',(-20.00000000048,-2.83250482138,26.08829750804));
#4126=CARTESIAN_POINT('',(-20.00000000047,-3.612140347754,26.70505301318));
#4127=CARTESIAN_POINT('',(-20.00000000046,-4.391775874128,27.32180851831));
#4128=CARTESIAN_POINT('',(-20.00000000042,-5.111068768276,28.00720658509));
#4129=CARTESIAN_POINT('',(-20.00000000041,-5.798982469809,28.72455998015));
#4130=CARTESIAN_POINT('',(-20.00000000041,-5.955521054336,28.8877977305));
#4131=CARTESIAN_POINT('',(-20.0000000004,-6.105719474822,29.05724765395));
#4132=CARTESIAN_POINT('',(-20.0000000004,-6.261213068055,29.22161290081));
#4133=CARTESIAN_POINT('',(-20.0000000004,-6.281248264985,29.24279120161));
#4134=CARTESIAN_POINT('',(-20.0000000004,-6.300011326381,29.26509357133));
#4135=CARTESIAN_POINT('',(-20.0000000004,-6.320043270144,29.28627538214));
#4136=CARTESIAN_POINT('',(-20.0000000004,-6.330279069862,29.29709873387));
#4137=CARTESIAN_POINT('',(-20.0000000004,-6.33980772855,29.30853805127));
#4138=CARTESIAN_POINT('',(-20.0000000004,-6.350043313618,29.3193616346));
#4139=COLOUR_RGB('',0.941176474094391,0.647058844566345,0.0901960805058479);
#4140=CARTESIAN_POINT('',(-29.9999999996,12.50711205747,22.77700897452));
#4141=CARTESIAN_POINT('',(-29.99999999958,11.82286394691,22.64648498721));
#4142=CARTESIAN_POINT('',(-29.99999999958,11.13114113334,22.55828975442));
#4143=CARTESIAN_POINT('',(-29.99999999956,10.43701146659,22.49984325054));
#4144=CARTESIAN_POINT('',(-29.99999999954,9.742881799844,22.44139674666));
#4145=CARTESIAN_POINT('',(-29.99999999954,9.046288498354,22.4098564368));
#4146=CARTESIAN_POINT('',(-29.99999999952,8.349848696268,22.42412493856));
#4147=CARTESIAN_POINT('',(-29.99999999951,7.904127222932,22.43325677968));
#4148=CARTESIAN_POINT('',(-29.99999999951,7.458697028907,22.45933370337));
#4149=CARTESIAN_POINT('',(-29.99999999949,7.014582006452,22.49822932195));
#4150=CARTESIAN_POINT('',(-29.99999999948,6.481643979507,22.54490406423));
#4151=CARTESIAN_POINT('',(-29.99999999948,5.95077834701,22.61451496256));
#4152=CARTESIAN_POINT('',(-29.99999999946,5.423296811022,22.70376013791));
#4153=CARTESIAN_POINT('',(-29.99999999942,4.110753955393,22.92583069263));
#4154=CARTESIAN_POINT('',(-29.99999999942,2.820259160972,23.27836010315));
#4155=CARTESIAN_POINT('',(-29.99999999939,1.577845106292,23.75636783933));
#4156=CARTESIAN_POINT('',(-29.99999999936,0.797691444208,24.05652500874));
#4157=CARTESIAN_POINT('',(-29.99999999936,0.03696143106248,24.4068101469));
#4158=CARTESIAN_POINT('',(-29.99999999934,-0.699530850474,24.80217476601));
#4159=CARTESIAN_POINT('',(-29.9999999993,-1.760079735886,25.37149981753));
#4160=CARTESIAN_POINT('',(-29.9999999993,-2.771000422805,26.03412625336));
#4161=CARTESIAN_POINT('',(-29.99999999927,-3.712072281427,26.7846452135));
#4162=CARTESIAN_POINT('',(-29.99999999925,-4.256674051463,27.21897331543));
#4163=CARTESIAN_POINT('',(-29.99999999925,-4.770152193611,27.69052471996));
#4164=CARTESIAN_POINT('',(-29.99999999923,-5.26648426754,28.17928484562));
#4165=CARTESIAN_POINT('',(-29.99999999922,-5.584136794855,28.49209132605));
#4166=CARTESIAN_POINT('',(-29.99999999922,-5.895078934268,28.81162294573));
#4167=CARTESIAN_POINT('',(-29.9999999992,-6.191118984884,29.1449565785));
#4168=CARTESIAN_POINT('',(-29.9999999992,-6.229263454955,29.18790629004));
#4169=CARTESIAN_POINT('',(-29.9999999992,-6.269464486764,29.22889673069));
#4170=CARTESIAN_POINT('',(-29.9999999992,-6.307237472524,29.27217351275));
#4171=CARTESIAN_POINT('',(-29.9999999992,-6.321211379463,29.28818351866));
#4172=CARTESIAN_POINT('',(-29.9999999992,-6.336120511867,29.30330716674));
#4173=CARTESIAN_POINT('',(-29.9999999992,-6.350043314431,29.31936163444));
#4174=COLOUR_RGB('',0.941176474094391,0.647058844566345,0.0901960805058479);
#4175=CARTESIAN_POINT('',(-30.0,10.50196116369,26.99950123343));
#4176=CARTESIAN_POINT('',(-30.0,10.32424956215,30.0208730475));
#4177=CARTESIAN_POINT('',(-30.0,10.50196116369,26.99950123343));
#4178=VECTOR('',#5979,0.001);
#4179=CARTESIAN_POINT('',(-30.0,-0.14983322634,33.65477975719));
#4180=CARTESIAN_POINT('',(-30.0,10.32424956215,30.0208730475));
#4181=CARTESIAN_POINT('',(-30.0,10.28768923375,30.32239493249));
#4182=CARTESIAN_POINT('',(-30.0,10.2557347589,30.61939493722));
#4183=CARTESIAN_POINT('',(-30.0,10.20007323439,30.91260138472));
#4184=CARTESIAN_POINT('',(-30.0,10.13327940499,31.26444912172));
#4185=CARTESIAN_POINT('',(-30.0,10.02622068468,31.61260790818));
#4186=CARTESIAN_POINT('',(-30.0,9.8821666969,31.9579515001));
#4187=CARTESIAN_POINT('',(-30.0,9.709301911562,32.37236381041));
#4188=CARTESIAN_POINT('',(-30.0,9.484753419733,32.77682355568));
#4189=CARTESIAN_POINT('',(-30.0,9.226443297269,33.14190097021));
#4190=CARTESIAN_POINT('',(-30.0,8.890101991978,33.61726218704));
#4191=CARTESIAN_POINT('',(-30.0,8.502278544848,34.02059617505));
#4192=CARTESIAN_POINT('',(-30.0,8.069248673939,34.3649024274));
#4193=CARTESIAN_POINT('',(-30.0,6.827949218525,35.35187166958));
#4194=CARTESIAN_POINT('',(-30.0,5.231335254653,35.81480388099));
#4195=CARTESIAN_POINT('',(-30.0,3.639817536436,35.62840313678));
#4196=CARTESIAN_POINT('',(-30.0,3.177147342268,35.57421456726));
#4197=CARTESIAN_POINT('',(-30.0,2.711081514097,35.46438588084));
#4198=CARTESIAN_POINT('',(-30.0,2.250349957595,35.29441354014));
#4199=CARTESIAN_POINT('',(-30.0,1.789618401092,35.12444119945));
#4200=CARTESIAN_POINT('',(-30.0,1.342725665855,34.89679258759));
#4201=CARTESIAN_POINT('',(-30.0,0.948558445129,34.622978803));
#4202=CARTESIAN_POINT('',(-30.0,0.633224668548,34.40392777533));
#4203=CARTESIAN_POINT('',(-30.0,0.351258754474,34.15524688116));
#4204=CARTESIAN_POINT('',(-30.0,0.07951434895419,33.88997483326));
#4205=CARTESIAN_POINT('',(-30.0,0.02480497389586,33.83656851591));
#4206=CARTESIAN_POINT('',(-30.0,-0.02719902584853,33.78025842219));
#4207=CARTESIAN_POINT('',(-30.0,-0.08152450632897,33.72637286742));
#4208=CARTESIAN_POINT('',(-30.0,-0.09861382483505,33.70942193757));
#4209=CARTESIAN_POINT('',(-30.0,-0.114321553075,33.69118552809));
#4210=CARTESIAN_POINT('',(-30.0,-0.131399690811,33.67422064066));
#4211=CARTESIAN_POINT('',(-30.0,-0.137743352996,33.66791904522));
#4212=CARTESIAN_POINT('',(-30.0,-0.143489892929,33.66108176306));
#4213=CARTESIAN_POINT('',(-30.0,-0.14983322634,33.65477975719));
#4214=CARTESIAN_POINT('',(-30.0,-2.160604648467,31.39268618157));
#4215=CARTESIAN_POINT('',(-30.0,-0.14983322634,33.65477975719));
#4216=VECTOR('',#5980,0.001);
#4217=CARTESIAN_POINT('',(-30.0,-4.904217604197,29.63698229875));
#4218=CARTESIAN_POINT('',(-30.0,-2.160604648467,31.39268618157));
#4219=CARTESIAN_POINT('',(-30.0,-2.238315041409,31.31435014112));
#4220=CARTESIAN_POINT('',(-30.0,-2.312444869298,31.23245895481));
#4221=CARTESIAN_POINT('',(-30.0,-2.390892842868,31.15494776092));
#4222=CARTESIAN_POINT('',(-30.0,-2.469340816437,31.07743656703));
#4223=CARTESIAN_POINT('',(-30.0,-2.549244340136,31.00113073622));
#4224=CARTESIAN_POINT('',(-30.0,-2.629905055586,30.926094082));
#4225=CARTESIAN_POINT('',(-30.0,-2.710565771035,30.85105742777));
#4226=CARTESIAN_POINT('',(-30.0,-2.79491988757,30.78004605991));
#4227=CARTESIAN_POINT('',(-30.0,-2.879268506153,30.70913363846));
#4228=CARTESIAN_POINT('',(-30.0,-3.000730516912,30.60701975156));
#4229=CARTESIAN_POINT('',(-30.0,-3.128578808385,30.51324094341));
#4230=CARTESIAN_POINT('',(-30.0,-3.257999133777,30.4236840962));
#4231=CARTESIAN_POINT('',(-30.0,-3.347874359743,30.3614918412));
#4232=CARTESIAN_POINT('',(-30.0,-3.439491239556,30.30250263022));
#4233=CARTESIAN_POINT('',(-30.0,-3.533041267051,30.24643775546));
#4234=CARTESIAN_POINT('',(-30.0,-3.626591294547,30.19037288069));
#4235=CARTESIAN_POINT('',(-30.0,-3.72110255348,30.13591596114));
#4236=CARTESIAN_POINT('',(-30.0,-3.818395792385,30.08581878153));
#4237=CARTESIAN_POINT('',(-30.0,-3.93514767907,30.02570216599));
#4238=CARTESIAN_POINT('',(-30.0,-4.053423299433,29.96656201155));
#4239=CARTESIAN_POINT('',(-30.0,-4.174848465601,29.91451599372));
#4240=CARTESIAN_POINT('',(-30.0,-4.276036104074,29.87114431219));
#4241=CARTESIAN_POINT('',(-30.0,-4.377693981019,29.82818509684));
#4242=CARTESIAN_POINT('',(-30.0,-4.4805274113,29.78857682865));
#4243=CARTESIAN_POINT('',(-30.0,-4.583360841581,29.74896856047));
#4244=CARTESIAN_POINT('',(-30.0,-4.687866309126,29.71308839824));
#4245=CARTESIAN_POINT('',(-30.0,-4.79146069691,29.67522020289));
#4246=CARTESIAN_POINT('',(-30.0,-4.818617344101,29.66529328269));
#4247=CARTESIAN_POINT('',(-30.0,-4.846369442804,29.65715076913));
#4248=CARTESIAN_POINT('',(-30.0,-4.873540010042,29.64725567974));
#4249=CARTESIAN_POINT('',(-30.0,-4.883682538682,29.64356193178));
#4250=CARTESIAN_POINT('',(-30.0,-4.894074660991,29.64067509873));
#4251=CARTESIAN_POINT('',(-30.0,-4.904217604197,29.63698229875));
#4252=AXIS2_PLACEMENT_3D('',#5981,#5982,#5983);
#4253=CARTESIAN_POINT('',(-29.9999999992,12.00060248621,23.37300038099));
#4254=CARTESIAN_POINT('',(-29.99999999921,11.91962178497,23.47368380086));
#4255=CARTESIAN_POINT('',(-29.99999999926,11.83547813475,23.57191051832));
#4256=CARTESIAN_POINT('',(-29.99999999928,11.7562139418,23.67376017922));
#4257=CARTESIAN_POINT('',(-29.99999999929,11.67694974885,23.77560984012));
#4258=CARTESIAN_POINT('',(-29.99999999934,11.60113915384,23.88011561158));
#4259=CARTESIAN_POINT('',(-29.99999999935,11.52702448576,23.98546399555));
#4260=CARTESIAN_POINT('',(-29.99999999937,11.43808688405,24.11188205632));
#4261=CARTESIAN_POINT('',(-29.99999999943,11.35710135394,24.24222970493));
#4262=CARTESIAN_POINT('',(-29.99999999945,11.27699313583,24.38261633534));
#4263=CARTESIAN_POINT('',(-29.99999999946,11.2102362874,24.49960519402));
#4264=CARTESIAN_POINT('',(-29.99999999952,11.14569796611,24.62250297524));
#4265=CARTESIAN_POINT('',(-29.99999999953,11.08507974671,24.74935712527));
#4266=CARTESIAN_POINT('',(-29.99999999956,10.95938180697,25.01240189077));
#4267=CARTESIAN_POINT('',(-29.99999999968,10.84931177752,25.29154898369));
#4268=CARTESIAN_POINT('',(-29.99999999971,10.76315114864,25.5653137837));
#4269=CARTESIAN_POINT('',(-29.99999999972,10.72159991944,25.69733770346));
#4270=CARTESIAN_POINT('',(-29.99999999977,10.68542205896,25.82802123878));
#4271=CARTESIAN_POINT('',(-29.99999999979,10.65612243047,25.955166142));
#4272=CARTESIAN_POINT('',(-29.9999999998,10.62682280198,26.08231104521));
#4273=CARTESIAN_POINT('',(-29.99999999985,10.60089614421,26.20745492064));
#4274=CARTESIAN_POINT('',(-29.99999999986,10.58106754531,26.33490770506));
#4275=CARTESIAN_POINT('',(-29.99999999988,10.5612389464,26.46236048947));
#4276=CARTESIAN_POINT('',(-29.99999999993,10.54372875517,26.59053416429));
#4277=CARTESIAN_POINT('',(-29.99999999994,10.52890747794,26.71895128847));
#4278=CARTESIAN_POINT('',(-29.99999999995,10.52131898401,26.78470085605));
#4279=CARTESIAN_POINT('',(-29.99999999998,10.5162051611,26.85080349921));
#4280=CARTESIAN_POINT('',(-29.99999999998,10.50912014526,26.91665002959));
#4281=CARTESIAN_POINT('',(-29.99999999999,10.50615329488,26.94422326419));
#4282=CARTESIAN_POINT('',(-30.0,10.50490789455,26.9719241241));
#4283=CARTESIAN_POINT('',(-30.0,10.50196116369,26.99950123343));
#4284=CARTESIAN_POINT('',(-30.0,3.464190589749,32.53952823429));
#4285=CARTESIAN_POINT('',(-30.0,5.205012303279,26.79761742539));
#4286=CARTESIAN_POINT('',(-30.0,3.464190589749,32.53952823429));
#4287=CARTESIAN_POINT('',(-30.0,3.666127087972,32.58441526242));
#4288=CARTESIAN_POINT('',(-30.0,3.857108193775,32.62921485941));
#4289=CARTESIAN_POINT('',(-30.0,4.053161774159,32.65295864484));
#4290=CARTESIAN_POINT('',(-30.0,4.288426070618,32.68145118736));
#4291=CARTESIAN_POINT('',(-30.0,4.539192095777,32.67460904658));
#4292=CARTESIAN_POINT('',(-30.0,4.790334524182,32.63447712351));
#4293=CARTESIAN_POINT('',(-30.0,5.091705438269,32.58631881583));
#4294=CARTESIAN_POINT('',(-30.0,5.391261644958,32.49127318606));
#4295=CARTESIAN_POINT('',(-30.0,5.659082265635,32.360267924));
#4296=CARTESIAN_POINT('',(-30.0,5.949686237724,32.21811811708));
#4297=CARTESIAN_POINT('',(-30.0,6.20421210398,32.03503437502));
#4298=CARTESIAN_POINT('',(-30.0,6.42336618253,31.8226983851));
#4299=CARTESIAN_POINT('',(-30.0,6.642520261079,31.61036239518));
#4300=CARTESIAN_POINT('',(-30.0,6.825156170866,31.36840933206));
#4301=CARTESIAN_POINT('',(-30.0,6.96780785109,31.1064400135));
#4302=CARTESIAN_POINT('',(-30.0,7.214309954516,30.65375703103));
#4303=CARTESIAN_POINT('',(-30.0,7.341759153569,30.14225691285));
#4304=CARTESIAN_POINT('',(-30.0,7.334681027786,29.62419222213));
#4305=CARTESIAN_POINT('',(-30.0,7.33058489018,29.32438626685));
#4306=CARTESIAN_POINT('',(-30.0,7.281389933107,29.02253556591));
#4307=CARTESIAN_POINT('',(-30.0,7.18394918245,28.72857053567));
#4308=CARTESIAN_POINT('',(-30.0,7.067020281661,28.37581249937));
#4309=CARTESIAN_POINT('',(-30.0,6.877571418937,28.02984047503));
#4310=CARTESIAN_POINT('',(-30.0,6.61854804027,27.72385116206));
#4311=CARTESIAN_POINT('',(-30.0,6.402695224715,27.46886006791));
#4312=CARTESIAN_POINT('',(-30.0,6.144158717551,27.24531221462));
#4313=CARTESIAN_POINT('',(-30.0,5.863226899362,27.08808632033));
#4314=CARTESIAN_POINT('',(-30.0,5.68343053572,26.98746174798));
#4315=CARTESIAN_POINT('',(-30.0,5.492285473903,26.90659169881));
#4316=CARTESIAN_POINT('',(-30.0,5.298890687754,26.83093817343));
#4317=CARTESIAN_POINT('',(-30.0,5.273971959302,26.8211902909));
#4318=CARTESIAN_POINT('',(-30.0,5.248270293785,26.81365740384));
#4319=CARTESIAN_POINT('',(-30.0,5.223318850428,26.80396951672));
#4320=CARTESIAN_POINT('',(-30.0,5.217286503828,26.80162733987));
#4321=CARTESIAN_POINT('',(-30.0,5.211044961497,26.79995903077));
#4322=CARTESIAN_POINT('',(-30.0,5.205012303279,26.79761742539));
#4323=CARTESIAN_POINT('',(-30.0,5.205012303279,26.79761742539));
#4324=CARTESIAN_POINT('',(-30.0,5.003075786623,26.75273039332));
#4325=CARTESIAN_POINT('',(-30.0,4.812094665475,26.70793079249));
#4326=CARTESIAN_POINT('',(-30.0,4.616041060625,26.68418701018));
#4327=CARTESIAN_POINT('',(-30.0,4.380776734805,26.6556944714));
#4328=CARTESIAN_POINT('',(-30.0,4.130010657419,26.66253662575));
#4329=CARTESIAN_POINT('',(-30.0,3.878868203604,26.70266856559));
#4330=CARTESIAN_POINT('',(-30.0,3.577497259027,26.7508268934));
#4331=CARTESIAN_POINT('',(-30.0,3.277941045902,26.84587254969));
#4332=CARTESIAN_POINT('',(-30.0,3.010120435902,26.97687783019));
#4333=CARTESIAN_POINT('',(-30.0,2.719516475399,27.11902765712));
#4334=CARTESIAN_POINT('',(-30.0,2.464990626577,27.30211141394));
#4335=CARTESIAN_POINT('',(-30.0,2.245836565657,27.5144474163));
#4336=CARTESIAN_POINT('',(-30.0,2.026682504737,27.72678341865));
#4337=CARTESIAN_POINT('',(-30.0,1.844046613235,27.96873649016));
#4338=CARTESIAN_POINT('',(-30.0,1.701394952435,28.23070581439));
#4339=CARTESIAN_POINT('',(-30.0,1.454892882571,28.68338880666));
#4340=CARTESIAN_POINT('',(-30.0,1.32744371702,29.19488892502));
#4341=CARTESIAN_POINT('',(-30.0,1.334521870012,29.71295360596));
#4342=CARTESIAN_POINT('',(-30.0,1.338618023363,30.01275955558));
#4343=CARTESIAN_POINT('',(-30.0,1.387812996328,30.31461024724));
#4344=CARTESIAN_POINT('',(-30.0,1.485253756682,30.60857526548));
#4345=CARTESIAN_POINT('',(-30.0,1.602182669106,30.96133328737));
#4346=CARTESIAN_POINT('',(-30.0,1.791631536547,31.30730529085));
#4347=CARTESIAN_POINT('',(-30.0,2.050654924384,31.61329458214));
#4348=CARTESIAN_POINT('',(-30.0,2.266507747581,31.86828565821));
#4349=CARTESIAN_POINT('',(-30.0,2.525044261234,32.09183349513));
#4350=CARTESIAN_POINT('',(-30.0,2.805976075282,32.24905938901));
#4351=CARTESIAN_POINT('',(-30.0,2.985772436273,32.34968396109));
#4352=CARTESIAN_POINT('',(-30.0,3.176917468531,32.43055398988));
#4353=CARTESIAN_POINT('',(-30.0,3.37031222192,32.50620749429));
#4354=CARTESIAN_POINT('',(-30.0,3.39523094615,32.51595537411));
#4355=CARTESIAN_POINT('',(-30.0,3.420932606795,32.52348826012));
#4356=CARTESIAN_POINT('',(-30.0,3.445884045859,32.53317614449));
#4357=CARTESIAN_POINT('',(-30.0,3.451916391421,32.53551832067));
#4358=CARTESIAN_POINT('',(-30.0,3.45815793257,32.53718662958));
#4359=CARTESIAN_POINT('',(-30.0,3.464190589749,32.53952823429));
#4360=COLOUR_RGB('',0.941176474094391,0.647058844566345,0.0901960805058479);
#4361=CARTESIAN_POINT('',(-33.8,-4.904217600766,29.63698229934));
#4362=CARTESIAN_POINT('',(-30.0,-4.904217604197,29.63698229875));
#4363=VECTOR('',#5984,0.001);
#4364=AXIS2_PLACEMENT_3D('',#5985,#5986,#5987);
#4365=COLOUR_RGB('',0.941176474094391,0.647058844566345,0.0901960805058479);
#4366=CARTESIAN_POINT('',(-33.8,-21.81232681445,17.20251618789));
#4367=CARTESIAN_POINT('',(-33.8,-23.34234310874,19.81389880794));
#4368=CARTESIAN_POINT('',(-33.8,-21.81232681445,17.20251618789));
#4369=VECTOR('',#5988,0.001);
#4370=CARTESIAN_POINT('',(-33.8,-16.64962287061,28.65240456655));
#4371=AXIS2_PLACEMENT_3D('',#5989,#5990,#5991);
#4372=CARTESIAN_POINT('',(-33.8,-13.72121161534,27.88776310566));
#4373=CARTESIAN_POINT('',(-33.8,-16.64962287061,28.65240456655));
#4374=VECTOR('',#5992,0.001);
#4375=CARTESIAN_POINT('',(-33.8,-10.46459958435,27.95141738075));
#4376=AXIS2_PLACEMENT_3D('',#5993,#5994,#5995);
#4377=AXIS2_PLACEMENT_3D('',#5996,#5997,#5998);
#4378=CARTESIAN_POINT('',(-33.8,-2.160604647954,31.39268618081));
#4379=CARTESIAN_POINT('',(-33.8,-4.904217600766,29.63698229934));
#4380=CARTESIAN_POINT('',(-33.8,-4.787522383358,29.67276931057));
#4381=CARTESIAN_POINT('',(-33.8,-4.731198999218,29.69129485071));
#4382=CARTESIAN_POINT('',(-33.8,-4.678208912558,29.70970706435));
#4383=CARTESIAN_POINT('',(-33.8,-4.625218825898,29.72811927799));
#4384=CARTESIAN_POINT('',(-33.8,-4.575816253649,29.74707296913));
#4385=CARTESIAN_POINT('',(-33.8,-4.473338304665,29.78495493959));
#4386=CARTESIAN_POINT('',(-33.8,-4.350364765883,29.83041330413));
#4387=CARTESIAN_POINT('',(-33.8,-4.182948727091,29.90571670381));
#4388=CARTESIAN_POINT('',(-33.8,-4.107631795862,29.94079999803));
#4389=CARTESIAN_POINT('',(-33.8,-4.044867686505,29.97003607654));
#4390=CARTESIAN_POINT('',(-33.8,-3.993889122702,29.99527993411));
#4391=CARTESIAN_POINT('',(-33.8,-3.915576440569,30.03556912663));
#4392=CARTESIAN_POINT('',(-33.8,-3.852926294863,30.06780048064));
#4393=CARTESIAN_POINT('',(-33.8,-3.771309771136,30.1067354724));
#4394=CARTESIAN_POINT('',(-33.8,-3.623245815319,30.19519334682));
#4395=CARTESIAN_POINT('',(-33.8,-3.367391299667,30.34804855381));
#4396=CARTESIAN_POINT('',(-33.8,-3.252082452783,30.42871025199));
#4397=CARTESIAN_POINT('',(-33.8,-3.117578519833,30.52634884559));
#4398=CARTESIAN_POINT('',(-33.8,-3.020281114631,30.59697861526));
#4399=CARTESIAN_POINT('',(-33.8,-2.927646468457,30.66869827761));
#4400=CARTESIAN_POINT('',(-33.8,-2.837395303897,30.7420087704));
#4401=CARTESIAN_POINT('',(-33.8,-2.747144139337,30.8153192632));
#4402=CARTESIAN_POINT('',(-33.8,-2.660105104592,30.89125899078));
#4403=CARTESIAN_POINT('',(-33.8,-2.574025868022,30.97060743349));
#4404=CARTESIAN_POINT('',(-33.8,-2.487946631451,31.0499558762));
#4405=CARTESIAN_POINT('',(-33.8,-2.403068612747,31.1329606304));
#4406=CARTESIAN_POINT('',(-33.8,-2.318286991516,31.22170424983));
#4407=CARTESIAN_POINT('',(-33.8,-2.265925862243,31.27651230919));
#4408=CARTESIAN_POINT('',(-33.8,-2.213357554693,31.33325881567));
#4409=CARTESIAN_POINT('',(-33.8,-2.160604647954,31.39268618081));
#4410=CARTESIAN_POINT('',(-33.8,-0.149833226326,33.65477975766));
#4411=CARTESIAN_POINT('',(-33.8,-2.160604647954,31.39268618081));
#4412=VECTOR('',#5999,0.001);
#4413=CARTESIAN_POINT('',(-33.8,10.32424956304,30.02087305086));
#4414=AXIS2_PLACEMENT_3D('',#6000,#6001,#6002);
#4415=CARTESIAN_POINT('',(-33.8,10.50196116255,26.99950123801));
#4416=CARTESIAN_POINT('',(-33.8,10.32424956304,30.02087305086));
#4417=VECTOR('',#6003,0.001);
#4418=AXIS2_PLACEMENT_3D('',#6004,#6005,#6006);
#4419=CARTESIAN_POINT('',(-33.8,17.4077651117,17.08779144079));
#4420=AXIS2_PLACEMENT_3D('',#6007,#6008,#6009);
#4421=CARTESIAN_POINT('',(-33.8,20.18050648721,15.87445953674));
#4422=CARTESIAN_POINT('',(-33.8,17.4077651117,17.08779144079));
#4423=VECTOR('',#6010,0.001);
#4424=CARTESIAN_POINT('',(-33.8,19.96112541467,4.790075918001));
#4425=AXIS2_PLACEMENT_3D('',#6011,#6012,#6013);
#4426=CARTESIAN_POINT('',(-33.8,17.14254596619,3.687406905026));
#4427=CARTESIAN_POINT('',(-33.8,19.96112541467,4.790075918001));
#4428=VECTOR('',#6014,0.001);
#4429=AXIS2_PLACEMENT_3D('',#6015,#6016,#6017);
#4430=CARTESIAN_POINT('',(-33.8,9.077565103556,-9.260114591109));
#4431=VECTOR('',#6018,0.001);
#4432=CARTESIAN_POINT('',(-33.8,-14.38938928308,-5.872385915559));
#4433=AXIS2_PLACEMENT_3D('',#6019,#6020,#6021);
#4434=CARTESIAN_POINT('',(-33.8,-17.345762784,-6.520556275946));
#4435=CARTESIAN_POINT('',(-33.8,-14.38938928308,-5.872385915559));
#4436=VECTOR('',#6022,0.001);
#4437=CARTESIAN_POINT('',(-33.8,-23.68351699185,2.575847400427));
#4438=AXIS2_PLACEMENT_3D('',#6023,#6024,#6025);
#4439=CARTESIAN_POINT('',(-33.8,-22.05137090344,5.124644799703));
#4440=CARTESIAN_POINT('',(-33.8,-23.68351699185,2.575847400427));
#4441=VECTOR('',#6026,0.001);
#4442=AXIS2_PLACEMENT_3D('',#6027,#6028,#6029);
#4443=AXIS2_PLACEMENT_3D('',#6030,#6031,#6032);
#4444=CARTESIAN_POINT('',(-33.8,-19.50112386123,2.211192841495));
#4445=CARTESIAN_POINT('',(-33.8,-17.7603021432,-3.530717968159));
#4446=AXIS2_PLACEMENT_3D('',#6033,#6034,#6035);
#4447=AXIS2_PLACEMENT_3D('',#6036,#6037,#6038);
#4448=CARTESIAN_POINT('',(-33.8,-19.03587937082,25.71799934555));
#4449=CARTESIAN_POINT('',(-33.8,-17.29505765279,19.97608853589));
#4450=AXIS2_PLACEMENT_3D('',#6039,#6040,#6041);
#4451=AXIS2_PLACEMENT_3D('',#6042,#6043,#6044);
#4452=CARTESIAN_POINT('',(-33.8,3.464190587354,32.53952823512));
#4453=CARTESIAN_POINT('',(-33.8,5.205012305388,26.79761742546));
#4454=AXIS2_PLACEMENT_3D('',#6045,#6046,#6047);
#4455=AXIS2_PLACEMENT_3D('',#6048,#6049,#6050);
#4456=CARTESIAN_POINT('',(-33.8,16.90475408007,13.24865843998));
#4457=CARTESIAN_POINT('',(-33.8,18.64557579811,7.506747630329));
#4458=AXIS2_PLACEMENT_3D('',#6051,#6052,#6053);
#4459=AXIS2_PLACEMENT_3D('',#6054,#6055,#6056);
#4460=COLOUR_RGB('',0.941176474094391,0.647058844566345,0.0901960805058479);
#4461=CARTESIAN_POINT('',(-30.0,-10.46454425698,27.95121292212));
#4462=CARTESIAN_POINT('',(-33.8,-10.46459958435,27.95141738075));
#4463=VECTOR('',#6057,0.001);
#4464=AXIS2_PLACEMENT_3D('',#6058,#6059,#6060);
#4465=COLOUR_RGB('',0.941176474094391,0.647058844566345,0.0901960805058479);
#4466=CARTESIAN_POINT('',(-30.0,-13.7212116187,27.88776310609));
#4467=CARTESIAN_POINT('',(-30.0,-10.46454425698,27.95121292212));
#4468=CARTESIAN_POINT('',(-30.0,-10.57607319824,27.92396380073));
#4469=CARTESIAN_POINT('',(-30.0,-10.68640379859,27.89175223309));
#4470=CARTESIAN_POINT('',(-30.0,-10.79815567271,27.86572944215));
#4471=CARTESIAN_POINT('',(-30.0,-10.90990754683,27.83970665121));
#4472=CARTESIAN_POINT('',(-30.0,-11.02235594733,27.81587884427));
#4473=CARTESIAN_POINT('',(-30.0,-11.13477662004,27.79353504467));
#4474=CARTESIAN_POINT('',(-30.0,-11.22471315821,27.77566000499));
#4475=CARTESIAN_POINT('',(-30.0,-11.31548367134,27.76203836801));
#4476=CARTESIAN_POINT('',(-30.0,-11.40610505927,27.74793061547));
#4477=CARTESIAN_POINT('',(-30.0,-11.59401756928,27.7186767798));
#4478=CARTESIAN_POINT('',(-30.0,-11.78052812183,27.7039032606));
#4479=CARTESIAN_POINT('',(-30.0,-11.95678719003,27.69560147682));
#4480=CARTESIAN_POINT('',(-30.0,-12.0630390396,27.69059702576));
#4481=CARTESIAN_POINT('',(-30.0,-12.166971085,27.68903387853));
#4482=CARTESIAN_POINT('',(-30.0,-12.27011010839,27.69101044531));
#4483=CARTESIAN_POINT('',(-30.0,-12.3526213271,27.69259169873));
#4484=CARTESIAN_POINT('',(-30.0,-12.434520592,27.69467539168));
#4485=CARTESIAN_POINT('',(-30.0,-12.51648237046,27.70036131103));
#4486=CARTESIAN_POINT('',(-30.0,-12.65811232363,27.71018657966));
#4487=CARTESIAN_POINT('',(-30.0,-12.80034699862,27.72165463698));
#4488=CARTESIAN_POINT('',(-30.0,-12.9455596441,27.74242151752));
#4489=CARTESIAN_POINT('',(-30.0,-13.0506035138,27.75744385587));
#4490=CARTESIAN_POINT('',(-30.0,-13.15796270167,27.77332201615));
#4491=CARTESIAN_POINT('',(-30.0,-13.26786504117,27.79331877249));
#4492=CARTESIAN_POINT('',(-30.0,-13.37776738067,27.81331552883));
#4493=CARTESIAN_POINT('',(-30.0,-13.49021815761,27.83819253416));
#4494=CARTESIAN_POINT('',(-30.0,-13.60179484022,27.86072318594));
#4495=CARTESIAN_POINT('',(-30.0,-13.63104399811,27.86662946112));
#4496=CARTESIAN_POINT('',(-30.0,-13.65985913922,27.87441596789));
#4497=CARTESIAN_POINT('',(-30.0,-13.68910309149,27.88035985659));
#4498=CARTESIAN_POINT('',(-30.0,-13.6998768034,27.88254963394));
#4499=CARTESIAN_POINT('',(-30.0,-13.71043805666,27.88557224586));
#4500=CARTESIAN_POINT('',(-30.0,-13.7212116187,27.88776310609));
#4501=CARTESIAN_POINT('',(-30.0,-16.64962287212,28.65240456664));
#4502=CARTESIAN_POINT('',(-30.0,-13.7212116187,27.88776310609));
#4503=VECTOR('',#6061,0.001);
#4504=CARTESIAN_POINT('',(-30.0,-23.3423431099,19.81389880559));
#4505=CARTESIAN_POINT('',(-30.0,-16.64962287212,28.65240456664));
#4506=CARTESIAN_POINT('',(-30.0,-16.94768495689,28.71080901527));
#4507=CARTESIAN_POINT('',(-30.0,-17.24002319296,28.77219654848));
#4508=CARTESIAN_POINT('',(-30.0,-17.5360794432,28.80986506859));
#4509=CARTESIAN_POINT('',(-30.0,-17.89134694349,28.85506729273));
#4510=CARTESIAN_POINT('',(-30.0,-18.25554862809,28.86083538116));
#4511=CARTESIAN_POINT('',(-30.0,-18.62850501557,28.83054894615));
#4512=CARTESIAN_POINT('',(-30.0,-19.07605268054,28.79420522414));
#4513=CARTESIAN_POINT('',(-30.0,-19.53010599683,28.70563187424));
#4514=CARTESIAN_POINT('',(-30.0,-19.95713744624,28.57277948523));
#4515=CARTESIAN_POINT('',(-30.0,-20.51316797933,28.39979460371));
#4516=CARTESIAN_POINT('',(-30.0,-21.01660548857,28.15558964556));
#4517=CARTESIAN_POINT('',(-30.0,-21.47787380538,27.85015024485));
#4518=CARTESIAN_POINT('',(-30.0,-22.80012002654,26.97459456788));
#4519=CARTESIAN_POINT('',(-30.0,-23.73377561549,25.59917834071));
#4520=CARTESIAN_POINT('',(-30.0,-24.04830399126,24.02795406882));
#4521=CARTESIAN_POINT('',(-30.0,-24.13974055086,23.57118338343));
#4522=CARTESIAN_POINT('',(-30.0,-24.1793095268,23.0939895118));
#4523=CARTESIAN_POINT('',(-30.0,-24.16003010545,22.60328339585));
#4524=CARTESIAN_POINT('',(-30.0,-24.14075068411,22.11257727991));
#4525=CARTESIAN_POINT('',(-30.0,-24.06234143549,21.61720971099));
#4526=CARTESIAN_POINT('',(-30.0,-23.92373342497,21.15772130865));
#4527=CARTESIAN_POINT('',(-30.0,-23.81284701656,20.79013058678));
#4528=CARTESIAN_POINT('',(-30.0,-23.66346969506,20.44511846513));
#4529=CARTESIAN_POINT('',(-30.0,-23.49515462387,20.1047005965));
#4530=CARTESIAN_POINT('',(-30.0,-23.46126832421,20.03616542715));
#4531=CARTESIAN_POINT('',(-30.0,-23.423784361,19.96930590655));
#4532=CARTESIAN_POINT('',(-30.0,-23.38932364946,19.90098774961));
#4533=CARTESIAN_POINT('',(-30.0,-23.37848324694,19.87949671569));
#4534=CARTESIAN_POINT('',(-30.0,-23.36599334534,19.85892241738));
#4535=CARTESIAN_POINT('',(-30.0,-23.35513621331,19.83743770386));
#4536=CARTESIAN_POINT('',(-30.0,-23.35110333929,19.82945722222));
#4537=CARTESIAN_POINT('',(-30.0,-23.34637647586,19.82187910138));
#4538=CARTESIAN_POINT('',(-30.0,-23.3423431099,19.81389880559));
#4539=CARTESIAN_POINT('',(-30.0,-21.81232681345,17.20251618647));
#4540=CARTESIAN_POINT('',(-30.0,-23.3423431099,19.81389880559));
#4541=VECTOR('',#6062,0.001);
#4542=CARTESIAN_POINT('',(-30.0,-21.81232681345,17.20251618647));
#4543=CARTESIAN_POINT('',(-29.99999999999,-21.75239087723,17.0880491078));
#4544=CARTESIAN_POINT('',(-29.99999999997,-21.68887589368,16.97537927012));
#4545=CARTESIAN_POINT('',(-29.99999999996,-21.63084991973,16.86010067316));
#4546=CARTESIAN_POINT('',(-29.99999999995,-21.57282394578,16.74482207619));
#4547=CARTESIAN_POINT('',(-29.99999999993,-21.51870079812,16.6276069334));
#4548=CARTESIAN_POINT('',(-29.99999999992,-21.46640471097,16.50989378155));
#4549=CARTESIAN_POINT('',(-29.99999999991,-21.4036494064,16.36863799933));
#4550=CARTESIAN_POINT('',(-29.99999999988,-21.34945691021,16.22506802959));
#4551=CARTESIAN_POINT('',(-29.99999999987,-21.29807039213,16.0718193499));
#4552=CARTESIAN_POINT('',(-29.99999999987,-21.25524829374,15.94411211682));
#4553=CARTESIAN_POINT('',(-29.99999999984,-21.21574767065,15.81103784898));
#4554=CARTESIAN_POINT('',(-29.99999999983,-21.18085949097,15.67484181534));
#4555=CARTESIAN_POINT('',(-29.99999999982,-21.10851536158,15.39242571999));
#4556=CARTESIAN_POINT('',(-29.99999999976,-21.05462315283,15.09724078341));
#4557=CARTESIAN_POINT('',(-29.99999999975,-21.02314421748,14.81196916739));
#4558=CARTESIAN_POINT('',(-29.99999999974,-21.00796340376,14.6743960501));
#4559=CARTESIAN_POINT('',(-29.99999999971,-20.9977943815,14.5391791362));
#4560=CARTESIAN_POINT('',(-29.9999999997,-20.99368752517,14.40876661378));
#4561=CARTESIAN_POINT('',(-29.9999999997,-20.98958066884,14.27835409136));
#4562=CARTESIAN_POINT('',(-29.99999999967,-20.98839510369,14.15055826539));
#4563=CARTESIAN_POINT('',(-29.99999999967,-20.99363942323,14.02167893856));
#4564=CARTESIAN_POINT('',(-29.99999999966,-20.99888374276,13.89279961172));
#4565=CARTESIAN_POINT('',(-29.99999999963,-21.00654221573,13.76366230506));
#4566=CARTESIAN_POINT('',(-29.99999999963,-21.01688581281,13.63480720555));
#4567=CARTESIAN_POINT('',(-29.99999999962,-21.02218173452,13.5688333946));
#4568=CARTESIAN_POINT('',(-29.99999999961,-21.02997383871,13.50299272793));
#4569=CARTESIAN_POINT('',(-29.99999999961,-21.03578248453,13.437021353));
#4570=CARTESIAN_POINT('',(-29.99999999961,-21.03821485497,13.40939583974));
#4571=CARTESIAN_POINT('',(-29.9999999996,-21.04236077737,13.38197869308));
#4572=CARTESIAN_POINT('',(-29.9999999996,-21.04481363681,13.35435327718));
#4573=CARTESIAN_POINT('',(-30.0,-19.03587936817,25.71799934643));
#4574=CARTESIAN_POINT('',(-30.0,-17.29505764998,19.97608853786));
#4575=CARTESIAN_POINT('',(-30.0,-19.03587936817,25.71799934643));
#4576=CARTESIAN_POINT('',(-30.0,-18.83394282175,25.76288637393));
#4577=CARTESIAN_POINT('',(-30.0,-18.64296167346,25.80768597772));
#4578=CARTESIAN_POINT('',(-30.0,-18.44690806685,25.83142975984));
#4579=CARTESIAN_POINT('',(-30.0,-18.21164373892,25.85992229838));
#4580=CARTESIAN_POINT('',(-30.0,-17.96087771569,25.85308014535));
#4581=CARTESIAN_POINT('',(-30.0,-17.70973527575,25.8129482075));
#4582=CARTESIAN_POINT('',(-30.0,-17.40836434781,25.76478988208));
#4583=CARTESIAN_POINT('',(-30.0,-17.10880812406,25.66974422627));
#4584=CARTESIAN_POINT('',(-30.0,-16.8409875112,25.5387389442));
#4585=CARTESIAN_POINT('',(-30.0,-16.55038354759,25.39658911557));
#4586=CARTESIAN_POINT('',(-30.0,-16.29585770073,25.21350535968));
#4587=CARTESIAN_POINT('',(-30.0,-16.0767036405,25.00116935973));
#4588=CARTESIAN_POINT('',(-30.0,-15.85754958028,24.78883335978));
#4589=CARTESIAN_POINT('',(-30.0,-15.67491368941,24.54688029106));
#4590=CARTESIAN_POINT('',(-30.0,-15.53226202829,24.28491097187));
#4591=CARTESIAN_POINT('',(-30.0,-15.28575995788,23.8322279883));
#4592=CARTESIAN_POINT('',(-30.0,-15.15831079041,23.32072787948));
#4593=CARTESIAN_POINT('',(-30.0,-15.16538893539,22.80266320647));
#4594=CARTESIAN_POINT('',(-30.0,-15.1694850841,22.50285726145));
#4595=CARTESIAN_POINT('',(-30.0,-15.21868005245,22.20100657337));
#4596=CARTESIAN_POINT('',(-30.0,-15.31612080418,21.90704155657));
#4597=CARTESIAN_POINT('',(-30.0,-15.43304970625,21.55428353642));
#4598=CARTESIAN_POINT('',(-30.0,-15.62249855893,21.20831153391));
#4599=CARTESIAN_POINT('',(-30.0,-15.8815219482,20.90232223155));
#4600=CARTESIAN_POINT('',(-30.0,-16.0973747726,20.64733114625));
#4601=CARTESIAN_POINT('',(-30.0,-16.355911293,20.4237832958));
#4602=CARTESIAN_POINT('',(-30.0,-16.6368431126,20.26655739649));
#4603=CARTESIAN_POINT('',(-30.0,-16.81663947715,20.16593282093));
#4604=CARTESIAN_POINT('',(-30.0,-17.0077845163,20.08506278767));
#4605=CARTESIAN_POINT('',(-30.0,-17.20117927806,20.00940927953));
#4606=CARTESIAN_POINT('',(-30.0,-17.22609800337,19.99966139924));
#4607=CARTESIAN_POINT('',(-30.0,-17.25179966513,19.99212851283));
#4608=CARTESIAN_POINT('',(-30.0,-17.27675110529,19.98244062797));
#4609=CARTESIAN_POINT('',(-30.0,-17.28278345111,19.98009845167));
#4610=CARTESIAN_POINT('',(-30.0,-17.28902499254,19.97843014268));
#4611=CARTESIAN_POINT('',(-30.0,-17.29505764998,19.97608853786));
#4612=CARTESIAN_POINT('',(-30.0,-17.29505764998,19.97608853786));
#4613=CARTESIAN_POINT('',(-30.0,-17.49699414874,19.93120150913));
#4614=CARTESIAN_POINT('',(-30.0,-17.68797525462,19.88640191269));
#4615=CARTESIAN_POINT('',(-30.0,-17.88402882834,19.86265812607));
#4616=CARTESIAN_POINT('',(-30.0,-18.1192931168,19.83416558213));
#4617=CARTESIAN_POINT('',(-30.0,-18.3700591183,19.84100771816));
#4618=CARTESIAN_POINT('',(-30.0,-18.62120154898,19.88113964241));
#4619=CARTESIAN_POINT('',(-30.0,-18.92257246578,19.92929795151));
#4620=CARTESIAN_POINT('',(-30.0,-19.22212869274,20.02434358654));
#4621=CARTESIAN_POINT('',(-30.0,-19.48994931398,20.15534883723));
#4622=CARTESIAN_POINT('',(-30.0,-19.78055328667,20.29749863182));
#4623=CARTESIAN_POINT('',(-30.0,-20.0350791361,20.48058236092));
#4624=CARTESIAN_POINT('',(-30.0,-20.25423321008,20.69291833714));
#4625=CARTESIAN_POINT('',(-30.0,-20.47338728406,20.90525431337));
#4626=CARTESIAN_POINT('',(-30.0,-20.6560231922,21.14720735978));
#4627=CARTESIAN_POINT('',(-30.0,-20.79867487224,21.40917666667));
#4628=CARTESIAN_POINT('',(-30.0,-21.04517697534,21.86185962896));
#4629=CARTESIAN_POINT('',(-30.0,-21.17262619085,22.37335972685));
#4630=CARTESIAN_POINT('',(-30.0,-21.16554809173,22.89142440137));
#4631=CARTESIAN_POINT('',(-30.0,-21.16145196955,23.19123034727));
#4632=CARTESIAN_POINT('',(-30.0,-21.11225702897,23.49308103845));
#4633=CARTESIAN_POINT('',(-30.0,-21.01481630744,23.78704605996));
#4634=CARTESIAN_POINT('',(-30.0,-20.8978874416,24.13980408578));
#4635=CARTESIAN_POINT('',(-30.0,-20.70843863576,24.48577609385));
#4636=CARTESIAN_POINT('',(-30.0,-20.44941524276,24.7917654524));
#4637=CARTESIAN_POINT('',(-30.0,-20.23356241526,25.04675658453));
#4638=CARTESIAN_POINT('',(-30.0,-19.9750258715,25.27030449606));
#4639=CARTESIAN_POINT('',(-30.0,-19.6940940322,25.4275304124));
#4640=CARTESIAN_POINT('',(-30.0,-19.51429765505,25.52815499885));
#4641=CARTESIAN_POINT('',(-30.0,-19.32315257271,25.60902505903));
#4642=CARTESIAN_POINT('',(-30.0,-19.12975776378,25.68467859415));
#4643=CARTESIAN_POINT('',(-30.0,-19.10483903239,25.69442647793));
#4644=CARTESIAN_POINT('',(-30.0,-19.07913736381,25.70195936594));
#4645=CARTESIAN_POINT('',(-30.0,-19.05418591749,25.71164725431));
#4646=CARTESIAN_POINT('',(-30.0,-19.04815357018,25.71398943146));
#4647=CARTESIAN_POINT('',(-30.0,-19.0419120271,25.71565774075));
#4648=CARTESIAN_POINT('',(-30.0,-19.03587936817,25.71799934643));
#4649=COLOUR_RGB('',0.941176474094391,0.647058844566345,0.0901960805058479);
#4650=CARTESIAN_POINT('',(-30.0,-21.81232681345,17.20251618647));
#4651=VECTOR('',#6063,0.001);
#4652=COLOUR_RGB('',0.941176474094391,0.647058844566345,0.0901960805058479);
#4653=CARTESIAN_POINT('',(-30.0,-22.05137090193,5.124644801885));
#4654=CARTESIAN_POINT('',(-33.8,-22.05137090344,5.124644799703));
#4655=VECTOR('',#6064,0.001);
#4656=CARTESIAN_POINT('',(-30.0,-22.05137090193,5.124644801885));
#4657=CARTESIAN_POINT('',(-29.99999999996,-21.97951372878,5.236858639462));
#4658=CARTESIAN_POINT('',(-29.99999999996,-21.91490343768,5.353405320375));
#4659=CARTESIAN_POINT('',(-29.99999999992,-21.85067636984,5.470154120942));
#4660=CARTESIAN_POINT('',(-29.99999999988,-21.78644930201,5.586902921509));
#4661=CARTESIAN_POINT('',(-29.99999999988,-21.72397348946,5.704520510907));
#4662=CARTESIAN_POINT('',(-29.99999999984,-21.6676615158,5.825286235756));
#4663=CARTESIAN_POINT('',(-29.9999999998,-21.61134954213,5.946051960605));
#4664=CARTESIAN_POINT('',(-29.9999999998,-21.55708313499,6.067789098997));
#4665=CARTESIAN_POINT('',(-29.99999999976,-21.50893612343,6.192035885492));
#4666=CARTESIAN_POINT('',(-29.99999999972,-21.46078911187,6.316282671987));
#4667=CARTESIAN_POINT('',(-29.99999999972,-21.41704521707,6.442264502563));
#4668=CARTESIAN_POINT('',(-29.99999999968,-21.37727680592,6.569441041874));
#4669=CARTESIAN_POINT('',(-29.9999999996,-21.29481302856,6.833154313789));
#4670=CARTESIAN_POINT('',(-29.9999999996,-21.23054492512,7.102611565282));
#4671=CARTESIAN_POINT('',(-29.99999999951,-21.1851838449,7.375168599241));
#4672=CARTESIAN_POINT('',(-29.99999999947,-21.16330832396,7.506610070094));
#4673=CARTESIAN_POINT('',(-29.99999999947,-21.14560053368,7.638789820699));
#4674=CARTESIAN_POINT('',(-29.99999999943,-21.1325243162,7.771396046845));
#4675=CARTESIAN_POINT('',(-29.99999999938,-21.11683285523,7.93052351822));
#4676=CARTESIAN_POINT('',(-29.99999999938,-21.1105576581,8.090341347991));
#4677=CARTESIAN_POINT('',(-29.99999999934,-21.10762495363,8.250213713764));
#4678=CARTESIAN_POINT('',(-29.9999999993,-21.10518103323,8.383440685242));
#4679=CARTESIAN_POINT('',(-29.9999999993,-21.10856938221,8.51659075332));
#4680=CARTESIAN_POINT('',(-29.99999999926,-21.11500052469,8.64968485192));
#4681=CARTESIAN_POINT('',(-29.99999999924,-21.11829326964,8.717829030404));
#4682=CARTESIAN_POINT('',(-29.99999999924,-21.12065887112,8.785986330038));
#4683=CARTESIAN_POINT('',(-29.99999999922,-21.12627377322,8.85397856566));
#4684=CARTESIAN_POINT('',(-29.99999999921,-21.12862501347,8.882450314327));
#4685=CARTESIAN_POINT('',(-29.99999999921,-21.1294357939,8.910989632883));
#4686=CARTESIAN_POINT('',(-29.9999999992,-21.13219348042,8.939424892121));
#4687=COLOUR_RGB('',0.941176474094391,0.647058844566345,0.0901960805058479);
#4688=CARTESIAN_POINT('',(-30.0,-23.68351699308,2.575847397852));
#4689=CARTESIAN_POINT('',(-30.0,-22.05137090193,5.124644801885));
#4690=VECTOR('',#6065,0.001);
#4691=CARTESIAN_POINT('',(-30.0,-17.34576278505,-6.52055627393));
#4692=CARTESIAN_POINT('',(-30.0,-23.68351699308,2.575847397852));
#4693=CARTESIAN_POINT('',(-30.0,-23.83116918836,2.310421435237));
#4694=CARTESIAN_POINT('',(-30.0,-23.97988970209,2.051361003139));
#4695=CARTESIAN_POINT('',(-30.0,-24.10720101078,1.781434978645));
#4696=CARTESIAN_POINT('',(-30.0,-24.2599745812,1.457523749252));
#4697=CARTESIAN_POINT('',(-30.0,-24.37800485048,1.11292985439));
#4698=CARTESIAN_POINT('',(-30.0,-24.46445059143,0.748868222149));
#4699=CARTESIAN_POINT('',(-30.0,-24.56818548057,0.311994263461));
#4700=CARTESIAN_POINT('',(-30.0,-24.62425740799,-0.147206823582));
#4701=CARTESIAN_POINT('',(-30.0,-24.62986724562,-0.594391536122));
#4702=CARTESIAN_POINT('',(-30.0,-24.6371717217,-1.176663297241));
#4703=CARTESIAN_POINT('',(-30.0,-24.5604897357,-1.730924264945));
#4704=CARTESIAN_POINT('',(-30.0,-24.41253935284,-2.264002445194));
#4705=CARTESIAN_POINT('',(-30.0,-23.98843297585,-3.792094845487));
#4706=CARTESIAN_POINT('',(-30.0,-22.96884990071,-5.105080965191));
#4707=CARTESIAN_POINT('',(-30.0,-21.5717214522,-5.889750255792));
#4708=CARTESIAN_POINT('',(-30.0,-21.16556217219,-6.11786150387));
#4709=CARTESIAN_POINT('',(-30.0,-20.72395133035,-6.302954859556));
#4710=CARTESIAN_POINT('',(-30.0,-20.25130441115,-6.436255569913));
#4711=CARTESIAN_POINT('',(-30.0,-19.77865749196,-6.56955628027));
#4712=CARTESIAN_POINT('',(-30.0,-19.28330513012,-6.648061651818));
#4713=CARTESIAN_POINT('',(-30.0,-18.80347340964,-6.658227334143));
#4714=CARTESIAN_POINT('',(-30.0,-18.41960803326,-6.666359880003));
#4715=CARTESIAN_POINT('',(-30.0,-18.04532185496,-6.630908214597));
#4716=CARTESIAN_POINT('',(-30.0,-17.66955304285,-6.576025966486));
#4717=CARTESIAN_POINT('',(-30.0,-17.59390078853,-6.564976710513));
#4718=CARTESIAN_POINT('',(-30.0,-17.51873043194,-6.549988073813));
#4719=CARTESIAN_POINT('',(-30.0,-17.44310706691,-6.538325458869));
#4720=CARTESIAN_POINT('',(-30.0,-17.41931801322,-6.534656717431));
#4721=CARTESIAN_POINT('',(-30.0,-17.39589110332,-6.529135924046));
#4722=CARTESIAN_POINT('',(-30.0,-17.37210289103,-6.525449318781));
#4723=CARTESIAN_POINT('',(-30.0,-17.36326677639,-6.524079931862));
#4724=CARTESIAN_POINT('',(-30.0,-17.35459887495,-6.521926186141));
#4725=CARTESIAN_POINT('',(-30.0,-17.34576278505,-6.52055627393));
#4726=CARTESIAN_POINT('',(-30.0,-14.38938928949,-5.872385919467));
#4727=CARTESIAN_POINT('',(-30.0,-17.34576278505,-6.52055627393));
#4728=VECTOR('',#6066,0.001);
#4729=CARTESIAN_POINT('',(-30.0,-14.38938928949,-5.872385919467));
#4730=CARTESIAN_POINT('',(-29.99999999999,-14.26200343137,-5.850755729722));
#4731=CARTESIAN_POINT('',(-29.99999999997,-14.13522086379,-5.825166290509));
#4732=CARTESIAN_POINT('',(-29.99999999996,-14.00765341232,-5.8056033558));
#4733=CARTESIAN_POINT('',(-29.99999999995,-13.88008596084,-5.786040421092));
#4734=CARTESIAN_POINT('',(-29.99999999993,-13.7518827804,-5.770787719364));
#4735=CARTESIAN_POINT('',(-29.99999999992,-13.62377054886,-5.757426549766));
#4736=CARTESIAN_POINT('',(-29.99999999991,-13.47003587101,-5.74139314625));
#4737=CARTESIAN_POINT('',(-29.99999999988,-13.31674630398,-5.734218576351));
#4738=CARTESIAN_POINT('',(-29.99999999987,-13.15511883507,-5.732703538474));
#4739=CARTESIAN_POINT('',(-29.99999999987,-13.02042927765,-5.731441006909));
#4740=CARTESIAN_POINT('',(-29.99999999984,-12.88166175986,-5.73499588947));
#4741=CARTESIAN_POINT('',(-29.99999999983,-12.74135059064,-5.743902144839));
#4742=CARTESIAN_POINT('',(-29.99999999982,-12.45040135016,-5.762370155972));
#4743=CARTESIAN_POINT('',(-29.99999999976,-12.15301018054,-5.802332776628));
#4744=CARTESIAN_POINT('',(-29.99999999975,-11.87197322294,-5.860548302229));
#4745=CARTESIAN_POINT('',(-29.99999999974,-11.73644228274,-5.888622919127));
#4746=CARTESIAN_POINT('',(-29.99999999971,-11.60470095419,-5.920735926222));
#4747=CARTESIAN_POINT('',(-29.9999999997,-11.47940218617,-5.957129759206));
#4748=CARTESIAN_POINT('',(-29.9999999997,-11.35410341815,-5.99352359219));
#4749=CARTESIAN_POINT('',(-29.99999999967,-11.23219599875,-6.031887134486));
#4750=CARTESIAN_POINT('',(-29.99999999967,-11.11124504883,-6.076700683838));
#4751=CARTESIAN_POINT('',(-29.99999999966,-10.99029409892,-6.12151423319));
#4752=CARTESIAN_POINT('',(-29.99999999963,-10.8698438062,-6.168703500444));
#4753=CARTESIAN_POINT('',(-29.99999999963,-10.75049165581,-6.218359265814));
#4754=CARTESIAN_POINT('',(-29.99999999962,-10.6893833548,-6.243783017684));
#4755=CARTESIAN_POINT('',(-29.99999999961,-10.62917304452,-6.271539637893));
#4756=CARTESIAN_POINT('',(-29.99999999961,-10.56822550023,-6.297450266756));
#4757=CARTESIAN_POINT('',(-29.99999999961,-10.54270371605,-6.308300342592));
#4758=CARTESIAN_POINT('',(-29.9999999996,-10.51790961735,-6.320715715224));
#4759=CARTESIAN_POINT('',(-29.9999999996,-10.49239425719,-6.331585247186));
#4760=CARTESIAN_POINT('',(-29.9999999992,-9.781392623617,-6.65752138328));
#4761=CARTESIAN_POINT('',(-29.99999999921,-9.870883669178,-5.96853929536));
#4762=CARTESIAN_POINT('',(-29.99999999923,-9.953898936874,-5.278309829584));
#4763=CARTESIAN_POINT('',(-29.99999999924,-10.07481665693,-4.595536072547));
#4764=CARTESIAN_POINT('',(-29.99999999925,-10.19573437698,-3.912762315509));
#4765=CARTESIAN_POINT('',(-29.99999999927,-10.36192926787,-3.239951223692));
#4766=CARTESIAN_POINT('',(-29.99999999928,-10.57051634013,-2.556008262987));
#4767=CARTESIAN_POINT('',(-29.99999999928,-10.70401206637,-2.118284768135));
#4768=CARTESIAN_POINT('',(-29.9999999993,-10.8540188387,-1.679490936386));
#4769=CARTESIAN_POINT('',(-29.99999999931,-11.0212932909,-1.245696837034));
#4770=CARTESIAN_POINT('',(-29.99999999931,-11.22202263354,-0.725143917813));
#4771=CARTESIAN_POINT('',(-29.99999999933,-11.44341939331,-0.210375840419));
#4772=CARTESIAN_POINT('',(-29.99999999934,-11.68333206602,0.288596986457));
#4773=CARTESIAN_POINT('',(-29.99999999935,-12.18081498416,1.323267040268));
#4774=CARTESIAN_POINT('',(-29.99999999939,-12.74190908258,2.270899217813));
#4775=CARTESIAN_POINT('',(-29.9999999994,-13.37076509546,3.161113793308));
#4776=CARTESIAN_POINT('',(-29.99999999941,-14.05311754,4.127058428178));
#4777=CARTESIAN_POINT('',(-29.99999999946,-14.81669102255,5.025059688952));
#4778=CARTESIAN_POINT('',(-29.99999999947,-15.66150355323,5.859637512819));
#4779=CARTESIAN_POINT('',(-29.99999999948,-16.36551399546,6.555119032708));
#4780=CARTESIAN_POINT('',(-29.99999999952,-17.12608087841,7.208222684428));
#4781=CARTESIAN_POINT('',(-29.99999999953,-17.93117351935,7.791571479543));
#4782=CARTESIAN_POINT('',(-29.99999999954,-18.73626616028,8.374920274657));
#4783=CARTESIAN_POINT('',(-29.99999999957,-19.59148645707,8.881797305617));
#4784=CARTESIAN_POINT('',(-29.99999999958,-20.46914994736,9.349847373874));
#4785=CARTESIAN_POINT('',(-29.99999999959,-20.66886715049,9.456354767185));
#4786=CARTESIAN_POINT('',(-29.99999999959,-20.87285983754,9.55506185733));
#4787=CARTESIAN_POINT('',(-29.9999999996,-21.07338622517,9.660260780722));
#4788=CARTESIAN_POINT('',(-29.9999999996,-21.09922385348,9.673815558788));
#4789=CARTESIAN_POINT('',(-29.9999999996,-21.12580012282,9.685837781852));
#4790=CARTESIAN_POINT('',(-29.9999999996,-21.1516402702,9.699388486514));
#4791=CARTESIAN_POINT('',(-29.9999999996,-21.16484391017,9.706312542443));
#4792=CARTESIAN_POINT('',(-29.9999999996,-21.17844956559,9.71238713657));
#4793=CARTESIAN_POINT('',(-29.9999999996,-21.19165337178,9.719310923726));
#4794=CARTESIAN_POINT('',(-30.0,-19.50112385828,2.211192843949));
#4795=CARTESIAN_POINT('',(-30.0,-17.76030214296,-3.53071796964));
#4796=CARTESIAN_POINT('',(-30.0,-19.50112385828,2.211192843949));
#4797=CARTESIAN_POINT('',(-30.0,-19.29918732401,2.256079874722));
#4798=CARTESIAN_POINT('',(-30.0,-19.10820618793,2.300879478294));
#4799=CARTESIAN_POINT('',(-30.0,-18.91215257305,2.324623258686));
#4800=CARTESIAN_POINT('',(-30.0,-18.67688823518,2.353115795156));
#4801=CARTESIAN_POINT('',(-30.0,-18.42612215586,2.346273635356));
#4802=CARTESIAN_POINT('',(-30.0,-18.17497970027,2.306141692416));
#4803=CARTESIAN_POINT('',(-30.0,-17.87360875356,2.257983360889));
#4804=CARTESIAN_POINT('',(-30.0,-17.57405254263,2.162937699074));
#4805=CARTESIAN_POINT('',(-30.0,-17.30623194721,2.031932417407));
#4806=CARTESIAN_POINT('',(-30.0,-17.01562800253,1.88978258921));
#4807=CARTESIAN_POINT('',(-30.0,-16.7611021696,1.706698839936));
#4808=CARTESIAN_POINT('',(-30.0,-16.54194812045,1.494362847672));
#4809=CARTESIAN_POINT('',(-30.0,-16.3227940713,1.282026855408));
#4810=CARTESIAN_POINT('',(-30.0,-16.14015818749,1.040073798011));
#4811=CARTESIAN_POINT('',(-30.0,-15.99750653041,0.778104490567));
#4812=CARTESIAN_POINT('',(-30.0,-15.75100446698,0.325421527305));
#4813=CARTESIAN_POINT('',(-30.0,-15.62355529434,-0.186078557366));
#4814=CARTESIAN_POINT('',(-30.0,-15.63063342549,-0.704143211616));
#4815=CARTESIAN_POINT('',(-30.0,-15.6347295662,-1.003949145788));
#4816=CARTESIAN_POINT('',(-30.0,-15.68392452252,-1.305799825259));
#4817=CARTESIAN_POINT('',(-30.0,-15.78136525935,-1.599764836298));
#4818=CARTESIAN_POINT('',(-30.0,-15.89829414353,-1.952522849544));
#4819=CARTESIAN_POINT('',(-30.0,-16.08774297201,-2.298494850269));
#4820=CARTESIAN_POINT('',(-30.0,-16.34676634922,-2.604484169189));
#4821=CARTESIAN_POINT('',(-30.0,-16.56261916356,-2.859475268288));
#4822=CARTESIAN_POINT('',(-30.0,-16.82115567857,-3.083023142007));
#4823=CARTESIAN_POINT('',(-30.0,-17.10208750501,-3.240249045239));
#4824=CARTESIAN_POINT('',(-30.0,-17.28188387393,-3.340873623307));
#4825=CARTESIAN_POINT('',(-30.0,-17.47302895027,-3.421743681098));
#4826=CARTESIAN_POINT('',(-30.0,-17.66642375101,-3.497397217549));
#4827=CARTESIAN_POINT('',(-30.0,-17.69134248134,-3.507145101496));
#4828=CARTESIAN_POINT('',(-30.0,-17.71704414909,-3.514677988984));
#4829=CARTESIAN_POINT('',(-30.0,-17.74199559435,-3.524365877548));
#4830=CARTESIAN_POINT('',(-30.0,-17.74802794141,-3.526708054743));
#4831=CARTESIAN_POINT('',(-30.0,-17.75426948428,-3.528376363915));
#4832=CARTESIAN_POINT('',(-30.0,-17.76030214296,-3.53071796964));
#4833=CARTESIAN_POINT('',(-30.0,-17.76030214296,-3.53071796964));
#4834=CARTESIAN_POINT('',(-30.0,-17.96223868143,-3.575604998892));
#4835=CARTESIAN_POINT('',(-30.0,-18.15321982231,-3.620404602616));
#4836=CARTESIAN_POINT('',(-30.0,-18.34927343333,-3.644148383905));
#4837=CARTESIAN_POINT('',(-30.0,-18.58453776655,-3.672640921451));
#4838=CARTESIAN_POINT('',(-30.0,-18.83530382121,-3.665798765083));
#4839=CARTESIAN_POINT('',(-30.0,-19.08644626712,-3.625666824854));
#4840=CARTESIAN_POINT('',(-30.0,-19.3878172022,-3.577508496579));
#4841=CARTESIAN_POINT('',(-30.0,-19.68737341366,-3.482462838668));
#4842=CARTESIAN_POINT('',(-30.0,-19.95519401717,-3.351457561224));
#4843=CARTESIAN_POINT('',(-30.0,-20.24579797063,-3.209307737609));
#4844=CARTESIAN_POINT('',(-30.0,-20.50032381148,-3.026223987341));
#4845=CARTESIAN_POINT('',(-30.0,-20.71947786762,-2.813887990982));
#4846=CARTESIAN_POINT('',(-30.0,-20.93863192375,-2.601551994623));
#4847=CARTESIAN_POINT('',(-30.0,-21.12126781424,-2.359598930349));
#4848=CARTESIAN_POINT('',(-30.0,-21.26391947471,-2.097629613033));
#4849=CARTESIAN_POINT('',(-30.0,-21.51042154399,-1.64494663271));
#4850=CARTESIAN_POINT('',(-30.0,-21.63787071613,-1.133446525762));
#4851=CARTESIAN_POINT('',(-30.0,-21.63079257716,-0.615381856258));
#4852=CARTESIAN_POINT('',(-30.0,-21.62669643192,-0.315575913258));
#4853=CARTESIAN_POINT('',(-30.0,-21.57750146744,-0.01372522770458));
#4854=CARTESIAN_POINT('',(-30.0,-21.48006072052,0.280239785173));
#4855=CARTESIAN_POINT('',(-30.0,-21.36313182422,0.632997800627));
#4856=CARTESIAN_POINT('',(-30.0,-21.17368297636,0.978969798086));
#4857=CARTESIAN_POINT('',(-30.0,-20.91465959753,1.284959107253));
#4858=CARTESIAN_POINT('',(-30.0,-20.69880678185,1.539950198225));
#4859=CARTESIAN_POINT('',(-30.0,-20.44027027371,1.763498056825));
#4860=CARTESIAN_POINT('',(-30.0,-20.15933846448,1.920723941057));
#4861=CARTESIAN_POINT('',(-30.0,-19.97954210658,2.021348506965));
#4862=CARTESIAN_POINT('',(-30.0,-19.7883970389,2.102218561664));
#4863=CARTESIAN_POINT('',(-30.0,-19.59500224625,2.177872093643));
#4864=CARTESIAN_POINT('',(-30.0,-19.57008351696,2.187619977013));
#4865=CARTESIAN_POINT('',(-30.0,-19.54438185034,2.195152864186));
#4866=CARTESIAN_POINT('',(-30.0,-19.51943040611,2.20484075219));
#4867=CARTESIAN_POINT('',(-30.0,-19.5133980593,2.20718292925));
#4868=CARTESIAN_POINT('',(-30.0,-19.50715651671,2.208851238359));
#4869=CARTESIAN_POINT('',(-30.0,-19.50112385828,2.211192843949));
#4870=COLOUR_RGB('',0.941176474094391,0.647058844566345,0.0901960805058479);
#4871=CARTESIAN_POINT('',(-20.0000000004,-9.781392626596,-6.657521384675));
#4872=CARTESIAN_POINT('',(-20.00000000042,-9.841287485137,-5.963515193236));
#4873=CARTESIAN_POINT('',(-20.00000000042,-9.943923215977,-5.273786473266));
#4874=CARTESIAN_POINT('',(-20.00000000044,-10.07587478055,-4.589812224898));
#4875=CARTESIAN_POINT('',(-20.00000000046,-10.20782634512,-3.905837976529));
#4876=CARTESIAN_POINT('',(-20.00000000046,-10.36638697822,-3.226796991061));
#4877=CARTESIAN_POINT('',(-20.00000000048,-10.56895594883,-2.560315333429));
#4878=CARTESIAN_POINT('',(-20.00000000049,-10.69860009001,-2.133767072545));
#4879=CARTESIAN_POINT('',(-20.00000000049,-10.844469852,-1.712092704741));
#4880=CARTESIAN_POINT('',(-20.0000000005,-11.00232721119,-1.2951609641));
#4881=CARTESIAN_POINT('',(-20.00000000052,-11.19175604222,-0.794842875331));
#4882=CARTESIAN_POINT('',(-20.00000000052,-11.40268759915,-0.302733411934));
#4883=CARTESIAN_POINT('',(-20.00000000054,-11.63161264104,0.180789904117));
#4884=CARTESIAN_POINT('',(-20.00000000057,-12.20125140127,1.383950641912));
#4885=CARTESIAN_POINT('',(-20.00000000057,-12.8904878451,2.530514243925));
#4886=CARTESIAN_POINT('',(-20.00000000061,-13.68746116834,3.596777626071));
#4887=CARTESIAN_POINT('',(-20.00000000064,-14.187907581,4.266320343489));
#4888=CARTESIAN_POINT('',(-20.00000000064,-14.73134013163,4.903572668805));
#4889=CARTESIAN_POINT('',(-20.00000000066,-15.3115889366,5.505274743514));
#4890=CARTESIAN_POINT('',(-20.00000000069,-16.14714721576,6.371725731096));
#4891=CARTESIAN_POINT('',(-20.00000000069,-17.05905001833,7.165116037602));
#4892=CARTESIAN_POINT('',(-20.00000000073,-18.03661910544,7.86743621504));
#4893=CARTESIAN_POINT('',(-20.00000000075,-18.60234195677,8.273871502909));
#4894=CARTESIAN_POINT('',(-20.00000000075,-19.19547256467,8.640225406759));
#4895=CARTESIAN_POINT('',(-20.00000000077,-19.80050035699,8.985440351771));
#4896=CARTESIAN_POINT('',(-20.00000000078,-20.18771814407,9.206377916578));
#4897=CARTESIAN_POINT('',(-20.00000000078,-20.5795777755,9.419054219221));
#4898=CARTESIAN_POINT('',(-20.00000000079,-20.98069366905,9.613623132781));
#4899=CARTESIAN_POINT('',(-20.0000000008,-21.03237705839,9.638693146398));
#4900=CARTESIAN_POINT('',(-20.0000000008,-21.08272985593,9.666278072815));
#4901=CARTESIAN_POINT('',(-20.0000000008,-21.13462733792,9.690901835319));
#4902=CARTESIAN_POINT('',(-20.0000000008,-21.15382652403,9.70001125992));
#4903=CARTESIAN_POINT('',(-20.0000000008,-21.17242524593,9.710262745157));
#4904=CARTESIAN_POINT('',(-20.0000000008,-21.19165337165,9.719310924288));
#4905=COLOUR_RGB('',0.941176474094391,0.647058844566345,0.0901960805058479);
#4906=COLOUR_RGB('',0.941176474094391,0.647058844566345,0.0901960805058479);
#4907=CARTESIAN_POINT('',(-30.0,-14.38938928949,-5.872385919467));
#4908=VECTOR('',#6067,0.001);
#4909=COLOUR_RGB('',0.941176474094391,0.647058844566345,0.0901960805058479);
#4910=CARTESIAN_POINT('',(-28.9,4.6371540773746,-10.6063500546668));
#4911=VECTOR('',#6068,1.0);
#4912=COLOUR_RGB('',0.941176474094391,0.647058844566345,0.0901960805058479);
#4913=CARTESIAN_POINT('',(-28.9,9.63254872704504,-45.557148497668));
#4914=CARTESIAN_POINT('',(-28.9,0.66826156681,-15.98942466434));
#4915=VECTOR('',#6069,0.001);
#4916=CARTESIAN_POINT('',(-21.1,9.63254866247535,-45.5571491458913));
#4917=CARTESIAN_POINT('',(-29.9,9.63254866247535,-45.5571491458913));
#4918=VECTOR('',#6070,1.0);
#4919=CARTESIAN_POINT('',(-21.09999999641,9.114985214443,-43.85002249188));
#4920=VECTOR('',#6071,0.001);
#4921=COLOUR_RGB('',0.941176474094391,0.647058844566345,0.0901960805058479);
#4922=CARTESIAN_POINT('',(-21.1,19.2023996013717,-42.6557791151826));
#4923=CARTESIAN_POINT('',(-21.1,10.23811291879,-13.08805513051));
#4924=VECTOR('',#6072,0.001);
#4925=CARTESIAN_POINT('',(-28.9000000036999,19.2024000112983,-42.6557796138692));
#4926=CARTESIAN_POINT('',(-29.9,19.2024000113036,-42.6557796138727));
#4927=VECTOR('',#6073,1.0);
#4928=CARTESIAN_POINT('',(-28.90000000359,18.68483656311,-40.94865295934));
#4929=VECTOR('',#6074,0.001);
#4930=COLOUR_RGB('',0.941176474094391,0.647058844566345,0.0901960805058479);
#4931=CARTESIAN_POINT('',(-30.0,17.14254596996,3.687406906531));
#4932=CARTESIAN_POINT('',(-33.8,17.14254596619,3.687406905026));
#4933=VECTOR('',#6075,0.001);
#4934=CARTESIAN_POINT('',(-30.0,17.14254596996,3.687406906531));
#4935=CARTESIAN_POINT('',(-29.99999999996,17.01845465669,3.638860591485));
#4936=CARTESIAN_POINT('',(-29.99999999996,16.89767941284,3.58254932193));
#4937=CARTESIAN_POINT('',(-29.99999999992,16.77709540009,3.525849281356));
#4938=CARTESIAN_POINT('',(-29.99999999988,16.65651138733,3.469149240781));
#4939=CARTESIAN_POINT('',(-29.99999999988,16.53683350859,3.410716973287));
#4940=CARTESIAN_POINT('',(-29.99999999984,16.42029185269,3.346114797055));
#4941=CARTESIAN_POINT('',(-29.9999999998,16.30375019679,3.281512620823));
#4942=CARTESIAN_POINT('',(-29.9999999998,16.18829245604,3.214922201312));
#4943=CARTESIAN_POINT('',(-29.99999999976,16.07631027656,3.142704542715));
#4944=CARTESIAN_POINT('',(-29.99999999972,15.96432809709,3.070486884118));
#4945=CARTESIAN_POINT('',(-29.99999999972,15.8548882798,2.994277459247));
#4946=CARTESIAN_POINT('',(-29.99999999968,15.74796246496,2.914764763056));
#4947=CARTESIAN_POINT('',(-29.9999999996,15.52624109532,2.749887236233));
#4948=CARTESIAN_POINT('',(-29.9999999996,15.3158641068,2.569667585049));
#4949=CARTESIAN_POINT('',(-29.99999999951,15.11896121687,2.375826886164));
#4950=CARTESIAN_POINT('',(-29.99999999947,15.02400419048,2.282346610853));
#4951=CARTESIAN_POINT('',(-29.99999999947,14.93198497845,2.185819324198));
#4952=CARTESIAN_POINT('',(-29.99999999943,14.84346211214,2.086224641236));
#4953=CARTESIAN_POINT('',(-29.99999999939,14.73723467257,1.966711021683));
#4954=CARTESIAN_POINT('',(-29.99999999938,14.63821936833,1.84110414867));
#4955=CARTESIAN_POINT('',(-29.99999999934,14.54187614168,1.71348848797));
#4956=CARTESIAN_POINT('',(-29.9999999993,14.46159011948,1.607142104054));
#4957=CARTESIAN_POINT('',(-29.9999999993,14.38606770671,1.497429813068));
#4958=CARTESIAN_POINT('',(-29.99999999926,14.31303986195,1.385974294482));
#4959=CARTESIAN_POINT('',(-29.99999999924,14.27564960544,1.328909068966));
#4960=CARTESIAN_POINT('',(-29.99999999924,14.2375015628,1.272378188687));
#4961=CARTESIAN_POINT('',(-29.99999999922,14.20207928067,1.214070957802));
#4962=CARTESIAN_POINT('',(-29.99999999921,14.18724620002,1.189654804869));
#4963=CARTESIAN_POINT('',(-29.99999999921,14.1711271451,1.166089445965));
#4964=CARTESIAN_POINT('',(-29.9999999992,14.15664433434,1.141463910477));
#4965=COLOUR_RGB('',0.941176474094391,0.647058844566345,0.0901960805058479);
#4966=CARTESIAN_POINT('',(-29.9999999992,14.14130854581,20.4314918585));
#4967=CARTESIAN_POINT('',(-29.99999999921,13.80873480091,19.82149209964));
#4968=CARTESIAN_POINT('',(-29.99999999923,13.47018885117,19.21428955772));
#4969=CARTESIAN_POINT('',(-29.99999999924,13.16668898941,18.59084031605));
#4970=CARTESIAN_POINT('',(-29.99999999925,12.86318912766,17.96739107437));
#4971=CARTESIAN_POINT('',(-29.99999999927,12.60217518283,17.32538855385));
#4972=CARTESIAN_POINT('',(-29.99999999928,12.36891408351,16.64946266586));
#4973=CARTESIAN_POINT('',(-29.99999999928,12.21962697994,16.21687009755));
#4974=CARTESIAN_POINT('',(-29.9999999993,12.08306846718,15.77370666012));
#4975=CARTESIAN_POINT('',(-29.99999999931,11.96341856955,15.32443840382));
#4976=CARTESIAN_POINT('',(-29.99999999931,11.8198386924,14.78531649626));
#4977=CARTESIAN_POINT('',(-29.99999999933,11.6963793517,14.23872662194));
#4978=CARTESIAN_POINT('',(-29.99999999934,11.59718391649,13.69403199136));
#4979=CARTESIAN_POINT('',(-29.99999999935,11.39149226203,12.5645532054));
#4980=CARTESIAN_POINT('',(-29.99999999939,11.28842271057,11.468099814));
#4981=CARTESIAN_POINT('',(-29.9999999994,11.2739229225,10.37826879073));
#4982=CARTESIAN_POINT('',(-29.99999999941,11.25818964551,9.195726447781));
#4983=CARTESIAN_POINT('',(-29.99999999946,11.34810168209,8.020410930109));
#4984=CARTESIAN_POINT('',(-29.99999999947,11.54101684313,6.848654957645));
#4985=CARTESIAN_POINT('',(-29.99999999948,11.70177947732,5.872191647259));
#4986=CARTESIAN_POINT('',(-29.99999999952,11.93320631648,4.896769726944));
#4987=CARTESIAN_POINT('',(-29.99999999953,12.24165612379,3.951609082361));
#4988=CARTESIAN_POINT('',(-29.99999999954,12.5501059311,3.006448437777));
#4989=CARTESIAN_POINT('',(-29.99999999957,12.94405883468,2.093690448388));
#4990=CARTESIAN_POINT('',(-29.99999999958,13.37899057849,1.199152351486));
#4991=CARTESIAN_POINT('',(-29.99999999959,13.47796171308,0.99559523788));
#4992=CARTESIAN_POINT('',(-29.99999999959,13.58497668966,0.795835635433));
#4993=CARTESIAN_POINT('',(-29.9999999996,13.68537156752,0.592861469419));
#4994=CARTESIAN_POINT('',(-29.9999999996,13.69830734903,0.56670844727));
#4995=CARTESIAN_POINT('',(-29.9999999996,13.71274151687,0.541361125817));
#4996=CARTESIAN_POINT('',(-29.9999999996,13.72568173064,0.515209918445));
#4997=CARTESIAN_POINT('',(-29.9999999996,13.73229384168,0.501847334952));
#4998=CARTESIAN_POINT('',(-29.9999999996,13.73973049115,0.488935681715));
#4999=CARTESIAN_POINT('',(-29.9999999996,13.74634289464,0.475573217964));
#5000=CARTESIAN_POINT('',(-30.0,19.96112541417,4.790075918107));
#5001=CARTESIAN_POINT('',(-30.0,17.14254596996,3.687406906531));
#5002=VECTOR('',#6076,0.001);
#5003=CARTESIAN_POINT('',(-30.0,20.18050648958,15.87445953724));
#5004=CARTESIAN_POINT('',(-30.0,19.96112541417,4.790075918107));
#5005=CARTESIAN_POINT('',(-30.0,20.23659200491,4.918022243375));
#5006=CARTESIAN_POINT('',(-30.0,20.509181319,5.040190803631));
#5007=CARTESIAN_POINT('',(-30.0,20.77083686453,5.183733834419));
#5008=CARTESIAN_POINT('',(-30.0,21.08482351917,5.355985471364));
#5009=CARTESIAN_POINT('',(-30.0,21.38285923783,5.565391346645));
#5010=CARTESIAN_POINT('',(-30.0,21.66678538099,5.809111869307));
#5011=CARTESIAN_POINT('',(-30.0,22.00749675279,6.101576496501));
#5012=CARTESIAN_POINT('',(-30.0,22.32277152917,6.440119737711));
#5013=CARTESIAN_POINT('',(-30.0,22.5901585656,6.798602388355));
#5014=CARTESIAN_POINT('',(-30.0,22.93831876928,7.265376673049));
#5015=CARTESIAN_POINT('',(-30.0,23.20206815094,7.758855746405));
#5016=CARTESIAN_POINT('',(-30.0,23.39570926672,8.277088110247));
#5017=CARTESIAN_POINT('',(-30.0,23.95079016921,9.762624315091));
#5018=CARTESIAN_POINT('',(-30.0,23.89768401715,11.42414835018));
#5019=CARTESIAN_POINT('',(-30.0,23.22860035314,12.88017064936));
#5020=CARTESIAN_POINT('',(-30.0,23.03409100826,13.3034509636));
#5021=CARTESIAN_POINT('',(-30.0,22.78561545898,13.71276697588));
#5022=CARTESIAN_POINT('',(-30.0,22.48158827604,14.09842438316));
#5023=CARTESIAN_POINT('',(-30.0,22.1775610931,14.48408179044));
#5024=CARTESIAN_POINT('',(-30.0,21.82295694761,14.8387547485));
#5025=CARTESIAN_POINT('',(-30.0,21.44074019378,15.12901693962));
#5026=CARTESIAN_POINT('',(-30.0,21.13496679071,15.36122669251));
#5027=CARTESIAN_POINT('',(-30.0,20.81132494668,15.55254558997));
#5028=CARTESIAN_POINT('',(-30.0,20.47506259758,15.72901630673));
#5029=CARTESIAN_POINT('',(-30.0,20.40736404481,15.76454455472));
#5030=CARTESIAN_POINT('',(-30.0,20.33773984358,15.79660252164));
#5031=CARTESIAN_POINT('',(-30.0,20.2697041389,15.83161757168));
#5032=CARTESIAN_POINT('',(-30.0,20.24830195678,15.84263235402));
#5033=CARTESIAN_POINT('',(-30.0,20.22610414575,15.85193593087));
#5034=CARTESIAN_POINT('',(-30.0,20.20469214422,15.86293576653));
#5035=CARTESIAN_POINT('',(-30.0,20.19673867139,15.86702164771));
#5036=CARTESIAN_POINT('',(-30.0,20.18846025115,15.87037409558));
#5037=CARTESIAN_POINT('',(-30.0,20.18050648958,15.87445953724));
#5038=CARTESIAN_POINT('',(-30.0,17.40776511195,17.08779144195));
#5039=CARTESIAN_POINT('',(-30.0,20.18050648958,15.87445953724));
#5040=VECTOR('',#6077,0.001);
#5041=CARTESIAN_POINT('',(-30.0,17.40776511195,17.08779144195));
#5042=CARTESIAN_POINT('',(-29.99999999999,17.29199387926,17.14516778316));
#5043=CARTESIAN_POINT('',(-29.99999999997,17.17438352893,17.19898641602));
#5044=CARTESIAN_POINT('',(-29.99999999996,17.05968048502,17.25814194027));
#5045=CARTESIAN_POINT('',(-29.99999999995,16.94497744112,17.31729746452));
#5046=CARTESIAN_POINT('',(-29.99999999993,16.83229357045,17.38031371119));
#5047=CARTESIAN_POINT('',(-29.99999999992,16.7207950929,17.44480678457));
#5048=CARTESIAN_POINT('',(-29.99999999991,16.58699691983,17.52219847261));
#5049=CARTESIAN_POINT('',(-29.99999999988,16.45876593237,17.60649548407));
#5050=CARTESIAN_POINT('',(-29.99999999987,16.3271160447,17.70027203569));
#5051=CARTESIAN_POINT('',(-29.99999999987,16.21740780498,17.77841916203));
#5052=CARTESIAN_POINT('',(-29.99999999984,16.10723204012,17.86286061995));
#5053=CARTESIAN_POINT('',(-29.99999999983,15.99895289433,17.95253875896));
#5054=CARTESIAN_POINT('',(-29.99999999982,15.77442525763,18.138495348));
#5055=CARTESIAN_POINT('',(-29.99999999976,15.55732021927,18.3456278998));
#5056=CARTESIAN_POINT('',(-29.99999999975,15.36417478658,18.55791461581));
#5057=CARTESIAN_POINT('',(-29.99999999974,15.27102980554,18.66029053981));
#5058=CARTESIAN_POINT('',(-29.99999999971,15.18332438443,18.763706115));
#5059=CARTESIAN_POINT('',(-29.9999999997,15.10334730476,18.86679811835));
#5060=CARTESIAN_POINT('',(-29.9999999997,15.0233702251,18.96989012171));
#5061=CARTESIAN_POINT('',(-29.99999999967,14.94729456874,19.07258227024));
#5062=CARTESIAN_POINT('',(-29.99999999967,14.87578393338,19.17993038223));
#5063=CARTESIAN_POINT('',(-29.99999999966,14.80427329802,19.28727849421));
#5064=CARTESIAN_POINT('',(-29.99999999963,14.73456411717,19.39625432351));
#5065=CARTESIAN_POINT('',(-29.99999999963,14.66719312203,19.50658011806));
#5066=CARTESIAN_POINT('',(-29.99999999962,14.63269917252,19.56306692487));
#5067=CARTESIAN_POINT('',(-29.99999999961,14.60030293963,19.62091323671));
#5068=CARTESIAN_POINT('',(-29.99999999961,14.56622522425,19.67769944468));
#5069=CARTESIAN_POINT('',(-29.99999999961,14.55195518094,19.70147866927));
#5070=CARTESIAN_POINT('',(-29.9999999996,14.53919390647,19.72609652308));
#5071=CARTESIAN_POINT('',(-29.9999999996,14.52494049632,19.74988771207));
#5072=CARTESIAN_POINT('',(-30.0,16.90475407952,13.24865843857));
#5073=CARTESIAN_POINT('',(-30.0,18.64557579759,7.506747630912));
#5074=CARTESIAN_POINT('',(-30.0,16.90475407952,13.24865843857));
#5075=CARTESIAN_POINT('',(-30.0,17.10669059993,13.29354546823));
#5076=CARTESIAN_POINT('',(-30.0,17.29767172328,13.33834506914));
#5077=CARTESIAN_POINT('',(-30.0,17.49372531958,13.36208885174));
#5078=CARTESIAN_POINT('',(-30.0,17.72898963514,13.39058139085));
#5079=CARTESIAN_POINT('',(-30.0,17.97975567851,13.38373924217));
#5080=CARTESIAN_POINT('',(-30.0,18.23089813637,13.34360730435));
#5081=CARTESIAN_POINT('',(-30.0,18.53226908581,13.29544897897));
#5082=CARTESIAN_POINT('',(-30.0,18.8318253279,13.20040331753));
#5083=CARTESIAN_POINT('',(-30.0,19.0996459351,13.06939804804));
#5084=CARTESIAN_POINT('',(-30.0,19.39024989257,12.92724823306));
#5085=CARTESIAN_POINT('',(-30.0,19.64477572028,12.74416449155));
#5086=CARTESIAN_POINT('',(-30.0,19.86392977564,12.53182850007));
#5087=CARTESIAN_POINT('',(-30.0,20.08308383099,12.3194925086));
#5088=CARTESIAN_POINT('',(-30.0,20.26571972497,12.07753945001));
#5089=CARTESIAN_POINT('',(-30.0,20.40837138871,11.81557013416));
#5090=CARTESIAN_POINT('',(-30.0,20.65487346365,11.36288715636));
#5091=CARTESIAN_POINT('',(-30.0,20.78232264524,10.85138704961));
#5092=CARTESIAN_POINT('',(-30.0,20.77524451948,10.33332238102));
#5093=CARTESIAN_POINT('',(-30.0,20.77114838189,10.03351643855));
#5094=CARTESIAN_POINT('',(-30.0,20.7219534231,9.731665756191));
#5095=CARTESIAN_POINT('',(-30.0,20.62451268484,9.437700746188));
#5096=CARTESIAN_POINT('',(-30.0,20.50758379892,9.084942734184));
#5097=CARTESIAN_POINT('',(-30.0,20.31813497365,8.738970743914));
#5098=CARTESIAN_POINT('',(-30.0,20.0591115745,8.432981414324));
#5099=CARTESIAN_POINT('',(-30.0,19.84325874188,8.177990306332));
#5100=CARTESIAN_POINT('',(-30.0,19.58472220218,7.954442421203));
#5101=CARTESIAN_POINT('',(-30.0,19.30379037818,7.797216516454));
#5102=CARTESIAN_POINT('',(-30.0,19.12399401082,7.696591937414));
#5103=CARTESIAN_POINT('',(-30.0,18.93284895601,7.615721894884));
#5104=CARTESIAN_POINT('',(-30.0,18.73945417784,7.540068376484));
#5105=CARTESIAN_POINT('',(-30.0,18.71453545041,7.530320494863));
#5106=CARTESIAN_POINT('',(-30.0,18.68883378621,7.522787607959));
#5107=CARTESIAN_POINT('',(-30.0,18.66388234391,7.513099721765));
#5108=CARTESIAN_POINT('',(-30.0,18.65784999757,7.510757545142));
#5109=CARTESIAN_POINT('',(-30.0,18.65160845555,7.509089236064));
#5110=CARTESIAN_POINT('',(-30.0,18.64557579759,7.506747630912));
#5111=CARTESIAN_POINT('',(-30.0,18.64557579759,7.506747630912));
#5112=CARTESIAN_POINT('',(-30.0,18.44363927589,7.461860601939));
#5113=CARTESIAN_POINT('',(-30.0,18.25265815042,7.417061001196));
#5114=CARTESIAN_POINT('',(-30.0,18.05660455439,7.393317218204));
#5115=CARTESIAN_POINT('',(-30.0,17.82134023916,7.364824678614));
#5116=CARTESIAN_POINT('',(-30.0,17.57057420163,7.371666827138));
#5117=CARTESIAN_POINT('',(-30.0,17.31943175574,7.411798762193));
#5118=CARTESIAN_POINT('',(-30.0,17.01806082067,7.459957084259));
#5119=CARTESIAN_POINT('',(-30.0,16.71850459569,7.555002736772));
#5120=CARTESIAN_POINT('',(-30.0,16.45068398919,7.686008004034));
#5121=CARTESIAN_POINT('',(-30.0,16.16008003249,7.828157816601));
#5122=CARTESIAN_POINT('',(-30.0,15.90555419617,8.011241556078));
#5123=CARTESIAN_POINT('',(-30.0,15.6864001363,8.223577543273));
#5124=CARTESIAN_POINT('',(-30.0,15.46724607642,8.435913530468));
#5125=CARTESIAN_POINT('',(-30.0,15.28461017998,8.677866586364));
#5126=CARTESIAN_POINT('',(-30.0,15.14195851162,8.939835897697));
#5127=CARTESIAN_POINT('',(-30.0,14.89545642869,9.39251886768));
#5128=CARTESIAN_POINT('',(-30.0,14.76800723872,9.904018968101));
#5129=CARTESIAN_POINT('',(-30.0,14.77508535999,10.42208363854));
#5130=CARTESIAN_POINT('',(-30.0,14.77918149498,10.72188958208));
#5131=CARTESIAN_POINT('',(-30.0,14.82837644886,11.02374026957));
#5132=CARTESIAN_POINT('',(-30.0,14.92581718696,11.31770528736));
#5133=CARTESIAN_POINT('',(-30.0,15.04274607269,11.67046330871));
#5134=CARTESIAN_POINT('',(-30.0,15.23219490396,12.01643531465));
#5135=CARTESIAN_POINT('',(-30.0,15.49121829406,12.32242464374));
#5136=CARTESIAN_POINT('',(-30.0,15.70707111914,12.57741575132));
#5137=CARTESIAN_POINT('',(-30.0,15.96560764973,12.80096363136));
#5138=CARTESIAN_POINT('',(-30.0,16.24653947905,12.95818954087));
#5139=CARTESIAN_POINT('',(-30.0,16.42633584982,13.05881412296));
#5140=CARTESIAN_POINT('',(-30.0,16.61748091073,13.13968416929));
#5141=CARTESIAN_POINT('',(-30.0,16.81087569583,13.21533769144));
#5142=CARTESIAN_POINT('',(-30.0,16.83579442414,13.22508557355));
#5143=CARTESIAN_POINT('',(-30.0,16.86149608932,13.23261846074));
#5144=CARTESIAN_POINT('',(-30.0,16.88644753253,13.24230634742));
#5145=CARTESIAN_POINT('',(-30.0,16.89247987909,13.24464852416));
#5146=CARTESIAN_POINT('',(-30.0,16.89872142134,13.2463168333));
#5147=CARTESIAN_POINT('',(-30.0,16.90475407952,13.24865843857));
#5148=COLOUR_RGB('',0.941176474094391,0.647058844566345,0.0901960805058479);
#5149=CARTESIAN_POINT('',(-20.0000000004,14.14130854907,20.43149185947));
#5150=CARTESIAN_POINT('',(-20.00000000042,13.78183790315,19.83482374184));
#5151=CARTESIAN_POINT('',(-20.00000000042,13.45945958462,19.21649371647));
#5152=CARTESIAN_POINT('',(-20.00000000044,13.16418066663,18.58558774212));
#5153=CARTESIAN_POINT('',(-20.00000000046,12.86890174863,17.95468176777));
#5154=CARTESIAN_POINT('',(-20.00000000046,12.59804971448,17.3121264703));
#5155=CARTESIAN_POINT('',(-20.00000000048,12.37018336493,16.6538644293));
#5156=CARTESIAN_POINT('',(-20.00000000049,12.22434890123,16.23257672307));
#5157=CARTESIAN_POINT('',(-20.00000000049,12.09450604173,15.80569489856));
#5158=CARTESIAN_POINT('',(-20.0000000005,11.97714899964,15.37560380716));
#5159=CARTESIAN_POINT('',(-20.00000000052,11.83632054912,14.85949449748));
#5160=CARTESIAN_POINT('',(-20.00000000052,11.71771307952,14.33738711941));
#5161=CARTESIAN_POINT('',(-20.00000000054,11.61870945453,13.81164977601));
#5162=CARTESIAN_POINT('',(-20.00000000057,11.37235675439,12.50344702968));
#5163=CARTESIAN_POINT('',(-20.00000000057,11.25602758121,11.1707345727));
#5164=CARTESIAN_POINT('',(-20.00000000061,11.27405865272,9.839660210092));
#5165=CARTESIAN_POINT('',(-20.00000000064,11.28538097027,9.00383375225));
#5166=CARTESIAN_POINT('',(-20.00000000064,11.35045961773,8.168864152426));
#5167=CARTESIAN_POINT('',(-20.00000000066,11.46621915616,7.341015258148));
#5168=CARTESIAN_POINT('',(-20.00000000069,11.63291289149,6.148912850388));
#5169=CARTESIAN_POINT('',(-20.00000000069,11.90431463338,4.971043589944));
#5170=CARTESIAN_POINT('',(-20.00000000073,12.28237119541,3.828253938314));
#5171=CARTESIAN_POINT('',(-20.00000000075,12.50115392806,3.166917334361));
#5172=CARTESIAN_POINT('',(-20.00000000075,12.76566924864,2.521897376345));
#5173=CARTESIAN_POINT('',(-20.00000000077,13.0522347612,1.886986205515));
#5174=CARTESIAN_POINT('',(-20.00000000078,13.23563668924,1.480643056184));
#5175=CARTESIAN_POINT('',(-20.00000000078,13.42764979673,1.078255000895));
#5176=CARTESIAN_POINT('',(-20.00000000079,13.63779463341,0.685075436533));
#5177=CARTESIAN_POINT('',(-20.0000000008,13.66487158944,0.634414635421));
#5178=CARTESIAN_POINT('',(-20.0000000008,13.68939384549,0.582501329374));
#5179=CARTESIAN_POINT('',(-20.0000000008,13.71690630594,0.532075712496));
#5180=CARTESIAN_POINT('',(-20.0000000008,13.72708438834,0.51342103473));
#5181=CARTESIAN_POINT('',(-20.0000000008,13.73610539862,0.49419535453));
#5182=CARTESIAN_POINT('',(-20.0000000008,13.74634289284,0.47557321512));
#5183=COLOUR_RGB('',0.941176474094391,0.647058844566345,0.0901960805058479);
#5184=COLOUR_RGB('',0.941176474094391,0.647058844566345,0.0901960805058479);
#5185=CARTESIAN_POINT('',(-30.0,17.40776511195,17.08779144195));
#5186=VECTOR('',#6078,0.001);
#5187=COLOUR_RGB('',0.941176474094391,0.647058844566345,0.0901960805058479);
#5188=CARTESIAN_POINT('',(-33.8,10.50196116255,26.99950123801));
#5189=VECTOR('',#6079,0.001);
#5190=COLOUR_RGB('',0.941176474094391,0.647058844566345,0.0901960805058479);
#5191=CARTESIAN_POINT('',(-33.8,10.32424956304,30.02087305086));
#5192=VECTOR('',#6080,0.001);
#5193=COLOUR_RGB('',0.941176474094391,0.647058844566345,0.0901960805058479);
#5194=CARTESIAN_POINT('',(-33.8,-0.149833226326,33.65477975766));
#5195=VECTOR('',#6081,0.001);
#5196=COLOUR_RGB('',0.941176474094391,0.647058844566345,0.0901960805058479);
#5197=CARTESIAN_POINT('',(-33.8,-2.160604647954,31.39268618081));
#5198=VECTOR('',#6082,0.001);
#5199=COLOUR_RGB('',0.941176474094391,0.647058844566345,0.0901960805058479);
#5200=COLOUR_RGB('',0.941176474094391,0.647058844566345,0.0901960805058479);
#5201=CARTESIAN_POINT('',(-33.8,5.205012305388,26.79761742546));
#5202=VECTOR('',#6083,0.001);
#5203=CARTESIAN_POINT('',(-30.0,3.464190589749,32.53952823429));
#5204=VECTOR('',#6084,0.001);
#5205=COLOUR_RGB('',0.941176474094391,0.647058844566345,0.0901960805058479);
#5206=COLOUR_RGB('',0.941176474094391,0.647058844566345,0.0901960805058479);
#5207=CARTESIAN_POINT('',(-30.0,-23.3423431099,19.81389880559));
#5208=VECTOR('',#6085,0.001);
#5209=COLOUR_RGB('',0.941176474094391,0.647058844566345,0.0901960805058479);
#5210=CARTESIAN_POINT('',(-30.0,-16.64962287212,28.65240456664));
#5211=VECTOR('',#6086,0.001);
#5212=COLOUR_RGB('',0.941176474094391,0.647058844566345,0.0901960805058479);
#5213=CARTESIAN_POINT('',(-30.0,-13.7212116187,27.88776310609));
#5214=VECTOR('',#6087,0.001);
#5215=COLOUR_RGB('',0.941176474094391,0.647058844566345,0.0901960805058479);
#5216=COLOUR_RGB('',0.941176474094391,0.647058844566345,0.0901960805058479);
#5217=CARTESIAN_POINT('',(-30.0,20.18050648958,15.87445953724));
#5218=VECTOR('',#6088,0.001);
#5219=COLOUR_RGB('',0.941176474094391,0.647058844566345,0.0901960805058479);
#5220=CARTESIAN_POINT('',(-30.0,19.96112541417,4.790075918107));
#5221=VECTOR('',#6089,0.001);
#5222=COLOUR_RGB('',0.941176474094391,0.647058844566345,0.0901960805058479);
#5223=COLOUR_RGB('',0.941176474094391,0.647058844566345,0.0901960805058479);
#5224=CARTESIAN_POINT('',(-30.0,-17.34576278505,-6.52055627393));
#5225=VECTOR('',#6090,0.001);
#5226=COLOUR_RGB('',0.941176474094391,0.647058844566345,0.0901960805058479);
#5227=CARTESIAN_POINT('',(-30.0,-23.68351699308,2.575847397852));
#5228=VECTOR('',#6091,0.001);
#5229=COLOUR_RGB('',0.941176474094391,0.647058844566345,0.0901960805058479);
#5230=COLOUR_RGB('',0.941176474094391,0.647058844566345,0.0901960805058479);
#5231=CARTESIAN_POINT('',(-30.0,-17.76030214296,-3.53071796964));
#5232=VECTOR('',#6092,0.001);
#5233=CARTESIAN_POINT('',(-33.8,-19.50112386123,2.211192841495));
#5234=VECTOR('',#6093,0.001);
#5235=COLOUR_RGB('',0.941176474094391,0.647058844566345,0.0901960805058479);
#5236=COLOUR_RGB('',0.941176474094391,0.647058844566345,0.0901960805058479);
#5237=CARTESIAN_POINT('',(-30.0,-17.29505764998,19.97608853786));
#5238=VECTOR('',#6094,0.001);
#5239=CARTESIAN_POINT('',(-33.8,-19.03587937082,25.71799934555));
#5240=VECTOR('',#6095,0.001);
#5241=COLOUR_RGB('',0.941176474094391,0.647058844566345,0.0901960805058479);
#5242=COLOUR_RGB('',0.941176474094391,0.647058844566345,0.0901960805058479);
#5243=CARTESIAN_POINT('',(-30.0,18.64557579759,7.506747630912));
#5244=VECTOR('',#6096,0.001);
#5245=CARTESIAN_POINT('',(-33.8,16.90475408007,13.24865843998));
#5246=VECTOR('',#6097,0.001);
#5247=COLOUR_RGB('',0.941176474094391,0.647058844566345,0.0901960805058479);
#5248=COLOUR_RGB('',0.941176474094391,0.647058844566345,0.0901960805058479);
#5249=CARTESIAN_POINT('',(-28.9000000008,13.73661340934,-41.86071878262));
#5250=CARTESIAN_POINT('',(-28.9,19.2024000112983,-42.6557796138692));
#5251=CARTESIAN_POINT('',(-28.9000000001605,19.0653807469929,-42.5631492023595));
#5252=CARTESIAN_POINT('',(-28.9000000001923,18.9231294780431,-42.4775144651699));
#5253=CARTESIAN_POINT('',(-28.9000000002,18.77668838458,-42.39566732306));
#5254=CARTESIAN_POINT('',(-28.90000000022,18.57155203144,-42.28101491334));
#5255=CARTESIAN_POINT('',(-28.90000000027,18.35744926576,-42.17725234299));
#5256=CARTESIAN_POINT('',(-28.90000000028,18.13689208684,-42.08622190236));
#5257=CARTESIAN_POINT('',(-28.9000000003,17.87222347214,-41.97698537359));
#5258=CARTESIAN_POINT('',(-28.90000000037,17.59962773441,-41.88321215523));
#5259=CARTESIAN_POINT('',(-28.90000000038,17.32414494663,-41.80884200805));
#5260=CARTESIAN_POINT('',(-28.9000000004,17.09457595682,-41.7468668854));
#5261=CARTESIAN_POINT('',(-28.90000000045,16.86319883007,-41.69780451766));
#5262=CARTESIAN_POINT('',(-28.90000000046,16.63403098121,-41.6606329559));
#5263=CARTESIAN_POINT('',(-28.90000000048,16.30402927886,-41.60710590697));
#5264=CARTESIAN_POINT('',(-28.90000000056,15.97339553068,-41.5801688206));
#5265=CARTESIAN_POINT('',(-28.90000000058,15.64166017668,-41.5791940334));
#5266=CARTESIAN_POINT('',(-28.90000000061,15.16396126692,-41.57779033984));
#5267=CARTESIAN_POINT('',(-28.90000000071,14.69034147828,-41.63928912022));
#5268=CARTESIAN_POINT('',(-28.90000000074,14.22365223018,-41.74102195687));
#5269=CARTESIAN_POINT('',(-28.90000000075,14.10842031706,-41.7661411758));
#5270=CARTESIAN_POINT('',(-28.90000000078,13.9939515741,-41.79628612494));
#5271=CARTESIAN_POINT('',(-28.90000000078,13.87895819336,-41.82327005196));
#5272=CARTESIAN_POINT('',(-28.90000000078,13.8427844036,-41.83175846143));
#5273=CARTESIAN_POINT('',(-28.90000000079,13.80733065666,-41.84292207053));
#5274=CARTESIAN_POINT('',(-28.90000000079,13.7711635267,-41.85146254248));
#5275=CARTESIAN_POINT('',(-28.9000000008,13.75954533196,-41.85420605203));
#5276=CARTESIAN_POINT('',(-28.9000000008,13.74823146966,-41.85797422232));
#5277=CARTESIAN_POINT('',(-28.9000000008,13.73661340934,-41.86071878262));
#5278=CARTESIAN_POINT('',(-28.9000000008,13.73661340934,-41.86071878262));
#5279=CARTESIAN_POINT('',(-28.9000000008,13.51849985283,-41.94199269089));
#5280=CARTESIAN_POINT('',(-28.9000000008,13.29768140625,-42.01690141379));
#5281=CARTESIAN_POINT('',(-28.9000000008,13.08304406559,-42.10523024467));
#5282=CARTESIAN_POINT('',(-28.9000000008,12.94567616756,-42.16176069643));
#5283=CARTESIAN_POINT('',(-28.9000000008,12.81126115767,-42.22523343005));
#5284=CARTESIAN_POINT('',(-28.9000000008,12.67765224479,-42.28939268004));
#5285=CARTESIAN_POINT('',(-28.9000000008,12.48525541024,-42.38178200002));
#5286=CARTESIAN_POINT('',(-28.9000000008,12.30023750005,-42.48881845562));
#5287=CARTESIAN_POINT('',(-28.9000000008,12.117457958,-42.60499822829));
#5288=CARTESIAN_POINT('',(-28.9000000008,11.91912946186,-42.73106134968));
#5289=CARTESIAN_POINT('',(-28.9000000008,11.72612522842,-42.87018729784));
#5290=CARTESIAN_POINT('',(-28.9000000008,11.54125959591,-43.02104054971));
#5291=CARTESIAN_POINT('',(-28.9000000008,11.31942083689,-43.20206445197));
#5292=CARTESIAN_POINT('',(-28.9000000008,11.10742462311,-43.39740888131));
#5293=CARTESIAN_POINT('',(-28.9000000008,10.91113183845,-43.60450986545));
#5294=CARTESIAN_POINT('',(-28.9000000008,10.7475545179,-43.7770940189));
#5295=CARTESIAN_POINT('',(-28.9000000008,10.59448159913,-43.95740254906));
#5296=CARTESIAN_POINT('',(-28.9000000008,10.45292193489,-44.14141474131));
#5297=CARTESIAN_POINT('',(-28.9000000008,10.24907601839,-44.40639229815));
#5298=CARTESIAN_POINT('',(-28.9000000008,10.06832905892,-44.68455558646));
#5299=CARTESIAN_POINT('',(-28.9000000008,9.909905688154,-44.9760196883));
#5300=CARTESIAN_POINT('',(-28.9000000008,9.80713170401025,-45.1651011782114));
#5301=CARTESIAN_POINT('',(-28.9000000008,9.71598543206696,-45.3595178642483));
#5302=CARTESIAN_POINT('',(-28.9,9.63254890494953,-45.5571485704457));
#5303=COLOUR_RGB('',0.941176474094391,0.647058844566345,0.0901960805058479);
#5304=CARTESIAN_POINT('',(-21.0999999992,13.73661340934,-41.86071878262));
#5305=CARTESIAN_POINT('',(-21.0999999992,13.73661340934,-41.86071878262));
#5306=CARTESIAN_POINT('',(-21.0999999992,13.96323329236,-41.80718386228));
#5307=CARTESIAN_POINT('',(-21.0999999992,14.18856494401,-41.74683571028));
#5308=CARTESIAN_POINT('',(-21.0999999992,14.41618236667,-41.70109897769));
#5309=CARTESIAN_POINT('',(-21.0999999992,14.56185751717,-41.67182746883));
#5310=CARTESIAN_POINT('',(-21.0999999992,14.70892199426,-41.64997609091));
#5311=CARTESIAN_POINT('',(-21.0999999992,14.85567582827,-41.62913710558));
#5312=CARTESIAN_POINT('',(-21.0999999992,15.06700134924,-41.5991289667));
#5313=CARTESIAN_POINT('',(-21.0999999992,15.28027156137,-41.5854151302));
#5314=CARTESIAN_POINT('',(-21.0999999992,15.49680341315,-41.58054292492));
#5315=CARTESIAN_POINT('',(-21.0999999992,15.73175550927,-41.57525624384));
#5316=CARTESIAN_POINT('',(-21.0999999992,15.96956020744,-41.58379605242));
#5317=CARTESIAN_POINT('',(-21.0999999992,16.20711964859,-41.60661618299));
#5318=CARTESIAN_POINT('',(-21.0999999992,16.49219097797,-41.63400033967));
#5319=CARTESIAN_POINT('',(-21.0999999992,16.77704477949,-41.67876627402));
#5320=CARTESIAN_POINT('',(-21.0999999992,17.05535460329,-41.74203542784));
#5321=CARTESIAN_POINT('',(-21.0999999992,17.28727945645,-41.7947597227));
#5322=CARTESIAN_POINT('',(-21.0999999992,17.51474862052,-41.85974501444));
#5323=CARTESIAN_POINT('',(-21.0999999992,17.73467514868,-41.93420277147));
#5324=CARTESIAN_POINT('',(-21.0999999992,18.05136934924,-42.04142194158));
#5325=CARTESIAN_POINT('',(-21.0999999992,18.35617870154,-42.17244922825));
#5326=CARTESIAN_POINT('',(-21.0999999992,18.64977511012,-42.3269106185));
#5327=CARTESIAN_POINT('',(-21.0999999992,18.8400166355197,-42.4269968921697));
#5328=CARTESIAN_POINT('',(-21.0999999992,19.0235322220923,-42.5379268010256));
#5329=CARTESIAN_POINT('',(-21.1,19.2023994948094,-42.6557792730655));
#5330=CARTESIAN_POINT('',(-21.1,9.63254866247535,-45.5571491458913));
#5331=CARTESIAN_POINT('',(-21.099999999839,9.6951013398504,-45.4039220101499));
#5332=CARTESIAN_POINT('',(-21.0999999998055,9.76589257906769,-45.2536288688124));
#5333=CARTESIAN_POINT('',(-21.09999999979,9.842289521469,-45.10413441052));
#5334=CARTESIAN_POINT('',(-21.09999999978,9.949233298555,-44.8948655377));
#5335=CARTESIAN_POINT('',(-21.09999999973,10.06969929947,-44.6896535801));
#5336=CARTESIAN_POINT('',(-21.09999999971,10.20261549881,-44.49144022257));
#5337=CARTESIAN_POINT('',(-21.0999999997,10.362114938,-44.25358419353));
#5338=CARTESIAN_POINT('',(-21.09999999963,10.53680702705,-44.02417546948));
#5339=CARTESIAN_POINT('',(-21.09999999961,10.72467372825,-43.80931398991));
#5340=CARTESIAN_POINT('',(-21.0999999996,10.88122931259,-43.63026275693));
#5341=CARTESIAN_POINT('',(-21.09999999955,11.04645824134,-43.46095618679));
#5342=CARTESIAN_POINT('',(-21.09999999953,11.21644037845,-43.30278631279));
#5343=CARTESIAN_POINT('',(-21.09999999951,11.46121465589,-43.07502169423));
#5344=CARTESIAN_POINT('',(-21.09999999944,11.72129508726,-42.86902397437));
#5345=CARTESIAN_POINT('',(-21.09999999942,11.99667168707,-42.68402422567));
#5346=CARTESIAN_POINT('',(-21.09999999939,12.3932139908,-42.41762458755));
#5347=CARTESIAN_POINT('',(-21.09999999928,12.821106186,-42.20589313495));
#5348=CARTESIAN_POINT('',(-21.09999999926,13.26543082681,-42.03148731665));
#5349=CARTESIAN_POINT('',(-21.09999999925,13.37514061466,-41.98842415164));
#5350=CARTESIAN_POINT('',(-21.09999999922,13.48699738183,-41.9499578441));
#5351=CARTESIAN_POINT('',(-21.09999999922,13.59753757476,-41.90857997247));
#5352=CARTESIAN_POINT('',(-21.09999999921,13.63231051277,-41.89556361953));
#5353=CARTESIAN_POINT('',(-21.09999999921,13.66796820502,-41.88516662654));
#5354=CARTESIAN_POINT('',(-21.0999999992,13.70276432786,-41.87219732684));
#5355=CARTESIAN_POINT('',(-21.0999999992,13.71394210535,-41.86803111709));
#5356=CARTESIAN_POINT('',(-21.0999999992,13.72543516391,-41.86488404271));
#5357=CARTESIAN_POINT('',(-21.0999999992,13.73661340934,-41.86071878262));
#5358=COLOUR_RGB('',0.941176474094391,0.647058844566345,0.0901960805058479);
#5359=CARTESIAN_POINT('',(-29.9,13.73661340953,-41.86071878324));
#5360=CARTESIAN_POINT('',(-29.9,13.73661340953,-41.86071878324));
#5361=VECTOR('',#6098,0.001);
#5362=CARTESIAN_POINT('',(-20.1,13.73661340929,-41.86071878247));
#5363=CARTESIAN_POINT('',(-21.0999999992,13.73661340934,-41.86071878262));
#5364=VECTOR('',#6099,0.001);
#5365=CARTESIAN_POINT('',(-20.1,17.50839380196,-54.30152553479));
#5366=CARTESIAN_POINT('',(-20.1,13.73661340929,-41.86071878247));
#5367=CARTESIAN_POINT('',(-20.1,14.07012975789,-41.75960392313));
#5368=CARTESIAN_POINT('',(-20.1,14.41229808537,-41.6886559542));
#5369=CARTESIAN_POINT('',(-20.1,14.75770350119,-41.64226125312));
#5370=CARTESIAN_POINT('',(-20.1,15.17219000016,-41.58658761182));
#5371=CARTESIAN_POINT('',(-20.1,15.59163598972,-41.56645876971));
#5372=CARTESIAN_POINT('',(-20.1,16.00910476385,-41.591327119));
#5373=CARTESIAN_POINT('',(-20.1,16.5100672928,-41.62116913814));
#5374=CARTESIAN_POINT('',(-20.1,17.00730366884,-41.71106865545));
#5375=CARTESIAN_POINT('',(-20.1,17.48803753795,-41.85511360888));
#5376=CARTESIAN_POINT('',(-20.1,18.18029430946,-42.06253834183));
#5377=CARTESIAN_POINT('',(-20.1,18.83775197436,-42.38579131311));
#5378=CARTESIAN_POINT('',(-20.1,19.42395022366,-42.80842125769));
#5379=CARTESIAN_POINT('',(-20.1,20.08651877439,-43.28611171517));
#5380=CARTESIAN_POINT('',(-20.1,20.65802564086,-43.88990905723));
#5381=CARTESIAN_POINT('',(-20.1,21.09821671361,-44.57796216349));
#5382=CARTESIAN_POINT('',(-20.1,21.46504260758,-45.15133975205));
#5383=CARTESIAN_POINT('',(-20.1,21.74071996827,-45.78292718484));
#5384=CARTESIAN_POINT('',(-20.1,21.91240870599,-46.44159711195));
#5385=CARTESIAN_POINT('',(-20.1,22.15964048832,-47.39008180699));
#5386=CARTESIAN_POINT('',(-20.1,22.18903207642,-48.39489131774));
#5387=CARTESIAN_POINT('',(-20.1,21.99679602513,-49.35603234355));
#5388=CARTESIAN_POINT('',(-20.1,21.86329876729,-50.02349138925));
#5389=CARTESIAN_POINT('',(-20.1,21.62385969197,-50.66974463681));
#5390=CARTESIAN_POINT('',(-20.1,21.29064006681,-51.26328299021));
#5391=CARTESIAN_POINT('',(-20.1,20.95742044164,-51.8568213436));
#5392=CARTESIAN_POINT('',(-20.1,20.52988795056,-52.39722703985));
#5393=CARTESIAN_POINT('',(-20.1,20.02956381667,-52.85874503147));
#5394=CARTESIAN_POINT('',(-20.1,19.52923968277,-53.32026302309));
#5395=CARTESIAN_POINT('',(-20.1,18.95409679844,-53.6981832012));
#5396=CARTESIAN_POINT('',(-20.1,18.33564336801,-53.98250423444));
#5397=CARTESIAN_POINT('',(-20.1,18.13298854793,-54.07567055061));
#5398=CARTESIAN_POINT('',(-20.1,17.92573659785,-54.15820736571));
#5399=CARTESIAN_POINT('',(-20.1,17.71458068233,-54.23005524609));
#5400=CARTESIAN_POINT('',(-20.1,17.66144155627,-54.24813635722));
#5401=CARTESIAN_POINT('',(-20.1,17.60929821628,-54.26879984594));
#5402=CARTESIAN_POINT('',(-20.1,17.55570855317,-54.28549838798));
#5403=CARTESIAN_POINT('',(-20.1,17.53979124932,-54.29045822076));
#5404=CARTESIAN_POINT('',(-20.1,17.52434879931,-54.2966883287));
#5405=CARTESIAN_POINT('',(-20.1,17.50839380196,-54.30152553479));
#5406=CARTESIAN_POINT('',(-29.9,17.50839380219,-54.30152553556));
#5407=CARTESIAN_POINT('',(-20.1,17.50839380196,-54.30152553479));
#5408=VECTOR('',#6100,0.001);
#5409=CARTESIAN_POINT('',(-29.9,17.50839380219,-54.30152553556));
#5410=CARTESIAN_POINT('',(-29.9,17.84191015082,-54.2004106763));
#5411=CARTESIAN_POINT('',(-29.9,18.16586975911,-54.06940323061));
#5412=CARTESIAN_POINT('',(-29.9,18.47888670187,-53.91617867937));
#5413=CARTESIAN_POINT('',(-29.9,18.85450703319,-53.73230921788));
#5414=CARTESIAN_POINT('',(-29.9,19.21451337383,-53.51612516858));
#5415=CARTESIAN_POINT('',(-29.9,19.54788783281,-53.26361758006));
#5416=CARTESIAN_POINT('',(-29.9,19.9479371836,-52.96060847383));
#5417=CARTESIAN_POINT('',(-29.9,20.31153697289,-52.609722267));
#5418=CARTESIAN_POINT('',(-29.9,20.63134490735,-52.2229705552));
#5419=CARTESIAN_POINT('',(-29.9,21.09186833297,-51.66604809023));
#5420=CARTESIAN_POINT('',(-29.9,21.45913040669,-51.03212251581));
#5421=CARTESIAN_POINT('',(-29.9,21.7119448467,-50.35512228208));
#5422=CARTESIAN_POINT('',(-29.9,21.99769612166,-49.58992200344));
#5423=CARTESIAN_POINT('',(-29.9,22.13768790178,-48.77041383977));
#5424=CARTESIAN_POINT('',(-29.9,22.12168370774,-47.95375655342));
#5425=CARTESIAN_POINT('',(-29.9,22.10834687937,-47.27320881479));
#5426=CARTESIAN_POINT('',(-29.9,21.98688247219,-46.59486738876));
#5427=CARTESIAN_POINT('',(-29.9,21.76389757793,-45.95174933391));
#5428=CARTESIAN_POINT('',(-29.9,21.4427993302,-45.02565933493));
#5429=CARTESIAN_POINT('',(-29.9,20.90925829361,-44.17369690587));
#5430=CARTESIAN_POINT('',(-29.9,20.21565230341,-43.48112380412));
#5431=CARTESIAN_POINT('',(-29.9,19.73398147688,-43.00017026123));
#5432=CARTESIAN_POINT('',(-29.9,19.17598094716,-42.59568325341));
#5433=CARTESIAN_POINT('',(-29.9,18.56926195061,-42.28711372352));
#5434=CARTESIAN_POINT('',(-29.9,17.96254295407,-41.97854419363));
#5435=CARTESIAN_POINT('',(-29.9,17.30689478431,-41.76653517292));
#5436=CARTESIAN_POINT('',(-29.9,16.6345175004,-41.66055459154));
#5437=CARTESIAN_POINT('',(-29.9,15.96214021648,-41.55457401017));
#5438=CARTESIAN_POINT('',(-29.9,15.2739635796,-41.55966466836));
#5439=CARTESIAN_POINT('',(-29.9,14.60174498161,-41.66664715322));
#5440=CARTESIAN_POINT('',(-29.9,14.38147239142,-41.70170317386));
#5441=CARTESIAN_POINT('',(-29.9,14.16327934447,-41.74815197273));
#5442=CARTESIAN_POINT('',(-29.9,13.9477753092,-41.80565805376));
#5443=CARTESIAN_POINT('',(-29.9,13.89354194297,-41.82012993291));
#5444=CARTESIAN_POINT('',(-29.9,13.83870268422,-41.83190122725));
#5445=CARTESIAN_POINT('',(-29.9,13.78486239215,-41.84777309696));
#5446=CARTESIAN_POINT('',(-29.9,13.768870646,-41.85248738995));
#5447=CARTESIAN_POINT('',(-29.9,13.75256840688,-41.85588157715));
#5448=CARTESIAN_POINT('',(-29.9,13.73661340953,-41.86071878324));
#5449=COLOUR_RGB('',0.941176474094391,0.647058844566345,0.0901960805058479);
#5450=CARTESIAN_POINT('',(-29.9,13.73661340953,-41.86071878324));
#5451=CARTESIAN_POINT('',(-29.9,13.40309706097,-41.96183364255));
#5452=CARTESIAN_POINT('',(-29.9,13.07913745275,-42.09284108817));
#5453=CARTESIAN_POINT('',(-29.9,12.76612051005,-42.24606563945));
#5454=CARTESIAN_POINT('',(-29.9,12.39050017882,-42.42993510098));
#5455=CARTESIAN_POINT('',(-29.9,12.03049383823,-42.64611915016));
#5456=CARTESIAN_POINT('',(-29.9,11.69711937933,-42.89862673871));
#5457=CARTESIAN_POINT('',(-29.9,11.29707002865,-43.20163584496));
#5458=CARTESIAN_POINT('',(-29.9,10.93347023934,-43.55252205166));
#5459=CARTESIAN_POINT('',(-29.9,10.61366230497,-43.93927376345));
#5460=CARTESIAN_POINT('',(-29.9,10.15313887948,-44.49619622841));
#5461=CARTESIAN_POINT('',(-29.9,9.785876805639,-45.1301218027));
#5462=CARTESIAN_POINT('',(-29.9,9.533062365722,-45.80712203636));
#5463=CARTESIAN_POINT('',(-29.9,9.247311090858,-46.57232231493));
#5464=CARTESIAN_POINT('',(-29.9,9.107319310547,-47.39183047861));
#5465=CARTESIAN_POINT('',(-29.9,9.123323504614,-48.20848776485));
#5466=CARTESIAN_POINT('',(-29.9,9.136660333002,-48.88903550339));
#5467=CARTESIAN_POINT('',(-29.9,9.258124740061,-49.56737692954));
#5468=CARTESIAN_POINT('',(-29.9,9.481109634288,-50.21049498431));
#5469=CARTESIAN_POINT('',(-29.9,9.802207881976,-51.13658498317));
#5470=CARTESIAN_POINT('',(-29.9,10.33574891856,-51.98854741246));
#5471=CARTESIAN_POINT('',(-29.9,11.02935490863,-52.68112051416));
#5472=CARTESIAN_POINT('',(-29.9,11.51102573506,-53.16207405701));
#5473=CARTESIAN_POINT('',(-29.9,12.06902626488,-53.56656106495));
#5474=CARTESIAN_POINT('',(-29.9,12.67574526132,-53.87513059486));
#5475=CARTESIAN_POINT('',(-29.9,13.28246425775,-54.18370012478));
#5476=CARTESIAN_POINT('',(-29.9,13.93811242763,-54.39570914552));
#5477=CARTESIAN_POINT('',(-29.9,14.61048971144,-54.50168972698));
#5478=CARTESIAN_POINT('',(-29.9,15.28286699525,-54.60767030843));
#5479=CARTESIAN_POINT('',(-29.9,15.97104363223,-54.6025796502));
#5480=CARTESIAN_POINT('',(-29.9,16.64326223015,-54.49559716548));
#5481=CARTESIAN_POINT('',(-29.9,16.86353482032,-54.46054114488));
#5482=CARTESIAN_POINT('',(-29.9,17.08172786727,-54.414092346));
#5483=CARTESIAN_POINT('',(-29.9,17.29723190252,-54.35658626501));
#5484=CARTESIAN_POINT('',(-29.9,17.35146526874,-54.34211438588));
#5485=CARTESIAN_POINT('',(-29.9,17.40630452749,-54.33034309153));
#5486=CARTESIAN_POINT('',(-29.9,17.46014481955,-54.31447122183));
#5487=CARTESIAN_POINT('',(-29.9,17.4761365657,-54.30975692885));
#5488=CARTESIAN_POINT('',(-29.9,17.49243880484,-54.30636274165));
#5489=CARTESIAN_POINT('',(-29.9,17.50839380219,-54.30152553556));
#5490=CARTESIAN_POINT('',(-20.1,17.50839380196,-54.30152553479));
#5491=CARTESIAN_POINT('',(-20.1,17.17487745338,-54.40264039404));
#5492=CARTESIAN_POINT('',(-20.1,16.832709126,-54.47358836299));
#5493=CARTESIAN_POINT('',(-20.1,16.48730371023,-54.519983064));
#5494=CARTESIAN_POINT('',(-20.1,16.0728172113,-54.57565670522));
#5495=CARTESIAN_POINT('',(-20.1,15.65337122185,-54.5957855474));
#5496=CARTESIAN_POINT('',(-20.1,15.23590244778,-54.57091719805));
#5497=CARTESIAN_POINT('',(-20.1,14.7349399189,-54.54107517884));
#5498=CARTESIAN_POINT('',(-20.1,14.23770354292,-54.45117566164));
#5499=CARTESIAN_POINT('',(-20.1,13.75696967389,-54.30713070816));
#5500=CARTESIAN_POINT('',(-20.1,13.06471290249,-54.09970597516));
#5501=CARTESIAN_POINT('',(-20.1,12.40725523756,-53.77645300405));
#5502=CARTESIAN_POINT('',(-20.1,11.82105698837,-53.35382305947));
#5503=CARTESIAN_POINT('',(-20.1,11.15848843777,-52.876132602));
#5504=CARTESIAN_POINT('',(-20.1,10.58698157113,-52.27233526004));
#5505=CARTESIAN_POINT('',(-20.1,10.14679049846,-51.58428215385));
#5506=CARTESIAN_POINT('',(-20.1,9.779964604562,-51.01090456536));
#5507=CARTESIAN_POINT('',(-20.1,9.504287243703,-50.37931713253));
#5508=CARTESIAN_POINT('',(-20.1,9.332598505998,-49.72064720551));
#5509=CARTESIAN_POINT('',(-20.1,9.085366723703,-48.7721625106));
#5510=CARTESIAN_POINT('',(-20.1,9.055975135472,-47.76735299966));
#5511=CARTESIAN_POINT('',(-20.1,9.248211186674,-46.80621197396));
#5512=CARTESIAN_POINT('',(-20.1,9.381708444453,-46.13875292834));
#5513=CARTESIAN_POINT('',(-20.1,9.62114751979,-45.49249968063));
#5514=CARTESIAN_POINT('',(-20.1,9.954367144847,-44.89896132727));
#5515=CARTESIAN_POINT('',(-20.1,10.2875867699,-44.30542297392));
#5516=CARTESIAN_POINT('',(-20.1,10.71511926107,-43.76501727758));
#5517=CARTESIAN_POINT('',(-20.1,11.21544339484,-43.30349928595));
#5518=CARTESIAN_POINT('',(-20.1,11.7157675286,-42.84198129431));
#5519=CARTESIAN_POINT('',(-20.1,12.29091041303,-42.46406111619));
#5520=CARTESIAN_POINT('',(-20.1,12.90936384333,-42.17974008287));
#5521=CARTESIAN_POINT('',(-20.1,13.11201866337,-42.08657376668));
#5522=CARTESIAN_POINT('',(-20.1,13.31927061345,-42.0040369516));
#5523=CARTESIAN_POINT('',(-20.1,13.53042652893,-41.93218907118));
#5524=CARTESIAN_POINT('',(-20.1,13.58356565498,-41.91410796005));
#5525=CARTESIAN_POINT('',(-20.1,13.63570899497,-41.89344447134));
#5526=CARTESIAN_POINT('',(-20.1,13.68929865806,-41.87674592929));
#5527=CARTESIAN_POINT('',(-20.1,13.70521596192,-41.87178609651));
#5528=CARTESIAN_POINT('',(-20.1,13.72065841194,-41.86555598856));
#5529=CARTESIAN_POINT('',(-20.1,13.73661340929,-41.86071878247));
#5530=COLOUR_RGB('',0.941176474094391,0.647058844566345,0.0901960805058479);
#5531=CARTESIAN_POINT('',(-20.1,14.75209274593,-45.2101667535));
#5532=CARTESIAN_POINT('',(-20.1,16.49291446625,-50.95207756432));
#5533=CARTESIAN_POINT('',(-20.1,14.75209274593,-45.2101667535));
#5534=CARTESIAN_POINT('',(-20.1,14.9542360998,-45.16528472724));
#5535=CARTESIAN_POINT('',(-20.1,15.14540610709,-45.12046749539));
#5536=CARTESIAN_POINT('',(-20.1,15.34149631887,-45.09671914487));
#5537=CARTESIAN_POINT('',(-20.1,15.576804573,-45.06822112425));
#5538=CARTESIAN_POINT('',(-20.1,15.82727836845,-45.07506732108));
#5539=CARTESIAN_POINT('',(-20.1,16.07839410779,-45.11523052938));
#5540=CARTESIAN_POINT('',(-20.1,16.379732995,-45.16342637933));
#5541=CARTESIAN_POINT('',(-20.1,16.67943088216,-45.25854098075));
#5542=CARTESIAN_POINT('',(-20.1,16.94729208616,-45.38958263644));
#5543=CARTESIAN_POINT('',(-20.1,17.23794009397,-45.53177193297));
#5544=CARTESIAN_POINT('',(-20.1,17.49241827667,-45.7148870472));
#5545=CARTESIAN_POINT('',(-20.1,17.7115492461,-45.92724623942));
#5546=CARTESIAN_POINT('',(-20.1,17.93068021553,-46.13960543165));
#5547=CARTESIAN_POINT('',(-20.1,18.11327986469,-46.38157279019));
#5548=CARTESIAN_POINT('',(-20.1,18.25588918271,-46.64355726999));
#5549=CARTESIAN_POINT('',(-20.1,18.50231808424,-47.09626645107));
#5550=CARTESIAN_POINT('',(-20.1,18.62970469381,-47.60777239673));
#5551=CARTESIAN_POINT('',(-20.1,18.62256207265,-48.12582484465));
#5552=CARTESIAN_POINT('',(-20.1,18.61842861133,-48.42562371498));
#5553=CARTESIAN_POINT('',(-20.1,18.56919982372,-48.72746286644));
#5554=CARTESIAN_POINT('',(-20.1,18.47174683403,-49.0214031049));
#5555=CARTESIAN_POINT('',(-20.1,18.3548032464,-49.37413139105));
#5556=CARTESIAN_POINT('',(-20.1,18.1653746377,-49.72003589268));
#5557=CARTESIAN_POINT('',(-20.1,17.90634328024,-50.02597061299));
#5558=CARTESIAN_POINT('',(-20.1,17.69048381569,-50.28091621324));
#5559=CARTESIAN_POINT('',(-20.1,17.43190823495,-50.50443404419));
#5560=CARTESIAN_POINT('',(-20.1,17.15089607364,-50.66176354382));
#5561=CARTESIAN_POINT('',(-20.1,16.97104829041,-50.76245442359));
#5562=CARTESIAN_POINT('',(-20.1,16.78000896536,-50.84323552912));
#5563=CARTESIAN_POINT('',(-20.1,16.58673127476,-50.91879182857));
#5564=CARTESIAN_POINT('',(-20.1,16.56182763395,-50.92852718363));
#5565=CARTESIAN_POINT('',(-20.1,16.53614490761,-50.93605716372));
#5566=CARTESIAN_POINT('',(-20.1,16.51120894416,-50.94573215478));
#5567=CARTESIAN_POINT('',(-20.1,16.50518034004,-50.94807121384));
#5568=CARTESIAN_POINT('',(-20.1,16.49894337825,-50.94973908025));
#5569=CARTESIAN_POINT('',(-20.1,16.49291446625,-50.95207756432));
#5570=CARTESIAN_POINT('',(-20.1,16.49291446625,-50.95207756432));
#5571=CARTESIAN_POINT('',(-20.1,16.29077111237,-50.99695959058));
#5572=CARTESIAN_POINT('',(-20.1,16.09960110508,-51.04177682237));
#5573=CARTESIAN_POINT('',(-20.1,15.9035108933,-51.06552517289));
#5574=CARTESIAN_POINT('',(-20.1,15.66820263916,-51.09402319351));
#5575=CARTESIAN_POINT('',(-20.1,15.41772884375,-51.0871769966));
#5576=CARTESIAN_POINT('',(-20.1,15.16661310441,-51.04701378831));
#5577=CARTESIAN_POINT('',(-20.1,14.8652742172,-50.99881793836));
#5578=CARTESIAN_POINT('',(-20.1,14.5655763301,-50.90370333688));
#5579=CARTESIAN_POINT('',(-20.1,14.2977151261,-50.77266168119));
#5580=CARTESIAN_POINT('',(-20.1,14.00706711829,-50.63047238466));
#5581=CARTESIAN_POINT('',(-20.1,13.75258893569,-50.44735727043));
#5582=CARTESIAN_POINT('',(-20.1,13.53345796626,-50.2349980782));
#5583=CARTESIAN_POINT('',(-20.1,13.31432699683,-50.02263888598));
#5584=CARTESIAN_POINT('',(-20.1,13.13172734775,-49.78067152748));
#5585=CARTESIAN_POINT('',(-20.1,12.98911802973,-49.51868704769));
#5586=CARTESIAN_POINT('',(-20.1,12.74268912819,-49.0659778666));
#5587=CARTESIAN_POINT('',(-20.1,12.61530251866,-48.55447192109));
#5588=CARTESIAN_POINT('',(-20.1,12.62244513982,-48.03641947317));
#5589=CARTESIAN_POINT('',(-20.1,12.62657860113,-47.73662060285));
#5590=CARTESIAN_POINT('',(-20.1,12.67580738869,-47.43478145146));
#5591=CARTESIAN_POINT('',(-20.1,12.77326037838,-47.140841213));
#5592=CARTESIAN_POINT('',(-20.1,12.89020396602,-46.78811292685));
#5593=CARTESIAN_POINT('',(-20.1,13.0796325746,-46.44220842524));
#5594=CARTESIAN_POINT('',(-20.1,13.33866393206,-46.13627370494));
#5595=CARTESIAN_POINT('',(-20.1,13.5545233966,-45.88132810469));
#5596=CARTESIAN_POINT('',(-20.1,13.81309897726,-45.65781027369));
#5597=CARTESIAN_POINT('',(-20.1,14.09411113857,-45.50048077406));
#5598=CARTESIAN_POINT('',(-20.1,14.2739589218,-45.3997898943));
#5599=CARTESIAN_POINT('',(-20.1,14.46499824681,-45.31900878871));
#5600=CARTESIAN_POINT('',(-20.1,14.65827593742,-45.24345248926));
#5601=CARTESIAN_POINT('',(-20.1,14.68317957823,-45.2337171342));
#5602=CARTESIAN_POINT('',(-20.1,14.70886230456,-45.2261871541));
#5603=CARTESIAN_POINT('',(-20.1,14.73379826801,-45.21651216304));
#5604=CARTESIAN_POINT('',(-20.1,14.73982687214,-45.21417310398));
#5605=CARTESIAN_POINT('',(-20.1,14.74606383392,-45.21250523757));
#5606=CARTESIAN_POINT('',(-20.1,14.75209274593,-45.2101667535));
#5607=COLOUR_RGB('',0.941176474094391,0.647058844566345,0.0901960805058479);
#5608=CARTESIAN_POINT('',(-29.9,16.49291446625,-50.95207756432));
#5609=CARTESIAN_POINT('',(-29.9,14.75209274593,-45.2101667535));
#5610=CARTESIAN_POINT('',(-29.9,16.49291446625,-50.95207756432));
#5611=CARTESIAN_POINT('',(-29.9,16.68594878195,-50.877150368));
#5612=CARTESIAN_POINT('',(-29.9,16.86982123042,-50.80826293348));
#5613=CARTESIAN_POINT('',(-29.9,17.0460856889,-50.71912149543));
#5614=CARTESIAN_POINT('',(-29.9,17.25760303907,-50.61215176977));
#5615=CARTESIAN_POINT('',(-29.9,17.46210555541,-50.46736671046));
#5616=CARTESIAN_POINT('',(-29.9,17.64864055239,-50.2945173751));
#5617=CARTESIAN_POINT('',(-29.9,17.87248254877,-50.08709817268));
#5618=CARTESIAN_POINT('',(-29.9,18.06890520582,-49.84157067782));
#5619=CARTESIAN_POINT('',(-29.9,18.21890039046,-49.58384410817));
#5620=CARTESIAN_POINT('',(-29.9,18.38165558212,-49.30419288242));
#5621=CARTESIAN_POINT('',(-29.9,18.4916038016,-49.01059165707));
#5622=CARTESIAN_POINT('',(-29.9,18.55591619447,-48.7122986394));
#5623=CARTESIAN_POINT('',(-29.9,18.62022858734,-48.41400562172));
#5624=CARTESIAN_POINT('',(-29.9,18.63771821846,-48.11137557156));
#5625=CARTESIAN_POINT('',(-29.9,18.61083446896,-47.81430563157));
#5626=CARTESIAN_POINT('',(-29.9,18.56437934984,-47.30096877527));
#5627=CARTESIAN_POINT('',(-29.9,18.38627313127,-46.80483990525));
#5628=CARTESIAN_POINT('',(-29.9,18.09265151453,-46.37797259327));
#5629=CARTESIAN_POINT('',(-29.9,17.92273159743,-46.13094289884));
#5630=CARTESIAN_POINT('',(-29.9,17.71417555807,-45.90725846631));
#5631=CARTESIAN_POINT('',(-29.9,17.46990066343,-45.71692264507));
#5632=CARTESIAN_POINT('',(-29.9,17.17677078985,-45.48851965958));
#5633=CARTESIAN_POINT('',(-29.9,16.82714873352,-45.30604352464));
#5634=CARTESIAN_POINT('',(-29.9,16.44183793016,-45.19545924871));
#5635=CARTESIAN_POINT('',(-29.9,16.12074559402,-45.10330568543));
#5636=CARTESIAN_POINT('',(-29.9,15.78158104479,-45.06100958283));
#5637=CARTESIAN_POINT('',(-29.9,15.46051258721,-45.08621775278));
#5638=CARTESIAN_POINT('',(-29.9,15.25502877437,-45.10235098155));
#5639=CARTESIAN_POINT('',(-29.9,15.05129378188,-45.14125681112));
#5640=CARTESIAN_POINT('',(-29.9,14.84859867797,-45.18575079873));
#5641=CARTESIAN_POINT('',(-29.9,14.8224816127,-45.19148380538));
#5642=CARTESIAN_POINT('',(-29.9,14.79694130237,-45.19948352921));
#5643=CARTESIAN_POINT('',(-29.9,14.7708308772,-45.20528468623));
#5644=CARTESIAN_POINT('',(-29.9,14.76451833118,-45.20668719387));
#5645=CARTESIAN_POINT('',(-29.9,14.7584052287,-45.20876359671));
#5646=CARTESIAN_POINT('',(-29.9,14.75209274593,-45.2101667535));
#5647=CARTESIAN_POINT('',(-29.9,14.75209274593,-45.2101667535));
#5648=CARTESIAN_POINT('',(-29.9,14.55905843023,-45.28509394981));
#5649=CARTESIAN_POINT('',(-29.9,14.37518598178,-45.35398138439));
#5650=CARTESIAN_POINT('',(-29.9,14.1989215233,-45.44312282244));
#5651=CARTESIAN_POINT('',(-29.9,13.98740417313,-45.5500925481));
#5652=CARTESIAN_POINT('',(-29.9,13.78290165685,-45.69487760746));
#5653=CARTESIAN_POINT('',(-29.9,13.59636665987,-45.86772694281));
#5654=CARTESIAN_POINT('',(-29.9,13.37252466349,-46.07514614524));
#5655=CARTESIAN_POINT('',(-29.9,13.17610200653,-46.32067364011));
#5656=CARTESIAN_POINT('',(-29.9,13.0261068219,-46.57840020976));
#5657=CARTESIAN_POINT('',(-29.9,12.86335163024,-46.8580514355));
#5658=CARTESIAN_POINT('',(-29.9,12.75340341084,-47.1516526608));
#5659=CARTESIAN_POINT('',(-29.9,12.68909101797,-47.44994567848));
#5660=CARTESIAN_POINT('',(-29.9,12.62477862509,-47.74823869616));
#5661=CARTESIAN_POINT('',(-29.9,12.60728899402,-48.05086874623));
#5662=CARTESIAN_POINT('',(-29.9,12.63417274351,-48.34793868622));
#5663=CARTESIAN_POINT('',(-29.9,12.68062786263,-48.86127554253));
#5664=CARTESIAN_POINT('',(-29.9,12.85873408114,-49.3574044124));
#5665=CARTESIAN_POINT('',(-29.9,13.15235569788,-49.78427172438));
#5666=CARTESIAN_POINT('',(-29.9,13.32227561498,-50.03130141881));
#5667=CARTESIAN_POINT('',(-29.9,13.53083165426,-50.25498585131));
#5668=CARTESIAN_POINT('',(-29.9,13.7751065489,-50.44532167255));
#5669=CARTESIAN_POINT('',(-29.9,14.06823642247,-50.67372465804));
#5670=CARTESIAN_POINT('',(-29.9,14.4178584787,-50.85620079302));
#5671=CARTESIAN_POINT('',(-29.9,14.80316928206,-50.96678506895));
#5672=CARTESIAN_POINT('',(-29.9,15.12426161819,-51.05893863223));
#5673=CARTESIAN_POINT('',(-29.9,15.46342616738,-51.10123473491));
#5674=CARTESIAN_POINT('',(-29.9,15.78449462496,-51.07602656496));
#5675=CARTESIAN_POINT('',(-29.9,15.9899784378,-51.0598933362));
#5676=CARTESIAN_POINT('',(-29.9,16.19371343029,-51.02098750668));
#5677=CARTESIAN_POINT('',(-29.9,16.3964085342,-50.97649351907));
#5678=CARTESIAN_POINT('',(-29.9,16.42252559947,-50.97076051243));
#5679=CARTESIAN_POINT('',(-29.9,16.4480659098,-50.96276078861));
#5680=CARTESIAN_POINT('',(-29.9,16.47417633497,-50.95695963158));
#5681=CARTESIAN_POINT('',(-29.9,16.48048888099,-50.95555712395));
#5682=CARTESIAN_POINT('',(-29.9,16.48660198347,-50.95348072111));
#5683=CARTESIAN_POINT('',(-29.9,16.49291446625,-50.95207756432));
#5684=COLOUR_RGB('',0.941176474094391,0.647058844566345,0.0901960805058479);
#5685=CARTESIAN_POINT('',(-20.1,14.75209274593,-45.2101667535));
#5686=VECTOR('',#6101,0.001);
#5687=CARTESIAN_POINT('',(-29.9,16.49291446625,-50.95207756432));
#5688=VECTOR('',#6102,0.001);
#5689=COLOUR_RGB('',0.941176474094391,0.647058844566345,0.0901960805058479);
#5690=CARTESIAN_POINT('',(-20.00000012201,-12.18256600735,33.63116436397));
#5691=DIRECTION('',(-1.0,6.01472581120733E-09,-1.96620027588973E-08));
#5692=DIRECTION('',(2.04264868005576E-08,0.399971441352953,-0.916527602476893));
#5693=DIRECTION('',(1.0,6.634800311495E-10,-3.43872766519E-10));
#5694=CARTESIAN_POINT('',(-16.2,-12.20663491954,33.69657211046));
#5695=DIRECTION('',(1.0,0.0,0.0));
#5696=DIRECTION('',(0.0,0.290171041955871,-0.956974799255573));
#5697=DIRECTION('',(-1.0,-2.64647251426E-10,-7.600563451867E-11));
#5698=DIRECTION('',(-1.17383240226337E-15,-0.505524189474158,0.862812432604269));
#5699=DIRECTION('',(-1.17383240329911E-15,0.967560104392093,-0.252640939653024));
#5700=CARTESIAN_POINT('',(-20.00000141011,-2.298198034588,10.96132978465));
#5701=DIRECTION('',(-0.999999999999997,-2.80596961454701E-08,6.95577242932083E-08));
#5702=DIRECTION('',(7.49755388392067E-08,-0.399581800641929,0.916697542592838));
#5703=CARTESIAN_POINT('',(-20.0,-2.422692270068,10.79690797505));
#5704=DIRECTION('',(-1.0,0.0,0.0));
#5705=DIRECTION('',(0.0,-0.995503552830007,0.0947242118089807));
#5706=DIRECTION('',(1.0,4.688885537151E-10,-9.456388888315E-11));
#5707=CARTESIAN_POINT('',(-16.2,-12.20576294581,33.71349886979));
#5708=DIRECTION('',(1.0,0.0,0.0));
#5709=DIRECTION('',(0.0,-0.251751700668035,-0.967791858413136));
#5710=DIRECTION('',(-1.17383240208302E-15,-0.967560104302014,0.252640939998004));
#5711=CARTESIAN_POINT('',(-16.2,-18.1654685249,22.84704468567));
#5712=DIRECTION('',(1.0,1.25808702017101E-15,-8.28412786529521E-15));
#5713=DIRECTION('',(7.69754722355493E-15,0.252640972286998,0.967560095870991));
#5714=CARTESIAN_POINT('',(-16.2,-18.165484042,22.84705002232));
#5715=DIRECTION('',(1.0,0.0,0.0));
#5716=DIRECTION('',(0.0,-0.29013486444612,0.956985768145395));
#5717=DIRECTION('',(-1.17368590221131E-15,0.505524188264132,-0.862812433313226));
#5718=CARTESIAN_POINT('',(-16.2,-26.99256819019,14.16869967532));
#5719=DIRECTION('',(-1.0,-4.98599688268749E-15,-2.02565442183222E-15));
#5720=DIRECTION('',(-5.32619039761128E-15,0.862938760118208,0.505308515944122));
#5721=CARTESIAN_POINT('',(-16.2,-2.220919079664,10.77346363792));
#5722=DIRECTION('',(1.0,-4.22717852510642E-14,3.41881155946186E-17));
#5723=DIRECTION('',(-4.18846245641346E-14,-0.990731295789346,0.135836296856047));
#5724=CARTESIAN_POINT('',(-16.2,-27.1063083182,8.360768819913));
#5725=DIRECTION('',(-1.0,5.57373838873141E-15,-2.28759389102182E-15));
#5726=DIRECTION('',(5.327229172952E-15,0.995341768542626,0.0964093553263238));
#5727=DIRECTION('',(-1.17383240184382E-15,-0.539268327628918,-0.842133998135872));
#5728=CARTESIAN_POINT('',(-16.2,-18.63075462029,-0.659791560453));
#5729=DIRECTION('',(1.0,-1.76306158801943E-16,8.22675392792282E-16));
#5730=DIRECTION('',(-5.92120862107896E-16,-0.842129786225279,0.539274904990178));
#5731=DIRECTION('',(-1.17383239887648E-15,0.976798952108564,0.214158369342904));
#5732=CARTESIAN_POINT('',(-16.2,-13.10540766586,-11.74139958085));
#5733=DIRECTION('',(-1.0,1.57382740852808E-15,5.1869831338124E-15));
#5734=DIRECTION('',(4.73078387773359E-15,-0.213718303982891,0.976895330392503));
#5735=CARTESIAN_POINT('',(-16.2,-2.220919071374,10.77346345956));
#5736=DIRECTION('',(1.0,-7.58618633093923E-15,-2.62403121705824E-14));
#5737=DIRECTION('',(-2.69258302468075E-14,-0.435340803604122,-0.900265730058252));
#5738=CARTESIAN_POINT('',(-16.2,-6.236853873262,-13.9053422224));
#5739=DIRECTION('',(-1.0,-2.52319670105301E-15,-2.58666385585582E-15));
#5740=DIRECTION('',(-2.95890624134806E-15,0.160882117734003,0.98697362892502));
#5741=DIRECTION('',(3.55271367918799E-16,0.956985134843998,0.29013695333));
#5742=CARTESIAN_POINT('',(-16.2,14.82498460871,-7.520777366956));
#5743=DIRECTION('',(-1.0,-1.84335498298534E-15,-3.65694761536466E-17));
#5744=DIRECTION('',(1.7749245365993E-15,-0.957130879395623,-0.289655795224886));
#5745=CARTESIAN_POINT('',(-16.2,-2.220918864242,10.77346351382));
#5746=DIRECTION('',(1.0,1.4002332451722E-14,-1.1233076844206E-14));
#5747=DIRECTION('',(-1.77635685740628E-14,0.681615796024108,-0.731710261381116));
#5748=CARTESIAN_POINT('',(-16.2,19.33242652803,-1.904817710953));
#5749=DIRECTION('',(-1.0,-3.1617504433946E-15,5.12424437841536E-15));
#5750=DIRECTION('',(5.32400380949654E-15,-0.861810204746926,0.507230885291956));
#5751=DIRECTION('',(-1.17383240054074E-15,0.931271186129793,0.364326746045919));
#5752=CARTESIAN_POINT('',(-16.2,17.77521565436,10.37770203134));
#5753=DIRECTION('',(1.0,-3.40921784552706E-16,-7.69188533414813E-16));
#5754=DIRECTION('',(-5.92120862081218E-16,0.364319472173949,-0.93127403174087));
#5755=DIRECTION('',(0.0,-0.916126083596784,0.400890257992906));
#5756=CARTESIAN_POINT('',(-16.2,19.82781051429,22.60047096833));
#5757=DIRECTION('',(-1.0,-0.0,0.0));
#5758=DIRECTION('',(0.0,-0.401968425773915,-0.915653528732807));
#5759=CARTESIAN_POINT('',(-16.2,-2.220918974326,10.77346366477));
#5760=DIRECTION('',(1.0,3.42186878943057E-14,2.48190731754086E-14));
#5761=DIRECTION('',(-4.18846245330897E-14,0.881361027151572,0.472443372075771));
#5762=CARTESIAN_POINT('',(-16.2,16.50973791295,27.3592930618));
#5763=DIRECTION('',(-1.0,3.96533674633913E-15,2.6444292659765E-15));
#5764=DIRECTION('',(-4.72235896581692E-15,-0.749207438256146,-0.662335424435129));
#5765=DIRECTION('',(-1.17383240208347E-15,-0.0587167031823834,0.998274686029547));
#5766=CARTESIAN_POINT('',(-16.2,4.334610985758,29.66858651261));
#5767=DIRECTION('',(1.0,5.1858768815676E-17,-8.81712041115285E-16));
#5768=DIRECTION('',(0.0,0.99827481420237,0.0587145240057618));
#5769=CARTESIAN_POINT('',(-16.2,4.334601044925,29.66857345872));
#5770=DIRECTION('',(1.0,0.0,0.0));
#5771=DIRECTION('',(0.0,-0.290136921302052,0.956985144554171));
#5772=DIRECTION('',(-1.17383240221335E-15,-0.664367821191634,-0.747405778787588));
#5773=CARTESIAN_POINT('',(-16.2,-6.64832444237,35.38402672077));
#5774=DIRECTION('',(-1.0,3.58302624705871E-15,-7.54274402879094E-15));
#5775=DIRECTION('',(7.69002782314634E-15,0.747222745519422,-0.664573674304375));
#5776=CARTESIAN_POINT('',(-16.2,-6.64592050532,35.382555181));
#5777=DIRECTION('',(-1.0,0.0,0.0));
#5778=DIRECTION('',(0.0,0.290102009796088,-0.95699572826229));
#5779=CARTESIAN_POINT('',(-16.2,-2.220919029883,10.77346368295));
#5780=DIRECTION('',(1.0,-4.10302952328964E-14,1.63607710589786E-13));
#5781=DIRECTION('',(-1.68286437847691E-13,-0.17696481170299,0.984217178989945));
#5782=CARTESIAN_POINT('',(-16.2,-2.2209190275,10.77346367787));
#5783=DIRECTION('',(1.0,-5.4797363076822E-14,1.53570969366735E-13));
#5784=DIRECTION('',(-1.62863874802781E-13,-0.290136953524966,0.956985134784889));
#5785=CARTESIAN_POINT('',(-16.2,-2.220901600699,10.77346891627));
#5786=DIRECTION('',(-1.0,0.0,0.0));
#5787=DIRECTION('',(0.0,-0.290138786539062,0.956984579053205));
#5788=CARTESIAN_POINT('',(-16.2,-2.220870606055,10.77347831317));
#5789=DIRECTION('',(-1.0,0.0,0.0));
#5790=DIRECTION('',(0.0,0.290131857266078,-0.956986679844258));
#5791=CARTESIAN_POINT('',(-16.2,-18.63074226535,-0.659771435272));
#5792=DIRECTION('',(-1.0,0.0,0.0));
#5793=DIRECTION('',(0.0,-0.290127198808097,0.95698809214732));
#5794=CARTESIAN_POINT('',(-16.2,-18.63010142215,-0.659577145639));
#5795=DIRECTION('',(-1.0,0.0,0.0));
#5796=DIRECTION('',(0.0,0.289933086604984,-0.957046919064947));
#5797=CARTESIAN_POINT('',(-16.2,-18.16526081629,22.84710690945));
#5798=DIRECTION('',(-1.0,0.0,0.0));
#5799=DIRECTION('',(0.0,-0.290206184277993,0.956964142800977));
#5800=CARTESIAN_POINT('',(-16.2,-18.16538975233,22.84706781887));
#5801=DIRECTION('',(-1.0,0.0,0.0));
#5802=DIRECTION('',(0.0,0.290110699936113,-0.956993093905373));
#5803=CARTESIAN_POINT('',(-16.2,17.77470486242,10.37756354998));
#5804=DIRECTION('',(-1.0,0.0,0.0));
#5805=DIRECTION('',(0.0,-0.289983590588953,0.957031617653846));
#5806=CARTESIAN_POINT('',(-16.2,17.77535775144,10.37776149164));
#5807=DIRECTION('',(-1.0,0.0,0.0));
#5808=DIRECTION('',(0.0,0.29007268176306,-0.957004618220198));
#5809=CARTESIAN_POINT('',(-16.2,4.335004003848,29.66869487691));
#5810=DIRECTION('',(-1.0,0.0,0.0));
#5811=DIRECTION('',(0.0,-0.290271136172928,0.956944443269763));
#5812=CARTESIAN_POINT('',(-16.2,4.33474107638,29.66861516306));
#5813=DIRECTION('',(-1.0,0.0,0.0));
#5814=DIRECTION('',(0.0,0.290090409523,-0.956999244672));
#5815=CARTESIAN_POINT('',(-16.2,1.40433852383,-1.185528663189));
#5816=DIRECTION('',(-1.0,0.0,0.0));
#5817=DIRECTION('',(0.0,0.290385187246997,-0.956909840594989));
#5818=CARTESIAN_POINT('',(-16.2,1.405283405777,-1.185242195658));
#5819=DIRECTION('',(-1.0,0.0,0.0));
#5820=DIRECTION('',(0.0,-0.290461348050936,0.956886725421788));
#5821=CARTESIAN_POINT('',(-16.2,-5.84698183921,22.73221179156));
#5822=DIRECTION('',(-1.0,0.0,0.0));
#5823=DIRECTION('',(0.0,0.290376750590001,-0.956912400754004));
#5824=CARTESIAN_POINT('',(-16.2,-5.846215938954,22.73244399576));
#5825=DIRECTION('',(-1.0,0.0,0.0));
#5826=DIRECTION('',(0.0,-0.290361320316893,0.956917082961648));
#5827=DIRECTION('',(-1.0,-5.517551326946E-10,-6.261751350033E-11));
#5828=CARTESIAN_POINT('',(-20.00000141486,-2.260514303812,10.97032340627));
#5829=DIRECTION('',(0.999999999999997,1.53387941868815E-08,-7.36678709970978E-08));
#5830=DIRECTION('',(7.52191562628121E-08,-0.176748422579052,0.984256061762289));
#5831=DIRECTION('',(-1.0,-8.13349387938E-11,-1.630482415944E-11));
#5832=CARTESIAN_POINT('',(-29.99999858511,-2.260507905255,10.97029151976));
#5833=DIRECTION('',(-0.999999999999997,1.43362517681846E-08,-7.38705427029299E-08));
#5834=DIRECTION('',(-7.52201619437869E-08,-0.217536888760107,0.976052100058479));
#5835=DIRECTION('',(-1.0,3.619165785395E-10,2.228804275407E-10));
#5836=CARTESIAN_POINT('',(-33.8,-2.220919039168,10.77346371136));
#5837=DIRECTION('',(1.0,0.0,0.0));
#5838=DIRECTION('',(0.0,-0.176964811598938,0.984217179008654));
#5839=DIRECTION('',(1.0,-3.745915857413E-11,-7.536147143336E-11));
#5840=CARTESIAN_POINT('',(-29.99999858511,-2.297295646356,10.95913606983));
#5841=DIRECTION('',(-0.999999999999997,2.81529496906158E-08,-6.97844365310059E-08));
#5842=DIRECTION('',(-7.52206332618021E-08,-0.399579394146064,0.916698591563148));
#5843=DIRECTION('',(1.0,0.0,0.0));
#5844=DIRECTION('',(1.0,2.012472060343E-10,-1.014252541603E-09));
#5845=DIRECTION('',(-0.99999999505833,-5.02560774744166E-05,8.57768386739483E-05));
#5846=DIRECTION('',(-1.0,1.651899669684E-10,-1.111214979681E-09));
#5847=DIRECTION('',(-1.0,2.578045379515E-10,-3.883303035859E-10));
#5848=DIRECTION('',(1.0,0.0,0.0));
#5849=CARTESIAN_POINT('',(-29.99999956089,-2.420335943879,10.79663418869));
#5850=DIRECTION('',(-1.0,2.32550656693536E-08,-2.18719828874708E-09));
#5851=DIRECTION('',(-2.33576810622025E-08,-0.995503304145108,0.0947268253251003));
#5852=DIRECTION('',(-1.0,3.502106207002E-10,5.784986524294E-11));
#5853=CARTESIAN_POINT('',(-33.8,-2.220919119893,10.77346363862));
#5854=DIRECTION('',(1.0,0.0,0.0));
#5855=DIRECTION('',(0.0,-0.99073129569846,0.135836297518926));
#5856=DIRECTION('',(1.0,-1.146591593359E-11,1.449507180645E-11));
#5857=CARTESIAN_POINT('',(-29.99999858512,-2.421121575547,10.75819980999));
#5858=DIRECTION('',(-0.999999999999997,7.50681572856442E-08,5.21043367376447E-09));
#5859=DIRECTION('',(-7.52201065287506E-08,-0.99530899093514,-0.0967471579100236));
#5860=DIRECTION('',(1.0,1.305870967073E-11,5.616094256985E-11));
#5861=CARTESIAN_POINT('',(-20.00000141486,-2.421156375515,10.75819718641));
#5862=DIRECTION('',(0.999999999999997,7.49893883002916E-08,6.2302193026655E-09));
#5863=DIRECTION('',(7.52190908930145E-08,-0.998471877759795,-0.0552621870977286));
#5864=DIRECTION('',(1.0,-4.538741312134E-10,9.897229233956E-10));
#5865=DIRECTION('',(-1.0,5.832826619362E-10,4.700520674449E-10));
#5866=DIRECTION('',(1.0,-8.528569663356E-10,-2.802586233261E-10));
#5867=DIRECTION('',(1.0,7.885463042768E-10,7.184126977521E-10));
#5868=DIRECTION('',(1.0,6.009022519337E-10,9.473886003183E-10));
#5869=DIRECTION('',(-1.17383240170865E-15,-0.53926832733084,-0.84213399832675));
#5870=DIRECTION('',(1.0,1.75312396179E-10,-4.374713456986E-10));
#5871=DIRECTION('',(-1.17383240135034E-15,0.976798952388286,0.214158368067063));
#5872=DIRECTION('',(1.0,1.591340392793E-09,9.378769106368E-10));
#5873=DIRECTION('',(1.0,-5.840287318087E-10,1.700384862153E-10));
#5874=CARTESIAN_POINT('',(-20.0000004391,-2.304599804935,10.59092112908));
#5875=DIRECTION('',(1.0,1.01961159362551E-08,2.10147149606037E-08));
#5876=DIRECTION('',(2.33576191857024E-08,-0.435538726763858,-0.900169993661707));
#5877=DIRECTION('',(-1.0,2.979684055406E-10,1.395029869567E-10));
#5878=CARTESIAN_POINT('',(-29.99999858512,-2.304587278179,10.59094859535));
#5879=DIRECTION('',(-0.999999999999997,3.18217297753212E-08,6.81891308196067E-08));
#5880=DIRECTION('',(-7.5220127735857E-08,-0.397717977818143,-0.91750771665433));
#5881=DIRECTION('',(-1.0,-3.665900331447E-10,5.971877962272E-11));
#5882=CARTESIAN_POINT('',(-33.8,-2.22091907324,10.77346345345));
#5883=DIRECTION('',(1.0,0.0,0.0));
#5884=DIRECTION('',(0.0,-0.435340803578765,-0.900265730070514));
#5885=DIRECTION('',(1.0,7.565412942576E-12,-1.160384919465E-12));
#5886=DIRECTION('',(1.0,9.41541286031E-10,-1.702910399226E-09));
#5887=CARTESIAN_POINT('',(-33.8,-6.238465561743,-13.90718416065));
#5888=DIRECTION('',(-1.0,0.0,0.0));
#5889=DIRECTION('',(0.0,0.161094835319069,0.986938931258425));
#5890=DIRECTION('',(1.0,-6.415962799942E-10,2.116248896986E-09));
#5891=DIRECTION('',(1.0,-5.649447157102E-12,1.86343205358E-11));
#5892=DIRECTION('',(0.0,-0.956985134882821,-0.290136953201946));
#5893=DIRECTION('',(1.0,-8.485538201893E-10,2.07517953533E-11));
#5894=DIRECTION('',(1.0,8.690886394385E-11,7.746207715668E-11));
#5895=DIRECTION('',(-1.0,-2.119238681101E-11,6.99003162173E-11));
#5896=DIRECTION('',(-1.0,1.860220608855E-10,-6.1357141238E-10));
#5897=CARTESIAN_POINT('',(-33.8,14.82452875778,-7.52065452262));
#5898=DIRECTION('',(-1.0,-0.0,0.0));
#5899=DIRECTION('',(0.0,-0.957118836949234,-0.289695584980071));
#5900=CARTESIAN_POINT('',(-33.8,-2.220918869335,10.77346351811));
#5901=DIRECTION('',(1.0,0.0,0.0));
#5902=DIRECTION('',(0.0,0.681615795975965,-0.731710261425963));
#5903=DIRECTION('',(1.0,4.568981449529E-10,7.677933141454E-10));
#5904=CARTESIAN_POINT('',(-29.99999858513,-2.049985516152,10.66813966784));
#5905=DIRECTION('',(-0.999999999999997,-6.37933096824382E-08,3.99081818361511E-08));
#5906=DIRECTION('',(-7.52192593829969E-08,0.862088437466193,-0.506757857351114));
#5907=DIRECTION('',(1.0,-1.803288185659E-10,-2.844045554959E-10));
#5908=CARTESIAN_POINT('',(-20.00000141486,-2.049957555317,10.66812244315));
#5909=DIRECTION('',(0.999999999999997,-6.43297515109203E-08,3.90373223982823E-08));
#5910=DIRECTION('',(7.52191273144568E-08,0.840263020784852,-0.542178988804905));
#5911=DIRECTION('',(1.0,-5.720757200686E-10,-8.777596192823E-10));
#5912=DIRECTION('',(1.0,-5.595991506437E-10,1.586964477957E-11));
#5913=DIRECTION('',(1.0,3.705891733836E-10,-5.475549838102E-11));
#5914=DIRECTION('',(-1.17383240177969E-15,0.931271185944755,0.364326746518904));
#5915=DIRECTION('',(1.0,-2.918741272065E-10,1.60567232025E-10));
#5916=DIRECTION('',(0.0,-0.916126083474182,0.40089025827308));
#5917=DIRECTION('',(1.0,2.35250415639E-10,-3.353780411281E-10));
#5918=DIRECTION('',(1.0,2.418243383063E-10,-4.443285505143E-10));
#5919=CARTESIAN_POINT('',(-20.00000092698,-2.045930110534,10.87195386661));
#5920=DIRECTION('',(0.999999999999999,-4.29616708369688E-08,-2.41804125424279E-08));
#5921=DIRECTION('',(4.92883936956972E-08,0.88146487457495,0.472249589613973));
#5922=DIRECTION('',(-1.0,-3.259854608864E-10,-9.741754071261E-11));
#5923=CARTESIAN_POINT('',(-29.99999858512,-2.045954789672,10.87193990483));
#5924=DIRECTION('',(-0.999999999999997,-6.58249036070948E-08,-3.64618323699023E-08));
#5925=DIRECTION('',(-7.52201483873305E-08,0.861058110278777,0.508506569006868));
#5926=DIRECTION('',(-1.0,1.504312463911E-10,1.020264574472E-10));
#5927=CARTESIAN_POINT('',(-33.8,-2.220918954534,10.77346367876));
#5928=DIRECTION('',(1.0,0.0,-0.0));
#5929=DIRECTION('',(0.0,0.881361027177779,0.472443372026881));
#5930=DIRECTION('',(1.0,-4.39778739648E-10,5.058522021249E-10));
#5931=CARTESIAN_POINT('',(-29.99999858512,-2.06792860434,10.90348417417));
#5932=DIRECTION('',(-0.999999999999997,-5.76688188480978E-08,-4.83393021471097E-08));
#5933=DIRECTION('',(-7.52201327323933E-08,0.748355340240132,0.663298036130117));
#5934=DIRECTION('',(1.0,-1.086855050533E-10,1.794973059293E-11));
#5935=CARTESIAN_POINT('',(-20.00000141486,-2.067902550454,10.90350633648));
#5936=DIRECTION('',(0.999999999999997,-5.70056813458149E-08,-4.91180290269566E-08));
#5937=DIRECTION('',(7.52191207454345E-08,0.775298415056458,0.631595097836373));
#5938=DIRECTION('',(1.0,-2.719158231626E-10,3.33401610378E-10));
#5939=DIRECTION('',(1.0,2.151355117444E-11,1.500713004158E-10));
#5940=DIRECTION('',(1.0,1.748108091031E-10,9.237719361384E-10));
#5941=DIRECTION('',(0.0,-0.0587167034311451,0.998274686014916));
#5942=DIRECTION('',(1.0,1.632206066211E-11,-4.765310952854E-10));
#5943=DIRECTION('',(-1.17383240041694E-15,-0.664367821053966,-0.747405778909961));
#5944=DIRECTION('',(1.0,7.169008077238E-10,5.324723118567E-10));
#5945=DIRECTION('',(1.0,2.113778158356E-10,6.408347536834E-11));
#5946=CARTESIAN_POINT('',(-20.00000010984,-6.62959403978,35.31470493356));
#5947=DIRECTION('',(-1.0,5.43567938777984E-09,-1.76936454342692E-08));
#5948=DIRECTION('',(1.85096874536401E-08,0.290756561678844,-0.956797064084488));
#5949=CARTESIAN_POINT('',(-33.8,-5.847049179038,22.73219137559));
#5950=DIRECTION('',(-1.0,0.0,0.0));
#5951=DIRECTION('',(0.0,0.290417559623877,-0.956900016230594));
#5952=DIRECTION('',(1.0,-1.492745321291E-13,-4.562007337551E-14));
#5953=DIRECTION('',(-1.0,3.617803026853E-11,1.096859976583E-11));
#5954=CARTESIAN_POINT('',(-33.8,-5.846934322764,22.7322261975));
#5955=DIRECTION('',(-1.0,0.0,0.0));
#5956=DIRECTION('',(0.0,-0.289925937121003,0.957049084940009));
#5957=CARTESIAN_POINT('',(-33.8,1.405096292001,-1.18529892446));
#5958=DIRECTION('',(-1.0,0.0,0.0));
#5959=DIRECTION('',(0.0,0.28992593691814,-0.957049085001463));
#5960=DIRECTION('',(1.0,-1.577273665212E-13,-4.804237815651E-14));
#5961=DIRECTION('',(-1.0,3.622067292562E-11,1.098151872467E-11));
#5962=CARTESIAN_POINT('',(-33.8,1.405048243359,-1.185313491757));
#5963=DIRECTION('',(-1.0,0.0,0.0));
#5964=DIRECTION('',(0.0,-0.290318836817111,0.956929972876365));
#5965=DIRECTION('',(1.0,1.059478767344E-10,3.212087161909E-11));
#5966=DIRECTION('',(-1.0,1.059482299872E-10,3.212177998338E-11));
#5967=CARTESIAN_POINT('',(-33.8,-2.22090124596,10.77346902382));
#5968=DIRECTION('',(-1.0,2.37166172277167E-15,-6.25178100524322E-17));
#5969=DIRECTION('',(-7.47939721851227E-16,-0.290138823682971,0.956984567791906));
#5970=CARTESIAN_POINT('',(-33.8,-2.220887180753,10.77347328808));
#5971=DIRECTION('',(-1.0,-2.15467065343291E-15,-6.53240756618942E-16));
#5972=DIRECTION('',(-8.10917871315991E-32,0.290133601777035,-0.956986150955114));
#5973=DIRECTION('',(1.0,9.3617745135E-11,4.373346129682E-10));
#5974=DIRECTION('',(-1.0,1.5440280633E-10,4.681401465309E-11));
#5975=DIRECTION('',(1.0,2.904212542968E-10,-1.066431153911E-10));
#5976=DIRECTION('',(-1.0,1.549039259436E-10,4.696593990909E-11));
#5977=DIRECTION('',(1.0,1.54834274057E-10,4.694163186813E-11));
#5978=DIRECTION('',(-1.0,1.550841326703E-10,4.701923061427E-11));
#5979=DIRECTION('',(-1.17383240144691E-15,-0.0587167035840454,0.998274686005923));
#5980=DIRECTION('',(0.0,-0.66436782132713,-0.747405778667146));
#5981=CARTESIAN_POINT('',(-29.99999994472,-6.629422958307,35.3139939085));
#5982=DIRECTION('',(-1.0,-2.73239622464826E-09,8.90731745491236E-09));
#5983=DIRECTION('',(-9.31695749854383E-09,0.290763502419026,-0.956794954868085));
#5984=DIRECTION('',(-1.0,9.030483962952E-10,1.563923259901E-10));
#5985=CARTESIAN_POINT('',(-33.8,-6.687440642762,35.55510642201));
#5986=DIRECTION('',(-1.0,0.0,0.0));
#5987=DIRECTION('',(0.0,0.288503315385103,-0.957478896379343));
#5988=DIRECTION('',(0.0,-0.505524189013202,0.862812432874344));
#5989=CARTESIAN_POINT('',(-33.8,-18.16550895012,22.84707456239));
#5990=DIRECTION('',(-1.0,-0.0,0.0));
#5991=DIRECTION('',(0.0,-0.862808484494216,-0.505530927921126));
#5992=DIRECTION('',(0.0,0.967560104350609,-0.252640939811898));
#5993=CARTESIAN_POINT('',(-33.8,-12.20599746366,33.70547538217));
#5994=DIRECTION('',(1.0,0.0,0.0));
#5995=DIRECTION('',(0.0,-0.252040324217985,-0.967716732813943));
#5996=CARTESIAN_POINT('',(-33.8,-12.15059707064,33.54942029939));
#5997=DIRECTION('',(1.0,0.0,0.0));
#5998=DIRECTION('',(0.0,0.288382876376846,-0.957515178267487));
#5999=DIRECTION('',(0.0,0.664367821033855,0.747405778927837));
#6000=CARTESIAN_POINT('',(-33.8,4.334618073054,29.66862075297));
#6001=DIRECTION('',(-1.0,0.0,0.0));
#6002=DIRECTION('',(0.0,-0.74741096790795,0.664361983447955));
#6003=DIRECTION('',(0.0,0.05871670293956,-0.99827468604383));
#6004=CARTESIAN_POINT('',(-33.8,16.50215292673,27.35615858819));
#6005=DIRECTION('',(1.0,0.0,0.0));
#6006=DIRECTION('',(0.0,-0.998238051895332,-0.0593362599782997));
#6007=CARTESIAN_POINT('',(-33.8,19.82340565812,22.59570088176));
#6008=DIRECTION('',(1.0,0.0,0.0));
#6009=DIRECTION('',(0.0,-0.880970785751925,-0.47317066123296));
#6010=DIRECTION('',(0.0,0.916126083598575,-0.400890257988814));
#6011=CARTESIAN_POINT('',(-33.8,17.77521565519,10.37770203137));
#6012=DIRECTION('',(-1.0,0.0,0.0));
#6013=DIRECTION('',(0.0,0.400883102310997,0.916129214838993));
#6014=DIRECTION('',(0.0,-0.931271186046848,-0.36432674625794));
#6015=CARTESIAN_POINT('',(-33.8,19.33926428218,-1.912837082508));
#6016=DIRECTION('',(1.0,0.0,0.0));
#6017=DIRECTION('',(0.0,-0.365165933894926,0.930942447588811));
#6018=DIRECTION('',(0.0,-0.956985134817292,-0.290136953418088));
#6019=CARTESIAN_POINT('',(-33.8,-13.10361269374,-11.72616654711));
#6020=DIRECTION('',(1.0,0.0,-0.0));
#6021=DIRECTION('',(0.0,0.435687626200211,0.900097934880436));
#6022=DIRECTION('',(0.0,-0.976798952059876,-0.214158369564973));
#6023=CARTESIAN_POINT('',(-33.8,-18.63075462018,-0.659791560439));
#6024=DIRECTION('',(-1.0,0.0,0.0));
#6025=DIRECTION('',(0.0,0.214165998889923,-0.97679727933665));
#6026=DIRECTION('',(0.0,0.539268327628918,0.842133998135872));
#6027=CARTESIAN_POINT('',(-33.8,-27.12028691796,8.36413698662));
#6028=DIRECTION('',(1.0,0.0,0.0));
#6029=DIRECTION('',(0.0,0.842619469136153,-0.538509452315098));
#6030=CARTESIAN_POINT('',(-33.8,-26.9983960903,14.16753718083));
#6031=DIRECTION('',(1.0,0.0,0.0));
#6032=DIRECTION('',(0.0,0.990800473458616,-0.135330786571948));
#6033=CARTESIAN_POINT('',(-33.8,-18.63032316785,-0.659644374081));
#6034=DIRECTION('',(1.0,0.0,0.0));
#6035=DIRECTION('',(0.0,-0.290266895118892,0.956945729703643));
#6036=CARTESIAN_POINT('',(-33.8,-18.63088316756,-0.65981415374));
#6037=DIRECTION('',(1.0,0.0,0.0));
#6038=DIRECTION('',(0.0,0.290193674277135,-0.956967936458446));
#6039=CARTESIAN_POINT('',(-33.8,-18.16528093302,22.8471008105));
#6040=DIRECTION('',(1.0,0.0,0.0));
#6041=DIRECTION('',(0.0,-0.29019947864809,0.956966176305295));
#6042=CARTESIAN_POINT('',(-33.8,-18.16564661057,22.84698994507));
#6043=DIRECTION('',(1.0,0.0,0.0));
#6044=DIRECTION('',(0.0,0.290196318703985,-0.95696713455095));
#6045=CARTESIAN_POINT('',(-33.8,4.334909922808,29.6686663536));
#6046=DIRECTION('',(1.0,0.0,0.0));
#6047=DIRECTION('',(0.0,-0.290239776809953,0.956953954982845));
#6048=CARTESIAN_POINT('',(-33.8,4.334698175156,29.66860215634));
#6049=DIRECTION('',(1.0,0.0,0.0));
#6050=DIRECTION('',(0.0,0.290104709912838,-0.956994909749466));
#6051=CARTESIAN_POINT('',(-33.8,17.77486763981,10.37761290052));
#6052=DIRECTION('',(1.0,0.0,0.0));
#6053=DIRECTION('',(0.0,-0.290037851690017,0.957015174690057));
#6054=CARTESIAN_POINT('',(-33.8,17.77516306302,10.37770246637));
#6055=DIRECTION('',(1.0,0.0,0.0));
#6056=DIRECTION('',(0.0,0.290137578360099,-0.956984945348326));
#6057=DIRECTION('',(0.999999998446522,1.4559834642543E-05,-5.38049031579643E-05));
#6058=CARTESIAN_POINT('',(-29.99999989016,-12.18259502167,33.63124316228));
#6059=DIRECTION('',(1.0,5.30500732436623E-09,-1.77333419238185E-08));
#6060=DIRECTION('',(-1.85097635637384E-08,0.289518011255975,-0.957172566028919));
#6061=DIRECTION('',(1.17383240271951E-15,-0.967560104338598,0.252640939857895));
#6062=DIRECTION('',(1.1738324015325E-15,0.505524189682215,-0.862812432482367));
#6063=DIRECTION('',(-1.0,-2.637637476853E-10,3.724926799757E-10));
#6064=DIRECTION('',(1.0,3.97531832014E-10,5.741694838877E-10));
#6065=DIRECTION('',(0.0,-0.53926832755813,-0.842133998181203));
#6066=DIRECTION('',(1.17383240135034E-15,0.976798952388286,0.214158368067063));
#6067=DIRECTION('',(-1.0,1.684428503112E-09,1.028580261899E-09));
#6068=DIRECTION('',(-0.0,-0.956985134882821,-0.290136953201946));
#6069=DIRECTION('',(-6.16014413128989E-11,0.290136953240995,-0.956985134870983));
#6070=DIRECTION('',(1.0,-0.0,-0.0));
#6071=DIRECTION('',(-6.16016853828585E-11,-0.290136953201946,0.956985134882821));
#6072=DIRECTION('',(6.16015633446767E-11,0.290136953124126,-0.956985134906415));
#6073=DIRECTION('',(1.0,-0.0,-0.0));
#6074=DIRECTION('',(6.16016853857285E-11,-0.290136953201946,0.956985134882821));
#6075=DIRECTION('',(1.0,9.914801143838E-10,3.960046325945E-10));
#6076=DIRECTION('',(0.0,0.931271186016741,0.364326746334898));
#6077=DIRECTION('',(1.1738324010632E-15,-0.916126083632158,0.400890257912069));
#6078=DIRECTION('',(-1.0,-6.538769525832E-11,-3.037299067225E-10));
#6079=DIRECTION('',(1.0,3.014028792629E-10,-1.205596558257E-09));
#6080=DIRECTION('',(1.0,-2.325812057566E-10,-8.842236884208E-10));
#6081=DIRECTION('',(1.0,-3.833775402403E-12,-1.220450641133E-10));
#6082=DIRECTION('',(1.0,-1.350346735014E-10,1.997718949329E-10));
#6083=DIRECTION('',(1.0,-5.54772368395E-10,-1.859471640991E-11));
#6084=DIRECTION('',(-1.0,-6.303516772882E-10,2.175457474981E-10));
#6085=DIRECTION('',(-1.0,3.073359111065E-10,6.189668660658E-10));
#6086=DIRECTION('',(-1.0,3.949009540424E-10,-2.42201580429E-11));
#6087=DIRECTION('',(-1.0,8.859841515411E-10,-1.13333436203E-10));
#6088=DIRECTION('',(-1.0,-6.232506908227E-10,-1.322665953371E-10));
#6089=DIRECTION('',(-1.0,1.303986158818E-10,-2.779577737568E-11));
#6090=DIRECTION('',(-1.0,2.769489900569E-10,-5.304729754878E-10));
#6091=DIRECTION('',(-1.0,3.239972033354E-10,6.775098610789E-10));
#6092=DIRECTION('',(-1.0,-6.284376527937E-11,3.899006264051E-10));
#6093=DIRECTION('',(1.0,7.776263843377E-10,6.4556664108E-10));
#6094=DIRECTION('',(-1.0,-7.390298899162E-10,-5.172685671608E-10));
#6095=DIRECTION('',(1.0,6.986878911687E-10,2.335161304089E-10));
#6096=DIRECTION('',(-1.0,1.355220029765E-10,-1.536041469457E-10));
#6097=DIRECTION('',(1.0,-1.451844492581E-10,-3.726114154066E-10));
#6098=DIRECTION('',(1.0,-1.894022717957E-10,6.247233846348E-10));
#6099=DIRECTION('',(1.0,-4.444800087103E-11,1.466062827867E-10));
#6100=DIRECTION('',(-1.0,2.386263522381E-11,-7.870710885759E-11));
#6101=DIRECTION('',(-1.0,-1.812609019796E-16,-7.250436079185E-16));
#6102=DIRECTION('',(1.0,0.0,0.0));
ENDSEC;
END-ISO-10303-21;
