ISO-10303-21;
HEADER;
FILE_DESCRIPTION (( 'STEP AP214' ),
    '1' );
FILE_NAME ('Connecting rod.STEP',
    '2019-10-13T17:30:18',
    ( '' ),
    ( '' ),
    'SwSTEP 2.0',
    'SolidWorks 2018',
    '' );
FILE_SCHEMA (( 'AUTOMOTIVE_DESIGN' ));
ENDSEC;

DATA;
#1 = CARTESIAN_POINT ( 'NONE',  ( 12.17310579132643866, -4.033782048134934684, -35.00000000000000000 ) ) ;
#2 = CARTESIAN_POINT ( 'NONE',  ( 32.69551548973429078, 4.568124172950668971, -4.478823968499971109 ) ) ;
#3 = ORIENTED_EDGE ( 'NONE', *, *, #1800, .F. ) ;
#4 = CARTESIAN_POINT ( 'NONE',  ( 131.8890849055784997, -1.537324133824880423, 1.278701855920972408 ) ) ;
#5 = DIRECTION ( 'NONE',  ( 0.0000000000000000000, 0.0000000000000000000, -1.000000000000000000 ) ) ;
#6 = TOROIDAL_SURFACE ( 'NONE', #7801, 32.50000000000000000, 0.5000000000000000000 ) ;
#7 = ORIENTED_EDGE ( 'NONE', *, *, #8983, .T. ) ;
#8 = CARTESIAN_POINT ( 'NONE',  ( 131.6005732781700033, 0.2603762965615271652, 1.983575372118503655 ) ) ;
#9 = CARTESIAN_POINT ( 'NONE',  ( 132.9490298311357321, 0.2792748220905532097, -3.817416424928306462 ) ) ;
#10 = DIRECTION ( 'NONE',  ( -0.8660254037844380415, -0.0000000000000000000, -0.5000000000000013323 ) ) ;
#11 = ORIENTED_EDGE ( 'NONE', *, *, #2913, .F. ) ;
#12 = DIRECTION ( 'NONE',  ( 0.0000000000000000000, 0.0000000000000000000, 1.000000000000000000 ) ) ;
#13 = CARTESIAN_POINT ( 'NONE',  ( 32.16665785485058393, 5.020513362778427080, -4.714285714285716189 ) ) ;
#14 = VECTOR ( 'NONE', #2592, 1000.000000000000000 ) ;
#15 = CARTESIAN_POINT ( 'NONE',  ( 0.0000000000000000000, 2.500000000000000444, 0.0000000000000000000 ) ) ;
#16 = CARTESIAN_POINT ( 'NONE',  ( 132.9453596217462916, 0.1168079012880821610, 3.829838675460689235 ) ) ;
#17 = DIRECTION ( 'NONE',  ( 0.0000000000000000000, 0.0000000000000000000, 1.000000000000000000 ) ) ;
#18 = ORIENTED_EDGE ( 'NONE', *, *, #5928, .T. ) ;
#19 = DIRECTION ( 'NONE',  ( -1.000000000000000000, 0.0000000000000000000, 1.356728424568866558E-16 ) ) ;
#20 = ADVANCED_FACE ( 'NONE', ( #7037 ), #660, .F. ) ;
#21 = ORIENTED_EDGE ( 'NONE', *, *, #6123, .F. ) ;
#22 = CARTESIAN_POINT ( 'NONE',  ( 29.63152617989832649, -12.50000000000000000, -4.687500000000003553 ) ) ;
#23 = DIRECTION ( 'NONE',  ( -1.541976423090494056E-15, 0.0000000000000000000, 1.000000000000000000 ) ) ;
#24 = CARTESIAN_POINT ( 'NONE',  ( 133.4067130550677120, -3.119979620245729279, 1.585343770180816847 ) ) ;
#25 = CARTESIAN_POINT ( 'NONE',  ( 32.72119115216472807, -4.616495536005958300, -4.285148542659577231 ) ) ;
#26 = CARTESIAN_POINT ( 'NONE',  ( 109.0365544123062733, 4.959299527027198451, 9.091865155990385361 ) ) ;
#27 = CIRCLE ( 'NONE', #9177, 1.000000000000000888 ) ;
#28 = DIRECTION ( 'NONE',  ( -0.0000000000000000000, -1.000000000000000000, -0.0000000000000000000 ) ) ;
#29 = CARTESIAN_POINT ( 'NONE',  ( 10.71751771055746616, 5.000000000000002665, 34.00000000000000000 ) ) ;
#30 = EDGE_LOOP ( 'NONE', ( #2780, #3961, #3570, #4628 ) ) ;
#31 = EDGE_CURVE ( 'NONE', #2968, #2596, #4732, .T. ) ;
#32 = CARTESIAN_POINT ( 'NONE',  ( -11.24998758554091083, 0.0000000000000000000, -4.094660617001203207 ) ) ;
#33 = LINE ( 'NONE', #1028, #5717 ) ;
#34 = EDGE_CURVE ( 'NONE', #3621, #9195, #2691, .T. ) ;
#35 = ORIENTED_EDGE ( 'NONE', *, *, #6220, .T. ) ;
#36 = CARTESIAN_POINT ( 'NONE',  ( 0.0000000000000000000, -5.000000000000000888, 0.0000000000000000000 ) ) ;
#37 = ORIENTED_EDGE ( 'NONE', *, *, #8595, .T. ) ;
#38 = CARTESIAN_POINT ( 'NONE',  ( 25.60820421675877512, -5.000000000000001776, 20.02104092163620663 ) ) ;
#39 = CARTESIAN_POINT ( 'NONE',  ( 10.03027150280467339, -13.43849360530937176, -30.37293985656784301 ) ) ;
#40 = CARTESIAN_POINT ( 'NONE',  ( 33.51155044608415778, 5.588167868383222547, -3.332394682422800791 ) ) ;
#41 = LINE ( 'NONE', #1425, #8888 ) ;
#42 = AXIS2_PLACEMENT_3D ( 'NONE', #2781, #4867, #536 ) ;
#43 = FACE_OUTER_BOUND ( 'NONE', #5415, .T. ) ;
#44 = ORIENTED_EDGE ( 'NONE', *, *, #9289, .T. ) ;
#45 = DIRECTION ( 'NONE',  ( -1.000000000000000000, 0.0000000000000000000, -1.209068259567990048E-15 ) ) ;
#46 = CARTESIAN_POINT ( 'NONE',  ( 131.6920175024071682, -0.8897553490235213802, -1.790693679430728213 ) ) ;
#47 = VERTEX_POINT ( 'NONE', #6805 ) ;
#48 = ORIENTED_EDGE ( 'NONE', *, *, #6741, .F. ) ;
#49 = EDGE_CURVE ( 'NONE', #376, #7267, #4055, .T. ) ;
#50 = DIRECTION ( 'NONE',  ( 0.9104950003043108531, -0.0000000000000000000, 0.4135200774096138288 ) ) ;
#51 = DIRECTION ( 'NONE',  ( 0.0000000000000000000, 0.0000000000000000000, -1.000000000000000000 ) ) ;
#52 = VECTOR ( 'NONE', #4761, 1000.000000000000000 ) ;
#53 = CARTESIAN_POINT ( 'NONE',  ( 131.5921903639874131, -0.0008263741906767844200, -1.999999829242516736 ) ) ;
#54 = CARTESIAN_POINT ( 'NONE',  ( 133.4706469734548193, 3.338475531171537725, -1.006346355835888273 ) ) ;
#55 = ORIENTED_EDGE ( 'NONE', *, *, #5416, .T. ) ;
#56 = DIRECTION ( 'NONE',  ( 0.0000000000000000000, 1.000000000000000000, 0.0000000000000000000 ) ) ;
#57 = DIRECTION ( 'NONE',  ( -1.000000000000000000, 0.0000000000000000000, -8.388032079972216237E-17 ) ) ;
#58 = ORIENTED_EDGE ( 'NONE', *, *, #7240, .T. ) ;
#59 = AXIS2_PLACEMENT_3D ( 'NONE', #7137, #1369, #23 ) ;
#60 = CIRCLE ( 'NONE', #6764, 2.000000000000000888 ) ;
#61 = CARTESIAN_POINT ( 'NONE',  ( 17.99999999999996092, -7.740197061241844700, 30.02221399786057177 ) ) ;
#62 = DIRECTION ( 'NONE',  ( 0.0000000000000000000, 0.0000000000000000000, -1.000000000000000000 ) ) ;
#63 = ORIENTED_EDGE ( 'NONE', *, *, #1845, .T. ) ;
#64 = CARTESIAN_POINT ( 'NONE',  ( 133.1542000494245883, -2.091820922690021067, -3.037049143573846255 ) ) ;
#65 = EDGE_CURVE ( 'NONE', #6149, #3312, #199, .T. ) ;
#66 = CARTESIAN_POINT ( 'NONE',  ( 19.00000000000000355, -5.000000000000000888, 31.75426480542942898 ) ) ;
#67 = CARTESIAN_POINT ( 'NONE',  ( 110.6068494673351381, 5.035873216209360237, 9.700547727107695195 ) ) ;
#68 = CARTESIAN_POINT ( 'NONE',  ( 49.32399612951925860, 4.500000000000000888, -5.500000000000005329 ) ) ;
#69 = CARTESIAN_POINT ( 'NONE',  ( 101.0263340389897166, -1.500000000000000888, -5.500000000000000888 ) ) ;
#70 = TOROIDAL_SURFACE ( 'NONE', #3031, 12.49999999999999289, 0.5000000000000000000 ) ;
#71 = AXIS2_PLACEMENT_3D ( 'NONE', #5648, #1784, #4032 ) ;
#72 = CARTESIAN_POINT ( 'NONE',  ( 12.90106209202365761, 5.028197609507557786, 34.16732851882471067 ) ) ;
#73 = DIRECTION ( 'NONE',  ( 1.757853122323164628E-14, 0.0000000000000000000, -1.000000000000000000 ) ) ;
#74 = ADVANCED_FACE ( 'NONE', ( #4510 ), #3845, .F. ) ;
#75 = ADVANCED_FACE ( 'NONE', ( #3376, #1908 ), #3980, .F. ) ;
#76 = CARTESIAN_POINT ( 'NONE',  ( 15.08460647348984907, 5.000000000000000888, -34.00000000000000000 ) ) ;
#77 = CARTESIAN_POINT ( 'NONE',  ( 131.8244432250552052, 1.360954761975566196, 1.465821640761225675 ) ) ;
#78 = CARTESIAN_POINT ( 'NONE',  ( 132.9457822314069801, 0.1112413678932508976, -3.828411304668701387 ) ) ;
#79 = CIRCLE ( 'NONE', #8964, 3.000000000000002665 ) ;
#80 = EDGE_CURVE ( 'NONE', #5111, #5185, #7477, .T. ) ;
#81 = CARTESIAN_POINT ( 'NONE',  ( 15.40106209202367005, 5.000000000000000888, 33.83211257539631589 ) ) ;
#82 = CARTESIAN_POINT ( 'NONE',  ( 25.54272524794512478, -5.000000000000000888, 20.09525284508729115 ) ) ;
#83 = CARTESIAN_POINT ( 'NONE',  ( 132.9453232953446502, 0.003793145291143031061, 3.829961459206523422 ) ) ;
#84 = CARTESIAN_POINT ( 'NONE',  ( 20.96557068124415935, -7.996364998856369866, 28.28218756066128492 ) ) ;
#85 = VECTOR ( 'NONE', #8720, 1000.000000000000000 ) ;
#86 = ORIENTED_EDGE ( 'NONE', *, *, #3936, .F. ) ;
#87 = EDGE_CURVE ( 'NONE', #6990, #2912, #771, .T. ) ;
#88 = CARTESIAN_POINT ( 'NONE',  ( 49.32399612951925860, -4.000000000000000888, 18.50000000000000355 ) ) ;
#89 = CARTESIAN_POINT ( 'NONE',  ( 28.40487454993196792, 4.663631872873281736, -16.74441413874829720 ) ) ;
#90 = FACE_OUTER_BOUND ( 'NONE', #1833, .T. ) ;
#91 = CARTESIAN_POINT ( 'NONE',  ( 133.1800486789156253, -2.217585968856980116, 2.921977289101658215 ) ) ;
#92 = DIRECTION ( 'NONE',  ( 0.0000000000000000000, -1.000000000000000000, 0.0000000000000000000 ) ) ;
#93 = DIRECTION ( 'NONE',  ( -0.0000000000000000000, 1.000000000000000000, -0.0000000000000000000 ) ) ;
#94 = DIRECTION ( 'NONE',  ( 0.9877175393299443273, 0.0000000000000000000, 0.1562499999999996947 ) ) ;
#95 = ORIENTED_EDGE ( 'NONE', *, *, #9377, .F. ) ;
#96 = CARTESIAN_POINT ( 'NONE',  ( 34.64101615137754919, 3.500000000000000888, 3.000000000000000444 ) ) ;
#97 = AXIS2_PLACEMENT_3D ( 'NONE', #4587, #6058, #5989 ) ;
#98 = CARTESIAN_POINT ( 'NONE',  ( 12.90106209202365761, 5.000000000000000888, -29.50198555647411780 ) ) ;
#99 = DIRECTION ( 'NONE',  ( 1.000000000000000000, -0.0000000000000000000, 0.0000000000000000000 ) ) ;
#100 = CIRCLE ( 'NONE', #7511, 2.000000000000000000 ) ;
#101 = CARTESIAN_POINT ( 'NONE',  ( 0.0000000000000000000, -12.50000000000000000, -35.00000000000000000 ) ) ;
#102 = CARTESIAN_POINT ( 'NONE',  ( 101.0263340389897166, 5.000000000000000888, 33.50000000000000000 ) ) ;
#103 = VERTEX_POINT ( 'NONE', #8320 ) ;
#104 = EDGE_CURVE ( 'NONE', #6279, #2369, #5072, .T. ) ;
#105 = ORIENTED_EDGE ( 'NONE', *, *, #1127, .F. ) ;
#106 = CARTESIAN_POINT ( 'NONE',  ( 131.6055308363722816, 0.3255958518100447452, 1.973735851964756538 ) ) ;
#107 = EDGE_LOOP ( 'NONE', ( #6763, #580, #816, #8796, #4763, #4941 ) ) ;
#108 = AXIS2_PLACEMENT_3D ( 'NONE', #9331, #5050, #2831 ) ;
#109 = CYLINDRICAL_SURFACE ( 'NONE', #257, 2.000000000000001776 ) ;
#110 = ORIENTED_EDGE ( 'NONE', *, *, #3013, .F. ) ;
#111 = CARTESIAN_POINT ( 'NONE',  ( 13.62901839272119453, -4.033782048134934684, 35.00000000000000000 ) ) ;
#112 = DIRECTION ( 'NONE',  ( 0.0000000000000000000, 0.0000000000000000000, -1.000000000000000000 ) ) ;
#113 = CARTESIAN_POINT ( 'NONE',  ( 32.65163208096986835, 5.010615929592319162, -4.782857142857144694 ) ) ;
#114 = DIRECTION ( 'NONE',  ( 0.0000000000000000000, 0.0000000000000000000, -1.000000000000000000 ) ) ;
#115 = ADVANCED_FACE ( 'NONE', ( #9391 ), #1686, .F. ) ;
#116 = ADVANCED_FACE ( 'NONE', ( #2928 ), #8932, .T. ) ;
#117 = EDGE_CURVE ( 'NONE', #2051, #1173, #4723, .T. ) ;
#118 = CIRCLE ( 'NONE', #2267, 12.49999999999999289 ) ;
#119 = VERTEX_POINT ( 'NONE', #2555 ) ;
#120 = DIRECTION ( 'NONE',  ( 0.0000000000000000000, 1.000000000000000000, 0.0000000000000000000 ) ) ;
#121 = CARTESIAN_POINT ( 'NONE',  ( 8.116411109992025530, 7.000000000000002665, -30.95357605663032174 ) ) ;
#122 = AXIS2_PLACEMENT_3D ( 'NONE', #6278, #1918, #391 ) ;
#123 = CARTESIAN_POINT ( 'NONE',  ( 133.0163285496111030, 1.215395024076976416, 3.581573664320896633 ) ) ;
#124 = CARTESIAN_POINT ( 'NONE',  ( 18.00000000000000000, -5.000000000000000888, 30.01666203960729362 ) ) ;
#125 = CARTESIAN_POINT ( 'NONE',  ( 104.5228874831234407, 4.500000000000000888, -5.719177225785468721 ) ) ;
#126 = DIRECTION ( 'NONE',  ( -5.204170427930416550E-15, 2.891205793294675861E-16, 1.000000000000000000 ) ) ;
#127 = CARTESIAN_POINT ( 'NONE',  ( 32.40370349203930544, -6.734276003997038629, 3.000000000000000444 ) ) ;
#128 = ORIENTED_EDGE ( 'NONE', *, *, #5512, .F. ) ;
#129 = DIRECTION ( 'NONE',  ( 0.0000000000000000000, 0.0000000000000000000, 1.000000000000000000 ) ) ;
#130 = CYLINDRICAL_SURFACE ( 'NONE', #4989, 2.000000000000000000 ) ;
#131 = ORIENTED_EDGE ( 'NONE', *, *, #537, .F. ) ;
#132 = CARTESIAN_POINT ( 'NONE',  ( 32.11308144666281805, 5.000000000000000888, -5.000000000000000888 ) ) ;
#133 = CARTESIAN_POINT ( 'NONE',  ( 33.03684576452261012, 1.512567185435944372, 10.83857043336048598 ) ) ;
#134 = DIRECTION ( 'NONE',  ( -1.000000000000000000, -0.0000000000000000000, -1.209068259567990048E-15 ) ) ;
#135 = CARTESIAN_POINT ( 'NONE',  ( 38.00000000000000000, -12.50000000000000000, 3.000000000000000000 ) ) ;
#136 = ORIENTED_EDGE ( 'NONE', *, *, #7574, .T. ) ;
#137 = CARTESIAN_POINT ( 'NONE',  ( 49.32399612951925860, -4.500000000000000888, 5.500000000000000888 ) ) ;
#138 = AXIS2_PLACEMENT_3D ( 'NONE', #1888, #7690, #3332 ) ;
#139 = CIRCLE ( 'NONE', #9299, 0.9999999999999987788 ) ;
#140 = ORIENTED_EDGE ( 'NONE', *, *, #447, .T. ) ;
#141 = ORIENTED_EDGE ( 'NONE', *, *, #4135, .F. ) ;
#142 = CARTESIAN_POINT ( 'NONE',  ( 5.032819247983337384E-16, -5.000000000000000888, -6.000000000000008882 ) ) ;
#143 = CIRCLE ( 'NONE', #367, 2.000000000000000000 ) ;
#144 = ORIENTED_EDGE ( 'NONE', *, *, #5426, .F. ) ;
#145 = DIRECTION ( 'NONE',  ( 0.0000000000000000000, -1.000000000000000000, 0.0000000000000000000 ) ) ;
#146 = ORIENTED_EDGE ( 'NONE', *, *, #4232, .F. ) ;
#147 = EDGE_CURVE ( 'NONE', #8626, #6832, #6464, .T. ) ;
#148 = DIRECTION ( 'NONE',  ( -0.0000000000000000000, -1.000000000000000000, 0.0000000000000000000 ) ) ;
#149 = CIRCLE ( 'NONE', #2917, 1.000000000000000444 ) ;
#150 = VERTEX_POINT ( 'NONE', #8949 ) ;
#151 = LINE ( 'NONE', #2612, #2312 ) ;
#152 = ORIENTED_EDGE ( 'NONE', *, *, #6007, .T. ) ;
#153 = VERTEX_POINT ( 'NONE', #7728 ) ;
#154 = CARTESIAN_POINT ( 'NONE',  ( 18.85164659090046868, -7.868658824696296072, 29.53051560934973097 ) ) ;
#155 = CARTESIAN_POINT ( 'NONE',  ( 26.18549016745888025, 4.995950595009770012, -19.36175293326565949 ) ) ;
#156 = CARTESIAN_POINT ( 'NONE',  ( 133.0795897438829911, 1.671722934063543331, 3.342944700108162248 ) ) ;
#157 = CARTESIAN_POINT ( 'NONE',  ( 31.60696125855821847, 19.73542744538947247, -5.000000000000000888 ) ) ;
#158 = CARTESIAN_POINT ( 'NONE',  ( 109.3854825441976573, 5.999999983402943826, -8.357339704845232475 ) ) ;
#159 = DIRECTION ( 'NONE',  ( -1.000000000000000000, -0.0000000000000000000, 1.209068259567990048E-15 ) ) ;
#160 = EDGE_CURVE ( 'NONE', #7007, #2733, #6702, .T. ) ;
#161 = CARTESIAN_POINT ( 'NONE',  ( 13.26512270626905021, -4.042296414261335791, -35.00000000000000000 ) ) ;
#162 = EDGE_CURVE ( 'NONE', #2322, #677, #2978, .T. ) ;
#163 = FACE_OUTER_BOUND ( 'NONE', #3764, .T. ) ;
#164 = EDGE_CURVE ( 'NONE', #3215, #6032, #8142, .T. ) ;
#165 = ORIENTED_EDGE ( 'NONE', *, *, #3367, .T. ) ;
#166 = CARTESIAN_POINT ( 'NONE',  ( 12.90106209202365761, -5.000000000000000888, -29.50198555647411780 ) ) ;
#167 = ORIENTED_EDGE ( 'NONE', *, *, #8790, .T. ) ;
#168 = ADVANCED_FACE ( 'NONE', ( #9039 ), #7376, .T. ) ;
#169 = CARTESIAN_POINT ( 'NONE',  ( 12.53494023032787652, -5.028197609507558674, 34.16732851882470356 ) ) ;
#170 = AXIS2_PLACEMENT_3D ( 'NONE', #4278, #8027, #3647 ) ;
#171 = CYLINDRICAL_SURFACE ( 'NONE', #8362, 62.99999999999998579 ) ;
#172 = DIRECTION ( 'NONE',  ( 0.0000000000000000000, 0.0000000000000000000, 1.000000000000000000 ) ) ;
#173 = ORIENTED_EDGE ( 'NONE', *, *, #9101, .T. ) ;
#174 = EDGE_CURVE ( 'NONE', #3359, #2875, #4051, .T. ) ;
#175 = CARTESIAN_POINT ( 'NONE',  ( 0.0000000000000000000, -5.000000000000000888, -30.00000000000000000 ) ) ;
#176 = CARTESIAN_POINT ( 'NONE',  ( 0.0000000000000000000, 1.500000000000000888, 0.0000000000000000000 ) ) ;
#177 = EDGE_CURVE ( 'NONE', #1255, #8109, #7896, .T. ) ;
#178 = CARTESIAN_POINT ( 'NONE',  ( 21.43535984825533802, 6.951089280396223202, -24.03861579930355319 ) ) ;
#179 = CIRCLE ( 'NONE', #8244, 1.999999999999998002 ) ;
#180 = CARTESIAN_POINT ( 'NONE',  ( 28.51304367304957665, 3.500000000000000888, -16.61343855132847835 ) ) ;
#181 = AXIS2_PLACEMENT_3D ( 'NONE', #8371, #450, #6987 ) ;
#182 = B_SPLINE_CURVE_WITH_KNOTS ( 'NONE', 3,
 ( #764, #2225, #5899, #6662, #6811, #6022, #8902, #2404, #5213, #7490 ),
 .UNSPECIFIED., .F., .F.,
 ( 4, 2, 2, 2, 4 ),
 ( 0.02264887560743144776, 0.02373410968309625987, 0.02481934375876107199, 0.02590457783442588410, 0.02698981191009069622 ),
 .UNSPECIFIED. ) ;
#183 = DIRECTION ( 'NONE',  ( -0.0000000000000000000, -1.000000000000000000, 0.0000000000000000000 ) ) ;
#184 = CARTESIAN_POINT ( 'NONE',  ( 22.06175577363059048, -7.572226491139429250, -25.41036149397169197 ) ) ;
#185 = FACE_OUTER_BOUND ( 'NONE', #883, .T. ) ;
#186 = CARTESIAN_POINT ( 'NONE',  ( 133.4911022811940313, 3.401018963789433691, -0.5056943022409121635 ) ) ;
#187 = EDGE_CURVE ( 'NONE', #4018, #9348, #2309, .T. ) ;
#188 = DIRECTION ( 'NONE',  ( -0.0000000000000000000, -1.000000000000000000, -0.0000000000000000000 ) ) ;
#189 = CARTESIAN_POINT ( 'NONE',  ( 12.90106209202365761, 5.000000000000000888, 29.50198555647411780 ) ) ;
#190 = CARTESIAN_POINT ( 'NONE',  ( 24.99999999999996803, 0.0000000000000000000, 28.00000000000003197 ) ) ;
#191 = CARTESIAN_POINT ( 'NONE',  ( 43.12119496837502197, 1.500000000000000888, -4.842574995435363405 ) ) ;
#192 = CARTESIAN_POINT ( 'NONE',  ( 128.9858937074819210, 1.934441690206729403, -0.5198448156679211785 ) ) ;
#193 = AXIS2_PLACEMENT_3D ( 'NONE', #6946, #9099, #9133 ) ;
#194 = TOROIDAL_SURFACE ( 'NONE', #1997, 62.50000000000000000, 0.5000000000000000000 ) ;
#195 = CARTESIAN_POINT ( 'NONE',  ( 21.32660404501843487, -7.000000000000002665, 21.09919334730603779 ) ) ;
#196 = ORIENTED_EDGE ( 'NONE', *, *, #1813, .F. ) ;
#197 = CARTESIAN_POINT ( 'NONE',  ( 15.08460647348984907, -5.000000000000001776, 34.00000000000000000 ) ) ;
#198 = TOROIDAL_SURFACE ( 'NONE', #221, 15.00000000000000178, 2.000000000000000000 ) ;
#199 = LINE ( 'NONE', #1768, #8593 ) ;
#200 = EDGE_CURVE ( 'NONE', #5124, #321, #3729, .T. ) ;
#201 = AXIS2_PLACEMENT_3D ( 'NONE', #1481, #9338, #7220 ) ;
#202 = CARTESIAN_POINT ( 'NONE',  ( 32.80096281089493715, -6.065962362575469058, 3.000000000000001332 ) ) ;
#203 = CARTESIAN_POINT ( 'NONE',  ( 101.0263340389897166, 4.500000000000000888, 6.000000000000001776 ) ) ;
#204 = CARTESIAN_POINT ( 'NONE',  ( 28.88804579922309657, 2.873213503469107977, -16.15704610768566241 ) ) ;
#205 = VECTOR ( 'NONE', #4328, 1000.000000000000000 ) ;
#206 = CARTESIAN_POINT ( 'NONE',  ( 133.4909178386244548, -3.400357076070307016, -0.4990289993460643170 ) ) ;
#207 = ORIENTED_EDGE ( 'NONE', *, *, #7991, .T. ) ;
#208 = EDGE_CURVE ( 'NONE', #4420, #7741, #4281, .T. ) ;
#209 = EDGE_CURVE ( 'NONE', #8686, #1161, #9268, .T. ) ;
#210 = EDGE_CURVE ( 'NONE', #5082, #5246, #6923, .T. ) ;
#211 = CARTESIAN_POINT ( 'NONE',  ( 21.00412590757731479, -6.527510870931839904, -23.37302750546725605 ) ) ;
#212 = EDGE_LOOP ( 'NONE', ( #4872, #2167, #6070, #7883 ) ) ;
#213 = CARTESIAN_POINT ( 'NONE',  ( 133.4858756767099521, 3.384199279953587158, -0.6295465931094506029 ) ) ;
#214 = DIRECTION ( 'NONE',  ( -0.0000000000000000000, 1.000000000000000000, -0.0000000000000000000 ) ) ;
#215 = CARTESIAN_POINT ( 'NONE',  ( 108.2750852456403123, 6.000000000000000888, 8.530906985953985000 ) ) ;
#216 = CARTESIAN_POINT ( 'NONE',  ( 18.00000000000003197, 0.0000000000000000000, -27.99999999999997513 ) ) ;
#217 = CIRCLE ( 'NONE', #9135, 3.000000000000002665 ) ;
#218 = CARTESIAN_POINT ( 'NONE',  ( 128.7896565602854366, 0.5187316633728262794, 1.934591339848806824 ) ) ;
#219 = VERTEX_POINT ( 'NONE', #137 ) ;
#220 =( BOUNDED_SURFACE ( )  B_SPLINE_SURFACE ( 3, 2, ( 
 ( #8533, #6423, #648 ),
 ( #772, #6605, #2 ),
 ( #745, #8698, #9361 ),
 ( #5107, #674, #5073 ),
 ( #5782, #5813, #1470 ),
 ( #8625, #7268, #40 ),
 ( #7178, #3530, #2799 ),
 ( #3565, #7936, #6579 ),
 ( #2199, #5852, #7299 ),
 ( #5048, #2929, #6476 ) ),
 .UNSPECIFIED., .F., .F., .F. ) 
 B_SPLINE_SURFACE_WITH_KNOTS ( ( 4, 2, 2, 2, 4 ),
 ( 3, 3 ),
 ( 6.426532876084952051, 6.783395065557334291, 7.140257255029717420, 7.497119444502100549, 7.853981633974482790 ),
 ( 0.0000000000000000000, 1.000000000000000000 ),
 .UNSPECIFIED. ) 
 GEOMETRIC_REPRESENTATION_ITEM ( )  RATIONAL_B_SPLINE_SURFACE ( (
 ( 1.000000000000000000, 0.7142857142857141906, 1.000000000000000000),
 ( 1.000000000000000000, 0.7259005862037940515, 1.000000000000000000),
 ( 1.000000000000000000, 0.7523096222790971455, 1.000000000000000000),
 ( 1.000000000000000000, 0.8161452711889798373, 1.000000000000000000),
 ( 1.000000000000000000, 0.8531997991011942561, 1.000000000000000000),
 ( 1.000000000000000000, 0.9196107217546424240, 1.000000000000000000),
 ( 1.000000000000000000, 0.9489199283502003368, 1.000000000000000000),
 ( 1.000000000000000000, 0.9891019874233164533, 1.000000000000000000),
 ( 1.000000000000000000, 1.000107735723562596, 1.000000000000000000),
 ( 1.000000000000000000, 1.000000000000000000, 1.000000000000000000) ) ) 
 REPRESENTATION_ITEM ( '' )  SURFACE ( )  );
#221 = AXIS2_PLACEMENT_3D ( 'NONE', #4261, #1404, #4969 ) ;
#222 = CARTESIAN_POINT ( 'NONE',  ( 18.00000000000000000, -5.000000000000000888, 32.33161507461905870 ) ) ;
#223 = VERTEX_POINT ( 'NONE', #845 ) ;
#224 = CARTESIAN_POINT ( 'NONE',  ( 10.71751771055746616, -5.000000000000001776, 34.00000000000000000 ) ) ;
#225 = VECTOR ( 'NONE', #1905, 1000.000000000000000 ) ;
#226 = EDGE_CURVE ( 'NONE', #8329, #9350, #7172, .T. ) ;
#227 = ORIENTED_EDGE ( 'NONE', *, *, #4690, .F. ) ;
#228 = DIRECTION ( 'NONE',  ( 0.0000000000000000000, 0.0000000000000000000, -1.000000000000000000 ) ) ;
#229 = CARTESIAN_POINT ( 'NONE',  ( 131.9735757071751436, -1.745974019973094205, -0.9732729056814990454 ) ) ;
#230 = CARTESIAN_POINT ( 'NONE',  ( 131.5921902276449202, -0.06427823979303995405, 1.999999999995013100 ) ) ;
#231 = AXIS2_PLACEMENT_3D ( 'NONE', #6717, #7440, #62 ) ;
#232 = ORIENTED_EDGE ( 'NONE', *, *, #2984, .F. ) ;
#233 = CARTESIAN_POINT ( 'NONE',  ( 38.85334819308316412, -0.7296586378587038846, 12.74230337953001602 ) ) ;
#234 = FACE_OUTER_BOUND ( 'NONE', #3075, .T. ) ;
#235 = DIRECTION ( 'NONE',  ( -0.0000000000000000000, 1.000000000000000000, -0.0000000000000000000 ) ) ;
#236 = CARTESIAN_POINT ( 'NONE',  ( 21.50146647703954272, 7.000000000000003553, 24.12701665379261584 ) ) ;
#237 = CARTESIAN_POINT ( 'NONE',  ( 49.32399612951925860, -4.000000000000000888, -7.500000000000000888 ) ) ;
#238 = ORIENTED_EDGE ( 'NONE', *, *, #1324, .T. ) ;
#239 = B_SPLINE_CURVE_WITH_KNOTS ( 'NONE', 3,
 ( #253, #5319, #4778, #3997, #1884, #9094, #2599, #6263, #439, #410, #3325, #5486, #6203, #2539, #5523, #1846, #4651, #7618, #3256, #3963, #9062, #5385, #6914, #5447, #8336, #7652, #9032, #8390 ),
 .UNSPECIFIED., .F., .F.,
 ( 4, 2, 2, 2, 2, 2, 2, 2, 2, 2, 2, 2, 2, 4 ),
 ( 0.006270319639762574407, 0.007054024965766333977, 0.007445877628768209425, 0.007837730291770084873, 0.008229582954771962056, 0.008621435617773837504, 0.009405140943777597073, 0.009796993606779475991, 0.01018884626978135491, 0.01058069893278323383, 0.01097255159578511274, 0.01175625692178887231, 0.01214810958479075297, 0.01253996224779263188 ),
 .UNSPECIFIED. ) ;
#240 = ORIENTED_EDGE ( 'NONE', *, *, #4956, .T. ) ;
#241 = VECTOR ( 'NONE', #6295, 1000.000000000000000 ) ;
#242 = DIRECTION ( 'NONE',  ( 0.0000000000000000000, 1.000000000000000000, 0.0000000000000000000 ) ) ;
#243 = EDGE_LOOP ( 'NONE', ( #4539, #1474, #738, #5145 ) ) ;
#244 = AXIS2_PLACEMENT_3D ( 'NONE', #619, #8437, #9199 ) ;
#245 = CARTESIAN_POINT ( 'NONE',  ( 132.9471003487281848, -0.2210387064267133050, 3.823971881595756184 ) ) ;
#246 = CARTESIAN_POINT ( 'NONE',  ( 49.32399612951925860, 4.000000000000000888, 18.50000000000000355 ) ) ;
#247 = DIRECTION ( 'NONE',  ( 0.0000000000000000000, 1.000000000000000000, 0.0000000000000000000 ) ) ;
#248 = CARTESIAN_POINT ( 'NONE',  ( 15.40106209202366649, -7.000000000000001776, 33.83211257539630878 ) ) ;
#249 = ORIENTED_EDGE ( 'NONE', *, *, #800, .F. ) ;
#250 = CARTESIAN_POINT ( 'NONE',  ( 32.86335345030996535, 3.500000000000000888, -3.000000000000000888 ) ) ;
#251 = ORIENTED_EDGE ( 'NONE', *, *, #2300, .T. ) ;
#252 = SPHERICAL_SURFACE ( 'NONE', #3589, 2.000000000000000000 ) ;
#253 = CARTESIAN_POINT ( 'NONE',  ( 128.7749644210287840, -0.0007683224586532549092, -1.999999852420151436 ) ) ;
#254 = EDGE_LOOP ( 'NONE', ( #9064, #843, #9048, #8266 ) ) ;
#255 = LINE ( 'NONE', #8313, #4009 ) ;
#256 = CARTESIAN_POINT ( 'NONE',  ( 32.66152951415597983, 1.500000000000000888, -4.714285714285716189 ) ) ;
#257 = AXIS2_PLACEMENT_3D ( 'NONE', #2914, #5894, #1557 ) ;
#258 = CARTESIAN_POINT ( 'NONE',  ( 131.7209197299758046, -1.011013726609511387, 1.724858446802679524 ) ) ;
#259 = VERTEX_POINT ( 'NONE', #8219 ) ;
#260 = CARTESIAN_POINT ( 'NONE',  ( 36.72861757465432220, -1.348034258282272413, 14.09419964296305139 ) ) ;
#261 = DIRECTION ( 'NONE',  ( 0.0000000000000000000, 0.0000000000000000000, 1.000000000000000000 ) ) ;
#262 = FACE_OUTER_BOUND ( 'NONE', #8866, .T. ) ;
#263 = DIRECTION ( 'NONE',  ( -0.0000000000000000000, -1.000000000000000000, -0.0000000000000000000 ) ) ;
#264 = ORIENTED_EDGE ( 'NONE', *, *, #7209, .T. ) ;
#265 = FACE_OUTER_BOUND ( 'NONE', #7188, .T. ) ;
#266 = EDGE_CURVE ( 'NONE', #3643, #8349, #420, .T. ) ;
#267 = EDGE_LOOP ( 'NONE', ( #4228, #6645, #5951, #7947 ) ) ;
#268 = ORIENTED_EDGE ( 'NONE', *, *, #7752, .F. ) ;
#269 = FACE_OUTER_BOUND ( 'NONE', #7103, .T. ) ;
#270 = ORIENTED_EDGE ( 'NONE', *, *, #1163, .T. ) ;
#271 = CARTESIAN_POINT ( 'NONE',  ( 132.9453232953446502, 0.003793145291143031061, 3.829961459206523422 ) ) ;
#272 = AXIS2_PLACEMENT_3D ( 'NONE', #3926, #6117, #8992 ) ;
#273 = CARTESIAN_POINT ( 'NONE',  ( 32.47813673319990357, -0.1088105658437070328, 13.41734169402641719 ) ) ;
#274 = ORIENTED_EDGE ( 'NONE', *, *, #8712, .T. ) ;
#275 = CARTESIAN_POINT ( 'NONE',  ( 133.2070022227937045, 2.342855028594108990, -2.797660587600995008 ) ) ;
#276 = CARTESIAN_POINT ( 'NONE',  ( 110.8980715197791085, 5.407064904703051234, -9.973025728597720629 ) ) ;
#277 = DIRECTION ( 'NONE',  ( 0.0000000000000000000, 0.0000000000000000000, -1.000000000000000000 ) ) ;
#278 = DIRECTION ( 'NONE',  ( 0.0000000000000000000, 1.000000000000000000, 0.0000000000000000000 ) ) ;
#279 = CARTESIAN_POINT ( 'NONE',  ( 22.08892827196817521, 7.808829271016677787, -26.24843672938074590 ) ) ;
#280 = EDGE_CURVE ( 'NONE', #8213, #1743, #2353, .T. ) ;
#281 = FACE_OUTER_BOUND ( 'NONE', #6557, .T. ) ;
#282 = ORIENTED_EDGE ( 'NONE', *, *, #1234, .F. ) ;
#283 = CARTESIAN_POINT ( 'NONE',  ( 49.32399612951925860, -5.000000000000000888, 7.500000000000000888 ) ) ;
#284 = AXIS2_PLACEMENT_3D ( 'NONE', #7304, #9396, #9367 ) ;
#285 = CARTESIAN_POINT ( 'NONE',  ( 131.6872724497453930, -0.8668921415135530939, -1.801130444583503465 ) ) ;
#286 = LINE ( 'NONE', #5536, #8693 ) ;
#287 = CARTESIAN_POINT ( 'NONE',  ( 132.0386844687569408, 1.893109229267608162, 0.6412070369875323417 ) ) ;
#288 = CARTESIAN_POINT ( 'NONE',  ( 37.26770427910596339, -1.501426730961172185, 13.73910584318116612 ) ) ;
#289 = EDGE_LOOP ( 'NONE', ( #1384, #7826, #8491, #8679 ) ) ;
#290 = CARTESIAN_POINT ( 'NONE',  ( 10.71751771055746616, -4.000000000000001776, -34.00000000000000000 ) ) ;
#291 = CARTESIAN_POINT ( 'NONE',  ( 23.46742184199850456, -5.000000000000000888, 21.75500200160163899 ) ) ;
#292 = CARTESIAN_POINT ( 'NONE',  ( 34.64101615137754919, 7.000000000000000888, -3.000000000000000444 ) ) ;
#293 = FACE_OUTER_BOUND ( 'NONE', #374, .T. ) ;
#294 = AXIS2_PLACEMENT_3D ( 'NONE', #4794, #1996, #2708 ) ;
#295 = B_SPLINE_CURVE_WITH_KNOTS ( 'NONE', 3,
 ( #2372, #7405, #2248, #7351, #5159, #4428, #89, #1558, #8811, #1583, #3037, #8123, #889, #8837, #4497, #155, #5211, #1618, #5964, #7488, #6871, #2528 ),
 .UNSPECIFIED., .F., .F.,
 ( 4, 2, 2, 2, 2, 2, 2, 2, 2, 2, 4 ),
 ( 0.0000000000000000000, 7.422690899084491932E-05, 0.0001484538179816898386, 0.0002969076359633799483, 0.0005938152719267598967, 0.001187630543853512638, 0.002375261087707016168, 0.003562891631560519915, 0.004156706903487275909, 0.004453614539450654122, 0.004750522175414031469 ),
 .UNSPECIFIED. ) ;
#296 = CARTESIAN_POINT ( 'NONE',  ( 133.4440180215401597, -3.246995711349069502, -1.234017748544021797 ) ) ;
#297 = DIRECTION ( 'NONE',  ( 0.0000000000000000000, 1.000000000000000000, -1.740523610644402991E-16 ) ) ;
#298 = CARTESIAN_POINT ( 'NONE',  ( 32.47813673319993910, 1.836530860775713482E-16, 13.41734169402642962 ) ) ;
#299 = VECTOR ( 'NONE', #5551, 1000.000000000000000 ) ;
#300 = CARTESIAN_POINT ( 'NONE',  ( 133.3470988810223901, 2.909828818204071244, -2.028820388799669860 ) ) ;
#301 = DIRECTION ( 'NONE',  ( 1.301042606982605912E-15, 0.0000000000000000000, -1.000000000000000000 ) ) ;
#302 = CARTESIAN_POINT ( 'NONE',  ( 112.5451564186915192, 4.465520194245710783, -11.29266531631855663 ) ) ;
#303 = CARTESIAN_POINT ( 'NONE',  ( 31.60696125855821847, -12.50000000000000000, -5.000000000000000888 ) ) ;
#304 = VECTOR ( 'NONE', #1344, 1000.000000000000000 ) ;
#305 = DIRECTION ( 'NONE',  ( 0.0000000000000000000, 0.0000000000000000000, -1.000000000000000000 ) ) ;
#306 = EDGE_LOOP ( 'NONE', ( #2005, #5131, #7503, #9235 ) ) ;
#307 = CARTESIAN_POINT ( 'NONE',  ( 29.19248713292676101, -2.644553842054440995, -15.78396413299839196 ) ) ;
#308 = AXIS2_PLACEMENT_3D ( 'NONE', #3742, #3812, #4489 ) ;
#309 = LINE ( 'NONE', #39, #3736 ) ;
#310 = DIRECTION ( 'NONE',  ( -8.673617379884039416E-16, 0.0000000000000000000, 1.000000000000000000 ) ) ;
#311 = VERTEX_POINT ( 'NONE', #1695 ) ;
#312 = CARTESIAN_POINT ( 'NONE',  ( 21.50146647703950720, -7.000000000000002665, -24.12701665379256610 ) ) ;
#313 = ORIENTED_EDGE ( 'NONE', *, *, #9320, .T. ) ;
#314 = CARTESIAN_POINT ( 'NONE',  ( 131.9512455286324553, -1.693120093200020770, -1.062822207566365806 ) ) ;
#315 = EDGE_CURVE ( 'NONE', #828, #3201, #3250, .T. ) ;
#316 = CARTESIAN_POINT ( 'NONE',  ( 131.9527724714191663, 1.697048869731928145, 1.058207318869446967 ) ) ;
#317 = ADVANCED_FACE ( 'NONE', ( #8581 ), #2128, .T. ) ;
#318 = FACE_OUTER_BOUND ( 'NONE', #2578, .T. ) ;
#319 = CARTESIAN_POINT ( 'NONE',  ( 20.78680666682080869, 7.990058775177102390, 28.41325041859210643 ) ) ;
#320 = DIRECTION ( 'NONE',  ( 0.0000000000000000000, 1.000000000000000000, 0.0000000000000000000 ) ) ;
#321 = VERTEX_POINT ( 'NONE', #3850 ) ;
#322 = DIRECTION ( 'NONE',  ( -1.000000000000000000, 0.0000000000000000000, 0.0000000000000000000 ) ) ;
#323 = DIRECTION ( 'NONE',  ( -0.0000000000000000000, -1.000000000000000000, -0.0000000000000000000 ) ) ;
#324 = CARTESIAN_POINT ( 'NONE',  ( 21.32660404501843487, 7.000000000000002665, 21.09919334730603779 ) ) ;
#325 = ORIENTED_EDGE ( 'NONE', *, *, #5562, .T. ) ;
#326 = CARTESIAN_POINT ( 'NONE',  ( 20.59893790797642765, 23.43849360530937176, 28.52171649708322576 ) ) ;
#327 = ORIENTED_EDGE ( 'NONE', *, *, #3673, .F. ) ;
#328 = CYLINDRICAL_SURFACE ( 'NONE', #2812, 1.500000000000000888 ) ;
#329 = EDGE_CURVE ( 'NONE', #2464, #2733, #5179, .T. ) ;
#330 = EDGE_CURVE ( 'NONE', #8850, #3685, #2022, .T. ) ;
#331 = ORIENTED_EDGE ( 'NONE', *, *, #8171, .F. ) ;
#332 = EDGE_CURVE ( 'NONE', #9200, #7128, #5646, .T. ) ;
#333 = CARTESIAN_POINT ( 'NONE',  ( 104.3516713960108717, 2.812953263870095810, -5.582970229326441824 ) ) ;
#334 = VERTEX_POINT ( 'NONE', #3878 ) ;
#335 = CARTESIAN_POINT ( 'NONE',  ( 133.0158704933131162, 1.209641952167678003, -3.583235239585571552 ) ) ;
#336 = CARTESIAN_POINT ( 'NONE',  ( 111.7886404852365416, 4.933794438842252106, -10.75755933269961062 ) ) ;
#337 = CARTESIAN_POINT ( 'NONE',  ( 101.0263340389897166, 4.500000000000000888, -5.500000000000000888 ) ) ;
#338 = CARTESIAN_POINT ( 'NONE',  ( 33.24864958025977302, -1.502606261410338373, -10.55356681029310195 ) ) ;
#339 = AXIS2_PLACEMENT_3D ( 'NONE', #9126, #4710, #469 ) ;
#340 = CYLINDRICAL_SURFACE ( 'NONE', #6441, 13.50000000000000178 ) ;
#341 = EDGE_LOOP ( 'NONE', ( #7208, #196, #3028, #2183 ) ) ;
#342 = CARTESIAN_POINT ( 'NONE',  ( 33.22918401976108527, 5.870534294706696521, 3.332394682422722187 ) ) ;
#343 = ORIENTED_EDGE ( 'NONE', *, *, #508, .T. ) ;
#344 = EDGE_CURVE ( 'NONE', #1593, #3424, #5410, .T. ) ;
#345 = CARTESIAN_POINT ( 'NONE',  ( 111.3392357293391086, -4.753130929648602176, -10.36175112145879673 ) ) ;
#346 = VECTOR ( 'NONE', #6217, 1000.000000000000000 ) ;
#347 = CARTESIAN_POINT ( 'NONE',  ( 132.0759933696677706, -1.973070519633040032, -0.3243801754388079273 ) ) ;
#348 = EDGE_LOOP ( 'NONE', ( #7756, #8200, #6642, #9115 ) ) ;
#349 = CARTESIAN_POINT ( 'NONE',  ( 132.0642811719807526, 1.948339603900539174, 0.4516092078418209588 ) ) ;
#350 = CARTESIAN_POINT ( 'NONE',  ( 101.0263340389897166, -1.500000000000000888, 3.500000000000001332 ) ) ;
#351 = CARTESIAN_POINT ( 'NONE',  ( 113.3468963513340526, 5.000000000000000000, -11.74675324675324894 ) ) ;
#352 = ADVANCED_FACE ( 'NONE', ( #7914 ), #6101, .T. ) ;
#353 = DIRECTION ( 'NONE',  ( -0.0000000000000000000, 1.000000000000000000, -0.0000000000000000000 ) ) ;
#354 = ORIENTED_EDGE ( 'NONE', *, *, #2882, .T. ) ;
#355 = CARTESIAN_POINT ( 'NONE',  ( 38.00000000000000000, 3.500000000000001332, 3.000000000000000000 ) ) ;
#356 = VECTOR ( 'NONE', #1395, 999.9999999999997726 ) ;
#357 = VERTEX_POINT ( 'NONE', #6792 ) ;
#358 = DIRECTION ( 'NONE',  ( -0.0000000000000000000, -1.000000000000000000, -0.0000000000000000000 ) ) ;
#359 = CARTESIAN_POINT ( 'NONE',  ( 22.14648506759959901, -5.188057535505755880, 21.91033178175678131 ) ) ;
#360 = CARTESIAN_POINT ( 'NONE',  ( 133.2343670652141157, -2.463607783709537813, 2.665253679779013840 ) ) ;
#361 = EDGE_CURVE ( 'NONE', #4759, #5492, #885, .T. ) ;
#362 = ORIENTED_EDGE ( 'NONE', *, *, #7129, .T. ) ;
#363 = LINE ( 'NONE', #5138, #1626 ) ;
#364 = VERTEX_POINT ( 'NONE', #4507 ) ;
#365 = ORIENTED_EDGE ( 'NONE', *, *, #3495, .F. ) ;
#366 = DIRECTION ( 'NONE',  ( 0.0000000000000000000, 0.0000000000000000000, 1.000000000000000000 ) ) ;
#367 = AXIS2_PLACEMENT_3D ( 'NONE', #4411, #7363, #6725 ) ;
#368 = CARTESIAN_POINT ( 'NONE',  ( 132.9453149601569635, 0.05499988886399660715, -3.829989636607592285 ) ) ;
#369 = ADVANCED_FACE ( 'NONE', ( #6227 ), #194, .T. ) ;
#370 =( NAMED_UNIT ( * ) SI_UNIT ( $, .STERADIAN. ) SOLID_ANGLE_UNIT ( ) );
#371 = CARTESIAN_POINT ( 'NONE',  ( 27.87146803184801769, -4.297599377406958965, -21.25088249747359370 ) ) ;
#372 = CARTESIAN_POINT ( 'NONE',  ( 32.60712885353455448, 4.500000000000002665, 5.076923076923077538 ) ) ;
#373 = CIRCLE ( 'NONE', #3158, 27.99999999999999645 ) ;
#374 = EDGE_LOOP ( 'NONE', ( #7124, #6124, #8049, #9222 ) ) ;
#375 = FACE_OUTER_BOUND ( 'NONE', #8776, .T. ) ;
#376 = VERTEX_POINT ( 'NONE', #5290 ) ;
#377 = ORIENTED_EDGE ( 'NONE', *, *, #6187, .F. ) ;
#378 = CARTESIAN_POINT ( 'NONE',  ( 33.61037930022932585, 5.969363148851056344, 3.261067713682848535 ) ) ;
#379 = EDGE_CURVE ( 'NONE', #8282, #1278, #540, .T. ) ;
#380 = DIRECTION ( 'NONE',  ( 0.0000000000000000000, 1.000000000000000000, -0.0000000000000000000 ) ) ;
#381 = CIRCLE ( 'NONE', #7069, 2.000000000000001776 ) ;
#382 = CARTESIAN_POINT ( 'NONE',  ( 18.00000000000002487, 0.0000000000000000000, -23.49999999999997513 ) ) ;
#383 = CARTESIAN_POINT ( 'NONE',  ( 32.65753250605236246, -4.516144955204985934, -4.744727984928181819 ) ) ;
#384 = AXIS2_PLACEMENT_3D ( 'NONE', #2277, #4395, #5925 ) ;
#385 = VERTEX_POINT ( 'NONE', #3912 ) ;
#386 = CARTESIAN_POINT ( 'NONE',  ( 132.0806514596563659, -1.982858657861348295, -0.2595054393972971996 ) ) ;
#387 = VERTEX_POINT ( 'NONE', #2357 ) ;
#388 = CARTESIAN_POINT ( 'NONE',  ( 132.0857810791270026, 1.993554800009173400, 0.1612608570490008664 ) ) ;
#389 = EDGE_LOOP ( 'NONE', ( #5123, #5469, #7500, #8554 ) ) ;
#390 = CARTESIAN_POINT ( 'NONE',  ( 2.204364238465235033E-15, 2.500000000000000444, -12.00000000000000355 ) ) ;
#391 = DIRECTION ( 'NONE',  ( 0.0000000000000000000, 0.0000000000000000000, -1.000000000000000000 ) ) ;
#392 =( BOUNDED_SURFACE ( )  B_SPLINE_SURFACE ( 3, 2, ( 
 ( #4686, #8366, #7868 ),
 ( #7169, #1343, #6347 ),
 ( #545, #8489, #6446 ),
 ( #6310, #4086, #4813 ),
 ( #2693, #1272, #476 ),
 ( #4844, #1976, #2066 ),
 ( #7746, #4876, #7072 ),
 ( #4161, #4942, #5552 ),
 ( #8425, #9228, #8557 ),
 ( #7040, #5619, #7838 ),
 ( #1943, #7142, #6374 ),
 ( #2014, #7108, #3491 ),
 ( #4193, #2671, #5650 ),
 ( #3391, #5587, #1212 ),
 ( #8462, #2792, #4222 ),
 ( #2725, #9283, #4126 ) ),
 .UNSPECIFIED., .F., .F., .F. ) 
 B_SPLINE_SURFACE_WITH_KNOTS ( ( 4, 2, 2, 2, 2, 2, 2, 4 ),
 ( 3, 3 ),
 ( 0.0000000000000000000, 0.0004934397534075526297, 0.0009868795068151052594, 0.001480319260222657998, 0.001973759013630210519, 0.002467198767037763474, 0.002960638520445315995, 0.003947518027260421038 ),
 ( 0.0000000000000000000, 1.000000000000000000 ),
 .UNSPECIFIED. ) 
 GEOMETRIC_REPRESENTATION_ITEM ( )  RATIONAL_B_SPLINE_SURFACE ( (
 ( 1.000000000000000000, 0.7071067811865475727, 1.000000000000000000),
 ( 1.000000000000000000, 0.7106927042504067593, 1.000000000000000000),
 ( 1.000000000000000000, 0.7138436708805899755, 1.000000000000000000),
 ( 1.000000000000000000, 0.7193711798062576435, 1.000000000000000000),
 ( 1.000000000000000000, 0.7217678653141359479, 1.000000000000000000),
 ( 1.000000000000000000, 0.7257507511705381109, 1.000000000000000000),
 ( 1.000000000000000000, 0.7273404348724559210, 1.000000000000000000),
 ( 1.000000000000000000, 0.7298991839461335118, 1.000000000000000000),
 ( 1.000000000000000000, 0.7308667547683800336, 1.000000000000000000),
 ( 1.000000000000000000, 0.7322855091903393010, 1.000000000000000000),
 ( 1.000000000000000000, 0.7327528495541717479, 1.000000000000000000),
 ( 1.000000000000000000, 0.7333930367612724321, 1.000000000000000000),
 ( 1.000000000000000000, 0.7335599965620059892, 1.000000000000000000),
 ( 1.000000000000000000, 0.7338484905256333901, 1.000000000000000000),
 ( 1.000000000000000000, 0.7337817365625344257, 1.000000000000000000),
 ( 1.000000000000000000, 0.7337993856534780202, 1.000000000000000000) ) ) 
 REPRESENTATION_ITEM ( '' )  SURFACE ( )  );
#393 = EDGE_CURVE ( 'NONE', #3199, #1707, #1788, .T. ) ;
#394 = CARTESIAN_POINT ( 'NONE',  ( 44.77527527801348839, 5.000000000000000888, 8.484554996652592607 ) ) ;
#395 = VECTOR ( 'NONE', #8508, 1000.000000000000000 ) ;
#396 = VERTEX_POINT ( 'NONE', #7453 ) ;
#397 = CARTESIAN_POINT ( 'NONE',  ( 6.783642122844339693E-16, 7.000000000000000888, -5.000000000000005329 ) ) ;
#398 = DIRECTION ( 'NONE',  ( 0.0000000000000000000, 1.000000000000000000, 0.0000000000000000000 ) ) ;
#399 = CARTESIAN_POINT ( 'NONE',  ( 49.32399612951925860, 5.000000000000000888, 6.000000000000000888 ) ) ;
#400 = AXIS2_PLACEMENT_3D ( 'NONE', #1085, #99, #9034 ) ;
#401 = CIRCLE ( 'NONE', #5644, 22.00000000000000000 ) ;
#402 = CARTESIAN_POINT ( 'NONE',  ( 131.8113600532162764, -1.322012990642791541, -1.500942201375810026 ) ) ;
#403 = CARTESIAN_POINT ( 'NONE',  ( 22.36017226241120426, -5.132601442201154995, -21.86308628455594771 ) ) ;
#404 = DIRECTION ( 'NONE',  ( 0.0000000000000000000, 0.0000000000000000000, 1.000000000000000000 ) ) ;
#405 = DIRECTION ( 'NONE',  ( 0.0000000000000000000, 1.000000000000000000, 0.0000000000000000000 ) ) ;
#406 = CARTESIAN_POINT ( 'NONE',  ( 21.13551371961430192, -5.788748658388441548, 22.47255953293906572 ) ) ;
#407 = CARTESIAN_POINT ( 'NONE',  ( 14.35962191775895036, -5.008857987695155778, -34.09323539580162077 ) ) ;
#408 = ADVANCED_FACE ( 'NONE', ( #7692 ), #7155, .F. ) ;
#409 = CYLINDRICAL_SURFACE ( 'NONE', #6820, 3.000000000000002665 ) ;
#410 = CARTESIAN_POINT ( 'NONE',  ( 128.9445881952686932, -1.733625922779121531, -1.003134903347794760 ) ) ;
#411 = AXIS2_PLACEMENT_3D ( 'NONE', #5307, #950, #985 ) ;
#412 = CARTESIAN_POINT ( 'NONE',  ( 103.5840533915045540, 2.019880302336181987, 4.964427724386128560 ) ) ;
#413 = DIRECTION ( 'NONE',  ( -0.0000000000000000000, 1.000000000000000000, -0.0000000000000000000 ) ) ;
#414 = CARTESIAN_POINT ( 'NONE',  ( 12.90106209202365761, 7.000000000000002665, -29.50198555647411780 ) ) ;
#415 = CARTESIAN_POINT ( 'NONE',  ( 15.08460647348984907, 5.000000000000002665, 34.00000000000000000 ) ) ;
#416 = CARTESIAN_POINT ( 'NONE',  ( 132.0289105693604483, -1.871117435179958877, 0.7029956420416505480 ) ) ;
#417 = PRESENTATION_STYLE_ASSIGNMENT (( #1135 ) ) ;
#418 = CARTESIAN_POINT ( 'NONE',  ( 131.6452111866933024, 0.6459823715469977801, 1.892260407373443920 ) ) ;
#419 = ADVANCED_FACE ( 'NONE', ( #1341 ), #4656, .T. ) ;
#420 = CIRCLE ( 'NONE', #6079, 32.50000000000000000 ) ;
#421 = CARTESIAN_POINT ( 'NONE',  ( 70.00000000000000000, 3.500000000000000888, -64.02475001521551690 ) ) ;
#422 = CARTESIAN_POINT ( 'NONE',  ( 21.14605262517163808, 6.734726413422129632, -23.68046765293901146 ) ) ;
#423 = CARTESIAN_POINT ( 'NONE',  ( 6.783642122844339693E-16, -7.000000000000000888, 5.000000000000005329 ) ) ;
#425 = DIRECTION ( 'NONE',  ( 1.000000000000000000, -0.0000000000000000000, 0.0000000000000000000 ) ) ;
#424 = CARTESIAN_POINT ( 'NONE',  ( 32.20665384673679910, -5.062403280672397088, -4.487763074558268173 ) ) ;
#426 = CARTESIAN_POINT ( 'NONE',  ( 34.64101615137754919, -1.500000000000000888, -5.000000000000000888 ) ) ;
#427 = AXIS2_PLACEMENT_3D ( 'NONE', #7472, #1111, #6235 ) ;
#428 = TOROIDAL_SURFACE ( 'NONE', #1564, 12.50000000000000000, 0.5000000000000000000 ) ;
#429 = EDGE_LOOP ( 'NONE', ( #5715, #5441, #6046, #1423, #4257 ) ) ;
#430 = CARTESIAN_POINT ( 'NONE',  ( 10.71751771055746616, 4.000000000000000888, 35.00000000000000000 ) ) ;
#431 = CARTESIAN_POINT ( 'NONE',  ( 22.74837764801966600, -7.000000000000002665, -22.50580623712643913 ) ) ;
#432 = CARTESIAN_POINT ( 'NONE',  ( 131.9519308578813082, -1.693955812998941379, 1.062290715198614288 ) ) ;
#433 = CARTESIAN_POINT ( 'NONE',  ( 20.59893790797642765, -7.982970117485796102, -28.52171649708322576 ) ) ;
#434 = VECTOR ( 'NONE', #4364, 1000.000000000000000 ) ;
#435 = EDGE_CURVE ( 'NONE', #3179, #8746, #3944, .T. ) ;
#436 = DIRECTION ( 'NONE',  ( 0.0000000000000000000, 0.0000000000000000000, 1.000000000000000000 ) ) ;
#437 = ORIENTED_EDGE ( 'NONE', *, *, #7750, .F. ) ;
#438 = AXIS2_PLACEMENT_3D ( 'NONE', #4853, #9175, #7052 ) ;
#439 = CARTESIAN_POINT ( 'NONE',  ( 128.9175997194197123, -1.589550168831834975, -1.219980680773618653 ) ) ;
#440 = FACE_OUTER_BOUND ( 'NONE', #4134, .T. ) ;
#441 = CARTESIAN_POINT ( 'NONE',  ( 0.0000000000000000000, 4.000000000000000000, 35.00000000000000000 ) ) ;
#442 = DIRECTION ( 'NONE',  ( -0.0000000000000000000, 1.000000000000000000, -0.0000000000000000000 ) ) ;
#443 = CARTESIAN_POINT ( 'NONE',  ( 12.90106209202365761, 7.000000000000002665, -29.50198555647411780 ) ) ;
#444 = ORIENTED_EDGE ( 'NONE', *, *, #5675, .F. ) ;
#445 = CARTESIAN_POINT ( 'NONE',  ( 32.76310804096365814, -4.753806053816346022, -3.950051727205925900 ) ) ;
#446 = CARTESIAN_POINT ( 'NONE',  ( 38.00000000000000000, -9.735427445389468915, 0.0000000000000000000 ) ) ;
#447 = EDGE_CURVE ( 'NONE', #1585, #1083, #3489, .T. ) ;
#448 = ORIENTED_EDGE ( 'NONE', *, *, #7026, .F. ) ;
#449 = ORIENTED_EDGE ( 'NONE', *, *, #6315, .T. ) ;
#450 = DIRECTION ( 'NONE',  ( -0.0000000000000000000, -1.000000000000000000, -0.0000000000000000000 ) ) ;
#451 = ADVANCED_FACE ( 'NONE', ( #8820 ), #3034, .F. ) ;
#452 = LINE ( 'NONE', #2594, #225 ) ;
#453 = DIRECTION ( 'NONE',  ( 0.8660254037844382635, 0.0000000000000000000, -0.5000000000000006661 ) ) ;
#454 = CARTESIAN_POINT ( 'NONE',  ( 28.10675701869497445, -3.999999999999995559, 21.07179676972452143 ) ) ;
#455 = ORIENTED_EDGE ( 'NONE', *, *, #5691, .F. ) ;
#456 = AXIS2_PLACEMENT_3D ( 'NONE', #9021, #8327, #9150 ) ;
#457 = CARTESIAN_POINT ( 'NONE',  ( 32.86335345030996535, -3.500000000000000888, -3.000000000000000888 ) ) ;
#458 = CARTESIAN_POINT ( 'NONE',  ( 29.63152617989832649, -7.000000000000002665, -4.687500000000003553 ) ) ;
#459 = CARTESIAN_POINT ( 'NONE',  ( 133.4964806087812121, -3.418203722066744721, 0.3144950575811620852 ) ) ;
#460 = EDGE_CURVE ( 'NONE', #4971, #8314, #8045, .T. ) ;
#461 = FACE_OUTER_BOUND ( 'NONE', #1473, .T. ) ;
#462 = ORIENTED_EDGE ( 'NONE', *, *, #3487, .T. ) ;
#463 = EDGE_CURVE ( 'NONE', #2875, #822, #5757, .T. ) ;
#464 = CARTESIAN_POINT ( 'NONE',  ( 8.116411109992025530, -7.000000000000002665, 30.95357605663032174 ) ) ;
#465 = VERTEX_POINT ( 'NONE', #1055 ) ;
#466 = CARTESIAN_POINT ( 'NONE',  ( 132.0565095590267504, -1.931712048187859798, -0.5172320384942691307 ) ) ;
#467 = ADVANCED_FACE ( 'NONE', ( #4955 ), #1510, .T. ) ;
#468 = DIRECTION ( 'NONE',  ( 0.0000000000000000000, 1.000000000000000000, 0.0000000000000000000 ) ) ;
#469 = DIRECTION ( 'NONE',  ( 0.0000000000000000000, -0.0000000000000000000, 1.000000000000000000 ) ) ;
#470 = CARTESIAN_POINT ( 'NONE',  ( 44.15499516189907325, 5.000000000000000888, 7.118812496196120776 ) ) ;
#471 = ORIENTED_EDGE ( 'NONE', *, *, #6345, .T. ) ;
#472 = TOROIDAL_SURFACE ( 'NONE', #2324, 26.00000000000000355, 1.000000000000000000 ) ;
#473 = VERTEX_POINT ( 'NONE', #6376 ) ;
#474 = EDGE_CURVE ( 'NONE', #7997, #311, #1904, .T. ) ;
#475 = DIRECTION ( 'NONE',  ( 0.0000000000000000000, 1.000000000000000000, -0.0000000000000000000 ) ) ;
#476 = CARTESIAN_POINT ( 'NONE',  ( 32.72444687832667398, -4.627796665040410318, 4.258489598324241676 ) ) ;
#477 = CARTESIAN_POINT ( 'NONE',  ( 32.86684676558336804, -6.752331635636125817, -2.997530639713941181 ) ) ;
#478 = VERTEX_POINT ( 'NONE', #7783 ) ;
#479 = CARTESIAN_POINT ( 'NONE',  ( 133.0164725064105937, -1.213713978020652284, -3.580772983643348617 ) ) ;
#480 = AXIS2_PLACEMENT_3D ( 'NONE', #7139, #5678, #9225 ) ;
#481 = CARTESIAN_POINT ( 'NONE',  ( 28.10675701869502419, 4.000000000000006217, -21.07179676972446458 ) ) ;
#482 = DIRECTION ( 'NONE',  ( -0.0000000000000000000, -1.000000000000000000, -0.0000000000000000000 ) ) ;
#483 = CIRCLE ( 'NONE', #6713, 13.50000000000000178 ) ;
#484 = CARTESIAN_POINT ( 'NONE',  ( 18.00000000000000000, -5.000000000000000888, 30.01666203960729362 ) ) ;
#485 = ORIENTED_EDGE ( 'NONE', *, *, #6125, .T. ) ;
#486 = VECTOR ( 'NONE', #4727, 1000.000000000000000 ) ;
#487 = DIRECTION ( 'NONE',  ( -1.209068259567990048E-15, 0.0000000000000000000, 1.000000000000000000 ) ) ;
#488 = ORIENTED_EDGE ( 'NONE', *, *, #8472, .F. ) ;
#489 = ORIENTED_EDGE ( 'NONE', *, *, #4057, .T. ) ;
#490 = CARTESIAN_POINT ( 'NONE',  ( 131.6776387152728489, 0.8211765838473290557, -1.822100458384045218 ) ) ;
#491 = EDGE_CURVE ( 'NONE', #3171, #5146, #5876, .T. ) ;
#492 = CIRCLE ( 'NONE', #4847, 0.5000000000000000000 ) ;
#493 = ORIENTED_EDGE ( 'NONE', *, *, #1498, .T. ) ;
#494 = LINE ( 'NONE', #6030, #8666 ) ;
#495 = CARTESIAN_POINT ( 'NONE',  ( 12.90106209202365761, 5.000000000000000888, -29.50198555647411780 ) ) ;
#496 = CARTESIAN_POINT ( 'NONE',  ( 35.48647515897101812, -1.974602090914750284E-16, 11.31975401817861027 ) ) ;
#497 = ORIENTED_EDGE ( 'NONE', *, *, #2008, .F. ) ;
#498 = AXIS2_PLACEMENT_3D ( 'NONE', #2809, #6485, #2004 ) ;
#499 = CARTESIAN_POINT ( 'NONE',  ( 132.0869607767899936, -1.996000726327426866, -0.1283033388737608582 ) ) ;
#500 = ORIENTED_EDGE ( 'NONE', *, *, #7653, .F. ) ;
#501 = CARTESIAN_POINT ( 'NONE',  ( 6.142831187652824987, 2.500000000000000444, 21.12499999999999289 ) ) ;
#502 = ORIENTED_EDGE ( 'NONE', *, *, #2045, .F. ) ;
#503 = CARTESIAN_POINT ( 'NONE',  ( 49.32399612951925860, 1.500000000000000888, 5.500000000000000888 ) ) ;
#504 = CARTESIAN_POINT ( 'NONE',  ( 17.99999999999996092, 5.000000000000003553, 30.97879924481297920 ) ) ;
#505 = DIRECTION ( 'NONE',  ( 0.0000000000000000000, 1.000000000000000000, -0.0000000000000000000 ) ) ;
#506 = ADVANCED_FACE ( 'NONE', ( #4397 ), #5273, .T. ) ;
#507 = VECTOR ( 'NONE', #188, 1000.000000000000000 ) ;
#508 = EDGE_CURVE ( 'NONE', #5286, #5378, #3837, .T. ) ;
#509 = ORIENTED_EDGE ( 'NONE', *, *, #959, .F. ) ;
#510 = ORIENTED_EDGE ( 'NONE', *, *, #8469, .F. ) ;
#511 = DIRECTION ( 'NONE',  ( 1.000000000000000000, 0.0000000000000000000, 0.0000000000000000000 ) ) ;
#512 = DIRECTION ( 'NONE',  ( -0.0000000000000000000, 1.000000000000000000, -0.0000000000000000000 ) ) ;
#513 = CARTESIAN_POINT ( 'NONE',  ( 12.14506863688895599, 4.892820080638579761, 35.00000000000000000 ) ) ;
#514 = ADVANCED_BREP_SHAPE_REPRESENTATION ( 'Connecting rod', ( #7955, #654 ), #4474 ) ;
#515 = CARTESIAN_POINT ( 'NONE',  ( 101.8362078475247898, 1.500000000000000888, 3.510933585484048436 ) ) ;
#516 = VECTOR ( 'NONE', #1545, 1000.000000000000000 ) ;
#517 = ADVANCED_FACE ( 'NONE', ( #5981 ), #8822, .T. ) ;
#518 = CARTESIAN_POINT ( 'NONE',  ( 131.9068604759213770, -1.583216359298708076, 1.222658230070770458 ) ) ;
#519 = ORIENTED_EDGE ( 'NONE', *, *, #6245, .F. ) ;
#520 = DIRECTION ( 'NONE',  ( 0.0000000000000000000, 0.0000000000000000000, -1.000000000000000000 ) ) ;
#521 = DIRECTION ( 'NONE',  ( -0.0000000000000000000, -1.000000000000000000, 0.0000000000000000000 ) ) ;
#522 = DIRECTION ( 'NONE',  ( -0.0000000000000000000, 1.740523610644402991E-16, -1.000000000000000000 ) ) ;
#523 = EDGE_CURVE ( 'NONE', #8091, #7543, #2124, .T. ) ;
#524 = EDGE_CURVE ( 'NONE', #1487, #5932, #1679, .T. ) ;
#525 = CARTESIAN_POINT ( 'NONE',  ( 120.0000000000000000, 12.50000000000000000, 9.000000000000008882 ) ) ;
#526 = CARTESIAN_POINT ( 'NONE',  ( 108.2750852456403123, 5.000000000000000888, 8.530906985953985000 ) ) ;
#527 = CYLINDRICAL_SURFACE ( 'NONE', #1936, 59.99999999999999289 ) ;
#528 = CARTESIAN_POINT ( 'NONE',  ( 32.98816698874468045, -2.758753934050971690, -3.136932818298462156 ) ) ;
#529 = CARTESIAN_POINT ( 'NONE',  ( 133.3860559549475511, 3.048970372031957865, 1.751166222451900012 ) ) ;
#530 = AXIS2_PLACEMENT_3D ( 'NONE', #4195, #1213, #7015 ) ;
#531 = CARTESIAN_POINT ( 'NONE',  ( 101.0263340389897166, 3.500000000000000888, 5.500000000000001776 ) ) ;
#532 = CARTESIAN_POINT ( 'NONE',  ( 101.0263340389897166, 5.000000000000000888, -6.000000000000000000 ) ) ;
#533 = CARTESIAN_POINT ( 'NONE',  ( 131.8752116274629884, -1.501179813793146689, 1.321633893474448485 ) ) ;
#534 = CARTESIAN_POINT ( 'NONE',  ( 12.17310579126469072, -4.033782051319231066, 35.00000000000000000 ) ) ;
#535 = FACE_OUTER_BOUND ( 'NONE', #2145, .T. ) ;
#536 = DIRECTION ( 'NONE',  ( 0.0000000000000000000, 0.0000000000000000000, -1.000000000000000000 ) ) ;
#537 = EDGE_CURVE ( 'NONE', #9276, #6066, #3607, .T. ) ;
#538 = CYLINDRICAL_SURFACE ( 'NONE', #9022, 25.00000000000000000 ) ;
#539 = CARTESIAN_POINT ( 'NONE',  ( 32.77194917244245431, 4.663666276331360550, 4.249540872287416171 ) ) ;
#540 = CIRCLE ( 'NONE', #3634, 2.000000000000000000 ) ;
#541 = AXIS2_PLACEMENT_3D ( 'NONE', #6285, #2649, #3405 ) ;
#542 = CARTESIAN_POINT ( 'NONE',  ( 104.7297295151357019, 5.000000000000000888, -6.250507124952557447 ) ) ;
#543 = DIRECTION ( 'NONE',  ( 0.0000000000000000000, 0.0000000000000000000, -1.000000000000000000 ) ) ;
#544 = ORIENTED_EDGE ( 'NONE', *, *, #4705, .F. ) ;
#545 = CARTESIAN_POINT ( 'NONE',  ( 32.16272140731484797, -5.012915964574053973, 4.738270533643158977 ) ) ;
#546 = CARTESIAN_POINT ( 'NONE',  ( 32.90221329460720767, -7.023581073988835577, -2.538574465359025201 ) ) ;
#547 = CARTESIAN_POINT ( 'NONE',  ( 131.5921903687414272, -0.0008479569944131418614, -1.999999820057304367 ) ) ;
#548 = VECTOR ( 'NONE', #2500, 1000.000000000000000 ) ;
#549 = EDGE_CURVE ( 'NONE', #7517, #5286, #9157, .T. ) ;
#550 = CARTESIAN_POINT ( 'NONE',  ( 32.47813673319993910, 1.836530860775713482E-16, 13.41734169402642962 ) ) ;
#551 = DIRECTION ( 'NONE',  ( -0.0000000000000000000, -1.000000000000000000, -0.0000000000000000000 ) ) ;
#552 = ADVANCED_FACE ( 'NONE', ( #9379 ), #3622, .F. ) ;
#553 = ORIENTED_EDGE ( 'NONE', *, *, #4116, .F. ) ;
#554 = CARTESIAN_POINT ( 'NONE',  ( 26.43920846561029236, 4.967100806087421994, 21.72848436873443490 ) ) ;
#555 = ORIENTED_EDGE ( 'NONE', *, *, #5706, .F. ) ;
#556 = CARTESIAN_POINT ( 'NONE',  ( 33.31710695779226228, -2.169901961009024660, -3.500402305017048299 ) ) ;
#557 = DIRECTION ( 'NONE',  ( 1.000000000000000000, 0.0000000000000000000, -0.0000000000000000000 ) ) ;
#558 = ORIENTED_EDGE ( 'NONE', *, *, #2575, .T. ) ;
#559 = CARTESIAN_POINT ( 'NONE',  ( 133.4965292166502309, 3.418457577907409561, 0.3125101912541185523 ) ) ;
#560 = LINE ( 'NONE', #7573, #2261 ) ;
#561 = ORIENTED_EDGE ( 'NONE', *, *, #1360, .F. ) ;
#562 = CARTESIAN_POINT ( 'NONE',  ( 38.00000000000000000, -9.735427445389468915, -3.000000000000000000 ) ) ;
#563 = CARTESIAN_POINT ( 'NONE',  ( 131.8347388110411487, -1.390736541815848826, 1.437665998161323122 ) ) ;
#564 = CARTESIAN_POINT ( 'NONE',  ( 19.09893790797643121, -7.000000000000002665, -25.92364028572990620 ) ) ;
#565 = CARTESIAN_POINT ( 'NONE',  ( 8.116411109992025530, -7.000000000000002665, -30.95357605663032174 ) ) ;
#566 = DIRECTION ( 'NONE',  ( 0.0000000000000000000, 0.0000000000000000000, -1.000000000000000000 ) ) ;
#567 = DIRECTION ( 'NONE',  ( -0.0000000000000000000, -1.000000000000000000, -0.0000000000000000000 ) ) ;
#568 = EDGE_CURVE ( 'NONE', #8746, #3643, #6691, .T. ) ;
#569 = ORIENTED_EDGE ( 'NONE', *, *, #7182, .F. ) ;
#570 = AXIS2_PLACEMENT_3D ( 'NONE', #446, #4090, #1215 ) ;
#571 = ORIENTED_EDGE ( 'NONE', *, *, #208, .F. ) ;
#572 = CARTESIAN_POINT ( 'NONE',  ( 132.9747298155884323, -0.7846461876297474713, -3.729216567028694751 ) ) ;
#573 = DIRECTION ( 'NONE',  ( -0.9672992517696977766, 0.0000000000000000000, -0.2536378471872504647 ) ) ;
#574 = DIRECTION ( 'NONE',  ( 0.0000000000000000000, 1.000000000000000000, 0.0000000000000000000 ) ) ;
#575 = CARTESIAN_POINT ( 'NONE',  ( 32.85850909671091102, -5.480630114998153779, -3.054031308856556048 ) ) ;
#576 = LINE ( 'NONE', #2734, #7839 ) ;
#577 = EDGE_CURVE ( 'NONE', #6065, #3643, #3651, .T. ) ;
#578 = ORIENTED_EDGE ( 'NONE', *, *, #5203, .T. ) ;
#579 = CARTESIAN_POINT ( 'NONE',  ( 35.48647515897101812, 0.1106603886758377314, 11.31975401817861204 ) ) ;
#580 = ORIENTED_EDGE ( 'NONE', *, *, #4705, .T. ) ;
#581 = DIRECTION ( 'NONE',  ( 0.0000000000000000000, 1.000000000000000000, 0.0000000000000000000 ) ) ;
#582 = CARTESIAN_POINT ( 'NONE',  ( 8.116411109992029083, -7.000000000000002665, -30.95357605663032174 ) ) ;
#583 = FACE_OUTER_BOUND ( 'NONE', #8755, .T. ) ;
#584 = AXIS2_PLACEMENT_3D ( 'NONE', #5253, #6023, #2320 ) ;
#585 = ORIENTED_EDGE ( 'NONE', *, *, #3921, .F. ) ;
#586 = CARTESIAN_POINT ( 'NONE',  ( 132.0388227516856716, 1.893562021463762290, -0.6426277152727815078 ) ) ;
#587 = DIRECTION ( 'NONE',  ( 0.0000000000000000000, 0.0000000000000000000, -1.000000000000000000 ) ) ;
#588 = CARTESIAN_POINT ( 'NONE',  ( 133.0163285496111030, 1.215395024076976416, 3.581573664320896633 ) ) ;
#589 = DIRECTION ( 'NONE',  ( -0.9104950003043074114, 0.0000000000000000000, 0.4135200774096216003 ) ) ;
#590 = ORIENTED_EDGE ( 'NONE', *, *, #5247, .T. ) ;
#591 = EDGE_CURVE ( 'NONE', #7398, #4597, #7951, .T. ) ;
#592 = CARTESIAN_POINT ( 'NONE',  ( -1.006563849596665924E-16, 4.500000000000000888, 6.000000000000000000 ) ) ;
#593 = DIRECTION ( 'NONE',  ( -1.000000000000000000, 0.0000000000000000000, -1.677606415994443309E-17 ) ) ;
#594 = CARTESIAN_POINT ( 'NONE',  ( 22.74837764801966600, 7.000000000000002665, -22.50580623712643913 ) ) ;
#595 = VECTOR ( 'NONE', #247, 1000.000000000000000 ) ;
#596 = CARTESIAN_POINT ( 'NONE',  ( 132.0434597890044586, 1.903512313487056185, 0.6098036586207646881 ) ) ;
#597 = CARTESIAN_POINT ( 'NONE',  ( 15.08460647348984907, -5.000000000000001776, -34.00000000000000000 ) ) ;
#598 = DIRECTION ( 'NONE',  ( -1.000000000000000000, 0.0000000000000000000, -0.0000000000000000000 ) ) ;
#599 = EDGE_LOOP ( 'NONE', ( #2281, #4565, #8968, #4412 ) ) ;
#600 = CARTESIAN_POINT ( 'NONE',  ( 0.0000000000000000000, -5.000000000000000888, 0.0000000000000000000 ) ) ;
#601 = ADVANCED_FACE ( 'NONE', ( #535 ), #4713, .F. ) ;
#602 = ORIENTED_EDGE ( 'NONE', *, *, #187, .T. ) ;
#603 = CARTESIAN_POINT ( 'NONE',  ( 11.44539935986007961, 4.012368230248058332, -35.00000000000000000 ) ) ;
#604 = AXIS2_PLACEMENT_3D ( 'NONE', #8702, #4325, #717 ) ;
#605 = TOROIDAL_SURFACE ( 'NONE', #3956, 5.000000000000004441, 2.000000000000000000 ) ;
#606 = ORIENTED_EDGE ( 'NONE', *, *, #1828, .F. ) ;
#607 = VERTEX_POINT ( 'NONE', #7410 ) ;
#608 = DIRECTION ( 'NONE',  ( 0.0000000000000000000, 0.0000000000000000000, 1.000000000000000000 ) ) ;
#609 = DIRECTION ( 'NONE',  ( -0.0000000000000000000, -1.000000000000000000, -0.0000000000000000000 ) ) ;
#610 = CYLINDRICAL_SURFACE ( 'NONE', #7600, 2.000000000000001776 ) ;
#611 = CARTESIAN_POINT ( 'NONE',  ( 22.74837764801966600, 12.50000000000000000, -22.50580623712643913 ) ) ;
#612 = CARTESIAN_POINT ( 'NONE',  ( 15.08460647348984907, 4.000000000000002665, -35.00000000000000000 ) ) ;
#613 = VERTEX_POINT ( 'NONE', #5164 ) ;
#614 = DIRECTION ( 'NONE',  ( 0.0000000000000000000, 0.0000000000000000000, 1.000000000000000000 ) ) ;
#615 = LINE ( 'NONE', #1507, #2194 ) ;
#616 = ORIENTED_EDGE ( 'NONE', *, *, #187, .F. ) ;
#617 = EDGE_LOOP ( 'NONE', ( #8945, #1035, #1187, #5519, #9342 ) ) ;
#618 = AXIS2_PLACEMENT_3D ( 'NONE', #423, #1156, #3338 ) ;
#619 = CARTESIAN_POINT ( 'NONE',  ( 0.0000000000000000000, -4.000000000000000888, -34.00000000000000000 ) ) ;
#620 = CARTESIAN_POINT ( 'NONE',  ( 0.0000000000000000000, 4.500000000000000888, 0.0000000000000000000 ) ) ;
#621 = CIRCLE ( 'NONE', #7260, 1.000000000000000000 ) ;
#622 = VERTEX_POINT ( 'NONE', #8128 ) ;
#623 = ORIENTED_EDGE ( 'NONE', *, *, #8761, .T. ) ;
#624 = CARTESIAN_POINT ( 'NONE',  ( 132.0733275804408322, 1.967479485830408326, 0.3562909327827760153 ) ) ;
#625 = CARTESIAN_POINT ( 'NONE',  ( 132.9748452088902866, 0.7862854118892841360, 3.728818326389553572 ) ) ;
#626 = ORIENTED_EDGE ( 'NONE', *, *, #3756, .F. ) ;
#627 = EDGE_CURVE ( 'NONE', #6149, #8185, #762, .T. ) ;
#628 = DIRECTION ( 'NONE',  ( -0.0000000000000000000, -1.000000000000000000, -0.0000000000000000000 ) ) ;
#629 = CARTESIAN_POINT ( 'NONE',  ( 18.00000000000000000, -4.000000000000000888, -35.00000000000000000 ) ) ;
#630 = SPHERICAL_SURFACE ( 'NONE', #8853, 2.000000000000000000 ) ;
#631 = AXIS2_PLACEMENT_3D ( 'NONE', #5331, #5363, #8947 ) ;
#632 = CARTESIAN_POINT ( 'NONE',  ( 132.0052903619970266, 1.819110097922693514, -0.8300596702374328784 ) ) ;
#633 = CARTESIAN_POINT ( 'NONE',  ( 101.0263340389897166, -5.000000000000000888, -33.50000000000000000 ) ) ;
#634 = CARTESIAN_POINT ( 'NONE',  ( 8.116411109992025530, 23.43849360530937176, 28.95357605663032174 ) ) ;
#635 = DIRECTION ( 'NONE',  ( 3.469446951953611033E-15, 0.0000000000000000000, 1.000000000000000000 ) ) ;
#636 = EDGE_CURVE ( 'NONE', #334, #4343, #2452, .T. ) ;
#637 = SPHERICAL_SURFACE ( 'NONE', #7305, 2.000000000000000000 ) ;
#638 = DIRECTION ( 'NONE',  ( 0.0000000000000000000, 0.0000000000000000000, 1.000000000000000000 ) ) ;
#639 = CARTESIAN_POINT ( 'NONE',  ( 132.9835787202280244, -0.8932994327103097598, -3.698396822282388641 ) ) ;
#640 = CARTESIAN_POINT ( 'NONE',  ( 101.0263340389897166, 5.000000000000000000, 33.50000000000000000 ) ) ;
#641 = CARTESIAN_POINT ( 'NONE',  ( 128.7918727506958305, -1.045970710986391383, 1.782537440735527445 ) ) ;
#642 = CARTESIAN_POINT ( 'NONE',  ( 14.72054813725533329, 4.000000008605690383, -35.00000000000000000 ) ) ;
#643 = CARTESIAN_POINT ( 'NONE',  ( 131.6307935201315900, 0.5461112196261892482, -1.922273242873694832 ) ) ;
#644 = MECHANICAL_DESIGN_GEOMETRIC_PRESENTATION_REPRESENTATION (  '', ( #5808 ), #3866 ) ;
#645 = VECTOR ( 'NONE', #5411, 1000.000000000000000 ) ;
#646 = DIRECTION ( 'NONE',  ( 0.0000000000000000000, 0.0000000000000000000, -1.000000000000000000 ) ) ;
#647 = ADVANCED_FACE ( 'NONE', ( #9031 ), #4947, .F. ) ;
#648 = CARTESIAN_POINT ( 'NONE',  ( 32.66152951415597983, 4.525641703473033850, -4.714285714285714413 ) ) ;
#649 = EDGE_CURVE ( 'NONE', #5932, #1869, #8347, .T. ) ;
#650 = DIRECTION ( 'NONE',  ( 0.0000000000000000000, 1.000000000000000000, 0.0000000000000000000 ) ) ;
#651 = CARTESIAN_POINT ( 'NONE',  ( 131.8795737420819023, 1.513616849892528649, -1.308629710482997588 ) ) ;
#652 = CARTESIAN_POINT ( 'NONE',  ( 133.4858756767099521, 3.384199279953587158, -0.6295465931094506029 ) ) ;
#653 = CARTESIAN_POINT ( 'NONE',  ( 101.0263340389897166, -5.000000000000000888, -7.500000000000000888 ) ) ;
#654 = AXIS2_PLACEMENT_3D ( 'NONE', #6196, #5475, #4612 ) ;
#655 = CARTESIAN_POINT ( 'NONE',  ( 131.9661986490782510, 1.728976270720767650, -1.004985208551252507 ) ) ;
#656 = CARTESIAN_POINT ( 'NONE',  ( 101.0263340389897166, 1.500000000000000888, 3.500000000000001332 ) ) ;
#657 = DIRECTION ( 'NONE',  ( 0.0000000000000000000, 1.000000000000000000, -0.0000000000000000000 ) ) ;
#658 = FACE_OUTER_BOUND ( 'NONE', #3357, .T. ) ;
#659 = CARTESIAN_POINT ( 'NONE',  ( 2.204364238465235033E-15, 7.500000000000000888, 12.00000000000000355 ) ) ;
#660 = CYLINDRICAL_SURFACE ( 'NONE', #6439, 2.000000000000000000 ) ;
#661 = CARTESIAN_POINT ( 'NONE',  ( 12.17310579126469072, 4.033782051319231066, -35.00000000000000000 ) ) ;
#662 = EDGE_CURVE ( 'NONE', #6534, #7007, #8034, .T. ) ;
#663 = DIRECTION ( 'NONE',  ( -0.0000000000000000000, -1.000000000000000000, -0.0000000000000000000 ) ) ;
#664 = AXIS2_PLACEMENT_3D ( 'NONE', #2333, #1517, #3053 ) ;
#665 = TOROIDAL_SURFACE ( 'NONE', #4824, 35.00000000000000000, 2.000000000000000000 ) ;
#666 = CARTESIAN_POINT ( 'NONE',  ( 31.60696125855821847, -12.50000000000000000, -3.000000000000000888 ) ) ;
#667 = CARTESIAN_POINT ( 'NONE',  ( 132.0724386770217507, -1.782767475745094643, 1.045578587811935245 ) ) ;
#668 = ORIENTED_EDGE ( 'NONE', *, *, #174, .F. ) ;
#669 = CARTESIAN_POINT ( 'NONE',  ( 13.27672448269710870, 4.886875450365797846, -35.00000000000000000 ) ) ;
#670 = CARTESIAN_POINT ( 'NONE',  ( 110.9068397544786393, 5.402542469064679942, 9.981013037493690732 ) ) ;
#671 = ORIENTED_EDGE ( 'NONE', *, *, #5386, .F. ) ;
#672 = CARTESIAN_POINT ( 'NONE',  ( 101.0263340389897166, 4.000000000000000888, -7.500000000000000888 ) ) ;
#673 = FACE_OUTER_BOUND ( 'NONE', #6868, .T. ) ;
#674 = CARTESIAN_POINT ( 'NONE',  ( 32.89087137095435764, 5.249855219576955001, -3.991193066721878679 ) ) ;
#675 = CARTESIAN_POINT ( 'NONE',  ( 14.40106209202366827, 7.000000000000002665, -32.10006176782744092 ) ) ;
#676 = DIRECTION ( 'NONE',  ( 1.000000000000000000, 0.0000000000000000000, 0.0000000000000000000 ) ) ;
#677 = VERTEX_POINT ( 'NONE', #5284 ) ;
#678 = CARTESIAN_POINT ( 'NONE',  ( 131.8961148584408818, 1.556221379043117858, 1.255698859320705685 ) ) ;
#679 = CARTESIAN_POINT ( 'NONE',  ( 133.2961395875250048, 2.716588985156466407, -2.337792388730821180 ) ) ;
#680 = DIRECTION ( 'NONE',  ( -0.0000000000000000000, 1.000000000000000000, -0.0000000000000000000 ) ) ;
#681 = VERTEX_POINT ( 'NONE', #4552 ) ;
#682 = CIRCLE ( 'NONE', #4622, 11.00000000000000355 ) ;
#683 = CARTESIAN_POINT ( 'NONE',  ( 104.2705974099582420, -1.975235250244936847, 4.984601176495467634 ) ) ;
#684 = EDGE_LOOP ( 'NONE', ( #1826, #5317, #510 ) ) ;
#685 = CARTESIAN_POINT ( 'NONE',  ( 132.0563205775779352, 1.931415467351652593, -0.5188999793022169849 ) ) ;
#686 = CARTESIAN_POINT ( 'NONE',  ( 28.51304367304962994, -1.500000000000000888, 16.61343855132842151 ) ) ;
#687 = DIRECTION ( 'NONE',  ( 0.0000000000000000000, 0.0000000000000000000, -1.000000000000000000 ) ) ;
#688 = VERTEX_POINT ( 'NONE', #3823 ) ;
#689 = CARTESIAN_POINT ( 'NONE',  ( 25.54272524794511767, 5.000000000000000888, 20.09525284508728760 ) ) ;
#690 = ADVANCED_FACE ( 'NONE', ( #875 ), #1216, .T. ) ;
#691 = VERTEX_POINT ( 'NONE', #191 ) ;
#692 = AXIS2_PLACEMENT_3D ( 'NONE', #2840, #7888, #7916 ) ;
#693 = CIRCLE ( 'NONE', #3908, 2.000000000000000000 ) ;
#694 = ORIENTED_EDGE ( 'NONE', *, *, #5591, .F. ) ;
#695 = CARTESIAN_POINT ( 'NONE',  ( 35.89435657813280756, -1.255456670603508471E-12, 14.66074403129596249 ) ) ;
#696 = CARTESIAN_POINT ( 'NONE',  ( 133.0568024349991845, -1.524309535632353940, -3.431269612244516320 ) ) ;
#697 = DIRECTION ( 'NONE',  ( 0.0000000000000000000, 1.000000000000000000, 0.0000000000000000000 ) ) ;
#698 = ORIENTED_EDGE ( 'NONE', *, *, #1065, .T. ) ;
#699 = ORIENTED_EDGE ( 'NONE', *, *, #6505, .F. ) ;
#700 = EDGE_CURVE ( 'NONE', #1289, #9217, #1447, .T. ) ;
#701 = CARTESIAN_POINT ( 'NONE',  ( 109.7080667116296269, 5.917280323316361113, 8.750627467073906374 ) ) ;
#702 = EDGE_CURVE ( 'NONE', #622, #6279, #5640, .T. ) ;
#703 = LINE ( 'NONE', #6937, #3080 ) ;
#704 = CARTESIAN_POINT ( 'NONE',  ( 131.5921834493385347, 0.03141823559796411147, -2.000013199115273643 ) ) ;
#705 = EDGE_CURVE ( 'NONE', #2487, #688, #994, .T. ) ;
#706 = ORIENTED_EDGE ( 'NONE', *, *, #2221, .T. ) ;
#707 = DIRECTION ( 'NONE',  ( 0.0000000000000000000, 0.0000000000000000000, 1.000000000000000000 ) ) ;
#708 = CARTESIAN_POINT ( 'NONE',  ( 13.27672448269710870, -4.886875450365800511, -35.00000000000000000 ) ) ;
#709 = DIRECTION ( 'NONE',  ( 1.000000000000000000, 0.0000000000000000000, 0.0000000000000000000 ) ) ;
#710 = ORIENTED_EDGE ( 'NONE', *, *, #2454, .T. ) ;
#711 = DIRECTION ( 'NONE',  ( 0.8660254037844379305, 8.702618053222038374E-17, -0.5000000000000013323 ) ) ;
#712 = CARTESIAN_POINT ( 'NONE',  ( 32.40370349203930544, -6.734276003997041293, -3.000000000000001332 ) ) ;
#713 = AXIS2_PLACEMENT_3D ( 'NONE', #4561, #4594, #228 ) ;
#714 = ORIENTED_EDGE ( 'NONE', *, *, #3470, .F. ) ;
#715 = CARTESIAN_POINT ( 'NONE',  ( 132.0570598290223359, 1.932971358197746348, 0.5127773383192090195 ) ) ;
#716 = CARTESIAN_POINT ( 'NONE',  ( 133.0559925239432744, 1.517148267822171936, -3.434343608585467944 ) ) ;
#717 = DIRECTION ( 'NONE',  ( 0.0000000000000000000, 0.0000000000000000000, -1.000000000000000000 ) ) ;
#718 = CIRCLE ( 'NONE', #7664, 1.000000000000000000 ) ;
#719 = ORIENTED_EDGE ( 'NONE', *, *, #817, .T. ) ;
#720 = CARTESIAN_POINT ( 'NONE',  ( 12.90106209202365761, 7.000000000000002665, 32.50198555647411780 ) ) ;
#721 = TOROIDAL_SURFACE ( 'NONE', #9358, 65.00000000000000000, 2.000000000000000000 ) ;
#722 = DIRECTION ( 'NONE',  ( -1.000000000000000000, 0.0000000000000000000, 0.0000000000000000000 ) ) ;
#723 = CARTESIAN_POINT ( 'NONE',  ( 132.0284970062216701, 1.870733166318411911, 0.7036145463001336475 ) ) ;
#724 = ORIENTED_EDGE ( 'NONE', *, *, #8324, .F. ) ;
#725 = ORIENTED_EDGE ( 'NONE', *, *, #2236, .T. ) ;
#726 = CARTESIAN_POINT ( 'NONE',  ( 45.18879535542311743, 5.000000000000000000, -9.395049996956901239 ) ) ;
#727 = DIRECTION ( 'NONE',  ( 0.0000000000000000000, 1.000000000000000000, 0.0000000000000000000 ) ) ;
#728 = TOROIDAL_SURFACE ( 'NONE', #7200, 5.000000000000004441, 2.000000000000000000 ) ;
#729 = VECTOR ( 'NONE', #8582, 1000.000000000000000 ) ;
#730 = EDGE_LOOP ( 'NONE', ( #9013, #9245 ) ) ;
#731 = ORIENTED_EDGE ( 'NONE', *, *, #3786, .T. ) ;
#732 = ORIENTED_EDGE ( 'NONE', *, *, #5231, .F. ) ;
#733 = CARTESIAN_POINT ( 'NONE',  ( 133.2442090963932912, -2.506536524098233798, -2.617059547467668335 ) ) ;
#734 = CARTESIAN_POINT ( 'NONE',  ( 32.60712885353455448, -4.500000000000000888, -5.076923076923077538 ) ) ;
#735 = CARTESIAN_POINT ( 'NONE',  ( -11.76301780052941481, 1.836970198721031413E-16, -2.685121685822340343 ) ) ;
#736 = CARTESIAN_POINT ( 'NONE',  ( 131.9948189160220977, -1.045970710986391383, 1.782537440735527445 ) ) ;
#737 = CIRCLE ( 'NONE', #4724, 2.000000000000001332 ) ;
#738 = ORIENTED_EDGE ( 'NONE', *, *, #5190, .F. ) ;
#739 = ORIENTED_EDGE ( 'NONE', *, *, #7026, .T. ) ;
#740 = DIRECTION ( 'NONE',  ( 0.0000000000000000000, -1.000000000000000000, 0.0000000000000000000 ) ) ;
#741 = ORIENTED_EDGE ( 'NONE', *, *, #3436, .T. ) ;
#742 = CARTESIAN_POINT ( 'NONE',  ( 131.5921902772247165, -1.499233195704313962E-10, 2.000000000374880571 ) ) ;
#743 = ADVANCED_FACE ( 'NONE', ( #2567 ), #4498, .T. ) ;
#744 = ADVANCED_FACE ( 'NONE', ( #1781 ), #2916, .T. ) ;
#745 = CARTESIAN_POINT ( 'NONE',  ( 32.30468242770922416, 5.130933021065026800, -4.249540872287201232 ) ) ;
#746 = CARTESIAN_POINT ( 'NONE',  ( 131.9305128459883747, -1.641711234455101032, 1.140287482874647429 ) ) ;
#747 = DIRECTION ( 'NONE',  ( -0.0000000000000000000, -1.000000000000000000, -0.0000000000000000000 ) ) ;
#748 = FACE_OUTER_BOUND ( 'NONE', #6178, .T. ) ;
#749 = CARTESIAN_POINT ( 'NONE',  ( 131.7984933709457209, 1.282405228459548407, 1.534383264005188874 ) ) ;
#750 = CARTESIAN_POINT ( 'NONE',  ( 131.6615290238707416, -0.7381393881832510884, -1.857377749167946401 ) ) ;
#751 = CARTESIAN_POINT ( 'NONE',  ( 0.0000000000000000000, -7.000000000000000888, -30.00000000000000000 ) ) ;
#752 = EDGE_CURVE ( 'NONE', #5445, #4284, #7576, .T. ) ;
#753 = DIRECTION ( 'NONE',  ( 0.0000000000000000000, 1.000000000000000000, 0.0000000000000000000 ) ) ;
#754 = CARTESIAN_POINT ( 'NONE',  ( 131.6786169075150781, 0.8263048847895140270, -1.819972524454516183 ) ) ;
#755 = DIRECTION ( 'NONE',  ( 0.5000000000000013323, 0.0000000000000000000, -0.8660254037844379305 ) ) ;
#756 = CIRCLE ( 'NONE', #3194, 2.000000000000000000 ) ;
#757 = CARTESIAN_POINT ( 'NONE',  ( 31.60696125855821847, -7.000000000000002665, -5.000000000000000888 ) ) ;
#758 = EDGE_CURVE ( 'NONE', #6547, #9335, #9261, .T. ) ;
#759 = ORIENTED_EDGE ( 'NONE', *, *, #4828, .F. ) ;
#760 = CARTESIAN_POINT ( 'NONE',  ( 38.00000000000000000, -12.50000000000000000, 0.0000000000000000000 ) ) ;
#761 = CARTESIAN_POINT ( 'NONE',  ( 36.55761467487902650, 1.252311388992538577, 14.20869459110732791 ) ) ;
#762 = CIRCLE ( 'NONE', #7530, 1.000000000000000888 ) ;
#763 = CARTESIAN_POINT ( 'NONE',  ( 133.3712263445549127, -2.996498454963360647, -1.861035511610362070 ) ) ;
#764 = CARTESIAN_POINT ( 'NONE',  ( 29.23455647122458245, 2.319658391255907388E-18, -19.99999999999996803 ) ) ;
#765 = CARTESIAN_POINT ( 'NONE',  ( 109.6002153151504359, 5.171838035165688297, 8.623575824304493764 ) ) ;
#766 = DIRECTION ( 'NONE',  ( 0.0000000000000000000, 0.0000000000000000000, -1.000000000000000000 ) ) ;
#767 = DIRECTION ( 'NONE',  ( 0.0000000000000000000, 0.0000000000000000000, -1.000000000000000000 ) ) ;
#768 = AXIS2_PLACEMENT_3D ( 'NONE', #5039, #7289, #6531 ) ;
#769 = FACE_OUTER_BOUND ( 'NONE', #9061, .T. ) ;
#770 = CARTESIAN_POINT ( 'NONE',  ( 13.65577711147264317, -5.022521367682083238, -34.15033017895672884 ) ) ;
#771 = CIRCLE ( 'NONE', #8827, 2.000000000000001776 ) ;
#772 = CARTESIAN_POINT ( 'NONE',  ( 32.20914032432902729, 5.054499338356746918, -4.478823968499932917 ) ) ;
#773 = CARTESIAN_POINT ( 'NONE',  ( 131.6777743954702089, -0.8227467149828353588, 1.822237433410516472 ) ) ;
#774 = EDGE_CURVE ( 'NONE', #2553, #7252, #6804, .T. ) ;
#775 = CARTESIAN_POINT ( 'NONE',  ( 133.1536266033056108, 2.087256190846662474, -3.038678703625413036 ) ) ;
#776 = LINE ( 'NONE', #9190, #6706 ) ;
#777 = ORIENTED_EDGE ( 'NONE', *, *, #3817, .F. ) ;
#778 = AXIS2_PLACEMENT_3D ( 'NONE', #7501, #1723, #310 ) ;
#779 = CARTESIAN_POINT ( 'NONE',  ( 12.90106209202365761, -13.43849360530937176, 29.50198555647411780 ) ) ;
#780 = CARTESIAN_POINT ( 'NONE',  ( 120.0000000000000000, 3.500000000000000888, 0.0000000000000000000 ) ) ;
#781 = ORIENTED_EDGE ( 'NONE', *, *, #3506, .T. ) ;
#782 = CARTESIAN_POINT ( 'NONE',  ( 131.6447973078084601, 0.6419257375486469019, -1.893015054320300816 ) ) ;
#783 = CARTESIAN_POINT ( 'NONE',  ( 133.4064896702348335, 3.120258373344858338, -1.590550581197026414 ) ) ;
#784 = DIRECTION ( 'NONE',  ( -0.0000000000000000000, 1.000000000000000000, -0.0000000000000000000 ) ) ;
#785 = CARTESIAN_POINT ( 'NONE',  ( 28.10675701869502063, -4.000000000000004441, -21.07179676972446458 ) ) ;
#786 = ADVANCED_FACE ( 'NONE', ( #1559 ), #8136, .F. ) ;
#787 = ADVANCED_FACE ( 'NONE', ( #6913 ), #3718, .T. ) ;
#788 = VECTOR ( 'NONE', #2271, 1000.000000000000000 ) ;
#789 = ORIENTED_EDGE ( 'NONE', *, *, #1360, .T. ) ;
#790 = ORIENTED_EDGE ( 'NONE', *, *, #5770, .T. ) ;
#791 = AXIS2_PLACEMENT_3D ( 'NONE', #6331, #1257, #7156 ) ;
#792 = CARTESIAN_POINT ( 'NONE',  ( 133.1534694889136290, -2.088085252654882318, 3.040190571885037052 ) ) ;
#793 = DIRECTION ( 'NONE',  ( 0.0000000000000000000, 0.0000000000000000000, -1.000000000000000000 ) ) ;
#794 = DIRECTION ( 'NONE',  ( 0.0000000000000000000, 0.0000000000000000000, 1.000000000000000000 ) ) ;
#795 = DIRECTION ( 'NONE',  ( -0.0000000000000000000, 0.0000000000000000000, 1.000000000000000000 ) ) ;
#796 = TOROIDAL_SURFACE ( 'NONE', #1726, 5.000000000000000888, 2.000000000000000000 ) ;
#797 = DIRECTION ( 'NONE',  ( 0.0000000000000000000, 0.0000000000000000000, 1.000000000000000000 ) ) ;
#798 = ORIENTED_EDGE ( 'NONE', *, *, #705, .F. ) ;
#799 = ORIENTED_EDGE ( 'NONE', *, *, #8541, .F. ) ;
#800 = EDGE_CURVE ( 'NONE', #4131, #8201, #5397, .T. ) ;
#801 = CARTESIAN_POINT ( 'NONE',  ( 25.80052759655026051, -4.999477651487107543, 19.80230113189951879 ) ) ;
#802 = CARTESIAN_POINT ( 'NONE',  ( 12.52539970135020475, -4.886875450365800511, -35.00000000000000000 ) ) ;
#803 = CARTESIAN_POINT ( 'NONE',  ( 34.64101615137754919, 7.000000000000002665, 3.000000000000000444 ) ) ;
#804 = CARTESIAN_POINT ( 'NONE',  ( 32.81045824655721788, 4.711802618974597401, 3.682477189382547422 ) ) ;
#805 = LINE ( 'NONE', #7151, #3975 ) ;
#806 = ORIENTED_EDGE ( 'NONE', *, *, #3126, .F. ) ;
#807 = DIRECTION ( 'NONE',  ( -0.5000000000000000000, 0.0000000000000000000, 0.8660254037844385966 ) ) ;
#808 = AXIS2_PLACEMENT_3D ( 'NONE', #203, #940, #3121 ) ;
#809 = CARTESIAN_POINT ( 'NONE',  ( 131.6006593965939828, -0.2618572908466848537, -1.983380338132878729 ) ) ;
#810 = CARTESIAN_POINT ( 'NONE',  ( 101.0263340389897166, 5.000000000000000888, -6.000000000000000000 ) ) ;
#811 = VERTEX_POINT ( 'NONE', #3958 ) ;
#812 = ORIENTED_EDGE ( 'NONE', *, *, #5561, .T. ) ;
#813 = CARTESIAN_POINT ( 'NONE',  ( 21.32660404501843487, -13.43849360530937176, -21.09919334730603779 ) ) ;
#814 = CYLINDRICAL_SURFACE ( 'NONE', #3734, 0.5000000000000004441 ) ;
#815 = CARTESIAN_POINT ( 'NONE',  ( 131.6053485445389981, 0.3210420615865753335, -1.974161851749784757 ) ) ;
#816 = ORIENTED_EDGE ( 'NONE', *, *, #1610, .T. ) ;
#817 = EDGE_CURVE ( 'NONE', #2546, #6655, #6462, .T. ) ;
#818 = CARTESIAN_POINT ( 'NONE',  ( 0.0000000000000000000, -6.999999999999995559, 0.0000000000000000000 ) ) ;
#819 = CARTESIAN_POINT ( 'NONE',  ( 32.66152951415597983, 4.525641703473033850, -4.714285714285716189 ) ) ;
#820 = VERTEX_POINT ( 'NONE', #4588 ) ;
#821 = CARTESIAN_POINT ( 'NONE',  ( 133.0425186489282225, -1.423125579587200651, -3.485002715270295148 ) ) ;
#822 = VERTEX_POINT ( 'NONE', #7529 ) ;
#823 = CARTESIAN_POINT ( 'NONE',  ( 22.08892827196817521, -7.808829271016677787, -26.24843672938074590 ) ) ;
#824 = ORIENTED_EDGE ( 'NONE', *, *, #5299, .T. ) ;
#825 = CARTESIAN_POINT ( 'NONE',  ( 133.4437657320806920, -3.245460532991409242, 1.236757016433315703 ) ) ;
#826 = CARTESIAN_POINT ( 'NONE',  ( 21.28860175200237137, -12.50000000000000000, -23.87293985656782880 ) ) ;
#827 = CARTESIAN_POINT ( 'NONE',  ( 109.0837000562858066, 6.000000000000001776, 7.942568573129580756 ) ) ;
#828 = VERTEX_POINT ( 'NONE', #3162 ) ;
#829 = CARTESIAN_POINT ( 'NONE',  ( 101.0263340389897166, 4.500000000000000888, 33.50000000000000000 ) ) ;
#830 = CARTESIAN_POINT ( 'NONE',  ( 101.0263340389897166, -4.000000000000000888, 8.500000000000000000 ) ) ;
#831 = ORIENTED_EDGE ( 'NONE', *, *, #4819, .F. ) ;
#832 = EDGE_CURVE ( 'NONE', #7536, #7004, #8684, .T. ) ;
#833 = DIRECTION ( 'NONE',  ( 0.9396926207859082059, -0.0000000000000000000, 0.3420201433256694346 ) ) ;
#834 = CIRCLE ( 'NONE', #193, 0.5000000000000000000 ) ;
#835 = ORIENTED_EDGE ( 'NONE', *, *, #5231, .T. ) ;
#836 = EDGE_CURVE ( 'NONE', #1250, #1388, #3933, .T. ) ;
#837 = VERTEX_POINT ( 'NONE', #337 ) ;
#838 = EDGE_LOOP ( 'NONE', ( #1526, #6753, #4220, #8343 ) ) ;
#839 = EDGE_CURVE ( 'NONE', #2311, #3312, #6094, .T. ) ;
#840 = CARTESIAN_POINT ( 'NONE',  ( 28.88803787322598637, 2.873220203026019881, 16.15705579316468032 ) ) ;
#841 = ADVANCED_FACE ( 'NONE', ( #7262 ), #1806, .T. ) ;
#842 = FACE_OUTER_BOUND ( 'NONE', #5152, .T. ) ;
#843 = ORIENTED_EDGE ( 'NONE', *, *, #332, .F. ) ;
#844 = CIRCLE ( 'NONE', #1899, 13.00000000000000178 ) ;
#845 = CARTESIAN_POINT ( 'NONE',  ( 15.08460647348984907, 5.000000000000000888, 34.00000000000000000 ) ) ;
#846 = CARTESIAN_POINT ( 'NONE',  ( 132.0286109096546454, -1.871021059029249534, -0.7049860675411836475 ) ) ;
#847 = VERTEX_POINT ( 'NONE', #5520 ) ;
#848 = VERTEX_POINT ( 'NONE', #6969 ) ;
#849 = EDGE_CURVE ( 'NONE', #4414, #1173, #2016, .T. ) ;
#850 = DIRECTION ( 'NONE',  ( 0.0000000000000000000, 0.0000000000000000000, 1.000000000000000000 ) ) ;
#851 = DIRECTION ( 'NONE',  ( 0.0000000000000000000, 1.000000000000000000, 0.0000000000000000000 ) ) ;
#852 = CIRCLE ( 'NONE', #1885, 60.99999999999999289 ) ;
#853 = CARTESIAN_POINT ( 'NONE',  ( 131.7327592386111235, 1.058242712411004760, -1.696507513195991468 ) ) ;
#854 = ORIENTED_EDGE ( 'NONE', *, *, #1163, .F. ) ;
#855 = CARTESIAN_POINT ( 'NONE',  ( 21.29265927178764528, 6.850984917769593174, -23.86913984060295846 ) ) ;
#856 = ORIENTED_EDGE ( 'NONE', *, *, #6999, .F. ) ;
#857 = CARTESIAN_POINT ( 'NONE',  ( 131.5921903687414272, -0.0008479569944131418614, -1.999999820057304367 ) ) ;
#858 = ORIENTED_EDGE ( 'NONE', *, *, #8397, .F. ) ;
#859 = CIRCLE ( 'NONE', #231, 1.000000000000000888 ) ;
#860 = CARTESIAN_POINT ( 'NONE',  ( 49.32399612951925860, -5.000000000000000888, 18.50000000000000355 ) ) ;
#861 = DIRECTION ( 'NONE',  ( -0.0000000000000000000, 1.000000000000000000, -0.0000000000000000000 ) ) ;
#862 = ORIENTED_EDGE ( 'NONE', *, *, #1323, .F. ) ;
#863 = CARTESIAN_POINT ( 'NONE',  ( 133.4439351167182508, 3.246681243065395073, 1.230504956673171391 ) ) ;
#864 = EDGE_CURVE ( 'NONE', #1671, #3078, #2684, .T. ) ;
#865 = DIRECTION ( 'NONE',  ( 0.0000000000000000000, 1.000000000000000000, 0.0000000000000000000 ) ) ;
#866 = DIRECTION ( 'NONE',  ( 1.000000000000000000, -0.0000000000000000000, 0.0000000000000000000 ) ) ;
#867 = VECTOR ( 'NONE', #10, 999.9999999999997726 ) ;
#868 = AXIS2_PLACEMENT_3D ( 'NONE', #6159, #6840, #7492 ) ;
#869 = CARTESIAN_POINT ( 'NONE',  ( 33.46008042938468208, 1.500000000000000888, 10.26757116649835844 ) ) ;
#870 = CARTESIAN_POINT ( 'NONE',  ( 33.35338580610300596, 1.500000000000000444, 10.41213391093760343 ) ) ;
#871 = CARTESIAN_POINT ( 'NONE',  ( 35.00000000000008527, 0.0000000000000000000, -27.99999999999995737 ) ) ;
#872 = CARTESIAN_POINT ( 'NONE',  ( 131.5922274019555402, 0.06402617923212439166, 1.999928846526504378 ) ) ;
#873 = CARTESIAN_POINT ( 'NONE',  ( 132.0761051573279872, -1.973300317037210094, -0.3230183596515227573 ) ) ;
#874 = EDGE_LOOP ( 'NONE', ( #2703, #2497, #3858, #249, #7764 ) ) ;
#875 = FACE_OUTER_BOUND ( 'NONE', #9186, .T. ) ;
#876 = ORIENTED_EDGE ( 'NONE', *, *, #7471, .T. ) ;
#877 = AXIS2_PLACEMENT_3D ( 'NONE', #6957, #7024, #6250 ) ;
#878 = DIRECTION ( 'NONE',  ( -1.000000000000000000, 0.0000000000000000000, -8.388032079972216237E-17 ) ) ;
#879 = AXIS2_PLACEMENT_3D ( 'NONE', #1523, #57, #2245 ) ;
#880 = CARTESIAN_POINT ( 'NONE',  ( 29.63152617989832649, 19.73542744538947247, -4.687500000000003553 ) ) ;
#881 = CARTESIAN_POINT ( 'NONE',  ( 133.1528813790266668, 2.091227791882944498, -3.045025425614660719 ) ) ;
#882 = CARTESIAN_POINT ( 'NONE',  ( 20.59893790797642765, -7.982970117485801431, 28.52171649708322576 ) ) ;
#883 = EDGE_LOOP ( 'NONE', ( #488, #8883, #6379, #8118, #1277 ) ) ;
#884 = ADVANCED_FACE ( 'NONE', ( #293 ), #3368, .F. ) ;
#885 = LINE ( 'NONE', #256, #2462 ) ;
#886 = ADVANCED_FACE ( 'NONE', ( #5288 ), #3137, .F. ) ;
#887 = EDGE_CURVE ( 'NONE', #2819, #3998, #5444, .T. ) ;
#888 = EDGE_CURVE ( 'NONE', #2487, #3171, #2187, .T. ) ;
#889 = CARTESIAN_POINT ( 'NONE',  ( 27.32806471010536598, 4.941932032210253567, -18.03153692911526917 ) ) ;
#890 = CIRCLE ( 'NONE', #272, 1.000000000000000000 ) ;
#891 = CARTESIAN_POINT ( 'NONE',  ( 133.1037279438604912, 1.817452102296190031, 3.247063962930596848 ) ) ;
#892 = DIRECTION ( 'NONE',  ( 0.0000000000000000000, 0.0000000000000000000, -1.000000000000000000 ) ) ;
#893 = CARTESIAN_POINT ( 'NONE',  ( 120.0000000000000000, 12.50000000000000000, 13.50000000000000178 ) ) ;
#894 = DIRECTION ( 'NONE',  ( 0.0000000000000000000, -1.000000000000000000, 0.0000000000000000000 ) ) ;
#895 = ORIENTED_EDGE ( 'NONE', *, *, #3365, .F. ) ;
#896 = AXIS2_PLACEMENT_3D ( 'NONE', #7535, #4535, #6760 ) ;
#897 = AXIS2_PLACEMENT_3D ( 'NONE', #4085, #512, #4124 ) ;
#898 = CARTESIAN_POINT ( 'NONE',  ( 32.16665785485058393, 4.525641703473035626, 4.642857142857145014 ) ) ;
#899 = CARTESIAN_POINT ( 'NONE',  ( 110.5428424722017269, -4.959305257333798345, -9.640582175807397292 ) ) ;
#900 = FACE_OUTER_BOUND ( 'NONE', #6956, .T. ) ;
#901 = DIRECTION ( 'NONE',  ( -0.0000000000000000000, 1.000000000000000000, -0.0000000000000000000 ) ) ;
#902 = DIRECTION ( 'NONE',  ( 0.0000000000000000000, 0.0000000000000000000, 1.000000000000000000 ) ) ;
#903 = VERTEX_POINT ( 'NONE', #5641 ) ;
#904 = CARTESIAN_POINT ( 'NONE',  ( 132.0641056445244601, -1.947920761584866600, -0.4532991717485000960 ) ) ;
#905 = AXIS2_PLACEMENT_3D ( 'NONE', #1262, #3415, #2003 ) ;
#906 = CARTESIAN_POINT ( 'NONE',  ( 101.0263340389897166, 4.500000000000000888, -33.50000000000000000 ) ) ;
#907 = CARTESIAN_POINT ( 'NONE',  ( 32.64415314366308962, 4.508528611320957502, 4.834672740464942997 ) ) ;
#908 = VERTEX_POINT ( 'NONE', #2749 ) ;
#909 = CARTESIAN_POINT ( 'NONE',  ( 32.62825949218493093, -6.544244489155953914, 3.000000000000000444 ) ) ;
#910 = CARTESIAN_POINT ( 'NONE',  ( 133.0158457686638087, 1.209449238798933290, -3.583326153469278630 ) ) ;
#911 = CARTESIAN_POINT ( 'NONE',  ( 20.78680666682080869, -7.990058775177100614, 28.41325041859209932 ) ) ;
#912 = ORIENTED_EDGE ( 'NONE', *, *, #4903, .T. ) ;
#913 = B_SPLINE_CURVE_WITH_KNOTS ( 'NONE', 3,
 ( #1782, #1907, #4714, #2498 ),
 .UNSPECIFIED., .F., .F.,
 ( 4, 4 ),
 ( 0.0000000000000000000, 0.0003675905134978684082 ),
 .UNSPECIFIED. ) ;
#914 = FACE_OUTER_BOUND ( 'NONE', #6316, .T. ) ;
#915 = ORIENTED_EDGE ( 'NONE', *, *, #3191, .F. ) ;
#916 = CARTESIAN_POINT ( 'NONE',  ( 133.4438578804751501, -3.245802930721635171, 1.235756433522619657 ) ) ;
#917 = AXIS2_PLACEMENT_3D ( 'NONE', #2896, #3727, #2992 ) ;
#918 = CARTESIAN_POINT ( 'NONE',  ( 133.4636298519144759, 3.311908785717709414, -0.9977300381242709681 ) ) ;
#919 = CARTESIAN_POINT ( 'NONE',  ( 104.6762038286829863, 4.999999999999999112, 6.119741461674083283 ) ) ;
#920 = CARTESIAN_POINT ( 'NONE',  ( 18.00000000000003553, -4.999999999999990230, -30.97879924481294367 ) ) ;
#921 = DIRECTION ( 'NONE',  ( -0.0000000000000000000, 1.000000000000000000, -0.0000000000000000000 ) ) ;
#922 = ORIENTED_EDGE ( 'NONE', *, *, #9394, .F. ) ;
#923 = CARTESIAN_POINT ( 'NONE',  ( 20.59893790797642765, 7.982970117485796102, -28.52171649708322576 ) ) ;
#924 = LINE ( 'NONE', #3714, #5119 ) ;
#925 =( BOUNDED_CURVE ( )  B_SPLINE_CURVE ( 3, ( #5328, #3857, #5393, #3237 ),
 .UNSPECIFIED., .F., .F. ) 
 B_SPLINE_CURVE_WITH_KNOTS ( ( 4, 4 ),
 ( 1.315247190375579800, 1.505535450373613360 ),
 .UNSPECIFIED. ) 
 CURVE ( )  GEOMETRIC_REPRESENTATION_ITEM ( )  RATIONAL_B_SPLINE_CURVE ( ( 1.000000000000000000, 0.9969848071011846447, 0.9969848071011846447, 1.000000000000000000 ) ) 
 REPRESENTATION_ITEM ( '' )  );
#926 = ORIENTED_EDGE ( 'NONE', *, *, #3084, .F. ) ;
#927 = DIRECTION ( 'NONE',  ( 0.1414213562373087540, 0.1414213562373092259, -0.9797958971132714190 ) ) ;
#928 = ORIENTED_EDGE ( 'NONE', *, *, #6525, .F. ) ;
#929 = CARTESIAN_POINT ( 'NONE',  ( 15.08460647348984907, 4.000000000000000888, 35.00000000000000000 ) ) ;
#930 = VERTEX_POINT ( 'NONE', #6463 ) ;
#931 = DIRECTION ( 'NONE',  ( 0.0000000000000000000, 0.0000000000000000000, 1.000000000000000000 ) ) ;
#932 = AXIS2_PLACEMENT_3D ( 'NONE', #2622, #7710, #8415 ) ;
#933 = FACE_OUTER_BOUND ( 'NONE', #6829, .T. ) ;
#934 = CARTESIAN_POINT ( 'NONE',  ( 132.0807562401241739, -1.983064151908349615, -0.2579749898088691262 ) ) ;
#935 = CARTESIAN_POINT ( 'NONE',  ( 131.7477581627952929, -1.112149194899185733, 1.661226114141947541 ) ) ;
#936 = EDGE_LOOP ( 'NONE', ( #4142, #4473, #6730, #3102 ) ) ;
#937 = ORIENTED_EDGE ( 'NONE', *, *, #177, .T. ) ;
#938 = CARTESIAN_POINT ( 'NONE',  ( 32.66152951415597983, 4.525641703473033850, -4.714285714285716189 ) ) ;
#939 = EDGE_CURVE ( 'NONE', #5429, #8760, #8465, .T. ) ;
#940 = DIRECTION ( 'NONE',  ( -1.000000000000000000, 0.0000000000000000000, 0.0000000000000000000 ) ) ;
#941 = CARTESIAN_POINT ( 'NONE',  ( 28.60849289347200397, 3.179892347261609409, -16.49762337497966413 ) ) ;
#942 = CARTESIAN_POINT ( 'NONE',  ( 133.4930840497419808, -3.407339543861493070, -0.4365655289626538260 ) ) ;
#943 = VECTOR ( 'NONE', #7397, 1000.000000000000000 ) ;
#944 = ORIENTED_EDGE ( 'NONE', *, *, #8677, .T. ) ;
#945 = CIRCLE ( 'NONE', #6958, 60.99999999999999289 ) ;
#946 = ORIENTED_EDGE ( 'NONE', *, *, #8005, .F. ) ;
#947 = EDGE_LOOP ( 'NONE', ( #6312, #6276, #6378, #4796 ) ) ;
#948 = CARTESIAN_POINT ( 'NONE',  ( 132.9544388535593953, -0.4464301798960756407, 3.799037020477343152 ) ) ;
#949 = PRESENTATION_LAYER_ASSIGNMENT (  '', '', ( #5808 ) ) ;
#950 = DIRECTION ( 'NONE',  ( 1.000000000000000000, 0.0000000000000000000, 0.0000000000000000000 ) ) ;
#951 = CARTESIAN_POINT ( 'NONE',  ( 133.4319990195541834, 3.207024757293240214, -1.358266396728613490 ) ) ;
#952 = DIRECTION ( 'NONE',  ( 0.0000000000000000000, -1.000000000000000000, 0.0000000000000000000 ) ) ;
#953 = DIRECTION ( 'NONE',  ( 0.0000000000000000000, 0.0000000000000000000, -1.000000000000000000 ) ) ;
#954 = CARTESIAN_POINT ( 'NONE',  ( 101.0263340389897166, -4.000000000000000888, 33.50000000000000000 ) ) ;
#955 = DIRECTION ( 'NONE',  ( 0.0000000000000000000, 0.0000000000000000000, 1.000000000000000000 ) ) ;
#956 = CARTESIAN_POINT ( 'NONE',  ( 22.01285227611682771, 7.891297630613934189, -26.66838061746753752 ) ) ;
#957 = EDGE_CURVE ( 'NONE', #3793, #223, #5064, .T. ) ;
#958 = CYLINDRICAL_SURFACE ( 'NONE', #3395, 0.5000000000000004441 ) ;
#959 = EDGE_CURVE ( 'NONE', #2949, #8375, #3484, .T. ) ;
#960 = ORIENTED_EDGE ( 'NONE', *, *, #4289, .F. ) ;
#961 = CIRCLE ( 'NONE', #5776, 12.99999999999999112 ) ;
#962 = EDGE_LOOP ( 'NONE', ( #1164, #1592, #5207 ) ) ;
#963 = ORIENTED_EDGE ( 'NONE', *, *, #5430, .F. ) ;
#964 = CARTESIAN_POINT ( 'NONE',  ( 101.0263340389897166, -4.500000000000000888, -5.500000000000000888 ) ) ;
#965 = EDGE_LOOP ( 'NONE', ( #6416, #9296, #7181, #1946 ) ) ;
#966 = CARTESIAN_POINT ( 'NONE',  ( 49.32399612951925860, 1.500000000000000888, 18.50000000000000355 ) ) ;
#967 = CARTESIAN_POINT ( 'NONE',  ( 11.44250226628835954, -5.008857987695153113, 34.09323539580162077 ) ) ;
#968 = AXIS2_PLACEMENT_3D ( 'NONE', #1692, #3110, #902 ) ;
#969 = FACE_BOUND ( 'NONE', #5204, .T. ) ;
#970 = CARTESIAN_POINT ( 'NONE',  ( 19.72057922640477301, 7.949827917249078446, -29.02883711833366931 ) ) ;
#971 = CARTESIAN_POINT ( 'NONE',  ( 131.9523497577547460, -1.695786183780850775, -1.058796544145641061 ) ) ;
#972 = EDGE_LOOP ( 'NONE', ( #3661, #4483, #7546, #1121, #7284 ) ) ;
#973 = CARTESIAN_POINT ( 'NONE',  ( 131.6088961972042739, -0.3594993975714654844, 1.966931662136746306 ) ) ;
#974 = CARTESIAN_POINT ( 'NONE',  ( 132.9491454697852646, -0.2847495935503416287, -3.817024324761137066 ) ) ;
#975 = ORIENTED_EDGE ( 'NONE', *, *, #9030, .T. ) ;
#976 = ORIENTED_EDGE ( 'NONE', *, *, #1008, .T. ) ;
#977 = CARTESIAN_POINT ( 'NONE',  ( 21.78511551902307275, 7.969755015572498102, 27.27674284014844019 ) ) ;
#978 = CARTESIAN_POINT ( 'NONE',  ( 103.9668151736346715, -1.500000000000001332, -3.906736113962065549 ) ) ;
#979 = CARTESIAN_POINT ( 'NONE',  ( 49.32399612951925860, -4.500000000000000888, -18.50000000000000355 ) ) ;
#980 = DIRECTION ( 'NONE',  ( -1.000000000000000000, -0.0000000000000000000, -1.209068259567990048E-15 ) ) ;
#981 = LINE ( 'NONE', #3765, #8807 ) ;
#982 = AXIS2_PLACEMENT_3D ( 'NONE', #9149, #7978, #4361 ) ;
#983 = B_SPLINE_CURVE_WITH_KNOTS ( 'NONE', 3,
 ( #1665, #4505, #3826, #5997, #2262, #2294 ),
 .UNSPECIFIED., .F., .F.,
 ( 4, 2, 4 ),
 ( 0.0000000000000000000, 0.0004189104675113694467, 0.0008378209350227388934 ),
 .UNSPECIFIED. ) ;
#984 = CARTESIAN_POINT ( 'NONE',  ( 133.0557235094177884, -1.527763964535429508, -3.436312210840887893 ) ) ;
#985 = DIRECTION ( 'NONE',  ( 0.0000000000000000000, 0.0000000000000000000, -1.000000000000000000 ) ) ;
#986 = CYLINDRICAL_SURFACE ( 'NONE', #2718, 28.00000000000000000 ) ;
#987 = CARTESIAN_POINT ( 'NONE',  ( 133.0037894967063039, -1.103659724005453091, 3.626692362135914394 ) ) ;
#988 = DIRECTION ( 'NONE',  ( 0.0000000000000000000, 1.000000000000000000, 0.0000000000000000000 ) ) ;
#989 = DIRECTION ( 'NONE',  ( 1.000000000000000000, -0.0000000000000000000, 1.209068259567990048E-15 ) ) ;
#990 = CARTESIAN_POINT ( 'NONE',  ( 101.0263340389897166, 4.000000000000000888, 33.50000000000000000 ) ) ;
#991 = CARTESIAN_POINT ( 'NONE',  ( 22.06175577363059048, 7.572226491139429250, -25.41036149397169197 ) ) ;
#992 = AXIS2_PLACEMENT_3D ( 'NONE', #4933, #5701, #2090 ) ;
#993 = ORIENTED_EDGE ( 'NONE', *, *, #8656, .T. ) ;
#994 = CIRCLE ( 'NONE', #4104, 2.000000000000000444 ) ;
#995 = DIRECTION ( 'NONE',  ( -0.0000000000000000000, 1.000000000000000000, 1.740523610644402991E-16 ) ) ;
#996 = DIRECTION ( 'NONE',  ( 0.0000000000000000000, 0.0000000000000000000, -1.000000000000000000 ) ) ;
#997 = CARTESIAN_POINT ( 'NONE',  ( 14.40106209202366827, -12.50000000000000000, -32.10006176782744092 ) ) ;
#998 = CARTESIAN_POINT ( 'NONE',  ( 132.9603310413307611, -0.5647959076264574829, -3.778953539455190747 ) ) ;
#999 = VECTOR ( 'NONE', #7582, 1000.000000000000000 ) ;
#1000 = CIRCLE ( 'NONE', #4733, 9.999999999999998224 ) ;
#1001 = AXIS2_PLACEMENT_3D ( 'NONE', #3310, #7671, #9205 ) ;
#1002 = CARTESIAN_POINT ( 'NONE',  ( 8.116411109992025530, -7.000000000000002665, -30.95357605663032174 ) ) ;
#1003 = CIRCLE ( 'NONE', #400, 2.000000000000000000 ) ;
#1004 = CARTESIAN_POINT ( 'NONE',  ( 133.4723236535635635, -3.340125573554936889, -0.8729320494201718850 ) ) ;
#1005 = ORIENTED_EDGE ( 'NONE', *, *, #5688, .T. ) ;
#1006 = EDGE_CURVE ( 'NONE', #7651, #2912, #1096, .T. ) ;
#1007 = EDGE_CURVE ( 'NONE', #7548, #5915, #8812, .T. ) ;
#1008 = EDGE_CURVE ( 'NONE', #3135, #3614, #1338, .T. ) ;
#1009 = CARTESIAN_POINT ( 'NONE',  ( 133.2971637264161018, -2.738354689097271866, 2.358753840475426689 ) ) ;
#1010 = DIRECTION ( 'NONE',  ( -1.000000000000000000, 0.0000000000000000000, -8.388032079972216237E-17 ) ) ;
#1011 = CARTESIAN_POINT ( 'NONE',  ( 131.8758910569279692, -1.503929879524681823, -1.319791620153183631 ) ) ;
#1012 = CARTESIAN_POINT ( 'NONE',  ( 131.9950006892376564, 1.047260398068162068, 1.781729544381216224 ) ) ;
#1013 = DIRECTION ( 'NONE',  ( 0.6835668097206930582, -0.0000000000000000000, 0.7298879480086473137 ) ) ;
#1014 = CIRCLE ( 'NONE', #2634, 3.000000000000002665 ) ;
#1015 = CARTESIAN_POINT ( 'NONE',  ( 128.9777064304544751, 1.896189483942316567, -0.6446761757932206738 ) ) ;
#1016 = ORIENTED_EDGE ( 'NONE', *, *, #5029, .F. ) ;
#1017 = ORIENTED_EDGE ( 'NONE', *, *, #1191, .F. ) ;
#1018 = DIRECTION ( 'NONE',  ( 0.0000000000000000000, 0.0000000000000000000, 1.000000000000000000 ) ) ;
#1019 = CIRCLE ( 'NONE', #1236, 22.00000000000000000 ) ;
#1020 = ORIENTED_EDGE ( 'NONE', *, *, #379, .F. ) ;
#1021 = CARTESIAN_POINT ( 'NONE',  ( 31.60696125855821847, 12.50000000000000000, -5.000000000000000888 ) ) ;
#1022 = CARTESIAN_POINT ( 'NONE',  ( 131.8988615272893128, -1.563348735030405390, -1.246829885906192148 ) ) ;
#1023 = ORIENTED_EDGE ( 'NONE', *, *, #6525, .T. ) ;
#1024 = AXIS2_PLACEMENT_3D ( 'NONE', #1253, #4240, #7792 ) ;
#1025 = DIRECTION ( 'NONE',  ( 0.0000000000000000000, 0.0000000000000000000, 1.000000000000000000 ) ) ;
#1026 = ADVANCED_FACE ( 'NONE', ( #8575 ), #7032, .F. ) ;
#1027 = CIRCLE ( 'NONE', #7399, 3.000000000000002665 ) ;
#1028 = CARTESIAN_POINT ( 'NONE',  ( 32.86335345030996535, -1.500000000000000888, -3.000000000000000888 ) ) ;
#1029 = DIRECTION ( 'NONE',  ( 0.0000000000000000000, 0.0000000000000000000, 1.000000000000000000 ) ) ;
#1030 = VERTEX_POINT ( 'NONE', #4935 ) ;
#1031 = CARTESIAN_POINT ( 'NONE',  ( 0.0000000000000000000, -4.999999999999995559, -3.481047221288805982E-16 ) ) ;
#1032 = B_SPLINE_CURVE_WITH_KNOTS ( 'NONE', 3,
 ( #5278, #6153, #6055, #2401, #2436, #2457, #3128, #6113, #8291, #1712, #7579, #6808, #333, #3840, #3955, #7525, #8203, #1037 ),
 .UNSPECIFIED., .F., .F.,
 ( 4, 2, 2, 2, 2, 2, 2, 2, 4 ),
 ( -9.051976098832888572E-06, 0.0005321138317844675489, 0.001073279639667768957, 0.002155611255434371990, 0.002696777063317673181, 0.003237942871200973939, 0.003779108679084274697, 0.004049691583025917703, 0.004320274486967559842 ),
 .UNSPECIFIED. ) ;
#1033 = CARTESIAN_POINT ( 'NONE',  ( 133.2972706468724766, -2.721698078817049726, -2.332835760808625647 ) ) ;
#1034 = CARTESIAN_POINT ( 'NONE',  ( 0.0000000000000000000, 2.500000000000000444, 0.0000000000000000000 ) ) ;
#1035 = ORIENTED_EDGE ( 'NONE', *, *, #523, .F. ) ;
#1036 = CIRCLE ( 'NONE', #5483, 0.5000000000000004441 ) ;
#1037 = CARTESIAN_POINT ( 'NONE',  ( 104.5228874831234407, 3.500000000000000888, -5.719177225785468721 ) ) ;
#1038 = VERTEX_POINT ( 'NONE', #8576 ) ;
#1039 = AXIS2_PLACEMENT_3D ( 'NONE', #6664, #894, #2285 ) ;
#1040 = CARTESIAN_POINT ( 'NONE',  ( 131.5921972786362915, -0.03307098397931768075, -1.999986459369760050 ) ) ;
#1041 = ADVANCED_FACE ( 'NONE', ( #4604 ), #4834, .F. ) ;
#1042 = CARTESIAN_POINT ( 'NONE',  ( 18.00000000000003553, 23.43849360530937176, -30.02221399786052913 ) ) ;
#1043 = DIRECTION ( 'NONE',  ( 1.000000000000000000, -0.0000000000000000000, 0.0000000000000000000 ) ) ;
#1044 = EDGE_LOOP ( 'NONE', ( #6169, #7822 ) ) ;
#1045 = DIRECTION ( 'NONE',  ( -0.0000000000000000000, 1.000000000000000000, -0.0000000000000000000 ) ) ;
#1046 = ORIENTED_EDGE ( 'NONE', *, *, #3304, .T. ) ;
#1047 = VERTEX_POINT ( 'NONE', #5576 ) ;
#1048 = ORIENTED_EDGE ( 'NONE', *, *, #65, .T. ) ;
#1049 = CARTESIAN_POINT ( 'NONE',  ( 20.59893790797642765, -7.982970117485801431, 28.52171649708322576 ) ) ;
#1050 = EDGE_CURVE ( 'NONE', #2856, #1754, #79, .T. ) ;
#1051 = ORIENTED_EDGE ( 'NONE', *, *, #577, .T. ) ;
#1052 = ORIENTED_EDGE ( 'NONE', *, *, #6638, .T. ) ;
#1053 = VECTOR ( 'NONE', #3967, 1000.000000000000000 ) ;
#1054 = DIRECTION ( 'NONE',  ( 0.0000000000000000000, 0.0000000000000000000, -1.000000000000000000 ) ) ;
#1055 = CARTESIAN_POINT ( 'NONE',  ( 21.50146647703955338, -7.000000000000003553, 24.12701665379262650 ) ) ;
#1056 = AXIS2_PLACEMENT_3D ( 'NONE', #1591, #4378, #3757 ) ;
#1057 = ORIENTED_EDGE ( 'NONE', *, *, #4098, .F. ) ;
#1058 = CARTESIAN_POINT ( 'NONE',  ( 131.8792277775376931, -1.512566056358473299, -1.309207162759608467 ) ) ;
#1059 = CARTESIAN_POINT ( 'NONE',  ( 131.6445458334787588, -0.6422790502288555636, 1.893679775926031317 ) ) ;
#1060 = CARTESIAN_POINT ( 'NONE',  ( 12.90106209202365761, 7.000000000000002665, 29.50198555647411780 ) ) ;
#1061 = FACE_OUTER_BOUND ( 'NONE', #1286, .T. ) ;
#1062 = CARTESIAN_POINT ( 'NONE',  ( 14.72236657338077137, 5.000000000000000000, -34.05065744603042788 ) ) ;
#1063 = ORIENTED_EDGE ( 'NONE', *, *, #4945, .F. ) ;
#1064 = CIRCLE ( 'NONE', #8867, 11.00000000000000000 ) ;
#1065 = EDGE_CURVE ( 'NONE', #6242, #7780, #6352, .T. ) ;
#1066 = CARTESIAN_POINT ( 'NONE',  ( 49.32399612951925860, 4.000000000000000888, -7.500000000000004441 ) ) ;
#1067 = ORIENTED_EDGE ( 'NONE', *, *, #4704, .T. ) ;
#1068 = EDGE_LOOP ( 'NONE', ( #8403, #9124, #9284, #3167 ) ) ;
#1069 = CARTESIAN_POINT ( 'NONE',  ( 131.8104093238771952, -1.319157370402691543, 1.503436467980356683 ) ) ;
#1070 = TOROIDAL_SURFACE ( 'NONE', #2668, 30.00000000000000000, 2.000000000000000000 ) ;
#1071 = EDGE_LOOP ( 'NONE', ( #2060, #3602, #2215, #8780 ) ) ;
#1072 = AXIS2_PLACEMENT_3D ( 'NONE', #1211, #3328, #6308 ) ;
#1073 = CARTESIAN_POINT ( 'NONE',  ( 21.00686250028173419, -6.038560876695203916, -22.75106345769253835 ) ) ;
#1074 = ORIENTED_EDGE ( 'NONE', *, *, #7796, .F. ) ;
#1075 = CARTESIAN_POINT ( 'NONE',  ( 133.1275568637462072, 1.950471282563480901, -3.149370915254493752 ) ) ;
#1076 = CARTESIAN_POINT ( 'NONE',  ( 23.24002542929029147, -5.000000000000000888, -21.75500200160157860 ) ) ;
#1077 = ORIENTED_EDGE ( 'NONE', *, *, #3921, .T. ) ;
#1078 = CARTESIAN_POINT ( 'NONE',  ( 26.01968164206198963, 5.000000000000000888, -21.75500200160157505 ) ) ;
#1079 = CARTESIAN_POINT ( 'NONE',  ( 18.85164659090051842, -7.868658824696290743, -29.53051560934970254 ) ) ;
#1080 = CARTESIAN_POINT ( 'NONE',  ( 101.0263340389897166, -1.500000000000000888, -3.500000000000000444 ) ) ;
#1081 = ADVANCED_FACE ( 'NONE', ( #5172 ), #8242, .F. ) ;
#1082 = CYLINDRICAL_SURFACE ( 'NONE', #6893, 0.5000000000000004441 ) ;
#1083 = VERTEX_POINT ( 'NONE', #4153 ) ;
#1084 = AXIS2_PLACEMENT_3D ( 'NONE', #1193, #7759, #6281 ) ;
#1085 = CARTESIAN_POINT ( 'NONE',  ( 49.32399612951925860, -3.500000000000000888, -3.500000000000004885 ) ) ;
#1086 = CARTESIAN_POINT ( 'NONE',  ( 6.783642122844339693E-16, -1.500000000000000888, -5.000000000000005329 ) ) ;
#1087 = DIRECTION ( 'NONE',  ( 0.0000000000000000000, 0.0000000000000000000, -1.000000000000000000 ) ) ;
#1088 = CARTESIAN_POINT ( 'NONE',  ( 131.8922411912560051, -1.546282015594881321, -1.268003543047899306 ) ) ;
#1089 = CYLINDRICAL_SURFACE ( 'NONE', #2905, 2.000000000000001776 ) ;
#1090 = ADVANCED_FACE ( 'NONE', ( #8458 ), #3360, .F. ) ;
#1091 = DIRECTION ( 'NONE',  ( 0.0000000000000000000, 0.0000000000000000000, -1.000000000000000000 ) ) ;
#1092 = CARTESIAN_POINT ( 'NONE',  ( 104.1355709228951127, -1.694959517616837941, -4.537212226952938465 ) ) ;
#1093 = ORIENTED_EDGE ( 'NONE', *, *, #3263, .T. ) ;
#1094 = DIRECTION ( 'NONE',  ( 0.0000000000000000000, -1.000000000000000000, 0.0000000000000000000 ) ) ;
#1095 = DIRECTION ( 'NONE',  ( 0.0000000000000000000, 0.0000000000000000000, 1.000000000000000000 ) ) ;
#1096 = LINE ( 'NONE', #634, #8703 ) ;
#1097 = DIRECTION ( 'NONE',  ( 0.0000000000000000000, -1.000000000000000000, 0.0000000000000000000 ) ) ;
#1098 = AXIS2_PLACEMENT_3D ( 'NONE', #5046, #3703, #707 ) ;
#1099 = CARTESIAN_POINT ( 'NONE',  ( 133.0155638906392994, -1.209312896867228648, 3.584351307731050262 ) ) ;
#1100 = CARTESIAN_POINT ( 'NONE',  ( 12.17310579126469605, 4.033782051319229289, 35.00000000000000000 ) ) ;
#1101 = DIRECTION ( 'NONE',  ( 0.0000000000000000000, -1.000000000000000000, 0.0000000000000000000 ) ) ;
#1102 = CARTESIAN_POINT ( 'NONE',  ( 131.6403475232075380, -0.6133481268860998536, -1.902364442131731392 ) ) ;
#1103 = CARTESIAN_POINT ( 'NONE',  ( 20.59893790797642765, 7.982970117485796102, -28.52171649708322576 ) ) ;
#1104 = DIRECTION ( 'NONE',  ( 0.0000000000000000000, 1.000000000000000000, 0.0000000000000000000 ) ) ;
#1105 = VECTOR ( 'NONE', #4943, 1000.000000000000000 ) ;
#1106 = ORIENTED_EDGE ( 'NONE', *, *, #2642, .T. ) ;
#1107 = AXIS2_PLACEMENT_3D ( 'NONE', #4805, #3249, #4769 ) ;
#1108 = VECTOR ( 'NONE', #6979, 1000.000000000000000 ) ;
#1109 = CARTESIAN_POINT ( 'NONE',  ( 22.14648506759957058, -5.188057535505776308, -21.91033178175674223 ) ) ;
#1110 = ORIENTED_EDGE ( 'NONE', *, *, #1244, .T. ) ;
#1111 = DIRECTION ( 'NONE',  ( 1.000000000000000000, 0.0000000000000000000, -1.356728424568866558E-16 ) ) ;
#1112 = DIRECTION ( 'NONE',  ( -0.0000000000000000000, 1.000000000000000000, -0.0000000000000000000 ) ) ;
#1113 = CARTESIAN_POINT ( 'NONE',  ( 32.16272140731484797, -5.012915964574069072, -4.738270533643090587 ) ) ;
#1114 = CARTESIAN_POINT ( 'NONE',  ( 131.7864274793097650, -1.244363233976160776, -1.565674564522361534 ) ) ;
#1115 = EDGE_CURVE ( 'NONE', #1389, #5261, #3781, .T. ) ;
#1116 = CARTESIAN_POINT ( 'NONE',  ( 131.7195265340432115, 1.005153926320371038, 1.727835332387892331 ) ) ;
#1117 = CYLINDRICAL_SURFACE ( 'NONE', #1183, 30.00000000000000000 ) ;
#1118 = DIRECTION ( 'NONE',  ( 0.0000000000000000000, 0.0000000000000000000, 1.000000000000000000 ) ) ;
#1119 = CARTESIAN_POINT ( 'NONE',  ( 104.2703448193741167, -1.974545601353678626, -4.983813401248755603 ) ) ;
#1120 = ADVANCED_FACE ( 'NONE', ( #5279 ), #3596, .T. ) ;
#1121 = ORIENTED_EDGE ( 'NONE', *, *, #4816, .F. ) ;
#1122 = CARTESIAN_POINT ( 'NONE',  ( 28.10675701869497800, 4.000000000000000888, 21.07179676972451787 ) ) ;
#1123 = ORIENTED_EDGE ( 'NONE', *, *, #7460, .F. ) ;
#1124 = AXIS2_PLACEMENT_3D ( 'NONE', #780, #1519, #1549 ) ;
#1125 = CARTESIAN_POINT ( 'NONE',  ( 15.40106209202367005, 7.000000000000002665, 33.83211257539631589 ) ) ;
#1126 = CARTESIAN_POINT ( 'NONE',  ( 133.4133819094278124, -3.142834407947121989, 1.527935755187143529 ) ) ;
#1127 = EDGE_CURVE ( 'NONE', #153, #5533, #5748, .T. ) ;
#1128 = ORIENTED_EDGE ( 'NONE', *, *, #7937, .T. ) ;
#1129 = EDGE_CURVE ( 'NONE', #1030, #607, #7257, .T. ) ;
#1130 = DIRECTION ( 'NONE',  ( -0.9672992517696977766, -0.0000000000000000000, -0.2536378471872504647 ) ) ;
#1131 = CARTESIAN_POINT ( 'NONE',  ( 21.29265927178764883, -6.850984917769558535, 23.86913984060295846 ) ) ;
#1132 = CARTESIAN_POINT ( 'NONE',  ( 131.5956135683004220, -0.1640305892876315064, -1.993318442648704059 ) ) ;
#1133 = ADVANCED_FACE ( 'NONE', ( #6342 ), #2232, .T. ) ;
#1134 = CARTESIAN_POINT ( 'NONE',  ( 8.116411109992025530, -12.50000000000000000, 28.95357605663032174 ) ) ;
#1135 = SURFACE_STYLE_USAGE ( .BOTH. , #8332 ) ;
#1136 = DIRECTION ( 'NONE',  ( -1.000000000000000000, -0.0000000000000000000, -1.209068259567990048E-15 ) ) ;
#1137 = CARTESIAN_POINT ( 'NONE',  ( 21.56782950090911299, -5.426550321499529872, 22.12114131338066514 ) ) ;
#1138 = VERTEX_POINT ( 'NONE', #6561 ) ;
#1139 = CARTESIAN_POINT ( 'NONE',  ( 101.0263340389897166, 5.000000000000000888, -7.500000000000000888 ) ) ;
#1140 = VECTOR ( 'NONE', #19, 1000.000000000000000 ) ;
#1141 = STYLED_ITEM ( 'NONE', ( #417 ), #514 ) ;
#1142 = EDGE_LOOP ( 'NONE', ( #9148, #1016, #3865, #1145, #4118 ) ) ;
#1143 = ORIENTED_EDGE ( 'NONE', *, *, #5979, .T. ) ;
#1144 = CARTESIAN_POINT ( 'NONE',  ( 7.609135415617524600, 23.43849360530937176, 29.01897755309092375 ) ) ;
#1145 = ORIENTED_EDGE ( 'NONE', *, *, #3153, .F. ) ;
#1146 = DIRECTION ( 'NONE',  ( -1.156482317317870344E-14, -2.891205793294675861E-16, 1.000000000000000000 ) ) ;
#1147 = EDGE_CURVE ( 'NONE', #385, #1397, #4041, .T. ) ;
#1148 = CARTESIAN_POINT ( 'NONE',  ( 131.5921903687414272, -0.0008479569944131418614, -1.999999820057304367 ) ) ;
#1149 = DIRECTION ( 'NONE',  ( 1.000000000000000000, 0.0000000000000000000, 1.209068259567990048E-15 ) ) ;
#1150 = TOROIDAL_SURFACE ( 'NONE', #5348, 32.00000000000000000, 2.000000000000000000 ) ;
#1151 = CARTESIAN_POINT ( 'NONE',  ( 131.6444364457971972, -0.6414378183770951258, -1.893878319335001281 ) ) ;
#1152 = VERTEX_POINT ( 'NONE', #2844 ) ;
#1153 = AXIS2_PLACEMENT_3D ( 'NONE', #4282, #1403, #9352 ) ;
#1154 = DIRECTION ( 'NONE',  ( 0.0000000000000000000, -1.000000000000000000, 0.0000000000000000000 ) ) ;
#1155 = DIRECTION ( 'NONE',  ( -0.0000000000000000000, -1.000000000000000000, -0.0000000000000000000 ) ) ;
#1156 = DIRECTION ( 'NONE',  ( -1.000000000000000000, 0.0000000000000000000, 1.356728424568866558E-16 ) ) ;
#1157 = ORIENTED_EDGE ( 'NONE', *, *, #4448, .T. ) ;
#1158 = CARTESIAN_POINT ( 'NONE',  ( 8.116411109992025530, -7.000000000000002665, 30.95357605663032174 ) ) ;
#1159 = CARTESIAN_POINT ( 'NONE',  ( 26.43593320509987876, -4.967838409175844738, 21.72906304604720873 ) ) ;
#1160 = LINE ( 'NONE', #6198, #7631 ) ;
#1161 = VERTEX_POINT ( 'NONE', #4992 ) ;
#1162 = DIRECTION ( 'NONE',  ( 0.8660254037844379305, 0.0000000000000000000, 0.5000000000000013323 ) ) ;
#1163 = EDGE_CURVE ( 'NONE', #385, #1844, #2345, .T. ) ;
#1164 = ORIENTED_EDGE ( 'NONE', *, *, #4578, .F. ) ;
#1165 = DIRECTION ( 'NONE',  ( 1.000000000000000000, 0.0000000000000000000, -0.0000000000000000000 ) ) ;
#1166 = DIRECTION ( 'NONE',  ( 0.0000000000000000000, 0.0000000000000000000, -1.000000000000000000 ) ) ;
#1167 = AXIS2_PLACEMENT_3D ( 'NONE', #966, #7499, #3109 ) ;
#1168 = CARTESIAN_POINT ( 'NONE',  ( 131.7331235632775872, -1.059243911026198859, 1.696469930096735634 ) ) ;
#1169 = CARTESIAN_POINT ( 'NONE',  ( 29.20754274505171466, -0.7287804885346190753, 20.02496911895817533 ) ) ;
#1170 = CARTESIAN_POINT ( 'NONE',  ( 21.14605262517163808, -6.734726413422096769, 23.68046765293901146 ) ) ;
#1171 = ADVANCED_FACE ( 'NONE', ( #3831 ), #6574, .T. ) ;
#1172 = LINE ( 'NONE', #8910, #6756 ) ;
#1173 = VERTEX_POINT ( 'NONE', #7277 ) ;
#1174 = FACE_OUTER_BOUND ( 'NONE', #389, .T. ) ;
#1175 = ORIENTED_EDGE ( 'NONE', *, *, #9141, .F. ) ;
#1176 = ORIENTED_EDGE ( 'NONE', *, *, #3174, .F. ) ;
#1177 = CARTESIAN_POINT ( 'NONE',  ( 34.64101615137754919, 7.000000000000002665, 3.000000000000001332 ) ) ;
#1178 = EDGE_CURVE ( 'NONE', #1390, #8735, #7136, .T. ) ;
#1179 = CARTESIAN_POINT ( 'NONE',  ( 102.3881914790024723, 1.547054092284473326, 3.976469826910656202 ) ) ;
#1180 = FACE_OUTER_BOUND ( 'NONE', #2847, .T. ) ;
#1181 = CARTESIAN_POINT ( 'NONE',  ( 49.32399612951925860, 5.000000000000000000, -18.50000000000000355 ) ) ;
#1182 = CARTESIAN_POINT ( 'NONE',  ( 32.89764884938094269, -6.361170567857408642, -2.600130833989419799 ) ) ;
#1183 = AXIS2_PLACEMENT_3D ( 'NONE', #7459, #5953, #4541 ) ;
#1184 = ORIENTED_EDGE ( 'NONE', *, *, #2796, .T. ) ;
#1185 = CARTESIAN_POINT ( 'NONE',  ( 131.6153516541649822, -0.4234975185665705300, -1.953906851851013871 ) ) ;
#1186 = CYLINDRICAL_SURFACE ( 'NONE', #2728, 2.000000000000000000 ) ;
#1187 = ORIENTED_EDGE ( 'NONE', *, *, #2642, .F. ) ;
#1188 = ADVANCED_FACE ( 'NONE', ( #2909 ), #986, .T. ) ;
#1189 = ORIENTED_EDGE ( 'NONE', *, *, #5203, .F. ) ;
#1190 = EDGE_CURVE ( 'NONE', #4360, #5492, #2009, .T. ) ;
#1191 = EDGE_CURVE ( 'NONE', #8640, #4518, #2120, .T. ) ;
#1192 = VECTOR ( 'NONE', #3350, 1000.000000000000000 ) ;
#1193 = CARTESIAN_POINT ( 'NONE',  ( 12.90106209202365761, -7.000000000000002665, 29.50198555647411780 ) ) ;
#1194 = EDGE_CURVE ( 'NONE', #7517, #4326, #5975, .T. ) ;
#1195 = ORIENTED_EDGE ( 'NONE', *, *, #8621, .F. ) ;
#1196 = CARTESIAN_POINT ( 'NONE',  ( 131.5921903687414272, -0.0008479569944131418614, -1.999999820057304367 ) ) ;
#1197 = CARTESIAN_POINT ( 'NONE',  ( 133.4636281381773983, -3.311213236397780868, 0.9975561019079162151 ) ) ;
#1198 = AXIS2_PLACEMENT_3D ( 'NONE', #2605, #7658, #4059 ) ;
#1199 = DIRECTION ( 'NONE',  ( 0.0000000000000000000, 1.000000000000000000, 0.0000000000000000000 ) ) ;
#1200 = PRODUCT_DEFINITION ( 'UNKNOWN', '', #8298, #9069 ) ;
#1201 = CARTESIAN_POINT ( 'NONE',  ( 120.0000000000000000, -12.50000000000000000, -9.000000000000008882 ) ) ;
#1202 = VECTOR ( 'NONE', #2629, 1000.000000000000000 ) ;
#1203 = CARTESIAN_POINT ( 'NONE',  ( 131.5939345970796808, 0.1312750673609262286, 1.996623769838297147 ) ) ;
#1204 = CARTESIAN_POINT ( 'NONE',  ( 29.10101112961832115, -1.449302479525550025, 20.12397556651322361 ) ) ;
#1205 = DIRECTION ( 'NONE',  ( 1.000000000000000000, -0.0000000000000000000, 0.0000000000000000000 ) ) ;
#1206 = DIRECTION ( 'NONE',  ( 0.8660254037844379305, 0.0000000000000000000, -0.5000000000000013323 ) ) ;
#1207 = CARTESIAN_POINT ( 'NONE',  ( 101.0263340389897166, -4.000000000000000888, -33.50000000000000000 ) ) ;
#1208 = ORIENTED_EDGE ( 'NONE', *, *, #5513, .F. ) ;
#1209 = VECTOR ( 'NONE', #2149, 1000.000000000000000 ) ;
#1210 = AXIS2_PLACEMENT_3D ( 'NONE', #124, #6693, #3131 ) ;
#1211 = CARTESIAN_POINT ( 'NONE',  ( 49.32399612951925860, 3.500000000000000888, 18.50000000000000355 ) ) ;
#1212 = CARTESIAN_POINT ( 'NONE',  ( 32.89764884938094269, -6.361170567857406866, 2.600130833989419354 ) ) ;
#1213 = DIRECTION ( 'NONE',  ( -0.7033064449102011118, 0.0000000000000000000, 0.7108868015006146734 ) ) ;
#1214 =( BOUNDED_CURVE ( )  B_SPLINE_CURVE ( 3, ( #222, #7474, #8216, #8183 ),
 .UNSPECIFIED., .F., .F. ) 
 B_SPLINE_CURVE_WITH_KNOTS ( ( 4, 4 ),
 ( 4.712388980384698556, 6.283185307179586232 ),
 .UNSPECIFIED. ) 
 CURVE ( )  GEOMETRIC_REPRESENTATION_ITEM ( )  RATIONAL_B_SPLINE_CURVE ( ( 1.000000000000000000, 0.8047378541243670469, 0.8047378541243670469, 1.000000000000000000 ) ) 
 REPRESENTATION_ITEM ( '' )  );
#1215 = DIRECTION ( 'NONE',  ( 0.0000000000000000000, 0.0000000000000000000, 1.000000000000000000 ) ) ;
#1216 = CYLINDRICAL_SURFACE ( 'NONE', #4413, 1.000000000000000888 ) ;
#1217 = EDGE_CURVE ( 'NONE', #153, #1397, #9146, .T. ) ;
#1218 = CARTESIAN_POINT ( 'NONE',  ( 29.23455647122458245, 2.319658391255907388E-18, -19.99999999999996803 ) ) ;
#1219 = DIRECTION ( 'NONE',  ( 1.000000000000000000, 0.0000000000000000000, 1.356728424568866558E-16 ) ) ;
#1220 = DIRECTION ( 'NONE',  ( 0.0000000000000000000, 0.0000000000000000000, 1.000000000000000000 ) ) ;
#1221 = CARTESIAN_POINT ( 'NONE',  ( 33.84467287902793942, -1.703085682198459017, -4.090388598640071649 ) ) ;
#1222 = AXIS2_PLACEMENT_3D ( 'NONE', #4007, #6925, #9073 ) ;
#1223 = VECTOR ( 'NONE', #8521, 1000.000000000000000 ) ;
#1224 = CARTESIAN_POINT ( 'NONE',  ( 133.2161833092851566, -2.384047073327531852, 2.754006868125474128 ) ) ;
#1225 = ORIENTED_EDGE ( 'NONE', *, *, #4703, .F. ) ;
#1226 = DIRECTION ( 'NONE',  ( -1.000000000000000000, 0.0000000000000000000, -1.356728424568866558E-16 ) ) ;
#1227 = CARTESIAN_POINT ( 'NONE',  ( 35.42516022278235255, -0.4292813766546910159, 11.35994874024459733 ) ) ;
#1228 = CARTESIAN_POINT ( 'NONE',  ( 131.6007934888311581, -0.2582642365309810173, 1.983094618271532772 ) ) ;
#1229 = ADVANCED_FACE ( 'NONE', ( #185 ), #7683, .F. ) ;
#1230 = CARTESIAN_POINT ( 'NONE',  ( 8.116411109992025530, 7.000000000000002665, 30.95357605663032174 ) ) ;
#1231 = FACE_OUTER_BOUND ( 'NONE', #8388, .T. ) ;
#1232 = DIRECTION ( 'NONE',  ( 1.209068259567990048E-15, 0.0000000000000000000, -1.000000000000000000 ) ) ;
#1233 = ORIENTED_EDGE ( 'NONE', *, *, #6708, .T. ) ;
#1234 = EDGE_CURVE ( 'NONE', #2051, #465, #3951, .T. ) ;
#1235 = EDGE_LOOP ( 'NONE', ( #8391, #8013, #2979, #3560 ) ) ;
#1236 = AXIS2_PLACEMENT_3D ( 'NONE', #3512, #567, #7738 ) ;
#1237 = CARTESIAN_POINT ( 'NONE',  ( 33.00015521406587737, 4.948923828360195287, 3.832020694311169873 ) ) ;
#1238 = TOROIDAL_SURFACE ( 'NONE', #6565, 32.00000000000000000, 2.000000000000000000 ) ;
#1239 = CARTESIAN_POINT ( 'NONE',  ( 4.231738908487965344E-14, 2.500000000000000444, -5.116461197031689761E-29 ) ) ;
#1240 = DIRECTION ( 'NONE',  ( 0.0000000000000000000, 0.0000000000000000000, 1.000000000000000000 ) ) ;
#1241 = ORIENTED_EDGE ( 'NONE', *, *, #6037, .T. ) ;
#1242 = CARTESIAN_POINT ( 'NONE',  ( 11.41375784687528849, 5.008245486696109694, 34.09026589720549083 ) ) ;
#1243 = CARTESIAN_POINT ( 'NONE',  ( 131.6263640215771886, -0.5153342092802360996, -1.931427863827421376 ) ) ;
#1244 = EDGE_CURVE ( 'NONE', #5028, #8668, #3890, .T. ) ;
#1245 = ORIENTED_EDGE ( 'NONE', *, *, #2615, .F. ) ;
#1246 = CARTESIAN_POINT ( 'NONE',  ( 28.43318227423376143, -4.643172184234068745, 16.71017008333870990 ) ) ;
#1247 = DIRECTION ( 'NONE',  ( 0.0000000000000000000, 0.0000000000000000000, 1.000000000000000000 ) ) ;
#1248 = TOROIDAL_SURFACE ( 'NONE', #6793, 11.00000000000000000, 1.000000000000000000 ) ;
#1249 = DIRECTION ( 'NONE',  ( -0.0000000000000000000, 1.000000000000000000, -0.0000000000000000000 ) ) ;
#1250 = VERTEX_POINT ( 'NONE', #4457 ) ;
#1251 = AXIS2_PLACEMENT_3D ( 'NONE', #8614, #7202, #7106 ) ;
#1252 = CARTESIAN_POINT ( 'NONE',  ( 32.86335345030997246, -3.344320814780289197, -3.000000000000000888 ) ) ;
#1253 = CARTESIAN_POINT ( 'NONE',  ( 32.11308144666281805, 4.500000000000000888, 5.000000000000000888 ) ) ;
#1254 = CARTESIAN_POINT ( 'NONE',  ( 133.2440256960403246, 2.504804283672811049, 2.616872237500834419 ) ) ;
#1255 = VERTEX_POINT ( 'NONE', #857 ) ;
#1256 = CIRCLE ( 'NONE', #2872, 1.000000000000000888 ) ;
#1257 = DIRECTION ( 'NONE',  ( -0.0000000000000000000, -1.000000000000000000, 0.0000000000000000000 ) ) ;
#1258 = DIRECTION ( 'NONE',  ( -0.0000000000000000000, -1.000000000000000000, -0.0000000000000000000 ) ) ;
#1259 = DIRECTION ( 'NONE',  ( 0.7033064449102011118, 0.0000000000000000000, 0.7108868015006146734 ) ) ;
#1260 = ORIENTED_EDGE ( 'NONE', *, *, #2341, .T. ) ;
#1261 = CARTESIAN_POINT ( 'NONE',  ( 131.6085581113831893, -0.3559581860517646579, 1.967612428512300005 ) ) ;
#1262 = CARTESIAN_POINT ( 'NONE',  ( 120.0000000000000000, -5.000000000000000000, 0.0000000000000000000 ) ) ;
#1263 = DIRECTION ( 'NONE',  ( -1.000000000000000000, -0.0000000000000000000, -0.0000000000000000000 ) ) ;
#1264 = ORIENTED_EDGE ( 'NONE', *, *, #2697, .F. ) ;
#1265 = DIRECTION ( 'NONE',  ( 0.0000000000000000000, 0.0000000000000000000, 1.000000000000000000 ) ) ;
#1266 = ADVANCED_FACE ( 'NONE', ( #6219 ), #6795, .F. ) ;
#1267 = EDGE_LOOP ( 'NONE', ( #7261, #4224, #105, #2880 ) ) ;
#1268 = LINE ( 'NONE', #9018, #346 ) ;
#1269 = ORIENTED_EDGE ( 'NONE', *, *, #2674, .F. ) ;
#1270 = DIRECTION ( 'NONE',  ( 0.0000000000000000000, 0.0000000000000000000, -1.000000000000000000 ) ) ;
#1271 = CARTESIAN_POINT ( 'NONE',  ( -3.869018430617568153E-14, -7.000000000000000888, 32.00000000000000000 ) ) ;
#1272 = CARTESIAN_POINT ( 'NONE',  ( 32.70445297194729051, -5.082948237605925179, 4.411110240237612778 ) ) ;
#1273 = CARTESIAN_POINT ( 'NONE',  ( 32.35090226893015597, -5.682708360936053360, -3.489361649283439615 ) ) ;
#1274 = VERTEX_POINT ( 'NONE', #7400 ) ;
#1275 = CARTESIAN_POINT ( 'NONE',  ( 1.571788737438387200E-14, -12.50000000000000000, 22.00000000000000000 ) ) ;
#1276 = ADVANCED_FACE ( 'NONE', ( #1896 ), #3603, .T. ) ;
#1277 = ORIENTED_EDGE ( 'NONE', *, *, #6509, .T. ) ;
#1278 = VERTEX_POINT ( 'NONE', #6735 ) ;
#1279 = AXIS2_PLACEMENT_3D ( 'NONE', #3085, #5173, #850 ) ;
#1280 = ORIENTED_EDGE ( 'NONE', *, *, #524, .T. ) ;
#1281 = DIRECTION ( 'NONE',  ( 0.0000000000000000000, 0.0000000000000000000, 1.000000000000000000 ) ) ;
#1282 = ORIENTED_EDGE ( 'NONE', *, *, #2045, .T. ) ;
#1283 = DIRECTION ( 'NONE',  ( 0.0000000000000000000, -1.000000000000000000, 0.0000000000000000000 ) ) ;
#1284 = ORIENTED_EDGE ( 'NONE', *, *, #3645, .T. ) ;
#1285 = FACE_OUTER_BOUND ( 'NONE', #3289, .T. ) ;
#1286 = EDGE_LOOP ( 'NONE', ( #7141, #7116, #1612, #7597 ) ) ;
#1287 = DIRECTION ( 'NONE',  ( -0.0000000000000000000, 1.000000000000000000, -0.0000000000000000000 ) ) ;
#1288 = EDGE_LOOP ( 'NONE', ( #6657, #9349, #3309, #3668 ) ) ;
#1289 = VERTEX_POINT ( 'NONE', #8117 ) ;
#1290 = CARTESIAN_POINT ( 'NONE',  ( 131.5938125747358072, 0.1260470442507304611, -1.996904139588398408 ) ) ;
#1291 = ORIENTED_EDGE ( 'NONE', *, *, #8005, .T. ) ;
#1292 = CARTESIAN_POINT ( 'NONE',  ( 132.9453226819384781, -0.001418748310144364675, -3.829963532527060011 ) ) ;
#1293 = FACE_OUTER_BOUND ( 'NONE', #972, .T. ) ;
#1294 = ORIENTED_EDGE ( 'NONE', *, *, #8469, .T. ) ;
#1295 = CARTESIAN_POINT ( 'NONE',  ( 0.0000000000000000000, -5.000000000000000888, 0.0000000000000000000 ) ) ;
#1296 = CIRCLE ( 'NONE', #9045, 3.000000000000002665 ) ;
#1297 = DIRECTION ( 'NONE',  ( 0.0000000000000000000, 0.0000000000000000000, 1.000000000000000000 ) ) ;
#1298 = CARTESIAN_POINT ( 'NONE',  ( 132.9453232953446502, 0.003793145291143031061, 3.829961459206523422 ) ) ;
#1299 = AXIS2_PLACEMENT_3D ( 'NONE', #9143, #1249, #4788 ) ;
#1300 = CARTESIAN_POINT ( 'NONE',  ( 132.0826960242654309, -1.987117689079840543, -0.2254885408115838152 ) ) ;
#1301 = ORIENTED_EDGE ( 'NONE', *, *, #8138, .F. ) ;
#1302 = DIRECTION ( 'NONE',  ( 0.0000000000000000000, 0.0000000000000000000, -1.000000000000000000 ) ) ;
#1303 = APPLICATION_PROTOCOL_DEFINITION ( 'draft international standard', 'automotive_design', 1998, #7709 ) ;
#1304 = ORIENTED_EDGE ( 'NONE', *, *, #7696, .F. ) ;
#1305 = DIRECTION ( 'NONE',  ( 1.000000000000000000, 0.0000000000000000000, -0.0000000000000000000 ) ) ;
#1306 = DIRECTION ( 'NONE',  ( 0.0000000000000000000, 0.0000000000000000000, -1.000000000000000000 ) ) ;
#1307 = DIRECTION ( 'NONE',  ( 0.0000000000000000000, 0.0000000000000000000, 1.000000000000000000 ) ) ;
#1308 = VECTOR ( 'NONE', #2853, 1000.000000000000000 ) ;
#1309 = ORIENTED_EDGE ( 'NONE', *, *, #1658, .F. ) ;
#1310 = ORIENTED_EDGE ( 'NONE', *, *, #6985, .F. ) ;
#1311 = CARTESIAN_POINT ( 'NONE',  ( 32.70976533969696476, 5.068749188320766486, 4.407541064229834937 ) ) ;
#1312 = DIRECTION ( 'NONE',  ( -1.000000000000000000, -0.0000000000000000000, -1.677606415994443309E-17 ) ) ;
#1313 = DIRECTION ( 'NONE',  ( 0.0000000000000000000, 0.0000000000000000000, 1.000000000000000000 ) ) ;
#1314 = DIRECTION ( 'NONE',  ( 1.000000000000000000, 0.0000000000000000000, 1.677606415994443309E-17 ) ) ;
#1315 = CARTESIAN_POINT ( 'NONE',  ( 33.65800960254350827, -1.822920484625589310, 3.880525807791253445 ) ) ;
#1316 = CARTESIAN_POINT ( 'NONE',  ( 0.0000000000000000000, -12.50000000000000000, 0.0000000000000000000 ) ) ;
#1317 = FACE_OUTER_BOUND ( 'NONE', #6993, .T. ) ;
#1318 = EDGE_LOOP ( 'NONE', ( #1497, #1724, #9059, #2089 ) ) ;
#1319 = DIRECTION ( 'NONE',  ( -0.4135200774096209342, 0.0000000000000000000, 0.9104950003043076334 ) ) ;
#1320 = DIRECTION ( 'NONE',  ( -1.000000000000000000, -0.0000000000000000000, -1.209068259567990245E-15 ) ) ;
#1321 = ADVANCED_FACE ( 'NONE', ( #9373 ), #70, .T. ) ;
#1322 = DIRECTION ( 'NONE',  ( 0.0000000000000000000, 0.0000000000000000000, -1.000000000000000000 ) ) ;
#1323 = EDGE_CURVE ( 'NONE', #5286, #6637, #7466, .T. ) ;
#1324 = EDGE_CURVE ( 'NONE', #1672, #2851, #4596, .T. ) ;
#1325 = CARTESIAN_POINT ( 'NONE',  ( -9.226835287969437737E-17, 1.500000000000000888, 5.500000000000000000 ) ) ;
#1326 = EDGE_CURVE ( 'NONE', #4367, #7973, #1670, .T. ) ;
#1327 = CIRCLE ( 'NONE', #7010, 0.4999999999999993894 ) ;
#1328 = CARTESIAN_POINT ( 'NONE',  ( 132.0824382080299415, 1.986773099093419148, -0.2613973278079206319 ) ) ;
#1329 = CARTESIAN_POINT ( 'NONE',  ( 133.4725196699753269, 3.340816630316822078, 0.8696524553710840433 ) ) ;
#1330 = DIRECTION ( 'NONE',  ( 0.4135200774096209342, 0.0000000000000000000, 0.9104950003043076334 ) ) ;
#1331 = AXIS2_PLACEMENT_3D ( 'NONE', #8479, #566, #598 ) ;
#1332 = CARTESIAN_POINT ( 'NONE',  ( 0.0000000000000000000, -7.000000000000000888, 0.0000000000000000000 ) ) ;
#1333 = CARTESIAN_POINT ( 'NONE',  ( 10.03027150280467339, 7.000000000000002665, -30.37293985656784301 ) ) ;
#1334 = CARTESIAN_POINT ( 'NONE',  ( 34.23742903702404305, -1.540141965407763935, 4.536049686836872930 ) ) ;
#1335 = CARTESIAN_POINT ( 'NONE',  ( 131.9932908423699871, 1.791608913852239082, 0.8860335882676027008 ) ) ;
#1336 = DIRECTION ( 'NONE',  ( 0.0000000000000000000, -1.000000000000000000, 0.0000000000000000000 ) ) ;
#1337 = DIRECTION ( 'NONE',  ( 1.000000000000000000, -0.0000000000000000000, 0.0000000000000000000 ) ) ;
#1338 = CIRCLE ( 'NONE', #7648, 2.000000000000000000 ) ;
#1339 = EDGE_CURVE ( 'NONE', #1487, #8153, #1911, .T. ) ;
#1340 = CARTESIAN_POINT ( 'NONE',  ( 25.54272524794506083, -5.000000000000000888, -20.09525284508737997 ) ) ;
#1341 = FACE_OUTER_BOUND ( 'NONE', #5885, .T. ) ;
#1342 = DIRECTION ( 'NONE',  ( -0.0000000000000000000, -1.000000000000000000, -0.0000000000000000000 ) ) ;
#1343 = CARTESIAN_POINT ( 'NONE',  ( 32.62807024621084651, -4.994953881970646492, 4.942424546517083073 ) ) ;
#1344 = DIRECTION ( 'NONE',  ( 1.000000000000000000, -0.0000000000000000000, -0.0000000000000000000 ) ) ;
#1345 = CARTESIAN_POINT ( 'NONE',  ( 1.450881911481587821E-14, 2.500000000000000444, -23.00000000000000711 ) ) ;
#1346 = CARTESIAN_POINT ( 'NONE',  ( 131.8586840167259595, 1.457289943207822569, -1.370115354867821544 ) ) ;
#1347 = CIRCLE ( 'NONE', #5985, 11.00000000000000178 ) ;
#1348 = CARTESIAN_POINT ( 'NONE',  ( 32.60712885353455448, -4.500000000000000888, 5.076923076923076650 ) ) ;
#1349 = VERTEX_POINT ( 'NONE', #324 ) ;
#1350 = DIRECTION ( 'NONE',  ( 1.000000000000000000, 0.0000000000000000000, 1.356728424568866558E-16 ) ) ;
#1351 = CARTESIAN_POINT ( 'NONE',  ( 131.8216994481362860, 1.352926907047835581, -1.472962718136259896 ) ) ;
#1352 = AXIS2_PLACEMENT_3D ( 'NONE', #7583, #8993, #3224 ) ;
#1353 = EDGE_LOOP ( 'NONE', ( #2963, #1958, #3411, #6327 ) ) ;
#1354 = CARTESIAN_POINT ( 'NONE',  ( 133.2349827007112424, 2.466257553213746956, 2.662203791775365147 ) ) ;
#1355 = VECTOR ( 'NONE', #1821, 1000.000000000000000 ) ;
#1356 = ORIENTED_EDGE ( 'NONE', *, *, #8954, .F. ) ;
#1357 = ORIENTED_EDGE ( 'NONE', *, *, #832, .F. ) ;
#1358 = ORIENTED_EDGE ( 'NONE', *, *, #5928, .F. ) ;
#1359 = CARTESIAN_POINT ( 'NONE',  ( 131.8111734900997192, 1.324810042100448504, 1.503703947582165190 ) ) ;
#1360 = EDGE_CURVE ( 'NONE', #1030, #2996, #8322, .T. ) ;
#1361 = CARTESIAN_POINT ( 'NONE',  ( 101.0263340389897166, 4.500000000000000888, -6.000000000000000000 ) ) ;
#1362 = DIRECTION ( 'NONE',  ( -1.541976423090494844E-15, 0.0000000000000000000, 1.000000000000000000 ) ) ;
#1363 = ORIENTED_EDGE ( 'NONE', *, *, #2665, .F. ) ;
#1364 = CARTESIAN_POINT ( 'NONE',  ( 32.13168548535620062, 5.000000000000002665, 4.904410718432416161 ) ) ;
#1365 = ADVANCED_FACE ( 'NONE', ( #7569 ), #7904, .T. ) ;
#1366 = AXIS2_PLACEMENT_3D ( 'NONE', #9078, #7518, #7633 ) ;
#1367 = CYLINDRICAL_SURFACE ( 'NONE', #456, 16.50000000000000355 ) ;
#1368 = EDGE_LOOP ( 'NONE', ( #8410, #5777, #5115, #9112 ) ) ;
#1369 = DIRECTION ( 'NONE',  ( -1.000000000000000000, 0.0000000000000000000, -1.209068259567990048E-15 ) ) ;
#1370 = DIRECTION ( 'NONE',  ( 0.0000000000000000000, 1.000000000000000000, 0.0000000000000000000 ) ) ;
#1371 = DIRECTION ( 'NONE',  ( -1.000000000000000000, 0.0000000000000000000, -0.0000000000000000000 ) ) ;
#1372 = CARTESIAN_POINT ( 'NONE',  ( 132.1078470453907414, -1.999704450463132721, 0.5236541182810887651 ) ) ;
#1373 = CARTESIAN_POINT ( 'NONE',  ( 12.14506863688895599, 4.892820080638579761, -35.00000000000000000 ) ) ;
#1374 = LINE ( 'NONE', #4595, #9301 ) ;
#1375 = DIRECTION ( 'NONE',  ( 1.000000000000000000, -0.0000000000000000000, 0.0000000000000000000 ) ) ;
#1376 = EDGE_CURVE ( 'NONE', #1981, #3614, #756, .T. ) ;
#1377 = ORIENTED_EDGE ( 'NONE', *, *, #6742, .F. ) ;
#1378 = CARTESIAN_POINT ( 'NONE',  ( 28.47243810136344422, -4.601765096687216783, 16.66264131233469925 ) ) ;
#1379 = ORIENTED_EDGE ( 'NONE', *, *, #3246, .T. ) ;
#1380 = CARTESIAN_POINT ( 'NONE',  ( 43.94823512319425163, 4.500000000000000888, -6.663564996043986888 ) ) ;
#1381 = DIRECTION ( 'NONE',  ( 0.0000000000000000000, 0.0000000000000000000, -1.000000000000000000 ) ) ;
#1382 = FACE_OUTER_BOUND ( 'NONE', #2063, .T. ) ;
#1383 = AXIS2_PLACEMENT_3D ( 'NONE', #2758, #1342, #543 ) ;
#1384 = ORIENTED_EDGE ( 'NONE', *, *, #5326, .F. ) ;
#1385 = CARTESIAN_POINT ( 'NONE',  ( 131.9209996974946648, 1.619333700173578361, -1.172763182682396987 ) ) ;
#1386 = CARTESIAN_POINT ( 'NONE',  ( 132.9471003487281848, -0.2210387064267133050, 3.823971881595756184 ) ) ;
#1387 = CARTESIAN_POINT ( 'NONE',  ( 25.00000000000003553, 0.0000000000000000000, -27.99999999999996803 ) ) ;
#1388 = VERTEX_POINT ( 'NONE', #6044 ) ;
#1389 = VERTEX_POINT ( 'NONE', #6078 ) ;
#1390 = VERTEX_POINT ( 'NONE', #6898 ) ;
#1391 = DIRECTION ( 'NONE',  ( 0.0000000000000000000, 0.0000000000000000000, -1.000000000000000000 ) ) ;
#1392 = CIRCLE ( 'NONE', #8881, 0.5000000000000004441 ) ;
#1393 = CARTESIAN_POINT ( 'NONE',  ( 131.8984877300755727, 1.562509452692502965, -1.248254659291254676 ) ) ;
#1394 = DIRECTION ( 'NONE',  ( 0.0000000000000000000, 0.0000000000000000000, -1.000000000000000000 ) ) ;
#1395 = DIRECTION ( 'NONE',  ( 0.8660254037844380415, 0.0000000000000000000, -0.5000000000000013323 ) ) ;
#1396 = CARTESIAN_POINT ( 'NONE',  ( 34.64101615137754919, 3.500000000000000888, -5.000000000000000888 ) ) ;
#1397 = VERTEX_POINT ( 'NONE', #1737 ) ;
#1398 = DIRECTION ( 'NONE',  ( 0.0000000000000000000, 0.0000000000000000000, 1.000000000000000000 ) ) ;
#1399 = CARTESIAN_POINT ( 'NONE',  ( 12.53700147777826501, 4.042296414261335791, -35.00000000000000000 ) ) ;
#1400 = AXIS2_PLACEMENT_3D ( 'NONE', #1939, #9223, #7036 ) ;
#1401 = DIRECTION ( 'NONE',  ( -1.000000000000000000, -0.0000000000000000000, -0.0000000000000000000 ) ) ;
#1402 = DIRECTION ( 'NONE',  ( 0.0000000000000000000, 0.0000000000000000000, -1.000000000000000000 ) ) ;
#1403 = DIRECTION ( 'NONE',  ( 1.356728424568866558E-16, 0.0000000000000000000, 1.000000000000000000 ) ) ;
#1404 = DIRECTION ( 'NONE',  ( 0.0000000000000000000, 1.000000000000000000, -0.0000000000000000000 ) ) ;
#1405 = CIRCLE ( 'NONE', #4013, 12.99999999999999112 ) ;
#1406 = DIRECTION ( 'NONE',  ( 0.0000000000000000000, -0.0000000000000000000, 1.000000000000000000 ) ) ;
#1407 = CARTESIAN_POINT ( 'NONE',  ( 12.14634707257498647, 5.022521367682089455, -34.15033017895675016 ) ) ;
#1408 = ORIENTED_EDGE ( 'NONE', *, *, #4633, .F. ) ;
#1409 = CARTESIAN_POINT ( 'NONE',  ( 10.03027150280468227, -12.50000000000000000, 30.37293985656783946 ) ) ;
#1410 = FACE_OUTER_BOUND ( 'NONE', #3679, .T. ) ;
#1411 = EDGE_LOOP ( 'NONE', ( #3893, #7451, #5304, #7886, #1195, #6253, #5127, #5484 ) ) ;
#1412 = ORIENTED_EDGE ( 'NONE', *, *, #8171, .T. ) ;
#1413 = AXIS2_PLACEMENT_3D ( 'NONE', #3947, #7021, #8402 ) ;
#1414 = CARTESIAN_POINT ( 'NONE',  ( 15.40106209202366649, -5.000000000000001776, 33.83211257539630878 ) ) ;
#1415 = DIRECTION ( 'NONE',  ( 0.0000000000000000000, 0.0000000000000000000, 1.000000000000000000 ) ) ;
#1416 = ADVANCED_FACE ( 'NONE', ( #8234 ), #409, .T. ) ;
#1417 = FACE_OUTER_BOUND ( 'NONE', #874, .T. ) ;
#1418 = CARTESIAN_POINT ( 'NONE',  ( 32.37624040017650628, -5.991167220662108051, -3.268054830468869021 ) ) ;
#1419 = LINE ( 'NONE', #4123, #5142 ) ;
#1420 = VERTEX_POINT ( 'NONE', #6106 ) ;
#1421 = CARTESIAN_POINT ( 'NONE',  ( 131.8621321453927635, 1.466668936602933515, 1.360055081868593918 ) ) ;
#1422 = CARTESIAN_POINT ( 'NONE',  ( 133.2339465037482853, 2.461788094734677301, -2.667331983369602977 ) ) ;
#1423 = ORIENTED_EDGE ( 'NONE', *, *, #5581, .F. ) ;
#1424 = CARTESIAN_POINT ( 'NONE',  ( 21.28358725078025415, 5.626767190569448296, 22.31025462967302886 ) ) ;
#1425 = CARTESIAN_POINT ( 'NONE',  ( 38.00000000000000000, -7.000000000000002665, -3.000000000000000000 ) ) ;
#1426 = DIRECTION ( 'NONE',  ( 0.0000000000000000000, 0.0000000000000000000, 1.000000000000000000 ) ) ;
#1427 = CIRCLE ( 'NONE', #3462, 63.00000000000000000 ) ;
#1428 = CARTESIAN_POINT ( 'NONE',  ( 131.9063375237283253, 1.582532306462384408, -1.222622366855441234 ) ) ;
#1429 = DIRECTION ( 'NONE',  ( -0.0000000000000000000, 1.000000000000000000, -0.0000000000000000000 ) ) ;
#1430 = ORIENTED_EDGE ( 'NONE', *, *, #3367, .F. ) ;
#1431 = DIRECTION ( 'NONE',  ( 0.0000000000000000000, -0.0000000000000000000, 1.000000000000000000 ) ) ;
#1432 = EDGE_CURVE ( 'NONE', #223, #1482, #5058, .T. ) ;
#1433 = CIRCLE ( 'NONE', #7475, 61.00000000000000000 ) ;
#1434 = DIRECTION ( 'NONE',  ( 0.0000000000000000000, 0.0000000000000000000, 1.000000000000000000 ) ) ;
#1435 = ORIENTED_EDGE ( 'NONE', *, *, #5562, .F. ) ;
#1436 = CARTESIAN_POINT ( 'NONE',  ( 133.3634564172674573, -2.968690330393177756, -1.915990399370760100 ) ) ;
#1437 = CARTESIAN_POINT ( 'NONE',  ( 113.3468963513340526, 4.000000000000000888, 11.74675324675325072 ) ) ;
#1438 = CARTESIAN_POINT ( 'NONE',  ( 128.9049883556961902, -2.000294911068919212, -0.5213940866049271428 ) ) ;
#1439 = CARTESIAN_POINT ( 'NONE',  ( 14.75162383822156720, 4.953434042252318648, -35.00000000000000000 ) ) ;
#1440 = CARTESIAN_POINT ( 'NONE',  ( 8.116411109992025530, -13.43849360530937176, -30.95357605663032174 ) ) ;
#1441 = AXIS2_PLACEMENT_3D ( 'NONE', #8740, #2906, #1426 ) ;
#1442 = VECTOR ( 'NONE', #3682, 1000.000000000000000 ) ;
#1443 = CARTESIAN_POINT ( 'NONE',  ( 131.7101976930279932, -0.9670036214936644781, 1.749501312542789844 ) ) ;
#1444 = EDGE_CURVE ( 'NONE', #6994, #828, #1773, .T. ) ;
#1445 = CARTESIAN_POINT ( 'NONE',  ( 0.0000000000000000000, 5.000000000000000888, 0.0000000000000000000 ) ) ;
#1446 = CARTESIAN_POINT ( 'NONE',  ( 14.40106209202366827, 7.000000000000002665, -32.10006176782744092 ) ) ;
#1447 = LINE ( 'NONE', #3928, #4833 ) ;
#1448 = AXIS2_PLACEMENT_3D ( 'NONE', #6343, #6306, #7068 ) ;
#1449 = CARTESIAN_POINT ( 'NONE',  ( 8.116411109992025530, -13.43849360530937176, -30.95357605663032174 ) ) ;
#1450 = CARTESIAN_POINT ( 'NONE',  ( 15.08460647348984907, -4.000000000000000888, -35.00000000000000000 ) ) ;
#1451 = CARTESIAN_POINT ( 'NONE',  ( 132.0811005506772062, 1.983804941585032733, 0.2587411415435402762 ) ) ;
#1452 = CARTESIAN_POINT ( 'NONE',  ( 1.571788737438387200E-14, 12.50000000000000000, -22.00000000000000000 ) ) ;
#1453 = CIRCLE ( 'NONE', #4639, 0.5000000000000004441 ) ;
#1454 = CARTESIAN_POINT ( 'NONE',  ( 27.32801192892262065, 4.941937439210519756, 18.03159928022524383 ) ) ;
#1455 = ADVANCED_FACE ( 'NONE', ( #2447, #7793 ), #527, .F. ) ;
#1456 = VERTEX_POINT ( 'NONE', #8440 ) ;
#1457 = AXIS2_PLACEMENT_3D ( 'NONE', #4191, #9282, #1371 ) ;
#1458 = CIRCLE ( 'NONE', #6933, 22.00000000000000000 ) ;
#1459 = CARTESIAN_POINT ( 'NONE',  ( 133.3936481443020625, -3.075835502291583978, -1.694884753799589472 ) ) ;
#1460 = DIRECTION ( 'NONE',  ( 0.0000000000000000000, 1.000000000000000000, 0.0000000000000000000 ) ) ;
#1461 = CARTESIAN_POINT ( 'NONE',  ( 49.32399612951925860, 1.500000000000000888, -18.50000000000000355 ) ) ;
#1462 = CARTESIAN_POINT ( 'NONE',  ( 132.1079345210224574, -2.000294911068919212, -0.5213940866049271428 ) ) ;
#1463 = ORIENTED_EDGE ( 'NONE', *, *, #5591, .T. ) ;
#1464 = CARTESIAN_POINT ( 'NONE',  ( 10.71751771055746794, 5.000000000000002665, -35.00000000000000000 ) ) ;
#1465 = CARTESIAN_POINT ( 'NONE',  ( 8.116411109992025530, -7.000000000000000888, 30.95357605663032174 ) ) ;
#1466 = EDGE_CURVE ( 'NONE', #5351, #8375, #9254, .T. ) ;
#1467 = CARTESIAN_POINT ( 'NONE',  ( 101.0263340389897166, -3.500000000000000888, -33.50000000000000000 ) ) ;
#1468 = CARTESIAN_POINT ( 'NONE',  ( 11.41375784687528494, -5.008245486696107918, -34.09026589720551215 ) ) ;
#1469 = CIRCLE ( 'NONE', #9387, 2.000000000000001776 ) ;
#1470 = CARTESIAN_POINT ( 'NONE',  ( 33.15186717383904380, 5.138563778076905564, -3.643889533503377187 ) ) ;
#1471 = CARTESIAN_POINT ( 'NONE',  ( 131.8336358778303179, -1.387373959814746760, 1.440566807355861290 ) ) ;
#1472 = CARTESIAN_POINT ( 'NONE',  ( 29.63152617989832649, 7.000000000000002665, -4.687500000000003553 ) ) ;
#1473 = EDGE_LOOP ( 'NONE', ( #1719, #3814, #671, #4682 ) ) ;
#1474 = ORIENTED_EDGE ( 'NONE', *, *, #8579, .F. ) ;
#1475 = DIRECTION ( 'NONE',  ( -1.000000000000000000, -0.0000000000000000000, -0.0000000000000000000 ) ) ;
#1476 = AXIS2_PLACEMENT_3D ( 'NONE', #8356, #8384, #4050 ) ;
#1477 = CARTESIAN_POINT ( 'NONE',  ( 131.6185236659590316, -0.4550939712838510953, -1.947504287100949805 ) ) ;
#1478 = CARTESIAN_POINT ( 'NONE',  ( 20.96122117167507781, 6.372004060637916467, 23.16111201963620658 ) ) ;
#1479 = VECTOR ( 'NONE', #3683, 1000.000000000000000 ) ;
#1480 = CARTESIAN_POINT ( 'NONE',  ( 104.3646111259392342, -2.244944070642622247, 5.275038736371706172 ) ) ;
#1481 = CARTESIAN_POINT ( 'NONE',  ( 22.74837764801966600, 7.000000000000002665, 22.50580623712644268 ) ) ;
#1482 = VERTEX_POINT ( 'NONE', #7053 ) ;
#1483 = CARTESIAN_POINT ( 'NONE',  ( 15.08460647348984729, -5.000000000000003553, 35.00000000000000000 ) ) ;
#1484 = CARTESIAN_POINT ( 'NONE',  ( 104.5228874831234407, 1.500000000000000888, 5.719177225785473162 ) ) ;
#1485 = CARTESIAN_POINT ( 'NONE',  ( 14.35672482418724094, 4.012368230248056555, -35.00000000000000711 ) ) ;
#1486 = LINE ( 'NONE', #6386, #7614 ) ;
#1487 = VERTEX_POINT ( 'NONE', #7726 ) ;
#1488 = DIRECTION ( 'NONE',  ( 0.0000000000000000000, -1.000000000000000000, 0.0000000000000000000 ) ) ;
#1489 = ORIENTED_EDGE ( 'NONE', *, *, #4857, .T. ) ;
#1490 = CARTESIAN_POINT ( 'NONE',  ( 38.35349029988144309, 1.235585181342571559, 13.04918321732787234 ) ) ;
#1491 = ORIENTED_EDGE ( 'NONE', *, *, #5426, .T. ) ;
#1492 = CARTESIAN_POINT ( 'NONE',  ( 133.4909178386244548, -3.400357076070307016, -0.4990289993460643170 ) ) ;
#1493 = CARTESIAN_POINT ( 'NONE',  ( 0.0000000000000000000, 5.000000000000000888, 0.0000000000000000000 ) ) ;
#1494 = CARTESIAN_POINT ( 'NONE',  ( 109.7031396134503467, 5.918599051329639593, 8.744714359434057727 ) ) ;
#1495 = DIRECTION ( 'NONE',  ( 0.0000000000000000000, 1.000000000000000000, 0.0000000000000000000 ) ) ;
#1496 = DIRECTION ( 'NONE',  ( -1.000000000000000000, 0.0000000000000000000, -0.0000000000000000000 ) ) ;
#1497 = ORIENTED_EDGE ( 'NONE', *, *, #7637, .T. ) ;
#1498 = EDGE_CURVE ( 'NONE', #9326, #1274, #5522, .T. ) ;
#1499 = EDGE_CURVE ( 'NONE', #7281, #2464, #8861, .T. ) ;
#1500 = FACE_OUTER_BOUND ( 'NONE', #6092, .T. ) ;
#1501 = PLANE ( 'NONE',  #1819 ) ;
#1502 = ORIENTED_EDGE ( 'NONE', *, *, #1845, .F. ) ;
#1503 = CARTESIAN_POINT ( 'NONE',  ( 14.72236657338077137, 4.999999999999857003, 34.05065744603047051 ) ) ;
#1504 = CARTESIAN_POINT ( 'NONE',  ( 11.08157604679221997, -4.000000008605691271, -35.00000000000000000 ) ) ;
#1505 = ADVANCED_FACE ( 'NONE', ( #8917 ), #7360, .T. ) ;
#1506 = ADVANCED_FACE ( 'NONE', ( #3475 ), #8026, .F. ) ;
#1507 = CARTESIAN_POINT ( 'NONE',  ( 21.28860175200237137, -13.43849360530937176, 23.87293985656782880 ) ) ;
#1508 = DIRECTION ( 'NONE',  ( -0.6835668097206939464, 0.0000000000000000000, 0.7298879480086464255 ) ) ;
#1509 = ORIENTED_EDGE ( 'NONE', *, *, #4816, .T. ) ;
#1510 =( BOUNDED_SURFACE ( )  B_SPLINE_SURFACE ( 3, 2, ( 
 ( #5491, #7688, #1887 ),
 ( #3231, #9134, #4002 ),
 ( #383, #3939, #1113 ),
 ( #5450, #8304, #6237 ),
 ( #9036, #6982, #4687 ),
 ( #445, #3330, #5418 ),
 ( #4780, #3262, #1816 ),
 ( #2573, #6917, #2544 ),
 ( #8492, #5620, #5651 ),
 ( #4814, #6348, #1273 ),
 ( #575, #4223, #4162 ),
 ( #3467, #5528, #9256 ),
 ( #7143, #9285, #7041 ),
 ( #1182, #6268, #1910 ),
 ( #4911, #477, #2726 ),
 ( #546, #3393, #4877 ) ),
 .UNSPECIFIED., .F., .F., .F. ) 
 B_SPLINE_SURFACE_WITH_KNOTS ( ( 4, 2, 2, 2, 2, 2, 2, 4 ),
 ( 3, 3 ),
 ( 1.084202172485504434E-19, 0.0004934397534075529550, 0.0009868795068151056931, 0.001480319260222658431, 0.001973759013630211386, 0.002467198767037764341, 0.002960638520445316862, 0.003947518027260422772 ),
 ( 0.0000000000000000000, 1.000000000000000000 ),
 .UNSPECIFIED. ) 
 GEOMETRIC_REPRESENTATION_ITEM ( )  RATIONAL_B_SPLINE_SURFACE ( (
 ( 1.000000000000000000, 0.7071067811865475727, 1.000000000000000000),
 ( 1.000000000000000000, 0.7106927042504140868, 1.000000000000000000),
 ( 1.000000000000000000, 0.7138436708805806497, 1.000000000000000000),
 ( 1.000000000000000000, 0.7193711798062667473, 1.000000000000000000),
 ( 1.000000000000000000, 0.7217678653141451628, 1.000000000000000000),
 ( 1.000000000000000000, 0.7257507511705288961, 1.000000000000000000),
 ( 1.000000000000000000, 0.7273404348724192836, 1.000000000000000000),
 ( 1.000000000000000000, 0.7298991839461701492, 1.000000000000000000),
 ( 1.000000000000000000, 0.7308667547683165289, 1.000000000000000000),
 ( 1.000000000000000000, 0.7322855091904036939, 1.000000000000000000),
 ( 1.000000000000000000, 0.7327528495541716369, 1.000000000000000000),
 ( 1.000000000000000000, 0.7333930367612723211, 1.000000000000000000),
 ( 1.000000000000000000, 0.7335599965619600260, 1.000000000000000000),
 ( 1.000000000000000000, 0.7338484905257244284, 1.000000000000000000),
 ( 1.000000000000000000, 0.7337817365624665911, 1.000000000000000000),
 ( 1.000000000000000000, 0.7337993856534780202, 1.000000000000000000) ) ) 
 REPRESENTATION_ITEM ( '' )  SURFACE ( )  );
#1511 = CARTESIAN_POINT ( 'NONE',  ( 131.6306123679817688, 0.5466047511233140810, 1.922704948590544527 ) ) ;
#1512 = CARTESIAN_POINT ( 'NONE',  ( 131.5921972786362915, -0.03307098397931768075, -1.999986459369760050 ) ) ;
#1513 = CARTESIAN_POINT ( 'NONE',  ( 20.95624907685347438, 6.290477504247154350, 23.05559135959189732 ) ) ;
#1514 = ORIENTED_EDGE ( 'NONE', *, *, #5738, .F. ) ;
#1515 = ORIENTED_EDGE ( 'NONE', *, *, #4703, .T. ) ;
#1516 = ORIENTED_EDGE ( 'NONE', *, *, #9194, .F. ) ;
#1517 = DIRECTION ( 'NONE',  ( 0.0000000000000000000, -1.000000000000000000, 0.0000000000000000000 ) ) ;
#1518 = VECTOR ( 'NONE', #4557, 1000.000000000000000 ) ;
#1519 = DIRECTION ( 'NONE',  ( 0.0000000000000000000, 1.000000000000000000, -0.0000000000000000000 ) ) ;
#1520 = CARTESIAN_POINT ( 'NONE',  ( 131.5955100169819616, 0.1599952902613355488, -1.993552597773020851 ) ) ;
#1521 = ORIENTED_EDGE ( 'NONE', *, *, #4946, .F. ) ;
#1522 = CARTESIAN_POINT ( 'NONE',  ( 133.0029728105895686, 1.109577232159093985, 3.630820457111179511 ) ) ;
#1523 = CARTESIAN_POINT ( 'NONE',  ( 2.935811227990283510E-16, 3.500000000000000888, -3.500000000000009326 ) ) ;
#1524 = AXIS2_PLACEMENT_3D ( 'NONE', #5250, #861, #3717 ) ;
#1525 = CYLINDRICAL_SURFACE ( 'NONE', #7318, 2.000000000000001776 ) ;
#1526 = ORIENTED_EDGE ( 'NONE', *, *, #2109, .F. ) ;
#1527 = CIRCLE ( 'NONE', #1584, 2.000000000000001776 ) ;
#1528 = ORIENTED_EDGE ( 'NONE', *, *, #7227, .F. ) ;
#1529 = ORIENTED_EDGE ( 'NONE', *, *, #6384, .T. ) ;
#1530 = EDGE_LOOP ( 'NONE', ( #6053, #7508, #2296 ) ) ;
#1531 = CARTESIAN_POINT ( 'NONE',  ( 22.10418838156303423, -7.758736482042649207, -26.03783777165256552 ) ) ;
#1532 = CARTESIAN_POINT ( 'NONE',  ( 133.2967235828409116, -2.719290256036148268, 2.335959347864508207 ) ) ;
#1533 = EDGE_CURVE ( 'NONE', #6102, #6854, #3129, .T. ) ;
#1534 = CARTESIAN_POINT ( 'NONE',  ( 38.00000000000000000, -9.735427445389468915, -3.000000000000000000 ) ) ;
#1535 = CARTESIAN_POINT ( 'NONE',  ( 120.0000000000000000, 1.500000000000000888, 0.0000000000000000000 ) ) ;
#1536 = DIRECTION ( 'NONE',  ( 0.0000000000000000000, 0.0000000000000000000, 1.000000000000000000 ) ) ;
#1537 = CARTESIAN_POINT ( 'NONE',  ( 109.3884257288853235, 6.000000000000002665, -8.361384830366565879 ) ) ;
#1538 = LINE ( 'NONE', #7443, #5148 ) ;
#1539 = DIRECTION ( 'NONE',  ( 0.0000000000000000000, -1.000000000000000000, 0.0000000000000000000 ) ) ;
#1540 = CARTESIAN_POINT ( 'NONE',  ( 15.08460647348984907, -5.000000000000003553, -34.00000000000000000 ) ) ;
#1541 = DIRECTION ( 'NONE',  ( -0.1428571428571427382, 0.0000000000000000000, 0.9897433186107870151 ) ) ;
#1542 = DIRECTION ( 'NONE',  ( 0.7298879480086465366, 0.0000000000000000000, 0.6835668097206939464 ) ) ;
#1543 = CIRCLE ( 'NONE', #2011, 2.000000000000000000 ) ;
#1544 = CARTESIAN_POINT ( 'NONE',  ( 131.8067954408219293, 1.308093414239689611, 1.512768095713682648 ) ) ;
#1545 = DIRECTION ( 'NONE',  ( -1.000000000000000000, -0.0000000000000000000, -1.356728424568866558E-16 ) ) ;
#1546 = EDGE_LOOP ( 'NONE', ( #6668, #8744, #6190, #2942 ) ) ;
#1547 = EDGE_CURVE ( 'NONE', #2369, #2773, #1551, .T. ) ;
#1548 = DIRECTION ( 'NONE',  ( -0.0000000000000000000, 1.000000000000000000, -0.0000000000000000000 ) ) ;
#1549 = DIRECTION ( 'NONE',  ( 0.0000000000000000000, 0.0000000000000000000, 1.000000000000000000 ) ) ;
#1550 = CARTESIAN_POINT ( 'NONE',  ( 0.0000000000000000000, 4.000000000000000888, 35.00000000000000000 ) ) ;
#1551 = CIRCLE ( 'NONE', #2414, 30.00000000000000000 ) ;
#1552 = CARTESIAN_POINT ( 'NONE',  ( 31.32873628710491332, 1.785923045301918144, -13.09113519969680617 ) ) ;
#1553 = ADVANCED_FACE ( 'NONE', ( #4825, #4157 ), #8471, .F. ) ;
#1554 = ORIENTED_EDGE ( 'NONE', *, *, #5513, .T. ) ;
#1555 = EDGE_CURVE ( 'NONE', #7192, #6931, #7552, .T. ) ;
#1556 = EDGE_CURVE ( 'NONE', #259, #7007, #286, .T. ) ;
#1557 = DIRECTION ( 'NONE',  ( 0.0000000000000000000, 0.0000000000000000000, 1.000000000000000000 ) ) ;
#1558 = CARTESIAN_POINT ( 'NONE',  ( 28.31791529886291769, 4.718342709485592756, -16.84949945228817114 ) ) ;
#1559 = FACE_OUTER_BOUND ( 'NONE', #4688, .T. ) ;
#1560 = CARTESIAN_POINT ( 'NONE',  ( 133.4995535913439824, -3.428177590781804618, 0.1264173342567694314 ) ) ;
#1561 = CARTESIAN_POINT ( 'NONE',  ( 18.00000000000003908, 5.000000000000000888, -32.33161507461903028 ) ) ;
#1562 = CARTESIAN_POINT ( 'NONE',  ( 109.3854825441976573, 5.999999983402943826, 8.357339704845232475 ) ) ;
#1563 = CARTESIAN_POINT ( 'NONE',  ( 32.40370349203930544, -7.000000000000000888, 3.000000000000000888 ) ) ;
#1564 = AXIS2_PLACEMENT_3D ( 'NONE', #5163, #697, #794 ) ;
#1565 = CARTESIAN_POINT ( 'NONE',  ( 17.99999999999996092, -13.43849360530937176, 30.02221399786057177 ) ) ;
#1566 = CARTESIAN_POINT ( 'NONE',  ( 28.51304367304962994, 3.500000000000000888, 16.61343855132842151 ) ) ;
#1567 = VECTOR ( 'NONE', #2502, 1000.000000000000000 ) ;
#1568 = ORIENTED_EDGE ( 'NONE', *, *, #888, .T. ) ;
#1569 = DIRECTION ( 'NONE',  ( 0.0000000000000000000, 0.0000000000000000000, 1.000000000000000000 ) ) ;
#1570 = CARTESIAN_POINT ( 'NONE',  ( 131.6153671168355572, 0.4234702158195967070, 1.953896018748151109 ) ) ;
#1571 = CARTESIAN_POINT ( 'NONE',  ( 132.0762753065622235, -1.973605555495753894, 0.3244690207761452561 ) ) ;
#1572 = LINE ( 'NONE', #6266, #7162 ) ;
#1573 = ORIENTED_EDGE ( 'NONE', *, *, #7358, .T. ) ;
#1574 = AXIS2_PLACEMENT_3D ( 'NONE', #1921, #4854, #7022 ) ;
#1575 = CARTESIAN_POINT ( 'NONE',  ( 39.05687522811108892, -0.1124991926636589173, 12.61927336776758857 ) ) ;
#1576 = DIRECTION ( 'NONE',  ( 0.0000000000000000000, 0.0000000000000000000, 1.000000000000000000 ) ) ;
#1577 = CARTESIAN_POINT ( 'NONE',  ( 13.27672448269710870, -4.886875450365800511, 35.00000000000000000 ) ) ;
#1578 = CARTESIAN_POINT ( 'NONE',  ( 32.13169435859100531, 4.999999999999985789, -4.904365126387771667 ) ) ;
#1579 = FACE_OUTER_BOUND ( 'NONE', #267, .T. ) ;
#1580 = EDGE_LOOP ( 'NONE', ( #5334, #21, #6964, #8194 ) ) ;
#1581 = ORIENTED_EDGE ( 'NONE', *, *, #5066, .F. ) ;
#1582 = DIRECTION ( 'NONE',  ( 0.0000000000000000000, 0.0000000000000000000, 1.000000000000000000 ) ) ;
#1583 = CARTESIAN_POINT ( 'NONE',  ( 28.07547065292711963, 4.812220495929862452, -17.14144127481264235 ) ) ;
#1584 = AXIS2_PLACEMENT_3D ( 'NONE', #1271, #4967, #2722 ) ;
#1585 = VERTEX_POINT ( 'NONE', #8633 ) ;
#1586 = CARTESIAN_POINT ( 'NONE',  ( 132.9452813667636804, -0.1085236922814571542, 3.830103119328718275 ) ) ;
#1587 = CARTESIAN_POINT ( 'NONE',  ( 120.0000000000000000, -12.50000000000000000, 9.000000000000008882 ) ) ;
#1588 = DIRECTION ( 'NONE',  ( -0.1562499999999998890, 4.283542007774249680E-16, 0.9877175393299444384 ) ) ;
#1589 = CARTESIAN_POINT ( 'NONE',  ( 110.7312005313184784, 5.491752327798099742, -9.818264375941650357 ) ) ;
#1590 = VECTOR ( 'NONE', #6903, 1000.000000000000000 ) ;
#1591 = CARTESIAN_POINT ( 'NONE',  ( 101.0263340389897166, -4.000000000000000888, -7.500000000000000888 ) ) ;
#1592 = ORIENTED_EDGE ( 'NONE', *, *, #6588, .F. ) ;
#1593 = VERTEX_POINT ( 'NONE', #6247 ) ;
#1594 = DIRECTION ( 'NONE',  ( -1.000000000000000000, -0.0000000000000000000, -1.677606415994443309E-17 ) ) ;
#1595 = ADVANCED_FACE ( 'NONE', ( #9023 ), #3586, .F. ) ;
#1596 = ADVANCED_FACE ( 'NONE', ( #5390 ), #2786, .T. ) ;
#1597 = CARTESIAN_POINT ( 'NONE',  ( 6.142831187652824987, 2.500000000000000444, 21.12499999999999289 ) ) ;
#1598 = ORIENTED_EDGE ( 'NONE', *, *, #6744, .F. ) ;
#1599 = CARTESIAN_POINT ( 'NONE',  ( 38.00000000000000000, -9.735427445389468915, 3.000000000000000000 ) ) ;
#1600 = LINE ( 'NONE', #4922, #7302 ) ;
#1601 = EDGE_LOOP ( 'NONE', ( #6609, #3896, #3562, #3953 ) ) ;
#1602 = CARTESIAN_POINT ( 'NONE',  ( 12.90106209202365761, -13.43849360530937176, -29.50198555647411780 ) ) ;
#1603 = AXIS2_PLACEMENT_3D ( 'NONE', #3600, #711, #7120 ) ;
#1604 = CARTESIAN_POINT ( 'NONE',  ( 131.8275296136247903, -1.369888774358589245, -1.457510468820583105 ) ) ;
#1605 = CARTESIAN_POINT ( 'NONE',  ( 131.6982583413534371, -0.9160977590775047918, 1.776573033073803209 ) ) ;
#1606 = ORIENTED_EDGE ( 'NONE', *, *, #2882, .F. ) ;
#1607 = DIRECTION ( 'NONE',  ( 0.0000000000000000000, 0.0000000000000000000, 1.000000000000000000 ) ) ;
#1608 = LINE ( 'NONE', #2482, #8758 ) ;
#1609 = CARTESIAN_POINT ( 'NONE',  ( 15.08460647348984907, -5.000000000000003553, 34.00000000000000000 ) ) ;
#1610 = EDGE_CURVE ( 'NONE', #6475, #6680, #4817, .T. ) ;
#1611 = DIRECTION ( 'NONE',  ( -0.4135200774096139953, 0.0000000000000000000, -0.9104950003043107420 ) ) ;
#1612 = ORIENTED_EDGE ( 'NONE', *, *, #8337, .F. ) ;
#1613 = CARTESIAN_POINT ( 'NONE',  ( 133.0568024349991845, -1.524309535632353940, -3.431269612244516320 ) ) ;
#1614 = VERTEX_POINT ( 'NONE', #810 ) ;
#1615 = VECTOR ( 'NONE', #7643, 1000.000000000000000 ) ;
#1616 = CARTESIAN_POINT ( 'NONE',  ( 133.3643900320836906, -2.974371275142832172, -1.920338475491378372 ) ) ;
#1617 = AXIS2_PLACEMENT_3D ( 'NONE', #8277, #3146, #4662 ) ;
#1618 = CARTESIAN_POINT ( 'NONE',  ( 25.86480664389690531, 4.999136396607792854, -19.72897977732961650 ) ) ;
#1619 = EDGE_LOOP ( 'NONE', ( #5809, #725, #731, #4894 ) ) ;
#1620 = CARTESIAN_POINT ( 'NONE',  ( 133.0420591533664663, -1.417041633262603906, 3.486470010269846043 ) ) ;
#1621 = CARTESIAN_POINT ( 'NONE',  ( 0.0000000000000000000, -3.500000000000000888, 0.0000000000000000000 ) ) ;
#1622 = CARTESIAN_POINT ( 'NONE',  ( 110.0923729745254178, 5.137330925422268990, -9.174377301375246319 ) ) ;
#1623 = DIRECTION ( 'NONE',  ( -1.209068259567989062E-15, 2.602085213965208275E-15, -1.000000000000000000 ) ) ;
#1624 = CARTESIAN_POINT ( 'NONE',  ( 32.26548303774548287, -5.199183758713245673, 4.120177895282048475 ) ) ;
#1625 = CARTESIAN_POINT ( 'NONE',  ( 128.9175044839241195, 1.598363365180924145, 1.229931776306543822 ) ) ;
#1626 = VECTOR ( 'NONE', #5908, 1000.000000000000000 ) ;
#1627 = EDGE_CURVE ( 'NONE', #4205, #6547, #6085, .T. ) ;
#1628 = VERTEX_POINT ( 'NONE', #3606 ) ;
#1629 = EDGE_CURVE ( 'NONE', #4901, #9130, #1662, .T. ) ;
#1630 =( BOUNDED_SURFACE ( )  B_SPLINE_SURFACE ( 3, 2, ( 
 ( #6694, #7408, #8903 ),
 ( #5283, #8127, #158 ),
 ( #3788, #8840, #5214 ),
 ( #5968, #1622, #7444 ),
 ( #8870, #2562, #1749 ),
 ( #4021, #8960, #6908 ),
 ( #1776, #6089, #276 ),
 ( #7609, #4644, #336 ),
 ( #6839, #2461, #302 ),
 ( #6225, #3160, #2591 ) ),
 .UNSPECIFIED., .F., .F., .F. ) 
 B_SPLINE_SURFACE_WITH_KNOTS ( ( 4, 2, 2, 2, 4 ),
 ( 3, 3 ),
 ( 0.001401595101553585257, 0.003040777057810973606, 0.003860368035939667781, 0.004679959014068361955, 0.007958322926583138654 ),
 ( 0.0000000000000000000, 1.000000000000000000 ),
 .UNSPECIFIED. ) 
 GEOMETRIC_REPRESENTATION_ITEM ( )  RATIONAL_B_SPLINE_SURFACE ( (
 ( 1.000000000000000000, 0.7071067811865521247, 1.000000000000000000),
 ( 1.000000000000000000, 0.7542680480913334096, 1.000000000000000000),
 ( 1.000000000000000000, 0.7965020839756409288, 1.000000000000000000),
 ( 1.000000000000000000, 0.8517225926734819375, 1.000000000000000000),
 ( 1.000000000000000000, 0.8687802906668105063, 1.000000000000000000),
 ( 1.000000000000000000, 0.8996113966033856268, 1.000000000000000000),
 ( 1.000000000000000000, 0.9134656721041346517, 1.000000000000000000),
 ( 1.000000000000000000, 0.9750843991580478987, 1.000000000000000000),
 ( 1.000000000000000000, 1.000000000000000000, 1.000000000000000000),
 ( 1.000000000000000000, 1.000000000000000000, 1.000000000000000000) ) ) 
 REPRESENTATION_ITEM ( '' )  SURFACE ( )  );
#1631 = DIRECTION ( 'NONE',  ( 0.0000000000000000000, 0.0000000000000000000, 1.000000000000000000 ) ) ;
#1632 = DIRECTION ( 'NONE',  ( 0.0000000000000000000, 2.891205793294675861E-16, 1.000000000000000000 ) ) ;
#1633 = FACE_OUTER_BOUND ( 'NONE', #7617, .T. ) ;
#1634 = CARTESIAN_POINT ( 'NONE',  ( 0.0000000000000000000, 7.500000000000000888, 0.0000000000000000000 ) ) ;
#1635 = ORIENTED_EDGE ( 'NONE', *, *, #4566, .T. ) ;
#1636 = LINE ( 'NONE', #6503, #5244 ) ;
#1637 = ORIENTED_EDGE ( 'NONE', *, *, #3772, .F. ) ;
#1638 = ORIENTED_EDGE ( 'NONE', *, *, #8971, .T. ) ;
#1639 = EDGE_CURVE ( 'NONE', #8668, #3143, #5740, .T. ) ;
#1640 = DIRECTION ( 'NONE',  ( -0.0000000000000000000, 1.000000000000000000, 1.740523610644402991E-16 ) ) ;
#1641 = DIRECTION ( 'NONE',  ( 0.0000000000000000000, -1.000000000000000000, 0.0000000000000000000 ) ) ;
#1642 = TOROIDAL_SURFACE ( 'NONE', #6212, 32.00000000000000000, 2.000000000000000000 ) ;
#1643 = CARTESIAN_POINT ( 'NONE',  ( 32.86335345030992272, -5.819036474986289065, 3.000000000000001332 ) ) ;
#1644 = EDGE_CURVE ( 'NONE', #6771, #311, #4371, .T. ) ;
#1645 = VECTOR ( 'NONE', #6671, 1000.000000000000000 ) ;
#1646 = CARTESIAN_POINT ( 'NONE',  ( 133.2970737119432840, 2.722753799200614111, -2.341424860631099225 ) ) ;
#1647 = ORIENTED_EDGE ( 'NONE', *, *, #5370, .T. ) ;
#1648 = CARTESIAN_POINT ( 'NONE',  ( 32.16665785485058393, 5.020513362778427080, -4.714285714285716189 ) ) ;
#1649 = ORIENTED_EDGE ( 'NONE', *, *, #3072, .T. ) ;
#1650 = AXIS2_PLACEMENT_3D ( 'NONE', #906, #4450, #3807 ) ;
#1651 = B_SPLINE_CURVE_WITH_KNOTS ( 'NONE', 3,
 ( #2319, #3787, #8839, #8150, #919, #8869 ),
 .UNSPECIFIED., .F., .F.,
 ( 4, 2, 4 ),
 ( 0.0000000000000000000, 0.0004189379728302318213, 0.0008378759456604636426 ),
 .UNSPECIFIED. ) ;
#1652 = CARTESIAN_POINT ( 'NONE',  ( 133.1367901899831736, -2.002071283257427670, -3.111237625257164296 ) ) ;
#1653 = LINE ( 'NONE', #3448, #4148 ) ;
#1654 = CARTESIAN_POINT ( 'NONE',  ( 133.0417300381593009, -1.417457022583736403, 3.487947113810489164 ) ) ;
#1655 = CARTESIAN_POINT ( 'NONE',  ( 21.96480662198340283, -7.424624507255217054, -25.01339782507218601 ) ) ;
#1656 = VERTEX_POINT ( 'NONE', #6552 ) ;
#1657 = CARTESIAN_POINT ( 'NONE',  ( 133.0045325152207454, 1.110183209581130370, 3.624030312789698449 ) ) ;
#1658 = EDGE_CURVE ( 'NONE', #357, #2968, #2337, .T. ) ;
#1659 = CARTESIAN_POINT ( 'NONE',  ( 25.54272524794511767, 5.000000000000000888, 20.09525284508728760 ) ) ;
#1660 = CARTESIAN_POINT ( 'NONE',  ( 17.99999999999995737, -4.000000000000001776, 34.00000000000000000 ) ) ;
#1661 = CARTESIAN_POINT ( 'NONE',  ( 21.95092887502211809, 7.923591657189724913, -26.87893301822190395 ) ) ;
#1662 = LINE ( 'NONE', #5788, #516 ) ;
#1663 = AXIS2_PLACEMENT_3D ( 'NONE', #3426, #2760, #8522 ) ;
#1664 = CARTESIAN_POINT ( 'NONE',  ( 21.32660404501843487, 12.50000000000000000, -21.09919334730603779 ) ) ;
#1665 = CARTESIAN_POINT ( 'NONE',  ( 104.7297295151357019, -5.000000000000000888, 6.250507124952557447 ) ) ;
#1666 = CARTESIAN_POINT ( 'NONE',  ( 12.17009032052152584, -5.022927870565768060, 34.15161828975422509 ) ) ;
#1667 = CARTESIAN_POINT ( 'NONE',  ( 0.0000000000000000000, -5.000000000000000888, 0.0000000000000000000 ) ) ;
#1668 = CARTESIAN_POINT ( 'NONE',  ( 132.0563190429712108, -1.931014405922086619, 0.5177667221559225652 ) ) ;
#1669 = CARTESIAN_POINT ( 'NONE',  ( 14.72236657338077137, -5.000000000000000888, 34.05065744603042788 ) ) ;
#1670 = CIRCLE ( 'NONE', #9399, 65.00000000000000000 ) ;
#1671 = VERTEX_POINT ( 'NONE', #7271 ) ;
#1672 = VERTEX_POINT ( 'NONE', #751 ) ;
#1673 = EDGE_CURVE ( 'NONE', #3675, #6540, #7433, .T. ) ;
#1674 = CARTESIAN_POINT ( 'NONE',  ( 35.89435657813710634, -0.1110690606344593295, 14.66074403129293557 ) ) ;
#1675 = AXIS2_PLACEMENT_3D ( 'NONE', #4896, #5571, #1999 ) ;
#1676 = CARTESIAN_POINT ( 'NONE',  ( 12.14634707257499002, -5.022521367682092119, 34.15033017895672884 ) ) ;
#1677 = CARTESIAN_POINT ( 'NONE',  ( 132.9831723456989607, 0.8866261295769849449, -3.699822284071613510 ) ) ;
#1678 = CARTESIAN_POINT ( 'NONE',  ( 28.78796749743333905, 2.957605713721488616, -16.27923721256132339 ) ) ;
#1679 = LINE ( 'NONE', #7264, #85 ) ;
#1680 = CARTESIAN_POINT ( 'NONE',  ( 133.4978466179758811, -3.422685006622240511, -0.2490964521831130207 ) ) ;
#1681 = EDGE_CURVE ( 'NONE', #8626, #4070, #401, .T. ) ;
#1682 = EDGE_CURVE ( 'NONE', #7415, #1671, #7485, .T. ) ;
#1683 = CARTESIAN_POINT ( 'NONE',  ( 132.9549300316867289, -0.4468759985334451179, 3.797352194639584511 ) ) ;
#1684 = PLANE ( 'NONE',  #1210 ) ;
#1685 = CARTESIAN_POINT ( 'NONE',  ( 131.9589616930258842, 0.5216681485612010283, -2.000200552271906851 ) ) ;
#1686 = CYLINDRICAL_SURFACE ( 'NONE', #1847, 2.000000000000001776 ) ;
#1687 = DIRECTION ( 'NONE',  ( 0.0000000000000000000, 0.0000000000000000000, 1.000000000000000000 ) ) ;
#1688 = DIRECTION ( 'NONE',  ( 1.000000000000000000, -0.0000000000000000000, 8.388032079972216237E-17 ) ) ;
#1689 = AXIS2_PLACEMENT_3D ( 'NONE', #216, #4645, #7585 ) ;
#1690 = CARTESIAN_POINT ( 'NONE',  ( 35.48647515897101812, -1.974602090914750284E-16, 11.31975401817861027 ) ) ;
#1691 = CIRCLE ( 'NONE', #4765, 4.500000000000000888 ) ;
#1692 = CARTESIAN_POINT ( 'NONE',  ( 12.90106209202365761, -7.000000000000003553, 34.50198555647412491 ) ) ;
#1693 = ORIENTED_EDGE ( 'NONE', *, *, #4422, .T. ) ;
#1694 = ORIENTED_EDGE ( 'NONE', *, *, #6558, .T. ) ;
#1695 = CARTESIAN_POINT ( 'NONE',  ( 6.045341297839941364E-15, -12.50000000000000000, 29.99999999999999645 ) ) ;
#1696 = CARTESIAN_POINT ( 'NONE',  ( 131.6470988004835760, -0.6561968474645880622, 1.888271596687590925 ) ) ;
#1697 = CARTESIAN_POINT ( 'NONE',  ( 131.7630546390990389, -1.167441809444417444, 1.624386740872002521 ) ) ;
#1698 = AXIS2_PLACEMENT_3D ( 'NONE', #5091, #8580, #1434 ) ;
#1699 = FACE_OUTER_BOUND ( 'NONE', #1071, .T. ) ;
#1700 = CARTESIAN_POINT ( 'NONE',  ( 21.72376286396169220, 7.175531552849844452, 24.45716919357208496 ) ) ;
#1701 = DIRECTION ( 'NONE',  ( 0.0000000000000000000, 1.000000000000000000, 0.0000000000000000000 ) ) ;
#1702 = ORIENTED_EDGE ( 'NONE', *, *, #6319, .F. ) ;
#1703 = CARTESIAN_POINT ( 'NONE',  ( 21.28860175200237137, 23.43849360530937176, 23.87293985656782880 ) ) ;
#1704 = CARTESIAN_POINT ( 'NONE',  ( 0.0000000000000000000, -5.000000000000000888, -30.00000000000000000 ) ) ;
#1705 = ORIENTED_EDGE ( 'NONE', *, *, #2630, .T. ) ;
#1706 = B_SPLINE_CURVE_WITH_KNOTS ( 'NONE', 3,
 ( #8563, #579, #4882, #2074, #4229, #4976, #3564, #6380, #6354, #2729, #8622, #2825, #7811, #4948, #2047, #4918, #1984, #7788, #9262, #5722, #5656, #4201, #9290, #550 ),
 .UNSPECIFIED., .F., .F.,
 ( 4, 2, 2, 2, 2, 2, 2, 2, 2, 2, 2, 4 ),
 ( 3.576353958746384160E-19, 0.0003266927091904562610, 0.0006533854183809120883, 0.0009800781275713680782, 0.001306770836761823960, 0.001960156255142737891, 0.002613541673523652256, 0.003266927091904566188, 0.003920312510285480119, 0.004573697928666393617, 0.004900390637856850799, 0.005227083347047307982 ),
 .UNSPECIFIED. ) ;
#1707 = VERTEX_POINT ( 'NONE', #3711 ) ;
#1708 = LINE ( 'NONE', #1484, #8617 ) ;
#1709 = EDGE_CURVE ( 'NONE', #3986, #4359, #1327, .T. ) ;
#1710 = ORIENTED_EDGE ( 'NONE', *, *, #3084, .T. ) ;
#1711 = CARTESIAN_POINT ( 'NONE',  ( 133.4860631484656039, -3.384719137393278565, -0.6255193838990081856 ) ) ;
#1712 = CARTESIAN_POINT ( 'NONE',  ( 103.9459117512936359, 2.302866463692764931, -5.257617858754507267 ) ) ;
#1713 = ORIENTED_EDGE ( 'NONE', *, *, #4465, .T. ) ;
#1714 = AXIS2_PLACEMENT_3D ( 'NONE', #4260, #9351, #7899 ) ;
#1715 = CARTESIAN_POINT ( 'NONE',  ( 133.4070885558293753, 3.122052224064560288, 1.582159527237847030 ) ) ;
#1716 = DIRECTION ( 'NONE',  ( 1.000000000000000000, -0.0000000000000000000, 1.209068259567990048E-15 ) ) ;
#1717 = DIRECTION ( 'NONE',  ( 0.5883384128244132372, 0.0000000000000000000, 0.8086148106454954521 ) ) ;
#1718 = CARTESIAN_POINT ( 'NONE',  ( 8.116411109992025530, -13.43849360530937176, -28.95357605663032174 ) ) ;
#1719 = ORIENTED_EDGE ( 'NONE', *, *, #8130, .T. ) ;
#1720 = CARTESIAN_POINT ( 'NONE',  ( 129.0000094915637590, 2.000048396324732192, -0.1300623696576979904 ) ) ;
#1721 = LINE ( 'NONE', #3791, #9192 ) ;
#1722 = ORIENTED_EDGE ( 'NONE', *, *, #5243, .F. ) ;
#1723 = DIRECTION ( 'NONE',  ( -1.000000000000000000, -0.0000000000000000000, -1.209068259567990048E-15 ) ) ;
#1724 = ORIENTED_EDGE ( 'NONE', *, *, #6684, .F. ) ;
#1725 = DIRECTION ( 'NONE',  ( 0.0000000000000000000, 1.000000000000000000, 0.0000000000000000000 ) ) ;
#1726 = AXIS2_PLACEMENT_3D ( 'NONE', #7313, #727, #2810 ) ;
#1727 = FACE_OUTER_BOUND ( 'NONE', #8163, .T. ) ;
#1728 = CARTESIAN_POINT ( 'NONE',  ( 132.0642619849279527, -1.948250105431727830, -0.4515080401358182449 ) ) ;
#1729 = CARTESIAN_POINT ( 'NONE',  ( 132.9747298155884323, -0.7846461876297474713, -3.729216567028694751 ) ) ;
#1730 = ORIENTED_EDGE ( 'NONE', *, *, #6490, .T. ) ;
#1731 = CARTESIAN_POINT ( 'NONE',  ( 22.01285227611682060, 7.891297630613934189, 26.66838061746755528 ) ) ;
#1732 = CARTESIAN_POINT ( 'NONE',  ( 104.0327848054773057, -1.550008035233803927, -4.166972266695045946 ) ) ;
#1733 = CARTESIAN_POINT ( 'NONE',  ( 11.44539935979833878, -4.012368233432360931, 35.00000000000000000 ) ) ;
#1734 = ORIENTED_EDGE ( 'NONE', *, *, #1244, .F. ) ;
#1735 = EDGE_CURVE ( 'NONE', #357, #4368, #2368, .T. ) ;
#1736 = CARTESIAN_POINT ( 'NONE',  ( 22.14648506759959901, -5.188057535505755880, 21.91033178175678131 ) ) ;
#1737 = CARTESIAN_POINT ( 'NONE',  ( 49.32399612951925860, -3.500000000000000888, 5.500000000000000888 ) ) ;
#1738 = ORIENTED_EDGE ( 'NONE', *, *, #5525, .T. ) ;
#1739 = CIRCLE ( 'NONE', #3212, 12.49999999999999112 ) ;
#1740 = EDGE_LOOP ( 'NONE', ( #8166, #3653, #8671, #1637 ) ) ;
#1741 = ORIENTED_EDGE ( 'NONE', *, *, #6220, .F. ) ;
#1742 = TOROIDAL_SURFACE ( 'NONE', #3477, 35.00000000000000000, 2.000000000000000000 ) ;
#1743 = VERTEX_POINT ( 'NONE', #2735 ) ;
#1744 = ORIENTED_EDGE ( 'NONE', *, *, #5125, .T. ) ;
#1745 = CARTESIAN_POINT ( 'NONE',  ( 133.4982687846666352, -3.424088266936181846, -0.2497350978646984410 ) ) ;
#1746 = AXIS2_PLACEMENT_3D ( 'NONE', #5627, #6502, #6542 ) ;
#1747 = CARTESIAN_POINT ( 'NONE',  ( 21.04125881947897270, -6.599807471246585067, -23.47700973874255936 ) ) ;
#1748 = CARTESIAN_POINT ( 'NONE',  ( 131.9073503571336516, -1.585418887876534955, -1.220144495112689631 ) ) ;
#1749 = CARTESIAN_POINT ( 'NONE',  ( 110.3761139616924822, 5.658451305057354830, -9.470462188226919764 ) ) ;
#1750 = VECTOR ( 'NONE', #4511, 1000.000000000000000 ) ;
#1751 = EDGE_CURVE ( 'NONE', #2989, #3621, #8017, .T. ) ;
#1752 = CYLINDRICAL_SURFACE ( 'NONE', #427, 2.000000000000000000 ) ;
#1753 = ORIENTED_EDGE ( 'NONE', *, *, #7925, .F. ) ;
#1754 = VERTEX_POINT ( 'NONE', #7845 ) ;
#1755 = ORIENTED_EDGE ( 'NONE', *, *, #87, .F. ) ;
#1756 = DIRECTION ( 'NONE',  ( -0.0000000000000000000, -1.000000000000000000, -0.0000000000000000000 ) ) ;
#1757 = AXIS2_PLACEMENT_3D ( 'NONE', #2121, #784, #2973 ) ;
#1758 = CARTESIAN_POINT ( 'NONE',  ( 31.75790179221495180, 1.683739049624955353, 12.53387912072400390 ) ) ;
#1759 = FACE_OUTER_BOUND ( 'NONE', #2425, .T. ) ;
#1760 = DIRECTION ( 'NONE',  ( -0.0000000000000000000, -1.000000000000000000, -0.0000000000000000000 ) ) ;
#1761 = ORIENTED_EDGE ( 'NONE', *, *, #6234, .T. ) ;
#1762 = CARTESIAN_POINT ( 'NONE',  ( 131.6704384171107733, -0.7845139624788475263, -1.838055469066473657 ) ) ;
#1763 = ADVANCED_FACE ( 'NONE', ( #5274 ), #1089, .F. ) ;
#1764 = ORIENTED_EDGE ( 'NONE', *, *, #4528, .T. ) ;
#1765 = CIRCLE ( 'NONE', #5391, 22.00000000000000000 ) ;
#1766 = CARTESIAN_POINT ( 'NONE',  ( 33.46008042938468208, -1.500000000000000888, 10.26757116649835844 ) ) ;
#1767 = ORIENTED_EDGE ( 'NONE', *, *, #9323, .T. ) ;
#1768 = CARTESIAN_POINT ( 'NONE',  ( 18.00000000000000000, -5.000000000000001776, -34.00000000000000000 ) ) ;
#1769 = AXIS2_PLACEMENT_3D ( 'NONE', #9063, #7654, #8364 ) ;
#1770 = B_SPLINE_CURVE_WITH_KNOTS ( 'NONE', 3,
 ( #6138, #319, #8919, #6074, #1789, #2420, #977, #6894, #1731, #6765, #9040, #4694, #7540, #7509, #2390, #1700, #3883, #6797 ),
 .UNSPECIFIED., .F., .F.,
 ( 4, 2, 2, 2, 2, 2, 2, 2, 4 ),
 ( 0.002684650894143680334, 0.003334584406966152430, 0.003984517919788624525, 0.004634451432611096620, 0.005284384945433568716, 0.005934318458256039944, 0.006584251971078510304, 0.007234185483900981532, 0.007884118996723452760 ),
 .UNSPECIFIED. ) ;
#1771 = CARTESIAN_POINT ( 'NONE',  ( 18.00000000000000000, -5.000000000000001776, -34.00000000000000000 ) ) ;
#1772 = CARTESIAN_POINT ( 'NONE',  ( 21.21346465631638978, -6.796400696776191630, -23.77861252659467795 ) ) ;
#1773 = LINE ( 'NONE', #3371, #5630 ) ;
#1774 = CARTESIAN_POINT ( 'NONE',  ( 133.2697069187881027, 2.611266307428870448, -2.483400150871867051 ) ) ;
#1775 = CARTESIAN_POINT ( 'NONE',  ( 22.57756402448508481, -5.086267607158126758, -21.82491318340508357 ) ) ;
#1776 = CARTESIAN_POINT ( 'NONE',  ( 110.4904873875638884, 4.703532452641210782, -10.04999949228389511 ) ) ;
#1777 = CARTESIAN_POINT ( 'NONE',  ( 20.59893790797642765, -13.43849360530937176, 28.52171649708322576 ) ) ;
#1778 = CARTESIAN_POINT ( 'NONE',  ( 31.60696125855821847, -7.000000000000000888, 5.000000000000000888 ) ) ;
#1779 = CARTESIAN_POINT ( 'NONE',  ( 31.75790179221493048, -1.683739049624957795, -12.53387912072403054 ) ) ;
#1780 = AXIS2_PLACEMENT_3D ( 'NONE', #2702, #3439, #7725 ) ;
#1781 = FACE_OUTER_BOUND ( 'NONE', #6672, .T. ) ;
#1782 = CARTESIAN_POINT ( 'NONE',  ( 32.60712885353455448, 4.500000000000000888, -5.076923076923076650 ) ) ;
#1783 = CARTESIAN_POINT ( 'NONE',  ( 29.23455647122458245, 2.319658391255907388E-18, -19.99999999999996803 ) ) ;
#1784 = DIRECTION ( 'NONE',  ( -0.7033064449102011118, 0.0000000000000000000, 0.7108868015006146734 ) ) ;
#1785 = DIRECTION ( 'NONE',  ( -0.0000000000000000000, -1.000000000000000000, -0.0000000000000000000 ) ) ;
#1786 = CARTESIAN_POINT ( 'NONE',  ( 131.7962266896677193, -1.275201816538746424, -1.540391383526397817 ) ) ;
#1787 = CARTESIAN_POINT ( 'NONE',  ( 131.6055495491112026, 0.3257768322973164099, 1.973699075920108958 ) ) ;
#1788 = CIRCLE ( 'NONE', #4590, 63.00000000000000000 ) ;
#1789 = CARTESIAN_POINT ( 'NONE',  ( 21.42870989811429894, 8.000132299552724646, 27.82633284630851378 ) ) ;
#1790 = DIRECTION ( 'NONE',  ( 1.000000000000000000, 0.0000000000000000000, 0.0000000000000000000 ) ) ;
#1791 = ADVANCED_FACE ( 'NONE', ( #6905 ), #2441, .F. ) ;
#1792 = CARTESIAN_POINT ( 'NONE',  ( 24.99999999999996803, 0.0000000000000000000, 28.00000000000003197 ) ) ;
#1793 = UNCERTAINTY_MEASURE_WITH_UNIT (LENGTH_MEASURE( 1.000000000000000082E-05 ), #8236, 'distance_accuracy_value', 'NONE');
#1794 = DIRECTION ( 'NONE',  ( 0.0000000000000000000, 0.0000000000000000000, 1.000000000000000000 ) ) ;
#1795 = DIRECTION ( 'NONE',  ( 0.0000000000000000000, 0.0000000000000000000, -1.000000000000000000 ) ) ;
#1796 = DIRECTION ( 'NONE',  ( -1.000000000000000000, 0.0000000000000000000, 1.356728424568866558E-16 ) ) ;
#1797 = CARTESIAN_POINT ( 'NONE',  ( 133.2171778728288984, -2.388460733402632208, -2.749224903274497755 ) ) ;
#1798 = ORIENTED_EDGE ( 'NONE', *, *, #117, .T. ) ;
#1799 = EDGE_CURVE ( 'NONE', #9335, #2548, #2902, .T. ) ;
#1800 = EDGE_CURVE ( 'NONE', #7099, #6762, #3348, .T. ) ;
#1801 = CARTESIAN_POINT ( 'NONE',  ( 20.97875540234646863, -6.124615828481957180, -22.85156674431040003 ) ) ;
#1802 = CARTESIAN_POINT ( 'NONE',  ( 133.0559925239432744, 1.517148267822171936, -3.434343608585467944 ) ) ;
#1803 = ADVANCED_FACE ( 'NONE', ( #4272 ), #6210, .T. ) ;
#1804 = DIRECTION ( 'NONE',  ( -0.0000000000000000000, -1.000000000000000000, -0.0000000000000000000 ) ) ;
#1805 = CARTESIAN_POINT ( 'NONE',  ( 111.6266806479900140, 4.449926619575584219, -10.75620829728017647 ) ) ;
#1806 = PLANE ( 'NONE',  #339 ) ;
#1807 = FACE_OUTER_BOUND ( 'NONE', #4924, .T. ) ;
#1808 = CARTESIAN_POINT ( 'NONE',  ( 29.40561067194814981, -2.525807218415780930, -15.52100262008013054 ) ) ;
#1809 = ORIENTED_EDGE ( 'NONE', *, *, #9405, .F. ) ;
#1810 = VERTEX_POINT ( 'NONE', #76 ) ;
#1811 = CARTESIAN_POINT ( 'NONE',  ( 34.37336112848142733, 6.732344977106428097, 3.000000000001551648 ) ) ;
#1812 = LINE ( 'NONE', #2558, #1590 ) ;
#1813 = EDGE_CURVE ( 'NONE', #1397, #2525, #981, .T. ) ;
#1814 = CARTESIAN_POINT ( 'NONE',  ( 31.60696125855821847, -12.50000000000000000, 3.000000000000000888 ) ) ;
#1815 = VERTEX_POINT ( 'NONE', #4443 ) ;
#1816 = CARTESIAN_POINT ( 'NONE',  ( 32.28368684831580282, -5.264820389034499115, -3.996791662603250472 ) ) ;
#1817 = CARTESIAN_POINT ( 'NONE',  ( 132.0565007650487246, -1.931359613692732680, 0.5134125264279392198 ) ) ;
#1818 = ORIENTED_EDGE ( 'NONE', *, *, #8131, .T. ) ;
#1819 = AXIS2_PLACEMENT_3D ( 'NONE', #36, #5101, #7122 ) ;
#1820 = DIRECTION ( 'NONE',  ( 0.0000000000000000000, 1.000000000000000000, -0.0000000000000000000 ) ) ;
#1821 = DIRECTION ( 'NONE',  ( -0.0000000000000000000, -1.000000000000000000, -0.0000000000000000000 ) ) ;
#1822 = CIRCLE ( 'NONE', #8107, 3.000000000000000000 ) ;
#1823 = CARTESIAN_POINT ( 'NONE',  ( -9.226835287969437737E-17, 3.500000000000000888, 5.500000000000000000 ) ) ;
#1824 = CARTESIAN_POINT ( 'NONE',  ( 22.57756402448508837, -5.086267607158117876, 21.82491318340514397 ) ) ;
#1825 = CARTESIAN_POINT ( 'NONE',  ( 30.47208456077076022, -2.049540406834491790, 14.18750746989098310 ) ) ;
#1826 = ORIENTED_EDGE ( 'NONE', *, *, #1376, .T. ) ;
#1827 = ORIENTED_EDGE ( 'NONE', *, *, #9174, .T. ) ;
#1828 = EDGE_CURVE ( 'NONE', #7548, #848, #5971, .T. ) ;
#1829 = CARTESIAN_POINT ( 'NONE',  ( 131.8023812187995816, -1.294628016489729250, 1.524516941506321333 ) ) ;
#1830 = ORIENTED_EDGE ( 'NONE', *, *, #6573, .F. ) ;
#1831 = LINE ( 'NONE', #9239, #7413 ) ;
#1832 = CARTESIAN_POINT ( 'NONE',  ( 31.60696125855821847, 7.000000000000000888, -5.000000000000000888 ) ) ;
#1833 = EDGE_LOOP ( 'NONE', ( #1606, #455, #1702, #6852 ) ) ;
#1834 = CARTESIAN_POINT ( 'NONE',  ( 131.6920175024071682, -0.8897553490235213802, -1.790693679430728213 ) ) ;
#1835 = DIRECTION ( 'NONE',  ( -1.000000000000000000, 0.0000000000000000000, -1.209068259567990048E-15 ) ) ;
#1836 =( NAMED_UNIT ( * ) SI_UNIT ( $, .STERADIAN. ) SOLID_ANGLE_UNIT ( ) );
#1837 = CARTESIAN_POINT ( 'NONE',  ( 20.96122117167507426, -6.372004060637920020, 23.16111201963619592 ) ) ;
#1838 = ORIENTED_EDGE ( 'NONE', *, *, #3290, .T. ) ;
#1839 = CARTESIAN_POINT ( 'NONE',  ( 32.65163208096986835, 5.010615929592281859, 4.782857142857144694 ) ) ;
#1840 = B_SPLINE_CURVE_WITH_KNOTS ( 'NONE', 3,
 ( #83, #16, #5057, #3681, #5151, #2972, #1522, #2876, #2908, #2242, #4331, #5026, #8054, #2181, #3582, #5888, #8639, #8743, #6559, #3611, #7276, #4392, #54, #783, #6010, #6770, #4456, #1646, #7372, #5239, #881, #8806, #2274, #910, #3777, #1677, #8167, #8857, #5205, #5980 ),
 .UNSPECIFIED., .F., .F.,
 ( 4, 2, 2, 2, 2, 2, 2, 2, 2, 2, 2, 2, 2, 2, 2, 2, 2, 2, 2, 4 ),
 ( 0.4999965353738719531, 0.5156215337727331205, 0.5312465321715943434, 0.5624965289693169002, 0.5781215273681780120, 0.5937465257670390129, 0.6249965225647606815, 0.6406215209636215713, 0.6562465193624824611, 0.6874965161602036856, 0.7499965097556465787, 0.8124965033510894719, 0.8281215017499501396, 0.8437465001488109184, 0.8749964969465316988, 0.9062464937442524793, 0.9374964905419733707, 0.9531214889408337054, 0.9687464873396941512, 0.9999964841374149316 ),
 .UNSPECIFIED. ) ;
#1841 = ADVANCED_FACE ( 'NONE', ( #7249 ), #2112, .T. ) ;
#1842 = ORIENTED_EDGE ( 'NONE', *, *, #2454, .F. ) ;
#1843 = LINE ( 'NONE', #8605, #5462 ) ;
#1844 = VERTEX_POINT ( 'NONE', #5195 ) ;
#1845 = EDGE_CURVE ( 'NONE', #3526, #9234, #179, .T. ) ;
#1846 = CARTESIAN_POINT ( 'NONE',  ( 128.9860176940456142, -1.934327632685370224, 0.5175965425706219314 ) ) ;
#1847 = AXIS2_PLACEMENT_3D ( 'NONE', #1125, #5368, #3180 ) ;
#1848 = ORIENTED_EDGE ( 'NONE', *, *, #8289, .T. ) ;
#1849 = CARTESIAN_POINT ( 'NONE',  ( 104.5132915121738648, 3.317534753127429958, 5.711561460045903260 ) ) ;
#1850 = CARTESIAN_POINT ( 'NONE',  ( 38.00000000000000000, 12.50000000000000000, 3.000000000000000000 ) ) ;
#1851 = LINE ( 'NONE', #6791, #1518 ) ;
#1852 = EDGE_LOOP ( 'NONE', ( #6183, #4250, #1241, #4096, #4472 ) ) ;
#1853 = DIRECTION ( 'NONE',  ( -8.673617379884039416E-16, 0.0000000000000000000, 1.000000000000000000 ) ) ;
#1854 = AXIS2_PLACEMENT_3D ( 'NONE', #5844, #4503, #6697 ) ;
#1855 = ORIENTED_EDGE ( 'NONE', *, *, #2008, .T. ) ;
#1856 = CARTESIAN_POINT ( 'NONE',  ( 132.0067196119500750, -1.822142761521438947, -0.8227807835144937965 ) ) ;
#1857 = CARTESIAN_POINT ( 'NONE',  ( 131.5939345970796808, 0.1312750673609262286, 1.996623769838297147 ) ) ;
#1858 = ADVANCED_FACE ( 'NONE', ( #6454 ), #3825, .T. ) ;
#1859 = CARTESIAN_POINT ( 'NONE',  ( 0.0000000000000000000, 12.50000000000000000, -35.00000000000000000 ) ) ;
#1860 = DIRECTION ( 'NONE',  ( -0.0000000000000000000, -1.000000000000000000, 0.0000000000000000000 ) ) ;
#1861 = LINE ( 'NONE', #813, #943 ) ;
#1862 = DIRECTION ( 'NONE',  ( 0.0000000000000000000, 1.000000000000000000, 0.0000000000000000000 ) ) ;
#1863 = ORIENTED_EDGE ( 'NONE', *, *, #4630, .T. ) ;
#1864 = TOROIDAL_SURFACE ( 'NONE', #3795, 64.99999999999998579, 2.000000000000000000 ) ;
#1865 = EDGE_CURVE ( 'NONE', #1968, #6771, #1889, .T. ) ;
#1866 = CARTESIAN_POINT ( 'NONE',  ( 44.15499516189905904, -5.000000000000000888, -7.118812496196138540 ) ) ;
#1867 = CARTESIAN_POINT ( 'NONE',  ( 109.0938930103469886, 4.952617210065207942, 9.132044248453519586 ) ) ;
#1868 = ORIENTED_EDGE ( 'NONE', *, *, #6349, .T. ) ;
#1869 = VERTEX_POINT ( 'NONE', #1472 ) ;
#1870 = CIRCLE ( 'NONE', #791, 5.000000000000000000 ) ;
#1871 = DIRECTION ( 'NONE',  ( 0.0000000000000000000, 0.0000000000000000000, 1.000000000000000000 ) ) ;
#1872 = AXIS2_PLACEMENT_3D ( 'NONE', #2130, #5711, #4160 ) ;
#1873 = DIRECTION ( 'NONE',  ( 0.0000000000000000000, 0.0000000000000000000, -1.000000000000000000 ) ) ;
#1874 = VERTEX_POINT ( 'NONE', #135 ) ;
#1875 = CARTESIAN_POINT ( 'NONE',  ( 133.3629881777734170, 2.967345561801678855, -1.921680346587576693 ) ) ;
#1876 = DIRECTION ( 'NONE',  ( -1.000000000000000000, 0.0000000000000000000, -1.209068259567990048E-15 ) ) ;
#1877 = DIRECTION ( 'NONE',  ( 0.0000000000000000000, -1.000000000000000000, 0.0000000000000000000 ) ) ;
#1878 = ORIENTED_EDGE ( 'NONE', *, *, #7470, .T. ) ;
#1879 = DIRECTION ( 'NONE',  ( 0.0000000000000000000, 1.740523610644402991E-16, 1.000000000000000000 ) ) ;
#1880 = DIRECTION ( 'NONE',  ( -0.0000000000000000000, -1.000000000000000000, -0.0000000000000000000 ) ) ;
#1881 = EDGE_CURVE ( 'NONE', #5472, #2389, #3122, .T. ) ;
#1882 = CYLINDRICAL_SURFACE ( 'NONE', #6593, 30.00000000000000000 ) ;
#1883 = ORIENTED_EDGE ( 'NONE', *, *, #8496, .F. ) ;
#1884 = CARTESIAN_POINT ( 'NONE',  ( 128.8317714487552905, -1.003376577244725176, -1.733561358962750987 ) ) ;
#1885 = AXIS2_PLACEMENT_3D ( 'NONE', #3618, #5841, #8787 ) ;
#1886 = DIRECTION ( 'NONE',  ( 0.0000000000000000000, 0.0000000000000000000, 1.000000000000000000 ) ) ;
#1887 = CARTESIAN_POINT ( 'NONE',  ( 32.11308144666281805, -5.000000000000002665, -5.000000000000000888 ) ) ;
#1888 = CARTESIAN_POINT ( 'NONE',  ( 8.116411109992021977, 7.000000000000000888, 30.95357605663032174 ) ) ;
#1889 = LINE ( 'NONE', #3732, #2559 ) ;
#1890 = CARTESIAN_POINT ( 'NONE',  ( 131.9669137308596589, 1.730540035473144833, 1.002160018620823934 ) ) ;
#1891 = ORIENTED_EDGE ( 'NONE', *, *, #3673, .T. ) ;
#1892 = DIRECTION ( 'NONE',  ( -0.0000000000000000000, 1.000000000000000000, -0.0000000000000000000 ) ) ;
#1893 = ORIENTED_EDGE ( 'NONE', *, *, #5886, .T. ) ;
#1894 = DIRECTION ( 'NONE',  ( 1.000000000000000000, 0.0000000000000000000, 1.356728424568866558E-16 ) ) ;
#1895 = CARTESIAN_POINT ( 'NONE',  ( 110.3537723737762946, 4.734769007352306325, 9.965669465144934236 ) ) ;
#1896 = FACE_OUTER_BOUND ( 'NONE', #5950, .T. ) ;
#1897 = CARTESIAN_POINT ( 'NONE',  ( 131.6469073501026230, 0.6531744277909858898, -1.888509731216319043 ) ) ;
#1898 = DIRECTION ( 'NONE',  ( -0.8660254037844380415, -0.0000000000000000000, 0.5000000000000013323 ) ) ;
#1899 = AXIS2_PLACEMENT_3D ( 'NONE', #2078, #5560, #2640 ) ;
#1900 = CARTESIAN_POINT ( 'NONE',  ( 0.0000000000000000000, 5.000000000000000888, -34.00000000000000000 ) ) ;
#1901 = CARTESIAN_POINT ( 'NONE',  ( 34.32363162801259904, -1.464863096909472695, 12.09942265427271479 ) ) ;
#1902 = CARTESIAN_POINT ( 'NONE',  ( 132.0810328590510494, -1.983600759453502116, 0.2586730042075581215 ) ) ;
#1903 = ADVANCED_FACE ( 'NONE', ( #7897 ), #8797, .F. ) ;
#1904 = LINE ( 'NONE', #6311, #1105 ) ;
#1905 = DIRECTION ( 'NONE',  ( -1.209068259567990048E-15, 0.0000000000000000000, 1.000000000000000000 ) ) ;
#1906 = B_SPLINE_CURVE_WITH_KNOTS ( 'NONE', 3,
 ( #8884, #230, #5267, #2930, #2388, #5324, #973, #4382, #3140, #6544, #1696, #5108, #5815, #3853, #4537, #773, #3114, #1443, #258, #2418, #7269, #7971, #2168, #935, #8014, #5293, #7476, #8162, #5853, #6004, #1471, #2900, #8189, #8916, #6580, #6035, #6606, #2359, #7505, #4, #8699, #6794, #3880, #4564, #8942, #5074, #746, #2200, #7300, #3666, #8727, #3830, #7456, #3082, #6170, #6209, #416, #5354, #6890, #1817, #4689, #5493, #4004, #2474, #2505, #9065, #6071, #386, #347, #7659, #1728, #7568, #4658, #4748, #3297, #6919, #5452, #1856, #7592, #8368, #3232, #314, #8306, #7537, #3971, #3200, #8274, #4033, #5420, #1022, #9037, #5389, #1088, #1058, #2574, #2446, #7622, #3264, #6133, #8245, #9102, #4623, #1786, #1114, #3940, #3913, #4721, #2545, #6821, #3169, #8972, #8340, #9010, #285, #6099, #6949, #1762, #6851, #1151, #5529, #1243, #3429, #1185, #4163, #4879, #547 ),
 .UNSPECIFIED., .F., .F.,
 ( 4, 2, 2, 2, 2, 1, 1, 2, 2, 2, 1, 1, 1, 2, 2, 2, 2, 1, 2, 2, 2, 2, 1, 2, 2, 2, 1, 2, 2, 2, 1, 2, 2, 2, 2, 2, 2, 2, 2, 2, 2, 1, 2, 2, 2, 1, 1, 2, 2, 2, 1, 1, 2, 2, 2, 2, 1, 1, 2, 2, 2, 1, 2, 2, 2, 1, 2, 2, 2, 2, 2, 4 ),
 ( 0.5001831054808936194, 0.5158023834346543435, 0.5236120224115347055, 0.5314216613884150675, 0.5470409393421757915, 0.5548505783190561536, 0.5587553978074963901, 0.5607078075517164528, 0.5626602172959366266, 0.5782794952496890240, 0.5860891342265659443, 0.5899939537150042934, 0.5919463634592234680, 0.5929225683313323891, 0.5938987732034414213, 0.6095180511571681725, 0.6173276901340315481, 0.6212325096224640131, 0.6231849193666801900, 0.6251373291108963670, 0.6329469680877600757, 0.6368517875761919855, 0.6388041973204069413, 0.6397804021925144191, 0.6407566070646218970, 0.6485662460414802766, 0.6524710655299094109, 0.6544234752741240335, 0.6563758850183387672, 0.6719951629720584130, 0.6798048019489189020, 0.6837096214373492575, 0.6876144409257795020, 0.7032337188794995919, 0.7110433578563591928, 0.7188529968332187936, 0.7500915527406566419, 0.7657108306943755105, 0.7735204696712350003, 0.7813301086480943791, 0.7969493866018133588, 0.8047590255786731817, 0.8086638450671032041, 0.8125686645555332266, 0.8281879425092494307, 0.8359975814861075882, 0.8399024009745368335, 0.8418548107187513452, 0.8438072204629659678, 0.8516168594398196845, 0.8555216789282464873, 0.8574740886724598887, 0.8584502935445658123, 0.8594264984166718468, 0.8750457763703574088, 0.8828554153471996901, 0.8867602348356208308, 0.8887126445798323449, 0.8896888494519379353, 0.8906650543240437479, 0.8984746933008938008, 0.9023795127893187162, 0.9043319225335320066, 0.9062843322777451860, 0.9219036102314510650, 0.9297132492083045596, 0.9336180686967319176, 0.9375228881851593865, 0.9531421661388690403, 0.9609518051157242002, 0.9687614440925795822, 1.000000000000000000 ),
 .UNSPECIFIED. ) ;
#1907 = CARTESIAN_POINT ( 'NONE',  ( 32.62602597207700938, 4.500000000000000888, -4.955554135550818806 ) ) ;
#1908 = FACE_OUTER_BOUND ( 'NONE', #6489, .T. ) ;
#1909 = PLANE ( 'NONE',  #7248 ) ;
#1910 = CARTESIAN_POINT ( 'NONE',  ( 32.39919962509929974, -6.488936454265795462, -3.048587929807570873 ) ) ;
#1911 =( BOUNDED_CURVE ( )  B_SPLINE_CURVE ( 3, ( #292, #8948, #3949, #6802 ),
 .UNSPECIFIED., .F., .F. ) 
 B_SPLINE_CURVE_WITH_KNOTS ( ( 4, 4 ),
 ( 4.712388980384689674, 6.139837738274221302 ),
 .UNSPECIFIED. ) 
 CURVE ( )  GEOMETRIC_REPRESENTATION_ITEM ( )  RATIONAL_B_SPLINE_CURVE ( ( 1.000000000000000000, 0.8372859640123027081, 0.8372859640123027081, 1.000000000000000000 ) ) 
 REPRESENTATION_ITEM ( '' )  );
#1912 = DIRECTION ( 'NONE',  ( -0.0000000000000000000, 1.000000000000000000, -0.0000000000000000000 ) ) ;
#1913 = EDGE_CURVE ( 'NONE', #334, #7252, #8909, .T. ) ;
#1914 = EDGE_CURVE ( 'NONE', #3335, #5589, #9364, .T. ) ;
#1915 = FACE_OUTER_BOUND ( 'NONE', #7463, .T. ) ;
#1916 = DIRECTION ( 'NONE',  ( 0.0000000000000000000, -1.000000000000000000, 0.0000000000000000000 ) ) ;
#1917 = ORIENTED_EDGE ( 'NONE', *, *, #5012, .T. ) ;
#1918 = DIRECTION ( 'NONE',  ( -0.0000000000000000000, -1.000000000000000000, -0.0000000000000000000 ) ) ;
#1919 = CARTESIAN_POINT ( 'NONE',  ( 49.32399612951925860, -4.000000000000000888, 8.500000000000000000 ) ) ;
#1921 = CARTESIAN_POINT ( 'NONE',  ( 70.00000000000000000, -4.000000000000000888, -64.02475001521551690 ) ) ;
#1920 = CARTESIAN_POINT ( 'NONE',  ( 32.16219478852219282, -5.012626768809759881, -4.741126759815633918 ) ) ;
#1922 = ORIENTED_EDGE ( 'NONE', *, *, #7112, .F. ) ;
#1923 = AXIS2_PLACEMENT_3D ( 'NONE', #3834, #4487, #3774 ) ;
#1924 = CARTESIAN_POINT ( 'NONE',  ( 133.1890138880342249, -2.260001537229630486, 2.881275401579879603 ) ) ;
#1925 = ORIENTED_EDGE ( 'NONE', *, *, #4267, .F. ) ;
#1926 = EDGE_CURVE ( 'NONE', #6375, #387, #8241, .T. ) ;
#1927 = DIRECTION ( 'NONE',  ( -0.1428571428571427382, -0.0000000000000000000, -0.9897433186107870151 ) ) ;
#1928 = CARTESIAN_POINT ( 'NONE',  ( 6.045341297839941364E-15, -7.000000000000000888, 29.99999999999999645 ) ) ;
#1929 = ORIENTED_EDGE ( 'NONE', *, *, #8286, .T. ) ;
#1930 = CARTESIAN_POINT ( 'NONE',  ( 131.8510218846914199, -1.436218286498423424, 1.392232612914342971 ) ) ;
#1931 = CARTESIAN_POINT ( 'NONE',  ( 28.70149462840966592, 2.802349840846113604, 20.49924207268596277 ) ) ;
#1932 = DIRECTION ( 'NONE',  ( -1.000000000000000000, 0.0000000000000000000, -1.677606415994443309E-17 ) ) ;
#1933 = ORIENTED_EDGE ( 'NONE', *, *, #1644, .T. ) ;
#1934 = DIRECTION ( 'NONE',  ( -1.000000000000000000, 0.0000000000000000000, 0.0000000000000000000 ) ) ;
#1935 = ADVANCED_FACE ( 'NONE', ( #6566 ), #4035, .T. ) ;
#1936 = AXIS2_PLACEMENT_3D ( 'NONE', #8317, #6325, #3402 ) ;
#1937 = LINE ( 'NONE', #2465, #8068 ) ;
#1938 = EDGE_LOOP ( 'NONE', ( #489, #1435, #8620, #1516 ) ) ;
#1939 = CARTESIAN_POINT ( 'NONE',  ( 101.0263340389897166, 4.500000000000000888, -33.50000000000000000 ) ) ;
#1940 = ORIENTED_EDGE ( 'NONE', *, *, #2514, .F. ) ;
#1941 = CARTESIAN_POINT ( 'NONE',  ( 1.571788737438387200E-14, 12.50000000000000000, 22.00000000000000000 ) ) ;
#1942 = EDGE_CURVE ( 'NONE', #6834, #5351, #7016, .T. ) ;
#1943 = CARTESIAN_POINT ( 'NONE',  ( 32.36065289784995258, -5.784504092850708545, 3.406206487020890350 ) ) ;
#1944 = CARTESIAN_POINT ( 'NONE',  ( 14.75162383822156720, 4.953434042252318648, 35.00000000000000000 ) ) ;
#1945 = CIRCLE ( 'NONE', #138, 2.000000000000000000 ) ;
#1946 = ORIENTED_EDGE ( 'NONE', *, *, #2219, .F. ) ;
#1947 = CARTESIAN_POINT ( 'NONE',  ( 132.0279960128597168, 1.869824991771634082, -0.7084834831018008705 ) ) ;
#1948 = ADVANCED_FACE ( 'NONE', ( #4591 ), #2672, .T. ) ;
#1949 = AXIS2_PLACEMENT_3D ( 'NONE', #8759, #2923, #4407 ) ;
#1950 = CARTESIAN_POINT ( 'NONE',  ( 70.00000000000000000, -4.000000000000000888, 64.02475001521551690 ) ) ;
#1951 = CARTESIAN_POINT ( 'NONE',  ( 7.075739658577201141E-15, 2.500000000000000444, -22.00000000000000000 ) ) ;
#1952 = DIRECTION ( 'NONE',  ( -1.000000000000000000, 0.0000000000000000000, -1.209068259567990048E-15 ) ) ;
#1953 = EDGE_LOOP ( 'NONE', ( #1294, #714, #1883, #4495, #7393 ) ) ;
#1954 = CARTESIAN_POINT ( 'NONE',  ( 14.40106209202366827, 23.43849360530937176, -32.10006176782744092 ) ) ;
#1955 = LINE ( 'NONE', #3483, #356 ) ;
#1956 = ORIENTED_EDGE ( 'NONE', *, *, #3308, .T. ) ;
#1957 = CARTESIAN_POINT ( 'NONE',  ( 8.116411109992025530, 7.000000000000001776, 30.95357605663032174 ) ) ;
#1958 = ORIENTED_EDGE ( 'NONE', *, *, #7129, .F. ) ;
#1959 = CARTESIAN_POINT ( 'NONE',  ( 32.13168548535620062, 5.000000000000000888, -4.904410718432415273 ) ) ;
#1960 = AXIS2_PLACEMENT_3D ( 'NONE', #3948, #2515, #1095 ) ;
#1961 = CARTESIAN_POINT ( 'NONE',  ( 131.6916323291520428, -0.8865810259482931333, 1.791436865474646423 ) ) ;
#1962 = CARTESIAN_POINT ( 'NONE',  ( 12.90106209202365761, 12.50000000000000000, 29.50198555647411780 ) ) ;
#1963 = CARTESIAN_POINT ( 'NONE',  ( 31.60696125855821847, 7.000000000000002665, -3.000000000000000888 ) ) ;
#1964 = DIRECTION ( 'NONE',  ( 0.0000000000000000000, -1.000000000000000000, 0.0000000000000000000 ) ) ;
#1965 = CARTESIAN_POINT ( 'NONE',  ( 108.2750852456403123, 5.000000000000000888, 8.530906985953985000 ) ) ;
#1966 = VECTOR ( 'NONE', #5392, 1000.000000000000000 ) ;
#1967 = CARTESIAN_POINT ( 'NONE',  ( 33.39793392272483175, -2.075558074041928602, 3.590241247038936656 ) ) ;
#1968 = VERTEX_POINT ( 'NONE', #8243 ) ;
#1969 = FACE_OUTER_BOUND ( 'NONE', #6819, .T. ) ;
#1970 = VERTEX_POINT ( 'NONE', #3193 ) ;
#1971 = VERTEX_POINT ( 'NONE', #283 ) ;
#1972 = ORIENTED_EDGE ( 'NONE', *, *, #5430, .T. ) ;
#1973 = CARTESIAN_POINT ( 'NONE',  ( 32.20914032432900598, 5.054499338356770899, 4.478823968499782815 ) ) ;
#1974 = CARTESIAN_POINT ( 'NONE',  ( 104.4501000132606805, 3.054839270166640919, 5.661343493695558671 ) ) ;
#1975 = CIRCLE ( 'NONE', #5708, 0.4999999999999995559 ) ;
#1976 = CARTESIAN_POINT ( 'NONE',  ( 32.73787579334211273, -5.180051008661609835, 4.158206493770743251 ) ) ;
#1977 = CARTESIAN_POINT ( 'NONE',  ( 11.41147449096652977, 4.925272861343207964, 35.00000000000000000 ) ) ;
#1978 = ORIENTED_EDGE ( 'NONE', *, *, #8579, .T. ) ;
#1979 = CARTESIAN_POINT ( 'NONE',  ( 28.10675701869497445, -3.999999999999995559, 21.07179676972452143 ) ) ;
#1980 = LINE ( 'NONE', #6493, #5595 ) ;
#1981 = VERTEX_POINT ( 'NONE', #5854 ) ;
#1982 = ORIENTED_EDGE ( 'NONE', *, *, #4580, .T. ) ;
#1983 = ORIENTED_EDGE ( 'NONE', *, *, #2630, .F. ) ;
#1984 = CARTESIAN_POINT ( 'NONE',  ( 33.10334581324427461, 1.247314503960575083, 12.95942147175954240 ) ) ;
#1985 = CARTESIAN_POINT ( 'NONE',  ( 22.02001496625533861, 5.220879051771989410, -21.93829388226684429 ) ) ;
#1986 = ADVANCED_FACE ( 'NONE', ( #6333 ), #637, .F. ) ;
#1987 = DIRECTION ( 'NONE',  ( -1.000000000000000000, 0.0000000000000000000, -1.209068259567990048E-15 ) ) ;
#1988 = EDGE_CURVE ( 'NONE', #6834, #2935, #6775, .T. ) ;
#1989 = EDGE_CURVE ( 'NONE', #7347, #6425, #1433, .T. ) ;
#1990 = LINE ( 'NONE', #8950, #9006 ) ;
#1991 = EDGE_CURVE ( 'NONE', #622, #3524, #6077, .T. ) ;
#1992 = EDGE_LOOP ( 'NONE', ( #6301, #6038, #4907 ) ) ;
#1993 = CARTESIAN_POINT ( 'NONE',  ( 131.7338853511365073, 1.061250147394442234, -1.693546753443149200 ) ) ;
#1994 = ORIENTED_EDGE ( 'NONE', *, *, #344, .T. ) ;
#1995 = CARTESIAN_POINT ( 'NONE',  ( 133.3932427865524630, 3.074101537634354564, 1.695376122995516877 ) ) ;
#1996 = DIRECTION ( 'NONE',  ( -1.000000000000000000, 0.0000000000000000000, -1.209068259567990048E-15 ) ) ;
#1997 = AXIS2_PLACEMENT_3D ( 'NONE', #3139, #1725, #2331 ) ;
#1998 = DIRECTION ( 'NONE',  ( 0.0000000000000000000, 0.0000000000000000000, -1.000000000000000000 ) ) ;
#1999 = DIRECTION ( 'NONE',  ( 0.0000000000000000000, 0.0000000000000000000, 1.000000000000000000 ) ) ;
#2000 = FACE_OUTER_BOUND ( 'NONE', #3002, .T. ) ;
#2001 = CARTESIAN_POINT ( 'NONE',  ( 131.6726531498075303, -0.7961285149277930184, 1.833346071325144155 ) ) ;
#2002 = ADVANCED_FACE ( 'NONE', ( #5051 ), #6846, .F. ) ;
#2003 = DIRECTION ( 'NONE',  ( 0.0000000000000000000, 0.0000000000000000000, 1.000000000000000000 ) ) ;
#2004 = DIRECTION ( 'NONE',  ( 0.0000000000000000000, 0.0000000000000000000, 1.000000000000000000 ) ) ;
#2005 = ORIENTED_EDGE ( 'NONE', *, *, #8527, .F. ) ;
#2006 = CARTESIAN_POINT ( 'NONE',  ( 43.94823512319426584, -1.500000000000000888, 6.663564996043966460 ) ) ;
#2007 = DIRECTION ( 'NONE',  ( -0.0000000000000000000, -1.000000000000000000, 0.0000000000000000000 ) ) ;
#2008 = EDGE_CURVE ( 'NONE', #3886, #2553, #9137, .T. ) ;
#2009 = CIRCLE ( 'NONE', #7135, 2.000000000000000000 ) ;
#2010 = CARTESIAN_POINT ( 'NONE',  ( 109.0837000562858066, 6.000000000000000888, 7.942568573129571874 ) ) ;
#2011 = AXIS2_PLACEMENT_3D ( 'NONE', #4258, #1401, #7317 ) ;
#2012 = DIRECTION ( 'NONE',  ( -0.5000000000000006661, 0.0000000000000000000, 0.8660254037844382635 ) ) ;
#2013 = CARTESIAN_POINT ( 'NONE',  ( 32.78855241221399552, -4.869170933243569976, 3.734084723912783677 ) ) ;
#2014 = CARTESIAN_POINT ( 'NONE',  ( 32.37716346428426561, -6.005720584706849330, 3.259593005462434689 ) ) ;
#2015 = CARTESIAN_POINT ( 'NONE',  ( 15.08460647348984907, 4.000000000000002665, 35.00000000000000000 ) ) ;
#2016 = LINE ( 'NONE', #4738, #3243 ) ;
#2017 = DIRECTION ( 'NONE',  ( -1.000000000000000000, 0.0000000000000000000, -1.209068259567990048E-15 ) ) ;
#2018 = CARTESIAN_POINT ( 'NONE',  ( 131.8939955183172970, 1.550757730820191416, 1.262478932062940373 ) ) ;
#2019 = AXIS2_PLACEMENT_3D ( 'NONE', #3363, #5490, #3938 ) ;
#2020 = CARTESIAN_POINT ( 'NONE',  ( 133.4978432700492021, 3.422684804625066857, 0.2494795448455126019 ) ) ;
#2021 = CARTESIAN_POINT ( 'NONE',  ( 132.9453304037199928, -0.05783738548428533910, -3.829937428446527292 ) ) ;
#2022 = LINE ( 'NONE', #3079, #2805 ) ;
#2023 = DIRECTION ( 'NONE',  ( -1.000000000000000000, 0.0000000000000000000, -1.677606415994443309E-17 ) ) ;
#2024 = CARTESIAN_POINT ( 'NONE',  ( 131.7630546390990389, -1.167441809444417444, 1.624386740872002521 ) ) ;
#2025 = CARTESIAN_POINT ( 'NONE',  ( 43.12119496837503618, -3.500000000000000888, 4.842574995435345642 ) ) ;
#2026 = CARTESIAN_POINT ( 'NONE',  ( 22.14648506759959901, -5.188057535505755880, 21.91033178175678131 ) ) ;
#2027 = CIRCLE ( 'NONE', #6632, 28.00000000000000000 ) ;
#2028 = EDGE_CURVE ( 'NONE', #2311, #7741, #8132, .T. ) ;
#2029 = DIRECTION ( 'NONE',  ( -0.0000000000000000000, 1.000000000000000000, -0.0000000000000000000 ) ) ;
#2030 = ADVANCED_FACE ( 'NONE', ( #748 ), #8229, .T. ) ;
#2031 = ORIENTED_EDGE ( 'NONE', *, *, #4422, .F. ) ;
#2032 = AXIS2_PLACEMENT_3D ( 'NONE', #6402, #2029, #4154 ) ;
#2033 = CARTESIAN_POINT ( 'NONE',  ( 32.69551548973436184, 4.568124172950190243, 4.478823968499491492 ) ) ;
#2034 = CYLINDRICAL_SURFACE ( 'NONE', #4570, 1.000000000000000888 ) ;
#2035 = CARTESIAN_POINT ( 'NONE',  ( 132.9547802871406077, -0.4535505449459100724, -3.797874034440903657 ) ) ;
#2036 = DIRECTION ( 'NONE',  ( 0.0000000000000000000, -1.000000000000000000, 0.0000000000000000000 ) ) ;
#2037 = ORIENTED_EDGE ( 'NONE', *, *, #7953, .T. ) ;
#2038 = ORIENTED_EDGE ( 'NONE', *, *, #7574, .F. ) ;
#2039 = CARTESIAN_POINT ( 'NONE',  ( 14.39064969308078723, 4.925272861343207964, 35.00000000000000000 ) ) ;
#2040 = CARTESIAN_POINT ( 'NONE',  ( 110.2877843077100977, -5.000000000000000000, 9.383956170781948103 ) ) ;
#2041 = EDGE_CURVE ( 'NONE', #9217, #4131, #8685, .T. ) ;
#2042 = VERTEX_POINT ( 'NONE', #8217 ) ;
#2043 = CARTESIAN_POINT ( 'NONE',  ( 131.9928612304216813, 1.790911350760171050, -0.8893919155251303055 ) ) ;
#2044 = ADVANCED_FACE ( 'NONE', ( #4938 ), #3875, .F. ) ;
#2045 = EDGE_CURVE ( 'NONE', #8181, #1388, #239, .T. ) ;
#2046 = VERTEX_POINT ( 'NONE', #6941 ) ;
#2047 = CARTESIAN_POINT ( 'NONE',  ( 33.60466422211139559, 1.470923940268995089, 12.60078709675072695 ) ) ;
#2048 = CYLINDRICAL_SURFACE ( 'NONE', #8220, 2.000000000000001776 ) ;
#2049 = DIRECTION ( 'NONE',  ( -0.6835668097206939464, 0.0000000000000000000, 0.7298879480086464255 ) ) ;
#2050 = DIRECTION ( 'NONE',  ( -0.2903181000312415327, -5.036216236251774450E-16, 0.9569301964063263721 ) ) ;
#2051 = VERTEX_POINT ( 'NONE', #1049 ) ;
#2052 = ORIENTED_EDGE ( 'NONE', *, *, #8468, .T. ) ;
#2053 = CARTESIAN_POINT ( 'NONE',  ( 131.9308198387612094, 1.643598359392972386, -1.138205633188454025 ) ) ;
#2054 = FACE_OUTER_BOUND ( 'NONE', #1601, .T. ) ;
#2055 = DIRECTION ( 'NONE',  ( -0.0000000000000000000, -1.000000000000000000, -0.0000000000000000000 ) ) ;
#2056 = CARTESIAN_POINT ( 'NONE',  ( 0.0000000000000000000, 4.000000000000000888, -7.500000000000000888 ) ) ;
#2057 = VERTEX_POINT ( 'NONE', #6067 ) ;
#2058 = CARTESIAN_POINT ( 'NONE',  ( 132.0639435442229228, 1.947659166611267700, -0.4547998356203798442 ) ) ;
#2059 = DIRECTION ( 'NONE',  ( 0.0000000000000000000, 0.0000000000000000000, 1.000000000000000000 ) ) ;
#2060 = ORIENTED_EDGE ( 'NONE', *, *, #2410, .T. ) ;
#2061 = AXIS2_PLACEMENT_3D ( 'NONE', #4141, #7670, #487 ) ;
#2062 = CIRCLE ( 'NONE', #6974, 2.000000000000001776 ) ;
#2063 = EDGE_LOOP ( 'NONE', ( #485, #1983, #8635, #1722 ) ) ;
#2064 = CARTESIAN_POINT ( 'NONE',  ( 27.57971993623067775, -4.915856401491724981, -17.73372879826490944 ) ) ;
#2065 = DIRECTION ( 'NONE',  ( -0.0000000000000000000, -1.000000000000000000, -0.0000000000000000000 ) ) ;
#2066 = CARTESIAN_POINT ( 'NONE',  ( 32.76310804096367235, -4.753806053816344246, 3.950051727205784680 ) ) ;
#2067 = CARTESIAN_POINT ( 'NONE',  ( 11.44539935979833878, 4.012368233432360043, -35.00000000000000000 ) ) ;
#2068 = ORIENTED_EDGE ( 'NONE', *, *, #3882, .F. ) ;
#2069 = CARTESIAN_POINT ( 'NONE',  ( 19.09893790797643121, -13.43849360530937176, -25.92364028572990620 ) ) ;
#2070 = FACE_OUTER_BOUND ( 'NONE', #3784, .T. ) ;
#2071 = CARTESIAN_POINT ( 'NONE',  ( 131.8506452831229012, 1.435146598546762409, -1.393327917126728543 ) ) ;
#2072 = ORIENTED_EDGE ( 'NONE', *, *, #4337, .F. ) ;
#2073 = AXIS2_PLACEMENT_3D ( 'NONE', #5524, #511, #5550 ) ;
#2074 = CARTESIAN_POINT ( 'NONE',  ( 35.42517595132685670, 0.4293998676203757414, 11.35993834097305566 ) ) ;
#2075 = CARTESIAN_POINT ( 'NONE',  ( 21.28358725078023284, 5.626767190569482047, -22.31025462967301110 ) ) ;
#2076 = ADVANCED_FACE ( 'NONE', ( #3234 ), #4490, .F. ) ;
#2077 = VERTEX_POINT ( 'NONE', #1109 ) ;
#2078 = CARTESIAN_POINT ( 'NONE',  ( 49.32399612951925860, -4.500000000000000888, 18.50000000000000355 ) ) ;
#2079 = CIRCLE ( 'NONE', #7677, 3.000000000000002665 ) ;
#2080 = EDGE_LOOP ( 'NONE', ( #3881, #4554, #5867, #7847 ) ) ;
#2081 = CARTESIAN_POINT ( 'NONE',  ( 131.7923782484553215, 1.263708343228765685, -1.549595990788555699 ) ) ;
#2082 = EDGE_CURVE ( 'NONE', #6425, #9200, #8567, .T. ) ;
#2083 = VECTOR ( 'NONE', #4820, 1000.000000000000000 ) ;
#2084 = CARTESIAN_POINT ( 'NONE',  ( 104.4209447979825285, -2.465155638195119181, 5.436628051893896973 ) ) ;
#2085 = VECTOR ( 'NONE', #5751, 1000.000000000000000 ) ;
#2086 = AXIS2_PLACEMENT_3D ( 'NONE', #9305, #1337, #7804 ) ;
#2087 = CARTESIAN_POINT ( 'NONE',  ( 131.6186269975759728, 0.4559123580267262499, 1.947319854623545510 ) ) ;
#2088 = VERTEX_POINT ( 'NONE', #7684 ) ;
#2089 = ORIENTED_EDGE ( 'NONE', *, *, #7179, .F. ) ;
#2090 = DIRECTION ( 'NONE',  ( -1.000000000000000000, 0.0000000000000000000, -8.388032079972216237E-17 ) ) ;
#2091 = PLANE ( 'NONE',  #9310 ) ;
#2092 = VECTOR ( 'NONE', #878, 1000.000000000000000 ) ;
#2093 = ORIENTED_EDGE ( 'NONE', *, *, #6189, .T. ) ;
#2094 = EDGE_CURVE ( 'NONE', #3986, #4759, #913, .T. ) ;
#2095 = EDGE_LOOP ( 'NONE', ( #5045, #2538, #4534, #5459 ) ) ;
#2096 = DIRECTION ( 'NONE',  ( -2.398081733190338127E-14, 0.0000000000000000000, 1.000000000000000000 ) ) ;
#2097 = CARTESIAN_POINT ( 'NONE',  ( 18.00000000000000000, -5.000000000000000888, 32.33161507461905870 ) ) ;
#2098 = CARTESIAN_POINT ( 'NONE',  ( 14.40106209202366827, 12.50000000000000000, -32.10006176782744092 ) ) ;
#2099 = CARTESIAN_POINT ( 'NONE',  ( 128.9049008800644742, -1.999704450463132721, 0.5236541182810887651 ) ) ;
#2100 = CARTESIAN_POINT ( 'NONE',  ( 13.65577711147264672, 5.022521367682079685, -34.15033017895675016 ) ) ;
#2101 = CARTESIAN_POINT ( 'NONE',  ( 111.4408241621414248, 5.118347960939095387, 10.45060988641406041 ) ) ;
#2102 = FACE_OUTER_BOUND ( 'NONE', #8747, .T. ) ;
#2103 = CARTESIAN_POINT ( 'NONE',  ( 131.6004490049505762, 0.2565955546259464093, -1.983854942184628323 ) ) ;
#2104 = AXIS2_PLACEMENT_3D ( 'NONE', #6798, #8311, #9041 ) ;
#2105 = ORIENTED_EDGE ( 'NONE', *, *, #7624, .F. ) ;
#2106 = CARTESIAN_POINT ( 'NONE',  ( 27.57976199957795771, -4.915850284773314094, 17.73367880874977587 ) ) ;
#2107 = CARTESIAN_POINT ( 'NONE',  ( -3.385391126790372528E-14, 0.0000000000000000000, 28.00000000000000000 ) ) ;
#2108 = CARTESIAN_POINT ( 'NONE',  ( 0.0000000000000000000, -12.50000000000000000, 0.0000000000000000000 ) ) ;
#2109 = EDGE_CURVE ( 'NONE', #357, #1981, #5515, .T. ) ;
#2110 = DIRECTION ( 'NONE',  ( 1.000000000000000000, -0.0000000000000000000, 0.0000000000000000000 ) ) ;
#2111 = EDGE_CURVE ( 'NONE', #2257, #5577, #6686, .T. ) ;
#2112 = TOROIDAL_SURFACE ( 'NONE', #5952, 27.50000000000000000, 0.5000000000000000000 ) ;
#2113 = CARTESIAN_POINT ( 'NONE',  ( 131.9516988436407416, 1.694208598360789519, 1.061035099122066061 ) ) ;
#2114 = CARTESIAN_POINT ( 'NONE',  ( 133.0040703251112006, 1.104013667787000941, -3.625691077771763027 ) ) ;
#2115 = CARTESIAN_POINT ( 'NONE',  ( 0.0000000000000000000, -12.50000000000000000, 0.0000000000000000000 ) ) ;
#2116 = AXIS2_PLACEMENT_3D ( 'NONE', #5744, #7237, #2855 ) ;
#2117 = CARTESIAN_POINT ( 'NONE',  ( 104.2371708275079101, -1.893901921017007828, 4.878203096046235032 ) ) ;
#2118 = CARTESIAN_POINT ( 'NONE',  ( 131.8596709271868406, 1.459975716329506401, 1.367255391305002954 ) ) ;
#2119 = CARTESIAN_POINT ( 'NONE',  ( 10.71751771055746616, -4.000000000000003553, 35.00000000000000000 ) ) ;
#2120 = LINE ( 'NONE', #8680, #1442 ) ;
#2121 = CARTESIAN_POINT ( 'NONE',  ( 0.0000000000000000000, 5.000000000000000888, 0.0000000000000000000 ) ) ;
#2122 = CARTESIAN_POINT ( 'NONE',  ( 29.63152617989832649, 7.000000000000002665, 4.687500000000000000 ) ) ;
#2123 = ADVANCED_FACE ( 'NONE', ( #6789 ), #8525, .T. ) ;
#2124 = B_SPLINE_CURVE_WITH_KNOTS ( 'NONE', 3,
 ( #3658, #5714, #8616, #2793, #4286, #7869 ),
 .UNSPECIFIED., .F., .F.,
 ( 4, 2, 4 ),
 ( 0.002280150425618531623, 0.002949610448365090360, 0.003619070471111649097 ),
 .UNSPECIFIED. ) ;
#2125 = EDGE_CURVE ( 'NONE', #5614, #8665, #5623, .T. ) ;
#2126 = EDGE_CURVE ( 'NONE', #9348, #8665, #9248, .T. ) ;
#2127 = CARTESIAN_POINT ( 'NONE',  ( 37.82924360621494486, 1.465273437157119885, 13.37806333929304259 ) ) ;
#2128 = CYLINDRICAL_SURFACE ( 'NONE', #4893, 3.000000000000002665 ) ;
#2129 = AXIS2_PLACEMENT_3D ( 'NONE', #9105, #5423, #2675 ) ;
#2130 = CARTESIAN_POINT ( 'NONE',  ( 49.32399612951925860, -5.000000000000000888, -18.50000000000000355 ) ) ;
#2131 = DIRECTION ( 'NONE',  ( -1.000000000000000000, 0.0000000000000000000, -0.0000000000000000000 ) ) ;
#2132 = CARTESIAN_POINT ( 'NONE',  ( 109.3884305211674217, 6.000000000000000000, 8.361391416899422779 ) ) ;
#2133 = CYLINDRICAL_SURFACE ( 'NONE', #1383, 9.999999999999998224 ) ;
#2134 = EDGE_CURVE ( 'NONE', #4493, #2596, #5400, .T. ) ;
#2135 = DIRECTION ( 'NONE',  ( 0.0000000000000000000, -1.000000000000000000, 0.0000000000000000000 ) ) ;
#2136 = CARTESIAN_POINT ( 'NONE',  ( 101.0263340389897166, -1.500000000000000888, 33.50000000000000000 ) ) ;
#2137 = EDGE_LOOP ( 'NONE', ( #7969, #5816, #3396, #1838 ) ) ;
#2138 = DIRECTION ( 'NONE',  ( -0.0000000000000000000, -1.000000000000000000, -0.0000000000000000000 ) ) ;
#2139 = DIRECTION ( 'NONE',  ( 0.0000000000000000000, 0.0000000000000000000, 1.000000000000000000 ) ) ;
#2140 = CARTESIAN_POINT ( 'NONE',  ( 131.8619932566860768, 1.466852303558593196, -1.361693189887470012 ) ) ;
#2141 = AXIS2_PLACEMENT_3D ( 'NONE', #2347, #159, #1623 ) ;
#2142 = CARTESIAN_POINT ( 'NONE',  ( 133.0862234561448076, 1.714063571339860870, -3.317289056957367865 ) ) ;
#2143 = CARTESIAN_POINT ( 'NONE',  ( 21.90040975482130392, 5.263222833277331425, 21.97478806389190709 ) ) ;
#2144 = CIRCLE ( 'NONE', #7689, 63.00000000000000000 ) ;
#2145 = EDGE_LOOP ( 'NONE', ( #4584, #4664, #3517, #7873, #7001 ) ) ;
#2146 = CARTESIAN_POINT ( 'NONE',  ( 43.94823512319425163, 1.500000000000000888, -6.663564996043986888 ) ) ;
#2147 = ORIENTED_EDGE ( 'NONE', *, *, #1006, .F. ) ;
#2148 = CARTESIAN_POINT ( 'NONE',  ( 132.0642811719807526, 1.948339603900539174, 0.4516092078418209588 ) ) ;
#2149 = DIRECTION ( 'NONE',  ( -0.0000000000000000000, -1.000000000000000000, -0.0000000000000000000 ) ) ;
#2150 = VERTEX_POINT ( 'NONE', #3422 ) ;
#2151 = PRESENTATION_STYLE_ASSIGNMENT (( #8381 ) ) ;
#2152 = ORIENTED_EDGE ( 'NONE', *, *, #7872, .T. ) ;
#2153 = AXIS2_PLACEMENT_3D ( 'NONE', #8249, #1790, #3973 ) ;
#2154 = ORIENTED_EDGE ( 'NONE', *, *, #8641, .T. ) ;
#2155 = CARTESIAN_POINT ( 'NONE',  ( 133.4978466179758811, -3.422685006622240511, -0.2490964521831130207 ) ) ;
#2156 = CARTESIAN_POINT ( 'NONE',  ( 18.00000000000003197, 7.000000000000002665, -30.02221399786052913 ) ) ;
#2157 = CARTESIAN_POINT ( 'NONE',  ( 21.28860175200237137, -7.000000000000002665, -23.87293985656782880 ) ) ;
#2158 = CARTESIAN_POINT ( 'NONE',  ( 12.52539970135020475, 4.886875450365797846, -35.00000000000000000 ) ) ;
#2159 = CIRCLE ( 'NONE', #3007, 2.000000000000001776 ) ;
#2160 = EDGE_CURVE ( 'NONE', #334, #9001, #3014, .T. ) ;
#2161 = PLANE ( 'NONE',  #2689 ) ;
#2162 = EDGE_CURVE ( 'NONE', #9324, #837, #3709, .T. ) ;
#2163 = VERTEX_POINT ( 'NONE', #2010 ) ;
#2164 = EDGE_CURVE ( 'NONE', #848, #7548, #5157, .T. ) ;
#2165 = DIRECTION ( 'NONE',  ( 0.0000000000000000000, 0.0000000000000000000, -1.000000000000000000 ) ) ;
#2166 = ADVANCED_FACE ( 'NONE', ( #1317 ), #1882, .T. ) ;
#2167 = ORIENTED_EDGE ( 'NONE', *, *, #393, .T. ) ;
#2168 = CARTESIAN_POINT ( 'NONE',  ( 131.7464505908405670, -1.107409492860690348, 1.664371984048725883 ) ) ;
#2169 = CIRCLE ( 'NONE', #4279, 65.00000000000000000 ) ;
#2170 = ORIENTED_EDGE ( 'NONE', *, *, #9277, .T. ) ;
#2171 = CARTESIAN_POINT ( 'NONE',  ( 131.7785222523029631, 1.218677646878291831, 1.585491984008608801 ) ) ;
#2172 = CARTESIAN_POINT ( 'NONE',  ( 132.9835954679958263, 0.8866855893195437766, -3.698176151965733016 ) ) ;
#2173 = ORIENTED_EDGE ( 'NONE', *, *, #4887, .F. ) ;
#2174 = ORIENTED_EDGE ( 'NONE', *, *, #6985, .T. ) ;
#2175 = EDGE_CURVE ( 'NONE', #7081, #7735, #1543, .T. ) ;
#2176 = CARTESIAN_POINT ( 'NONE',  ( 38.00000000000000000, -7.000000000000002665, -5.000000000000000000 ) ) ;
#2177 = DIRECTION ( 'NONE',  ( -1.000000000000000000, 0.0000000000000000000, -0.0000000000000000000 ) ) ;
#2178 = FACE_OUTER_BOUND ( 'NONE', #5596, .T. ) ;
#2179 = CARTESIAN_POINT ( 'NONE',  ( 132.0857810791270026, 1.993554800009173400, 0.1612608570490008664 ) ) ;
#2180 = EDGE_CURVE ( 'NONE', #5509, #396, #1765, .T. ) ;
#2181 = CARTESIAN_POINT ( 'NONE',  ( 133.2439702774200327, 2.505564164486357104, 2.618267215304847184 ) ) ;
#2182 = CARTESIAN_POINT ( 'NONE',  ( 101.0263340389897166, 1.500000000000000888, -33.50000000000000000 ) ) ;
#2183 = ORIENTED_EDGE ( 'NONE', *, *, #3259, .F. ) ;
#2184 = DIRECTION ( 'NONE',  ( -0.0000000000000000000, -1.000000000000000000, -0.0000000000000000000 ) ) ;
#2185 = ORIENTED_EDGE ( 'NONE', *, *, #2711, .T. ) ;
#2186 = AXIS2_PLACEMENT_3D ( 'NONE', #564, #5639, #1302 ) ;
#2187 = B_SPLINE_CURVE_WITH_KNOTS ( 'NONE', 3,
 ( #6296, #4112, #1170, #9055, #5440, #1837, #2564, #8358, #4023, #406, #5477, #1137, #6259, #2623, #7711, #2026 ),
 .UNSPECIFIED., .F., .F.,
 ( 4, 2, 2, 2, 2, 2, 2, 4 ),
 ( 0.0002241352133038026617, 0.0006202416041736432979, 0.001016347995043483717, 0.001412454385913324353, 0.001808560776783164990, 0.002600773558522833685, 0.002996879949392663479, 0.003392986340262495008 ),
 .UNSPECIFIED. ) ;
#2188 = ORIENTED_EDGE ( 'NONE', *, *, #7051, .F. ) ;
#2189 = DIRECTION ( 'NONE',  ( 0.0000000000000000000, 0.0000000000000000000, 1.000000000000000000 ) ) ;
#2190 = CARTESIAN_POINT ( 'NONE',  ( 133.4912267467130960, -3.401165498483589289, 0.5026126743447247858 ) ) ;
#2191 = LINE ( 'NONE', #6681, #8649 ) ;
#2192 = CARTESIAN_POINT ( 'NONE',  ( 128.8699842177022390, -1.787352719978806403, -1.040825921583686586 ) ) ;
#2193 = DIRECTION ( 'NONE',  ( -0.9672992517696975545, 0.0000000000000000000, 0.2536378471872508533 ) ) ;
#2194 = VECTOR ( 'NONE', #3665, 1000.000000000000000 ) ;
#2195 = ORIENTED_EDGE ( 'NONE', *, *, #9405, .T. ) ;
#2196 = ORIENTED_EDGE ( 'NONE', *, *, #117, .F. ) ;
#2197 = AXIS2_PLACEMENT_3D ( 'NONE', #3590, #2852, #3490 ) ;
#2198 = CARTESIAN_POINT ( 'NONE',  ( 11.05050034582571961, -4.953434042252323977, -35.00000000000000711 ) ) ;
#2199 = CARTESIAN_POINT ( 'NONE',  ( 34.34359437442394380, 6.762062578434417048, -3.000000000000001776 ) ) ;
#2200 = CARTESIAN_POINT ( 'NONE',  ( 131.9340220241799670, -1.650308629895051560, 1.127684723338788553 ) ) ;
#2201 = CYLINDRICAL_SURFACE ( 'NONE', #2788, 63.00000000000000000 ) ;
#2202 = DIRECTION ( 'NONE',  ( 1.000000000000000000, 0.0000000000000000000, 0.0000000000000000000 ) ) ;
#2203 = ORIENTED_EDGE ( 'NONE', *, *, #3178, .T. ) ;
#2204 = FACE_OUTER_BOUND ( 'NONE', #7020, .T. ) ;
#2205 = ORIENTED_EDGE ( 'NONE', *, *, #1681, .F. ) ;
#2206 = CARTESIAN_POINT ( 'NONE',  ( 131.7969299483561940, 1.277519418307243360, 1.538430953480392382 ) ) ;
#2207 = CARTESIAN_POINT ( 'NONE',  ( 131.5921903639874131, -0.0008263741906767844200, -1.999999829242516736 ) ) ;
#2208 = ORIENTED_EDGE ( 'NONE', *, *, #5316, .T. ) ;
#2209 = VERTEX_POINT ( 'NONE', #2915 ) ;
#2210 = CARTESIAN_POINT ( 'NONE',  ( 21.04125881947897625, 6.599807471246549540, 23.47700973874255581 ) ) ;
#2211 = CARTESIAN_POINT ( 'NONE',  ( 49.32399612951925860, -5.000000000000000888, 18.50000000000000355 ) ) ;
#2212 = CIRCLE ( 'NONE', #7539, 7.999999999999996447 ) ;
#2213 = AXIS2_PLACEMENT_3D ( 'NONE', #1465, #2193, #7293 ) ;
#2214 = CARTESIAN_POINT ( 'NONE',  ( 113.3468963513340526, 4.000000000000000888, -11.74675324675324894 ) ) ;
#2215 = ORIENTED_EDGE ( 'NONE', *, *, #8164, .F. ) ;
#2216 = ADVANCED_FACE ( 'NONE', ( #2330 ), #171, .T. ) ;
#2217 = ADVANCED_FACE ( 'NONE', ( #7131 ), #4698, .T. ) ;
#2218 = ORIENTED_EDGE ( 'NONE', *, *, #1533, .F. ) ;
#2219 = EDGE_CURVE ( 'NONE', #5499, #150, #8144, .T. ) ;
#2220 = FACE_OUTER_BOUND ( 'NONE', #9328, .T. ) ;
#2221 = EDGE_CURVE ( 'NONE', #3968, #7222, #7452, .T. ) ;
#2222 = CARTESIAN_POINT ( 'NONE',  ( 38.43640493736817376, 1.179134486584398900, 12.99781931164869420 ) ) ;
#2223 = VERTEX_POINT ( 'NONE', #8611 ) ;
#2224 = CARTESIAN_POINT ( 'NONE',  ( 133.3927787956088764, -3.071730349693763795, 1.699049103019354856 ) ) ;
#2225 = CARTESIAN_POINT ( 'NONE',  ( 29.23455647122458956, -0.3625869569058328135, -19.99999999999997158 ) ) ;
#2226 = CARTESIAN_POINT ( 'NONE',  ( 109.8581593625994657, 4.829225653044756150, 9.643977286792392078 ) ) ;
#2227 = CARTESIAN_POINT ( 'NONE',  ( 0.0000000000000000000, 5.000000000000000888, -34.00000000000000000 ) ) ;
#2228 = DIRECTION ( 'NONE',  ( 0.0000000000000000000, 0.0000000000000000000, -1.000000000000000000 ) ) ;
#2229 = CARTESIAN_POINT ( 'NONE',  ( 12.90106209202365761, -12.50000000000000000, -29.50198555647411780 ) ) ;
#2230 = CARTESIAN_POINT ( 'NONE',  ( 8.116411109992021977, 5.000000000000000888, 30.95357605663032174 ) ) ;
#2231 = AXIS2_PLACEMENT_3D ( 'NONE', #4468, #7468, #953 ) ;
#2232 = CYLINDRICAL_SURFACE ( 'NONE', #170, 0.5000000000000004441 ) ;
#2233 = ORIENTED_EDGE ( 'NONE', *, *, #7673, .T. ) ;
#2234 = CARTESIAN_POINT ( 'NONE',  ( 101.0263340389897166, 1.500000000000000888, 33.50000000000000000 ) ) ;
#2235 = ORIENTED_EDGE ( 'NONE', *, *, #5402, .F. ) ;
#2236 = EDGE_CURVE ( 'NONE', #1869, #847, #8798, .T. ) ;
#2237 = CARTESIAN_POINT ( 'NONE',  ( 133.2159846908864438, 2.383156977872971538, -2.754949805608863045 ) ) ;
#2238 = VECTOR ( 'NONE', #7493, 1000.000000000000000 ) ;
#2239 = AXIS2_PLACEMENT_3D ( 'NONE', #237, #4574, #1795 ) ;
#2240 = CARTESIAN_POINT ( 'NONE',  ( 101.0263340389897166, -3.500000000000000888, -33.50000000000000000 ) ) ;
#2241 = CARTESIAN_POINT ( 'NONE',  ( 131.5942651585302485, 0.1278043764763004131, -1.995977965420440148 ) ) ;
#2242 = CARTESIAN_POINT ( 'NONE',  ( 133.0872183000695088, 1.721169807974412880, 3.313375571878750314 ) ) ;
#2243 = TOROIDAL_SURFACE ( 'NONE', #1251, 14.50000000000000178, 1.000000000000000000 ) ;
#2244 = PRODUCT_DEFINITION_SHAPE ( 'NONE', 'NONE',  #1200 ) ;
#2245 = DIRECTION ( 'NONE',  ( -8.388032079972216237E-17, 0.0000000000000000000, 1.000000000000000000 ) ) ;
#2246 = VECTOR ( 'NONE', #358, 1000.000000000000000 ) ;
#2247 = DIRECTION ( 'NONE',  ( -1.209068259567986301E-15, 0.0000000000000000000, 1.000000000000000000 ) ) ;
#2248 = CARTESIAN_POINT ( 'NONE',  ( 28.50527929162779373, 4.548325774372268704, -16.62285135367537947 ) ) ;
#2249 = VECTOR ( 'NONE', #1320, 1000.000000000000000 ) ;
#2250 = CARTESIAN_POINT ( 'NONE',  ( 133.2171778728288984, -2.388460733402632208, -2.749224903274497755 ) ) ;
#2251 = DIRECTION ( 'NONE',  ( 1.000000000000000000, -0.0000000000000000000, 0.0000000000000000000 ) ) ;
#2252 = DIRECTION ( 'NONE',  ( 0.0000000000000000000, 0.0000000000000000000, 1.000000000000000000 ) ) ;
#2253 = DIRECTION ( 'NONE',  ( -0.0000000000000000000, -1.000000000000000000, -0.0000000000000000000 ) ) ;
#2254 = ORIENTED_EDGE ( 'NONE', *, *, #7815, .F. ) ;
#2255 = DIRECTION ( 'NONE',  ( 0.1538461538461539102, 0.0000000000000000000, -0.9880948137434716338 ) ) ;
#2256 = DIRECTION ( 'NONE',  ( 0.0000000000000000000, 0.0000000000000000000, -1.000000000000000000 ) ) ;
#2257 = VERTEX_POINT ( 'NONE', #5741 ) ;
#2258 = CARTESIAN_POINT ( 'NONE',  ( 26.18549016745895486, -4.995950595009770900, 19.36175293326559199 ) ) ;
#2259 = CARTESIAN_POINT ( 'NONE',  ( 14.75162383822157253, -4.953434042252321312, -35.00000000000000711 ) ) ;
#2260 = ADVANCED_FACE ( 'NONE', ( #6449 ), #4480, .F. ) ;
#2261 = VECTOR ( 'NONE', #2449, 1000.000000000000000 ) ;
#2262 = CARTESIAN_POINT ( 'NONE',  ( 104.5228874831234407, -4.642239219685780682, 5.719177225785477603 ) ) ;
#2263 = DIRECTION ( 'NONE',  ( 0.0000000000000000000, 0.0000000000000000000, -1.000000000000000000 ) ) ;
#2264 = ORIENTED_EDGE ( 'NONE', *, *, #8301, .T. ) ;
#2265 = ORIENTED_EDGE ( 'NONE', *, *, #2028, .F. ) ;
#2266 = CARTESIAN_POINT ( 'NONE',  ( 131.7612864628276270, 1.160273950676132149, 1.628228020506283125 ) ) ;
#2267 = AXIS2_PLACEMENT_3D ( 'NONE', #7909, #3532, #9295 ) ;
#2268 = CARTESIAN_POINT ( 'NONE',  ( 131.9222739313948978, -1.621690037297714104, 1.170654215981569601 ) ) ;
#2269 = ORIENTED_EDGE ( 'NONE', *, *, #6050, .T. ) ;
#2270 = CIRCLE ( 'NONE', #2386, 12.50000000000000000 ) ;
#2271 = DIRECTION ( 'NONE',  ( -0.0000000000000000000, -1.000000000000000000, -0.0000000000000000000 ) ) ;
#2272 = EDGE_LOOP ( 'NONE', ( #8442, #1048, #4793, #6859 ) ) ;
#2273 = DIRECTION ( 'NONE',  ( 0.0000000000000000000, -1.000000000000000000, 0.0000000000000000000 ) ) ;
#2274 = CARTESIAN_POINT ( 'NONE',  ( 133.0548708516621730, 1.519980352302491733, -3.439508195883005826 ) ) ;
#2275 = CARTESIAN_POINT ( 'NONE',  ( 22.09056242439638496, -7.639617213635127690, 25.61581853935935627 ) ) ;
#2276 = ORIENTED_EDGE ( 'NONE', *, *, #1629, .T. ) ;
#2277 = CARTESIAN_POINT ( 'NONE',  ( 0.0000000000000000000, 5.000000000000000888, 0.0000000000000000000 ) ) ;
#2278 = FACE_OUTER_BOUND ( 'NONE', #965, .T. ) ;
#2279 = ORIENTED_EDGE ( 'NONE', *, *, #1147, .T. ) ;
#2280 = CARTESIAN_POINT ( 'NONE',  ( 20.78680666682079803, -7.990058775177097061, -28.41325041859210287 ) ) ;
#2281 = ORIENTED_EDGE ( 'NONE', *, *, #7227, .T. ) ;
#2282 = CARTESIAN_POINT ( 'NONE',  ( 133.4326856919755357, -3.209205961633680992, -1.351438572884800848 ) ) ;
#2283 = DIRECTION ( 'NONE',  ( -0.0000000000000000000, -1.000000000000000000, -0.0000000000000000000 ) ) ;
#2284 = CARTESIAN_POINT ( 'NONE',  ( 110.8980715197791085, 5.407064904703053010, 9.973025728597720629 ) ) ;
#2285 = DIRECTION ( 'NONE',  ( 0.0000000000000000000, 0.0000000000000000000, -1.000000000000000000 ) ) ;
#2286 = CARTESIAN_POINT ( 'NONE',  ( 15.08460647348984907, -4.000000000000001776, -34.00000000000000000 ) ) ;
#2287 = EDGE_LOOP ( 'NONE', ( #2370, #2173, #6973, #4790 ) ) ;
#2288 = EDGE_CURVE ( 'NONE', #3312, #6080, #859, .T. ) ;
#2289 = CARTESIAN_POINT ( 'NONE',  ( 4.613417643984726511E-16, -4.500000000000000888, -5.500000000000008882 ) ) ;
#2290 = EDGE_CURVE ( 'NONE', #2292, #9326, #8898, .T. ) ;
#2291 = VECTOR ( 'NONE', #3241, 1000.000000000000000 ) ;
#2292 = VERTEX_POINT ( 'NONE', #3819 ) ;
#2293 = CARTESIAN_POINT ( 'NONE',  ( 31.32868841119431380, 1.785935805843247959, 13.09119698113277863 ) ) ;
#2294 = CARTESIAN_POINT ( 'NONE',  ( 104.5228874831234407, -4.500000000000000888, 5.719177225785473162 ) ) ;
#2295 = CARTESIAN_POINT ( 'NONE',  ( 32.66152951415597983, 4.525641703473035626, 4.714285714285716189 ) ) ;
#2296 = ORIENTED_EDGE ( 'NONE', *, *, #7478, .F. ) ;
#2297 = VECTOR ( 'NONE', #4433, 1000.000000000000000 ) ;
#2298 = EDGE_LOOP ( 'NONE', ( #1063, #7748, #4417, #5666 ) ) ;
#2299 = ORIENTED_EDGE ( 'NONE', *, *, #7382, .F. ) ;
#2300 = EDGE_CURVE ( 'NONE', #3998, #6922, #6146, .T. ) ;
#2301 = LINE ( 'NONE', #3230, #4905 ) ;
#2302 = CARTESIAN_POINT ( 'NONE',  ( 10.03027150280468227, -7.000000000000002665, 30.37293985656783946 ) ) ;
#2303 = CARTESIAN_POINT ( 'NONE',  ( 14.35672482424866203, -4.012368233432360931, 35.00000000000000000 ) ) ;
#2304 = CARTESIAN_POINT ( 'NONE',  ( 0.0000000000000000000, 7.000000000000000888, -30.00000000000000000 ) ) ;
#2305 = CARTESIAN_POINT ( 'NONE',  ( 32.11308144666282516, 4.999999999999985789, -4.999999999999999112 ) ) ;
#2306 = ADVANCED_FACE ( 'NONE', ( #2551 ), #5266, .T. ) ;
#2307 = ADVANCED_FACE ( 'NONE', ( #7561 ), #9355, .T. ) ;
#2308 = AXIS2_PLACEMENT_3D ( 'NONE', #7059, #2652, #3377 ) ;
#2309 = B_SPLINE_CURVE_WITH_KNOTS ( 'NONE', 3,
 ( #6582, #8018, #5912, #5170, #7366, #3669 ),
 .UNSPECIFIED., .F., .F.,
 ( 4, 2, 4 ),
 ( 8.673617379884035472E-19, 0.0004189379728302322550, 0.0008378759456604636426 ),
 .UNSPECIFIED. ) ;
#2310 = FACE_OUTER_BOUND ( 'NONE', #2991, .T. ) ;
#2311 = VERTEX_POINT ( 'NONE', #8865 ) ;
#2312 = VECTOR ( 'NONE', #6216, 1000.000000000000000 ) ;
#2313 = ORIENTED_EDGE ( 'NONE', *, *, #463, .T. ) ;
#2314 = ORIENTED_EDGE ( 'NONE', *, *, #5832, .F. ) ;
#2315 = CARTESIAN_POINT ( 'NONE',  ( 0.0000000000000000000, 3.500000000000000888, 0.0000000000000000000 ) ) ;
#2316 = CARTESIAN_POINT ( 'NONE',  ( 8.116411109992025530, 7.000000000000001776, -30.95357605663032174 ) ) ;
#2317 = CARTESIAN_POINT ( 'NONE',  ( 133.3149576352198267, 2.789671596144387866, 2.230000848200085706 ) ) ;
#2318 = EDGE_CURVE ( 'NONE', #2546, #1970, #6897, .T. ) ;
#2319 = CARTESIAN_POINT ( 'NONE',  ( 104.5228874831234407, 4.500000000000000888, 5.719177225785473162 ) ) ;
#2320 = DIRECTION ( 'NONE',  ( 0.0000000000000000000, 0.0000000000000000000, 1.000000000000000000 ) ) ;
#2321 = FACE_OUTER_BOUND ( 'NONE', #4293, .T. ) ;
#2322 = VERTEX_POINT ( 'NONE', #3783 ) ;
#2323 = EDGE_LOOP ( 'NONE', ( #3177, #2422, #6878, #2265 ) ) ;
#2324 = AXIS2_PLACEMENT_3D ( 'NONE', #954, #3133, #8294 ) ;
#2325 = DIRECTION ( 'NONE',  ( 1.000000000000000000, 0.0000000000000000000, 0.0000000000000000000 ) ) ;
#2326 = EDGE_LOOP ( 'NONE', ( #3996, #4998 ) ) ;
#2327 = DIRECTION ( 'NONE',  ( 0.0000000000000000000, 1.000000000000000000, 0.0000000000000000000 ) ) ;
#2328 = CARTESIAN_POINT ( 'NONE',  ( 17.99999999999995737, 5.000000000000000888, 32.33161507461908002 ) ) ;
#2329 = ORIENTED_EDGE ( 'NONE', *, *, #5759, .F. ) ;
#2330 = FACE_OUTER_BOUND ( 'NONE', #8407, .T. ) ;
#2331 = DIRECTION ( 'NONE',  ( 0.0000000000000000000, 0.0000000000000000000, 1.000000000000000000 ) ) ;
#2332 = ORIENTED_EDGE ( 'NONE', *, *, #5721, .T. ) ;
#2333 = CARTESIAN_POINT ( 'NONE',  ( 0.0000000000000000000, -5.000000000000000888, 0.0000000000000000000 ) ) ;
#2334 = CARTESIAN_POINT ( 'NONE',  ( 101.0263340389897166, 5.000000000000000000, -8.500000000000000000 ) ) ;
#2335 = DIRECTION ( 'NONE',  ( 0.0000000000000000000, 0.0000000000000000000, -1.000000000000000000 ) ) ;
#2336 = DIRECTION ( 'NONE',  ( 0.0000000000000000000, -1.000000000000000000, 0.0000000000000000000 ) ) ;
#2337 = CIRCLE ( 'NONE', #5147, 0.4999999999999993894 ) ;
#2338 = CARTESIAN_POINT ( 'NONE',  ( 21.42870989811430604, -8.000132299552726423, 27.82633284630852089 ) ) ;
#2339 = CARTESIAN_POINT ( 'NONE',  ( 131.8347388110411487, -1.390736541815848826, 1.437665998161323122 ) ) ;
#2340 = ORIENTED_EDGE ( 'NONE', *, *, #1323, .T. ) ;
#2341 = EDGE_CURVE ( 'NONE', #5246, #8108, #8121, .T. ) ;
#2342 = EDGE_CURVE ( 'NONE', #3143, #7940, #295, .T. ) ;
#2343 = CARTESIAN_POINT ( 'NONE',  ( 132.9835898530481586, -0.8936127708153263072, -3.698357913829890098 ) ) ;
#2344 = DIRECTION ( 'NONE',  ( -0.2903181000312410331, 0.0000000000000000000, 0.9569301964063264831 ) ) ;
#2345 = CIRCLE ( 'NONE', #9090, 15.00000000000000178 ) ;
#2346 = CARTESIAN_POINT ( 'NONE',  ( 133.0155638906392994, -1.209312896867228648, 3.584351307731050262 ) ) ;
#2347 = CARTESIAN_POINT ( 'NONE',  ( 1.209068259567991231E-15, 4.000000000000000888, -34.00000000000000000 ) ) ;
#2348 = EDGE_LOOP ( 'NONE', ( #2052, #325, #2434, #5258 ) ) ;
#2349 = DIRECTION ( 'NONE',  ( -0.0000000000000000000, -1.000000000000000000, -0.0000000000000000000 ) ) ;
#2350 = CARTESIAN_POINT ( 'NONE',  ( 128.9176646055585138, 1.599491393710262166, -1.229068638255266466 ) ) ;
#2351 = AXIS2_PLACEMENT_3D ( 'NONE', #7967, #7245, #1415 ) ;
#2352 = CARTESIAN_POINT ( 'NONE',  ( 10.71751771055746616, -4.000000000000000888, 34.00000000000000000 ) ) ;
#2353 = CIRCLE ( 'NONE', #6134, 13.50000000000000178 ) ;
#2354 = CARTESIAN_POINT ( 'NONE',  ( 38.00000000000000000, 3.500000000000001332, 3.000000000000000000 ) ) ;
#2355 = EDGE_LOOP ( 'NONE', ( #4299, #4529, #4700, #571, #5911, #8272, #3916 ) ) ;
#2356 = CARTESIAN_POINT ( 'NONE',  ( 19.00240406844404006, -5.000000000000000888, -31.75287681586611654 ) ) ;
#2357 = CARTESIAN_POINT ( 'NONE',  ( 32.66152951415597983, 4.525641703473035626, 4.714285714285716189 ) ) ;
#2358 = CARTESIAN_POINT ( 'NONE',  ( 131.8032582644074466, -1.297323835351125609, -1.522245926848364794 ) ) ;
#2359 = CARTESIAN_POINT ( 'NONE',  ( 131.8849725021026984, -1.526680673409523070, 1.291497678606878585 ) ) ;
#2360 = FACE_OUTER_BOUND ( 'NONE', #2095, .T. ) ;
#2361 = VERTEX_POINT ( 'NONE', #3898 ) ;
#2362 = AXIS2_PLACEMENT_3D ( 'NONE', #1621, #952, #4586 ) ;
#2363 = CARTESIAN_POINT ( 'NONE',  ( 6.142831187652824987, 2.500000000000000444, -21.12499999999999289 ) ) ;
#2364 = DIRECTION ( 'NONE',  ( 1.209068259567989456E-15, 0.0000000000000000000, -1.000000000000000000 ) ) ;
#2365 = DIRECTION ( 'NONE',  ( 0.0000000000000000000, -1.000000000000000000, 0.0000000000000000000 ) ) ;
#2366 = CARTESIAN_POINT ( 'NONE',  ( 32.64415640336863333, 4.508531823236745950, -4.834650156562560142 ) ) ;
#2367 = CIRCLE ( 'NONE', #2400, 32.50000000000000000 ) ;
#2368 = B_SPLINE_CURVE_WITH_KNOTS ( 'NONE', 3,
 ( #3474, #8536, #1920, #424, #7082, #5506, #7180, #5660, #8566, #3533, #4236, #1418, #2768, #4953, #712, #5753 ),
 .UNSPECIFIED., .F., .F.,
 ( 4, 2, 2, 2, 2, 2, 2, 4 ),
 ( 0.0000000000000000000, 0.0003928886037405195835, 0.0007857772074810391669, 0.001178665811221558642, 0.001571554414962077250, 0.001964443018702595641, 0.002357331622443114248, 0.003143108829924151030 ),
 .UNSPECIFIED. ) ;
#2369 = VERTEX_POINT ( 'NONE', #8900 ) ;
#2370 = ORIENTED_EDGE ( 'NONE', *, *, #6889, .T. ) ;
#2371 = CARTESIAN_POINT ( 'NONE',  ( 133.1531817187854188, -2.093035760910827658, 3.043734079866855069 ) ) ;
#2372 = CARTESIAN_POINT ( 'NONE',  ( 28.51304367304957665, 4.500000000000000888, -16.61343855132847835 ) ) ;
#2373 = AXIS2_PLACEMENT_3D ( 'NONE', #6451, #1952, #3434 ) ;
#2374 = CARTESIAN_POINT ( 'NONE',  ( 133.4861103617156743, 3.384912032408621929, 0.6244247897582905216 ) ) ;
#2375 = CARTESIAN_POINT ( 'NONE',  ( 7.609135415617524600, 7.000000000000002665, 29.01897755309092375 ) ) ;
#2376 = DIRECTION ( 'NONE',  ( 0.0000000000000000000, 0.0000000000000000000, 1.000000000000000000 ) ) ;
#2377 = CARTESIAN_POINT ( 'NONE',  ( 0.0000000000000000000, 4.000000000000000888, 7.500000000000000888 ) ) ;
#2378 = CIRCLE ( 'NONE', #3970, 25.00000000000000000 ) ;
#2379 = CARTESIAN_POINT ( 'NONE',  ( 128.7898177138691551, 0.5194598530086298460, -1.933863139071282156 ) ) ;
#2380 = B_SPLINE_CURVE_WITH_KNOTS ( 'NONE', 3,
 ( #2632, #7620, #2501, #312 ),
 .UNSPECIFIED., .F., .F.,
 ( 4, 4 ),
 ( 0.0000000000000000000, 0.0003603770063699391311 ),
 .UNSPECIFIED. ) ;
#2381 = ORIENTED_EDGE ( 'NONE', *, *, #4164, .T. ) ;
#2382 = CARTESIAN_POINT ( 'NONE',  ( 101.0263340389897166, 4.000000000000000888, -8.500000000000000000 ) ) ;
#2383 = VECTOR ( 'NONE', #1045, 1000.000000000000000 ) ;
#2384 = ORIENTED_EDGE ( 'NONE', *, *, #6104, .F. ) ;
#2385 = DIRECTION ( 'NONE',  ( 0.0000000000000000000, 1.000000000000000000, 0.0000000000000000000 ) ) ;
#2386 = AXIS2_PLACEMENT_3D ( 'NONE', #860, #4398, #3036 ) ;
#2387 = CARTESIAN_POINT ( 'NONE',  ( 132.0053531076936792, -1.818189861142545327, 0.8282639050280091730 ) ) ;
#2388 = CARTESIAN_POINT ( 'NONE',  ( 131.6008837896956436, -0.2594831719227250200, 1.982932208558045195 ) ) ;
#2389 = VERTEX_POINT ( 'NONE', #6627 ) ;
#2390 = CARTESIAN_POINT ( 'NONE',  ( 21.89564423079354682, 7.343406223803637722, 24.81970312374451737 ) ) ;
#2391 = CARTESIAN_POINT ( 'NONE',  ( 10.03027150280468227, 12.50000000000000000, 30.37293985656783946 ) ) ;
#2392 = TOROIDAL_SURFACE ( 'NONE', #4508, 60.99999999999999289, 1.000000000000000000 ) ;
#2393 = EDGE_CURVE ( 'NONE', #223, #5185, #7349, .T. ) ;
#2394 = DIRECTION ( 'NONE',  ( 1.000000000000000000, -0.0000000000000000000, 1.209068259567990048E-15 ) ) ;
#2395 = CARTESIAN_POINT ( 'NONE',  ( 21.78511551902307630, -7.969755015572501655, 27.27674284014845441 ) ) ;
#2396 = ORIENTED_EDGE ( 'NONE', *, *, #9142, .T. ) ;
#2397 = ORIENTED_EDGE ( 'NONE', *, *, #5817, .T. ) ;
#2398 = CIRCLE ( 'NONE', #7454, 2.000000000000000000 ) ;
#2399 = CARTESIAN_POINT ( 'NONE',  ( 133.4655735981768032, -3.318212758656022832, -0.9944961780848015076 ) ) ;
#2400 = AXIS2_PLACEMENT_3D ( 'NONE', #5271, #320, #3884 ) ;
#2401 = CARTESIAN_POINT ( 'NONE',  ( 102.3881914790024723, 1.547054092284473326, -3.976469826910657090 ) ) ;
#2402 = ORIENTED_EDGE ( 'NONE', *, *, #4419, .T. ) ;
#2403 = CARTESIAN_POINT ( 'NONE',  ( 133.1898672540113466, 2.269071009040218634, 2.882622633790932198 ) ) ;
#2404 = CARTESIAN_POINT ( 'NONE',  ( 28.42552923647974694, -3.425909887299979140, -20.76276023212657407 ) ) ;
#2405 = DIRECTION ( 'NONE',  ( -1.000000000000000000, 0.0000000000000000000, 1.356728424568866558E-16 ) ) ;
#2406 = CARTESIAN_POINT ( 'NONE',  ( 128.7916823360196474, 1.043805317545565714, -1.783923117168803252 ) ) ;
#2407 = CARTESIAN_POINT ( 'NONE',  ( 101.0263340389897166, -1.500000000000000888, -3.500000000000000444 ) ) ;
#2408 = CARTESIAN_POINT ( 'NONE',  ( 21.96480662198340283, 7.424624507255217054, -25.01339782507218601 ) ) ;
#2409 = ORIENTED_EDGE ( 'NONE', *, *, #8227, .T. ) ;
#2410 = EDGE_CURVE ( 'NONE', #9407, #930, #1032, .T. ) ;
#2411 = CARTESIAN_POINT ( 'NONE',  ( 7.609135415617525489, 12.50000000000000000, -29.01897755309092375 ) ) ;
#2412 = VECTOR ( 'NONE', #7693, 1000.000000000000000 ) ;
#2413 = DIRECTION ( 'NONE',  ( 0.0000000000000000000, -1.734723475976805615E-16, 1.000000000000000000 ) ) ;
#2414 = AXIS2_PLACEMENT_3D ( 'NONE', #2115, #5564, #2581 ) ;
#2415 = ORIENTED_EDGE ( 'NONE', *, *, #1555, .T. ) ;
#2416 = TOROIDAL_SURFACE ( 'NONE', #4975, 30.00000000000000000, 2.000000000000000000 ) ;
#2417 = EDGE_LOOP ( 'NONE', ( #8542, #1972, #8475, #268 ) ) ;
#2418 = CARTESIAN_POINT ( 'NONE',  ( 131.7343931901475287, -1.062827834278460060, 1.693161227748140485 ) ) ;
#2419 = ORIENTED_EDGE ( 'NONE', *, *, #3979, .T. ) ;
#2420 = CARTESIAN_POINT ( 'NONE',  ( 21.68060124781831632, 7.984270708231272273, 27.46736659107958545 ) ) ;
#2421 = FACE_OUTER_BOUND ( 'NONE', #3874, .T. ) ;
#2422 = ORIENTED_EDGE ( 'NONE', *, *, #3627, .F. ) ;
#2423 = VECTOR ( 'NONE', #3107, 1000.000000000000000 ) ;
#2424 = DIRECTION ( 'NONE',  ( 0.0000000000000000000, 0.0000000000000000000, 1.000000000000000000 ) ) ;
#2425 = EDGE_LOOP ( 'NONE', ( #8998, #2947, #2732, #343 ) ) ;
#2426 = DIRECTION ( 'NONE',  ( 0.0000000000000000000, -1.000000000000000000, 0.0000000000000000000 ) ) ;
#2427 = ORIENTED_EDGE ( 'NONE', *, *, #8101, .T. ) ;
#2428 = ORIENTED_EDGE ( 'NONE', *, *, #4289, .T. ) ;
#2429 = DIRECTION ( 'NONE',  ( 1.000000000000000000, 0.0000000000000000000, -1.209068259567990048E-15 ) ) ;
#2430 = AXIS2_PLACEMENT_3D ( 'NONE', #2958, #5846, #8042 ) ;
#2431 = B_SPLINE_CURVE_WITH_KNOTS ( 'NONE', 3,
 ( #4178, #7803, #7773, #7091, #4150, #4832, #1204, #1169, #4803, #3381, #6294, #5575, #7006, #2716, #1931, #6258, #8511, #9213 ),
 .UNSPECIFIED., .F., .F.,
 ( 4, 2, 2, 2, 2, 2, 2, 2, 4 ),
 ( 0.01830664611042765941, 0.01939204183538555462, 0.02047743756034344637, 0.02156283328530134158, 0.02264822901025923679, 0.02373362473521713201, 0.02481902046017502375, 0.02590441618513291896, 0.02698981191009081418 ),
 .UNSPECIFIED. ) ;
#2432 = CARTESIAN_POINT ( 'NONE',  ( 133.3936481443020625, -3.075835502291583978, -1.694884753799589472 ) ) ;
#2433 = FACE_OUTER_BOUND ( 'NONE', #2480, .T. ) ;
#2434 = ORIENTED_EDGE ( 'NONE', *, *, #1194, .F. ) ;
#2435 = CARTESIAN_POINT ( 'NONE',  ( 133.4929303789286905, -3.406844812918909504, 0.5031495378179984268 ) ) ;
#2436 = CARTESIAN_POINT ( 'NONE',  ( 102.5249188688439972, 1.574740125313618178, -4.090854111213301003 ) ) ;
#2437 = ORIENTED_EDGE ( 'NONE', *, *, #864, .F. ) ;
#2438 = CARTESIAN_POINT ( 'NONE',  ( 133.2620689827603826, 2.580078080781661232, 2.523842195187340209 ) ) ;
#2439 = VERTEX_POINT ( 'NONE', #2489 ) ;
#2440 = CARTESIAN_POINT ( 'NONE',  ( 20.78680666682079803, 7.990058775177097061, -28.41325041859210287 ) ) ;
#2441 = CYLINDRICAL_SURFACE ( 'NONE', #3513, 2.000000000000001776 ) ;
#2442 = AXIS2_PLACEMENT_3D ( 'NONE', #9074, #7598, #7545 ) ;
#2443 = ORIENTED_EDGE ( 'NONE', *, *, #6951, .F. ) ;
#2444 = CARTESIAN_POINT ( 'NONE',  ( 12.90106209202365761, -5.028197609507558674, 34.16732851882471067 ) ) ;
#2445 = DIRECTION ( 'NONE',  ( 0.0000000000000000000, 1.000000000000000000, 0.0000000000000000000 ) ) ;
#2446 = CARTESIAN_POINT ( 'NONE',  ( 131.8335043504610837, -1.387221310530713181, -1.441253508197761102 ) ) ;
#2447 = FACE_BOUND ( 'NONE', #6536, .T. ) ;
#2448 = CARTESIAN_POINT ( 'NONE',  ( 38.35880472082097725, -1.243490480974245083, 13.04565745705337143 ) ) ;
#2449 = DIRECTION ( 'NONE',  ( -0.0000000000000000000, -1.000000000000000000, -0.0000000000000000000 ) ) ;
#2450 = CARTESIAN_POINT ( 'NONE',  ( 10.71751771055746616, -4.000000000000003553, 35.00000000000000000 ) ) ;
#2451 = CARTESIAN_POINT ( 'NONE',  ( 28.88804579922311078, -2.873213503469107089, 16.15704610768563398 ) ) ;
#2452 = LINE ( 'NONE', #69, #2795 ) ;
#2453 = B_SPLINE_SURFACE_WITH_KNOTS ( 'NONE', 1, 3, ( 
 ( #7808, #7201, #4909, #2815, #6465, #2035, #7927, #572, #639, #5647, #7287, #2950, #7352, #8064, #696, #5801, #4400, #6661, #64, #3751, #5769, #4311, #2250, #733, #5093, #2983, #9380, #3719, #6597, #1436, #763, #1459, #6567, #2282, #8035, #3617, #5840, #2918, #6530, #1492, #9410, #3692, #2155, #8751, #5897, #3655, #1560, #7958, #7263, #2190, #8786, #5037, #7381, #825, #8000, #8687, #24, #2224, #4430, #3017, #5128, #2888, #1532, #5161, #4339, #8716, #5065, #4375, #7319, #8093, #91, #792, #5864, #6628, #8125, #6782, #3867, #1620, #8205, #2346, #987, #4467, #8929, #3065, #3785, #1683, #8838, #245, #1586, #6748, #6718, #4585, #4500, #7442, #5309, #1657, #123, #8148, #3821, #156, #8868, #891, #4523, #5933, #2403, #7489, #3130, #2438, #8813, #8235, #2317, #5182, #5212, #8901, #6056, #1715, #8175, #6810, #6020, #863, #5988, #3040, #7527, #2374, #7467, #5251, #3097, #4549, #3159, #6692, #5967, #186, #213, #3843, #918, #5281, #951, #7406, #8354, #1875, #300, #3315, #6115, #2589, #6224, #1774, #8331, #5406, #8293, #6965, #275, #3219, #3280, #3957, #5376, #7581, #1075, #7557, #7678, #1802, #6155, #335, #6907, #3987, #4019, #3899, #3186, #4674, #9051, #2529, #9024, #8259, #368, #7607 ),
 ( #8959, #1040, #2491, #4611, #1132, #4708, #6872, #7641, #3925, #1102, #3248, #5438, #2560, #6194, #1834, #6087, #8991, #9086, #4641, #5341, #402, #6935, #4734, #5474, #1011, #1748, #6837, #2459, #8451, #3413, #8510, #7090, #7005, #4109, #2715, #466, #6257, #7802, #3380, #9122, #1300, #6396, #499, #5541, #4768, #2620, #6292, #7706, #4864, #1902, #3349, #4177, #9211, #5516, #8413, #9181, #3450, #8477, #4801, #4830, #432, #7031, #7827, #9250, #533, #4898, #1930, #563, #2682, #4149, #2657, #5638, #2024, #1168, #7771, #4048, #1961, #7736, #2001, #7132, #2746, #5606, #8383, #1261, #5574, #1228, #7062, #4076, #9153, #6364, #1203, #6334, #7255, #2087, #6460, #9402, #6433, #6556, #2907, #5762, #7855, #6519, #5023, #5700, #1359, #5794, #2118, #2778, #9339, #7189, #5668, #4990, #8573, #7221, #1335, #2842, #5056, #2808, #723, #7159, #596, #7890, #2148, #4213, #1451, #2179, #3540, #3509, #8604, #4276, #2873, #7275, #8638, #2058, #685, #4330, #4248, #632, #9304, #655, #4959, #3482, #7948, #1428, #1393, #3610, #5734, #8676, #8547, #6484, #9272, #7918, #4932, #3581, #4303, #9371, #2939, #853, #8024, #8831, #754, #5887, #782, #8113, #7309, #6617, #4488, #815, #3644, #1520, #2241, #3678, #8053, #53 ) ),
 .UNSPECIFIED., .F., .T., .F.,
 ( 2, 2 ),
 ( 4, 2, 2, 2, 2, 2, 2, 2, 2, 2, 2, 2, 2, 2, 2, 2, 2, 2, 2, 2, 2, 2, 2, 2, 2, 2, 2, 2, 2, 2, 2, 2, 2, 2, 2, 2, 2, 2, 2, 2, 2, 2, 2, 2, 2, 2, 2, 2, 2, 2, 2, 2, 2, 2, 2, 2, 2, 2, 2, 2, 2, 2, 2, 2, 2, 2, 2, 2, 2, 2, 2, 2, 2, 2, 2, 2, 2, 2, 2, 2, 2, 2, 2, 2, 2, 2, 4 ),
 ( 0.0000000000000000000, 1.000000000000000000 ),
 ( -0.02054759124356401317, -0.02037951474281610512, -0.02021143824206819706, -0.01987528524057238094, -0.01953913223907656482, -0.01937105573832866023, -0.01920297923758075218, -0.01886682623608493953, -0.01853067323458912341, -0.01819452023309330729, -0.01802644373234539923, -0.01785836723159749118, -0.01752221423010167506, -0.01718606122860585894, -0.01701798472785795088, -0.01684990822711004282, -0.01651375522561422671, -0.01617760222411841059, -0.01584144922262259447, -0.01567337272187468641, -0.01550529622112678009, -0.01533721972037887377, -0.01516914321963096571, -0.01500106671888305765, -0.01483299021813514959, -0.01449683721663933347, -0.01416068421514351736, -0.01382453121364770297, -0.01365645471289979665, -0.01348837821215188859, -0.01315222521065607247, -0.01281607220916025636, -0.01264799570841234830, -0.01247991920766444024, -0.01231184270691653218, -0.01214376620616862412, -0.01180761320467280974, -0.01147146020317699536, -0.01130338370242908730, -0.01113530720168117924, -0.01079915420018536312, -0.01046300119868954701, -0.01029492469794163895, -0.01012684819719373089, -0.009790695195697916506, -0.009454542194202102123, -0.009118389192706286006, -0.008782236191210469889, -0.008446083189714653772, -0.008109930188218837654, -0.007941853687470929596, -0.007773777186723023272, -0.007101471183731392772, -0.006933394682983484714, -0.006765318182235576655, -0.006429165180739761405, -0.006093012179243946155, -0.005924935678496038097, -0.005756859177748130038, -0.005588782677000221980, -0.005420706176252314788, -0.005084553174756499538, -0.004748400173260683421, -0.004580323672512775363, -0.004412247171764868171, -0.004076094170269052921, -0.003739941168773237238, -0.003403788167277421554, -0.003067635165781606305, -0.002731482164285790621, -0.002395329162789974937, -0.002227252662042067313, -0.002059176161294159688, -0.001891099660546251846, -0.001723023159798344004, -0.001554946659050436379, -0.001386870158302528537, -0.001218793657554620696, -0.001050717156806713071, -0.0007145641553108974956, -0.0003784111538150819205, -4.225815231926639956E-05, 0.0001258183484286413609, 0.0002938948491765491213, 0.0006300478506723646965, 0.0007981243514202724298, 0.0009662008521681801632 ),
 .UNSPECIFIED. ) ;
#2454 = EDGE_CURVE ( 'NONE', #2077, #3526, #2485, .T. ) ;
#2455 = EDGE_CURVE ( 'NONE', #9172, #2439, #3469, .T. ) ;
#2456 = CARTESIAN_POINT ( 'NONE',  ( 133.2977666649077548, -2.725422333544031517, -2.337524869553397888 ) ) ;
#2457 = CARTESIAN_POINT ( 'NONE',  ( 102.9328972498781241, 1.685086072281930969, -4.430554437829725245 ) ) ;
#2458 = CIRCLE ( 'NONE', #1872, 11.00000000000000000 ) ;
#2459 = CARTESIAN_POINT ( 'NONE',  ( 131.9450523653029848, -1.678254561570201808, -1.086550396635754367 ) ) ;
#2460 = CARTESIAN_POINT ( 'NONE',  ( 22.14648506759957058, -5.188057535505776308, -21.91033178175674223 ) ) ;
#2461 = CARTESIAN_POINT ( 'NONE',  ( 112.4984612256801029, 4.348754144722680515, -11.26621818215934034 ) ) ;
#2462 = VECTOR ( 'NONE', #6069, 1000.000000000000000 ) ;
#2463 = DIRECTION ( 'NONE',  ( 1.000000000000000000, 0.0000000000000000000, 0.0000000000000000000 ) ) ;
#2464 = VERTEX_POINT ( 'NONE', #4673 ) ;
#2465 = CARTESIAN_POINT ( 'NONE',  ( 24.99999999999996092, 0.0000000000000000000, 32.50000000000003553 ) ) ;
#2466 = AXIS2_PLACEMENT_3D ( 'NONE', #3969, #9008, #1087 ) ;
#2467 = MECHANICAL_DESIGN_GEOMETRIC_PRESENTATION_REPRESENTATION (  '', ( #1141 ), #6394 ) ;
#2468 = FACE_OUTER_BOUND ( 'NONE', #8088, .T. ) ;
#2469 = CARTESIAN_POINT ( 'NONE',  ( 49.32399612951925860, -1.500000000000000888, -18.50000000000000355 ) ) ;
#2470 = ORIENTED_EDGE ( 'NONE', *, *, #1914, .T. ) ;
#2471 = CARTESIAN_POINT ( 'NONE',  ( 111.8928422895516945, -4.563266156485102698, -10.80040359953865980 ) ) ;
#2472 = DIRECTION ( 'NONE',  ( 0.0000000000000000000, 0.0000000000000000000, 1.000000000000000000 ) ) ;
#2473 = EDGE_CURVE ( 'NONE', #3680, #4322, #3213, .T. ) ;
#2474 = CARTESIAN_POINT ( 'NONE',  ( 132.0889038324279454, -2.000034003718133224, 0.1284509950913833298 ) ) ;
#2475 = CARTESIAN_POINT ( 'NONE',  ( 131.6261043821382657, -0.5164321836746614824, 1.932063121563015962 ) ) ;
#2476 = AXIS2_PLACEMENT_3D ( 'NONE', #121, #8785, #5181 ) ;
#2477 = CIRCLE ( 'NONE', #4521, 35.00000000000000000 ) ;
#2478 = DIRECTION ( 'NONE',  ( 0.0000000000000000000, -1.000000000000000000, 0.0000000000000000000 ) ) ;
#2479 = CARTESIAN_POINT ( 'NONE',  ( 2.935811227990283017E-16, -3.500000000000000888, -3.500000000000009326 ) ) ;
#2480 = EDGE_LOOP ( 'NONE', ( #8781, #8056, #2419, #699 ) ) ;
#2481 = DIRECTION ( 'NONE',  ( 0.0000000000000000000, 0.0000000000000000000, 1.000000000000000000 ) ) ;
#2482 = CARTESIAN_POINT ( 'NONE',  ( 10.03027150280468227, 23.43849360530937176, 30.37293985656783946 ) ) ;
#2483 = CARTESIAN_POINT ( 'NONE',  ( 28.51304367304961929, -3.408645917860932961, 16.61343855132841441 ) ) ;
#2484 = DIRECTION ( 'NONE',  ( 0.0000000000000000000, 1.000000000000000000, -1.740523610644402991E-16 ) ) ;
#2485 = B_SPLINE_CURVE_WITH_KNOTS ( 'NONE', 3,
 ( #5862, #3217, #3157, #5404, #7556, #8258, #8233, #1073, #1801, #6019, #3924, #211, #1747, #8958, #1772, #7606 ),
 .UNSPECIFIED., .F., .F.,
 ( 4, 2, 2, 2, 2, 2, 2, 4 ),
 ( 0.0000000000000000000, 0.0003954540358560200289, 0.0007909080717120400578, 0.001581816143424086404, 0.001977270179280108710, 0.002372724215136130365, 0.002768178250992152888, 0.003163632286848174976 ),
 .UNSPECIFIED. ) ;
#2486 = CARTESIAN_POINT ( 'NONE',  ( 133.3144882479982130, -2.787913754283252388, -2.232804801625158930 ) ) ;
#2487 = VERTEX_POINT ( 'NONE', #1131 ) ;
#2488 = DIRECTION ( 'NONE',  ( 1.000000000000000000, -0.0000000000000000000, -1.356728424568866558E-16 ) ) ;
#2489 = CARTESIAN_POINT ( 'NONE',  ( 38.00000000000000000, 12.50000000000000000, -3.000000000000000000 ) ) ;
#2490 = AXIS2_PLACEMENT_3D ( 'NONE', #6888, #6236, #1886 ) ;
#2491 = CARTESIAN_POINT ( 'NONE',  ( 131.5926251281906616, -0.06571006693029039780, -1.999157492807476455 ) ) ;
#2492 = CARTESIAN_POINT ( 'NONE',  ( 0.0000000000000000000, 7.000000000000000888, 0.0000000000000000000 ) ) ;
#2493 = DIRECTION ( 'NONE',  ( 0.8086148106454953410, 0.0000000000000000000, -0.5883384128244132372 ) ) ;
#2494 = CARTESIAN_POINT ( 'NONE',  ( 32.39910718279130464, -1.576480256083174769, -11.68920226135547935 ) ) ;
#2495 = ADVANCED_FACE ( 'NONE', ( #4265 ), #1082, .T. ) ;
#2496 = CIRCLE ( 'NONE', #2213, 1.999999999999998224 ) ;
#2497 = ORIENTED_EDGE ( 'NONE', *, *, #1942, .T. ) ;
#2498 = CARTESIAN_POINT ( 'NONE',  ( 32.66152951415597983, 4.525641703473033850, -4.714285714285716189 ) ) ;
#2499 = AXIS2_PLACEMENT_3D ( 'NONE', #4605, #6184, #6108 ) ;
#2500 = DIRECTION ( 'NONE',  ( 0.0000000000000000000, 1.000000000000000000, 0.0000000000000000000 ) ) ;
#2501 = CARTESIAN_POINT ( 'NONE',  ( 21.43535984825533802, -6.951089280396223202, -24.03861579930355319 ) ) ;
#2502 = DIRECTION ( 'NONE',  ( 1.000000000000000000, -0.0000000000000000000, -0.0000000000000000000 ) ) ;
#2503 = AXIS2_PLACEMENT_3D ( 'NONE', #600, #6297, #5642 ) ;
#2504 = VECTOR ( 'NONE', #8774, 1000.000000000000000 ) ;
#2505 = CARTESIAN_POINT ( 'NONE',  ( 132.0888816484916219, -1.999982878449869217, -0.06492018485275555251 ) ) ;
#2506 = ORIENTED_EDGE ( 'NONE', *, *, #1324, .F. ) ;
#2507 = CARTESIAN_POINT ( 'NONE',  ( 131.6918703595351587, 0.8888935770809597292, 1.791017252621530442 ) ) ;
#2508 = ADVANCED_FACE ( 'NONE', ( #4931 ), #5383, .F. ) ;
#2509 = CARTESIAN_POINT ( 'NONE',  ( 37.08151649223366064, -1.471578800682855181, 13.86083676556404498 ) ) ;
#2510 = DIRECTION ( 'NONE',  ( -0.0000000000000000000, -1.000000000000000000, -0.0000000000000000000 ) ) ;
#2511 = ORIENTED_EDGE ( 'NONE', *, *, #5994, .F. ) ;
#2512 = CARTESIAN_POINT ( 'NONE',  ( 18.00000000000000000, -5.000000000000001776, 34.00000000000000000 ) ) ;
#2513 = ORIENTED_EDGE ( 'NONE', *, *, #1988, .F. ) ;
#2514 = EDGE_CURVE ( 'NONE', #6547, #4205, #2777, .T. ) ;
#2515 = DIRECTION ( 'NONE',  ( 0.0000000000000000000, 1.000000000000000000, 0.0000000000000000000 ) ) ;
#2516 = CARTESIAN_POINT ( 'NONE',  ( 49.32399612951925860, -4.500000000000000888, -18.50000000000000355 ) ) ;
#2517 = TOROIDAL_SURFACE ( 'NONE', #1352, 35.00000000000000000, 2.000000000000000000 ) ;
#2518 = ORIENTED_EDGE ( 'NONE', *, *, #8036, .T. ) ;
#2519 = DIRECTION ( 'NONE',  ( -1.209068259567990048E-15, 0.0000000000000000000, -1.000000000000000000 ) ) ;
#2520 = CARTESIAN_POINT ( 'NONE',  ( 133.4999945183609213, -3.429613344625854765, 0.06377801414395484203 ) ) ;
#2521 = EDGE_LOOP ( 'NONE', ( #8535, #1412, #6457, #1809 ) ) ;
#2522 = VERTEX_POINT ( 'NONE', #6256 ) ;
#2523 = LINE ( 'NONE', #1086, #1053 ) ;
#2524 = ORIENTED_EDGE ( 'NONE', *, *, #7553, .F. ) ;
#2525 = VERTEX_POINT ( 'NONE', #9120 ) ;
#2526 = CARTESIAN_POINT ( 'NONE',  ( 11.44539935986007606, 4.012368230248056555, 35.00000000000000711 ) ) ;
#2527 = AXIS2_PLACEMENT_3D ( 'NONE', #8095, #1716, #8930 ) ;
#2528 = CARTESIAN_POINT ( 'NONE',  ( 25.54272524794506083, 5.000000000000000888, -20.09525284508737997 ) ) ;
#2529 = CARTESIAN_POINT ( 'NONE',  ( 132.9490298311357321, 0.2792748220905532097, -3.817416424928306462 ) ) ;
#2530 = CARTESIAN_POINT ( 'NONE',  ( 3.469446951953614189E-15, 4.000000000000000888, 34.00000000000000000 ) ) ;
#2531 = FILL_AREA_STYLE_COLOUR ( '', #9152 ) ;
#2532 = CARTESIAN_POINT ( 'NONE',  ( 109.9310941345259636, 4.820761730213257046, -9.695105463951232849 ) ) ;
#2533 = CARTESIAN_POINT ( 'NONE',  ( 32.64415640336839886, 4.508531823243703052, 4.834650156564133994 ) ) ;
#2534 = CIRCLE ( 'NONE', #917, 2.000000000000000000 ) ;
#2535 = ORIENTED_EDGE ( 'NONE', *, *, #8513, .F. ) ;
#2536 = VECTOR ( 'NONE', #6323, 1000.000000000000000 ) ;
#2537 = ORIENTED_EDGE ( 'NONE', *, *, #1988, .T. ) ;
#2538 = ORIENTED_EDGE ( 'NONE', *, *, #160, .T. ) ;
#2539 = CARTESIAN_POINT ( 'NONE',  ( 129.0000063330584510, -2.000032724790076433, 0.1316151023872885184 ) ) ;
#2540 = AXIS2_PLACEMENT_3D ( 'NONE', #6607, #747, #3667 ) ;
#2541 = DIRECTION ( 'NONE',  ( -0.0000000000000000000, -1.000000000000000000, 0.0000000000000000000 ) ) ;
#2542 = FACE_OUTER_BOUND ( 'NONE', #8333, .T. ) ;
#2543 = DIRECTION ( 'NONE',  ( 0.0000000000000000000, -1.000000000000000000, 0.0000000000000000000 ) ) ;
#2544 = CARTESIAN_POINT ( 'NONE',  ( 32.31420270619311452, -5.411033788296530034, -3.778336532183490082 ) ) ;
#2545 = CARTESIAN_POINT ( 'NONE',  ( 131.7555190365677049, -1.139947885066597166, -1.642411924839468629 ) ) ;
#2546 = VERTEX_POINT ( 'NONE', #5572 ) ;
#2547 = CARTESIAN_POINT ( 'NONE',  ( 131.8515731666861939, 1.437809545527848787, 1.390594985112609372 ) ) ;
#2548 = VERTEX_POINT ( 'NONE', #1201 ) ;
#2549 = DIRECTION ( 'NONE',  ( 0.0000000000000000000, 0.0000000000000000000, 1.000000000000000000 ) ) ;
#2550 = ADVANCED_FACE ( 'NONE', ( #8560 ), #8335, .F. ) ;
#2551 = FACE_OUTER_BOUND ( 'NONE', #8361, .T. ) ;
#2552 = CARTESIAN_POINT ( 'NONE',  ( 70.00000000000000000, 1.500000000000000888, 64.02475001521551690 ) ) ;
#2553 = VERTEX_POINT ( 'NONE', #6222 ) ;
#2554 = ORIENTED_EDGE ( 'NONE', *, *, #7612, .T. ) ;
#2555 = CARTESIAN_POINT ( 'NONE',  ( 49.32399612951925860, -4.000000000000000888, -8.500000000000000000 ) ) ;
#2556 = AXIS2_PLACEMENT_3D ( 'NONE', #4440, #2135, #6575 ) ;
#2557 = CARTESIAN_POINT ( 'NONE',  ( 133.1800486789156253, -2.217585968856980116, 2.921977289101658215 ) ) ;
#2558 = CARTESIAN_POINT ( 'NONE',  ( 29.63152617989832649, -9.735427445389468915, -4.687500000000003553 ) ) ;
#2559 = VECTOR ( 'NONE', #5140, 1000.000000000000000 ) ;
#2560 = CARTESIAN_POINT ( 'NONE',  ( 131.6615290238707416, -0.7381393881832510884, -1.857377749167946401 ) ) ;
#2561 = ADVANCED_FACE ( 'NONE', ( #3226 ), #630, .F. ) ;
#2562 = CARTESIAN_POINT ( 'NONE',  ( 110.2612494497851543, 5.111203300657599868, -9.353830845519787829 ) ) ;
#2563 = CARTESIAN_POINT ( 'NONE',  ( 18.00000000000000000, 4.000000000000000888, 34.00000000000000000 ) ) ;
#2564 = CARTESIAN_POINT ( 'NONE',  ( 20.95624907685347083, -6.290477504247155238, 23.05559135959189732 ) ) ;
#2565 = B_SPLINE_CURVE_WITH_KNOTS ( 'NONE', 3,
 ( #197, #1669, #6313, #5621, #2636, #8396 ),
 .UNSPECIFIED., .F., .F.,
 ( 4, 2, 4 ),
 ( 0.0000000000000000000, 0.001095063925557154426, 0.002190127851114308851 ),
 .UNSPECIFIED. ) ;
#2566 = AXIS2_PLACEMENT_3D ( 'NONE', #5460, #5396, #4631 ) ;
#2567 = FACE_OUTER_BOUND ( 'NONE', #5947, .T. ) ;
#2568 = ORIENTED_EDGE ( 'NONE', *, *, #7624, .T. ) ;
#2569 = CARTESIAN_POINT ( 'NONE',  ( 44.77527527801348839, 4.000000000000000888, 8.484554996652599712 ) ) ;
#2570 = VERTEX_POINT ( 'NONE', #6332 ) ;
#2571 = CARTESIAN_POINT ( 'NONE',  ( 103.9459117512936501, 2.302866463692765375, 5.257617858754506379 ) ) ;
#2572 = DIRECTION ( 'NONE',  ( 0.0000000000000000000, 0.0000000000000000000, -1.000000000000000000 ) ) ;
#2573 = CARTESIAN_POINT ( 'NONE',  ( 32.81134428587564855, -5.013792236381079626, -3.526350214565729946 ) ) ;
#2574 = CARTESIAN_POINT ( 'NONE',  ( 131.8636921991057136, -1.471775962145109640, -1.356552711880349316 ) ) ;
#2575 = EDGE_CURVE ( 'NONE', #6504, #4493, #5505, .T. ) ;
#2576 = CARTESIAN_POINT ( 'NONE',  ( 131.8758282080514732, 1.503365984691059865, 1.319235173753759538 ) ) ;
#2577 = VECTOR ( 'NONE', #1162, 1000.000000000000000 ) ;
#2578 = EDGE_LOOP ( 'NONE', ( #6148, #1827, #8482, #5827, #3190 ) ) ;
#2579 = CARTESIAN_POINT ( 'NONE',  ( 104.5228874831234407, 4.500000000000000888, 5.719177225785473162 ) ) ;
#2580 = DIRECTION ( 'NONE',  ( 8.673617379884027583E-16, 0.0000000000000000000, -1.000000000000000000 ) ) ;
#2581 = DIRECTION ( 'NONE',  ( 0.0000000000000000000, 0.0000000000000000000, 1.000000000000000000 ) ) ;
#2582 = CARTESIAN_POINT ( 'NONE',  ( 33.65801624843741280, -1.822915331551485218, -3.880533256166760037 ) ) ;
#2583 = FACE_OUTER_BOUND ( 'NONE', #3223, .T. ) ;
#2584 = CARTESIAN_POINT ( 'NONE',  ( 133.3629539149654590, -2.966517107864016456, 1.921967404289332437 ) ) ;
#2585 = VERTEX_POINT ( 'NONE', #3379 ) ;
#2586 = EDGE_CURVE ( 'NONE', #2596, #6864, #1427, .T. ) ;
#2587 = EDGE_CURVE ( 'NONE', #2989, #7727, #7784, .T. ) ;
#2588 = FILL_AREA_STYLE ('',( #6963 ) ) ;
#2589 = CARTESIAN_POINT ( 'NONE',  ( 133.2961395875250048, 2.716588985156466407, -2.337792388730821180 ) ) ;
#2590 = CARTESIAN_POINT ( 'NONE',  ( 10.03027150280467339, -7.000000000000002665, -30.37293985656784301 ) ) ;
#2591 = CARTESIAN_POINT ( 'NONE',  ( 113.3468963513340526, 4.000000000000000888, -11.74675324675325072 ) ) ;
#2592 = DIRECTION ( 'NONE',  ( -0.0000000000000000000, 1.000000000000000000, -0.0000000000000000000 ) ) ;
#2593 = FACE_OUTER_BOUND ( 'NONE', #7704, .T. ) ;
#2594 = CARTESIAN_POINT ( 'NONE',  ( 4.231738908487965344E-14, 2.500000000000000444, 5.116461197031689761E-29 ) ) ;
#2595 = ADVANCED_FACE ( 'NONE', ( #6676 ), #5733, .T. ) ;
#2596 = VERTEX_POINT ( 'NONE', #4176 ) ;
#2597 = AXIS2_PLACEMENT_3D ( 'NONE', #5902, #865, #3754 ) ;
#2598 = ORIENTED_EDGE ( 'NONE', *, *, #636, .F. ) ;
#2599 = CARTESIAN_POINT ( 'NONE',  ( 128.8734542735597017, -1.321528846410902736, -1.506812943176680131 ) ) ;
#2600 = TOROIDAL_SURFACE ( 'NONE', #9187, 35.00000000000000000, 2.000000000000000000 ) ;
#2601 = CARTESIAN_POINT ( 'NONE',  ( 104.5228874831234407, 3.407672712944834537, 5.719177225785472274 ) ) ;
#2602 = EDGE_CURVE ( 'NONE', #1038, #3633, #9129, .T. ) ;
#2603 = DIRECTION ( 'NONE',  ( 0.0000000000000000000, 1.000000000000000000, 0.0000000000000000000 ) ) ;
#2604 = ORIENTED_EDGE ( 'NONE', *, *, #836, .F. ) ;
#2605 = CARTESIAN_POINT ( 'NONE',  ( 120.0000000000000000, 12.50000000000000000, 0.0000000000000000000 ) ) ;
#2606 =( BOUNDED_CURVE ( )  B_SPLINE_CURVE ( 3, ( #5944, #7419, #7333, #803 ),
 .UNSPECIFIED., .F., .F. ) 
 B_SPLINE_CURVE_WITH_KNOTS ( ( 4, 4 ),
 ( 3.284940222495158046, 4.712388980384689674 ),
 .UNSPECIFIED. ) 
 CURVE ( )  GEOMETRIC_REPRESENTATION_ITEM ( )  RATIONAL_B_SPLINE_CURVE ( ( 1.000000000000000000, 0.8372859640123027081, 0.8372859640123027081, 1.000000000000000000 ) ) 
 REPRESENTATION_ITEM ( '' )  );
#2607 = DIRECTION ( 'NONE',  ( 0.0000000000000000000, -1.740523610644402991E-16, 1.000000000000000000 ) ) ;
#2608 = ADVANCED_FACE ( 'NONE', ( #281 ), #3816, .T. ) ;
#2609 = AXIS2_PLACEMENT_3D ( 'NONE', #7753, #8466, #2610 ) ;
#2610 = DIRECTION ( 'NONE',  ( 0.0000000000000000000, -0.0000000000000000000, 1.000000000000000000 ) ) ;
#2611 = FACE_OUTER_BOUND ( 'NONE', #243, .T. ) ;
#2612 = CARTESIAN_POINT ( 'NONE',  ( 43.94823512319425163, -1.500000000000000888, -6.663564996043986888 ) ) ;
#2613 = ORIENTED_EDGE ( 'NONE', *, *, #8060, .T. ) ;
#2614 = CARTESIAN_POINT ( 'NONE',  ( 133.1027067210266068, -1.813395692778574153, 3.251784730352222930 ) ) ;
#2615 = EDGE_CURVE ( 'NONE', #5932, #8282, #5962, .T. ) ;
#2616 = ORIENTED_EDGE ( 'NONE', *, *, #9082, .T. ) ;
#2617 = TOROIDAL_SURFACE ( 'NONE', #1960, 32.00000000000000000, 2.000000000000000000 ) ;
#2618 = VERTEX_POINT ( 'NONE', #1298 ) ;
#2619 = EDGE_LOOP ( 'NONE', ( #282, #1798, #6608, #7312, #3209 ) ) ;
#2620 = CARTESIAN_POINT ( 'NONE',  ( 132.0888841641598788, -1.999990340493191798, 0.03265475127652010118 ) ) ;
#2621 = DIRECTION ( 'NONE',  ( 0.0000000000000000000, 1.000000000000000000, -0.0000000000000000000 ) ) ;
#2622 = CARTESIAN_POINT ( 'NONE',  ( 0.0000000000000000000, -12.50000000000000000, 0.0000000000000000000 ) ) ;
#2623 = CARTESIAN_POINT ( 'NONE',  ( 21.90040975482129681, -5.263222833277333201, 21.97478806389190709 ) ) ;
#2624 = CARTESIAN_POINT ( 'NONE',  ( 32.14954798634511235, 5.006825467917474626, 4.809118231676782429 ) ) ;
#2625 = B_SPLINE_CURVE_WITH_KNOTS ( 'NONE', 3,
 ( #5681, #7931, #8618, #4264, #7239, #5652, #9415, #6535, #2040, #9354 ),
 .UNSPECIFIED., .F., .F.,
 ( 4, 2, 2, 2, 4 ),
 ( -1.872563714644561364E-05, 0.001075314956164549404, 0.002169355549475544473, 0.003263396142786539542, 0.004357436736097534610 ),
 .UNSPECIFIED. ) ;
#2626 = EDGE_LOOP ( 'NONE', ( #2409, #3073, #4964, #270, #1730, #5167, #3688, #7364, #3210, #7403, #3352, #1855, #5991, #3547 ) ) ;
#2627 = FACE_OUTER_BOUND ( 'NONE', #7761, .T. ) ;
#2628 = ORIENTED_EDGE ( 'NONE', *, *, #8345, .F. ) ;
#2629 = DIRECTION ( 'NONE',  ( 0.0000000000000000000, -1.000000000000000000, 0.0000000000000000000 ) ) ;
#2630 = EDGE_CURVE ( 'NONE', #1138, #1614, #5043, .T. ) ;
#2631 = DIRECTION ( 'NONE',  ( -0.0000000000000000000, 1.000000000000000000, -0.0000000000000000000 ) ) ;
#2632 = CARTESIAN_POINT ( 'NONE',  ( 21.29265927178764528, -6.850984917769593174, -23.86913984060295846 ) ) ;
#2633 = CARTESIAN_POINT ( 'NONE',  ( 13.62901839272119453, 4.033782048134933795, 35.00000000000000000 ) ) ;
#2634 = AXIS2_PLACEMENT_3D ( 'NONE', #3946, #9015, #261 ) ;
#2635 = ORIENTED_EDGE ( 'NONE', *, *, #849, .T. ) ;
#2636 = CARTESIAN_POINT ( 'NONE',  ( 13.26718395371943870, -5.028197609507558674, 34.16732851882471067 ) ) ;
#2637 = CARTESIAN_POINT ( 'NONE',  ( 132.9991011263889504, -1.054300543080344044, -3.643313586401125903 ) ) ;
#2638 = CARTESIAN_POINT ( 'NONE',  ( 104.2368963455915747, -1.893301742096239249, -4.877304686875976181 ) ) ;
#2639 = CIRCLE ( 'NONE', #664, 32.50000000000000000 ) ;
#2640 = DIRECTION ( 'NONE',  ( 0.0000000000000000000, 0.0000000000000000000, -1.000000000000000000 ) ) ;
#2641 = EDGE_LOOP ( 'NONE', ( #7098, #8528, #55, #6143 ) ) ;
#2642 = EDGE_CURVE ( 'NONE', #847, #8091, #60, .T. ) ;
#2643 = CYLINDRICAL_SURFACE ( 'NONE', #8694, 3.000000000000002665 ) ;
#2644 = EDGE_CURVE ( 'NONE', #8213, #7798, #1653, .T. ) ;
#2645 = CARTESIAN_POINT ( 'NONE',  ( 38.00000000000000000, 3.500000000000001332, -5.000000000000000000 ) ) ;
#2646 = EDGE_CURVE ( 'NONE', #8190, #2968, #8255, .T. ) ;
#2647 = ORIENTED_EDGE ( 'NONE', *, *, #8457, .F. ) ;
#2648 = CARTESIAN_POINT ( 'NONE',  ( 33.39793852417358266, -2.075552952848554344, -3.590246367699325258 ) ) ;
#2649 = DIRECTION ( 'NONE',  ( -0.0000000000000000000, 1.000000000000000000, -0.0000000000000000000 ) ) ;
#2650 = CARTESIAN_POINT ( 'NONE',  ( 133.1361315892054336, -1.998579162459899194, 3.114011695037629757 ) ) ;
#2651 = CIRCLE ( 'NONE', #5839, 11.00000000000000000 ) ;
#2652 = DIRECTION ( 'NONE',  ( 0.9104950003043094098, -3.517585596609895932E-15, 0.4135200774096174370 ) ) ;
#2653 = VECTOR ( 'NONE', #2365, 1000.000000000000000 ) ;
#2654 = CARTESIAN_POINT ( 'NONE',  ( 32.16665785485058393, 5.020513362778427080, -4.714285714285716189 ) ) ;
#2655 = DIRECTION ( 'NONE',  ( 0.0000000000000000000, 0.0000000000000000000, 1.000000000000000000 ) ) ;
#2656 = ORIENTED_EDGE ( 'NONE', *, *, #7195, .F. ) ;
#2657 = CARTESIAN_POINT ( 'NONE',  ( 131.8023812187995816, -1.294628016489729250, 1.524516941506321333 ) ) ;
#2658 = ORIENTED_EDGE ( 'NONE', *, *, #6384, .F. ) ;
#2659 = ADVANCED_FACE ( 'NONE', ( #7889, #3340 ), #5855, .F. ) ;
#2660 = CARTESIAN_POINT ( 'NONE',  ( 17.99999999999996447, 5.000000000000000888, 28.00000000000002132 ) ) ;
#2661 = ORIENTED_EDGE ( 'NONE', *, *, #8609, .F. ) ;
#2662 = DIRECTION ( 'NONE',  ( 0.0000000000000000000, 1.000000000000000000, -1.740523610644402991E-16 ) ) ;
#2663 = CARTESIAN_POINT ( 'NONE',  ( 22.14648506759960256, 5.188057535505754103, 21.91033178175677776 ) ) ;
#2664 = CIRCLE ( 'NONE', #8253, 35.00000000000000000 ) ;
#2665 = EDGE_CURVE ( 'NONE', #9001, #5792, #3918, .T. ) ;
#2666 = EDGE_LOOP ( 'NONE', ( #6998, #5446 ) ) ;
#2667 = VERTEX_POINT ( 'NONE', #2889 ) ;
#2668 = AXIS2_PLACEMENT_3D ( 'NONE', #5518, #2621, #7708 ) ;
#2669 = CARTESIAN_POINT ( 'NONE',  ( 38.00000000000000000, -1.500000000000000888, 0.0000000000000000000 ) ) ;
#2670 = CARTESIAN_POINT ( 'NONE',  ( 101.0263340389897166, 3.500000000000000888, 33.50000000000000000 ) ) ;
#2671 = CARTESIAN_POINT ( 'NONE',  ( 32.84669928443689457, -6.107988162795514597, 3.204835055415452327 ) ) ;
#2672 = TOROIDAL_SURFACE ( 'NONE', #6341, 11.00000000000000000, 1.000000000000000000 ) ;
#2673 = ORIENTED_EDGE ( 'NONE', *, *, #9194, .T. ) ;
#2674 = EDGE_CURVE ( 'NONE', #2849, #5034, #8439, .T. ) ;
#2675 = DIRECTION ( 'NONE',  ( 0.0000000000000000000, 0.0000000000000000000, -1.000000000000000000 ) ) ;
#2676 = CARTESIAN_POINT ( 'NONE',  ( 27.39135079545456009, 4.631164976019223722, 21.47596420841906806 ) ) ;
#2677 = CARTESIAN_POINT ( 'NONE',  ( 131.7205530991858495, 1.009685283296130942, -1.724943222690104472 ) ) ;
#2678 = AXIS2_PLACEMENT_3D ( 'NONE', #5874, #7297, #8695 ) ;
#2679 = CARTESIAN_POINT ( 'NONE',  ( 132.9837932322412826, 0.8956588880029362487, 3.697644689817328523 ) ) ;
#2680 = CARTESIAN_POINT ( 'NONE',  ( 32.87972169840846703, -3.193148808162468377, 3.017918715379247274 ) ) ;
#2681 = CARTESIAN_POINT ( 'NONE',  ( 35.48647515897103233, -0.1103590615697021965, 11.31975401817861915 ) ) ;
#2682 = CARTESIAN_POINT ( 'NONE',  ( 131.8265702926199765, -1.367119838968639867, 1.460103280113199897 ) ) ;
#2683 = DIRECTION ( 'NONE',  ( -0.4135200774096139953, 0.0000000000000000000, -0.9104950003043107420 ) ) ;
#2684 = LINE ( 'NONE', #6160, #4165 ) ;
#2685 = CARTESIAN_POINT ( 'NONE',  ( 8.116411109992025530, -7.000000000000001776, 30.95357605663032174 ) ) ;
#2686 = CARTESIAN_POINT ( 'NONE',  ( 21.50146647703950720, 7.000000000000001776, -24.12701665379256610 ) ) ;
#2687 = B_SPLINE_CURVE_WITH_KNOTS ( 'NONE', 3,
 ( #1566, #7619, #3023, #5907, #6701, #3966, #840, #3260, #5417, #6673, #9005, #2293, #1758, #7390, #4477, #4654, #133, #6130, #870, #5943 ),
 .UNSPECIFIED., .F., .F.,
 ( 4, 2, 2, 2, 2, 2, 2, 2, 2, 4 ),
 ( 4.336808689942017736E-19, 0.0002695084133236192630, 0.0005390168266472380922, 0.001078033653294476401, 0.002156067306588958874, 0.004312134613177927289, 0.006468201919766903077, 0.007546235573061384899, 0.008085252399708624943, 0.008624269226355864987 ),
 .UNSPECIFIED. ) ;
#2688 = ADVANCED_FACE ( 'NONE', ( #2220 ), #6324, .F. ) ;
#2689 = AXIS2_PLACEMENT_3D ( 'NONE', #3624, #3558, #2821 ) ;
#2690 = CIRCLE ( 'NONE', #3984, 1.000000000000000888 ) ;
#2691 = CIRCLE ( 'NONE', #6729, 32.00000000000000000 ) ;
#2692 = CARTESIAN_POINT ( 'NONE',  ( 0.0000000000000000000, 7.000000000000000888, 0.0000000000000000000 ) ) ;
#2693 = CARTESIAN_POINT ( 'NONE',  ( 32.22862192517353463, -5.102237331054380043, 4.355173622471213868 ) ) ;
#2694 = CARTESIAN_POINT ( 'NONE',  ( 11.05821137337277094, 5.000000000000002665, 34.04764431590728435 ) ) ;
#2695 = EDGE_CURVE ( 'NONE', #3794, #2875, #6068, .T. ) ;
#2696 = ADVANCED_FACE ( 'NONE', ( #4685 ), #7778, .T. ) ;
#2697 = EDGE_CURVE ( 'NONE', #3633, #6475, #5861, .T. ) ;
#2698 = CIRCLE ( 'NONE', #8845, 9.000000000000008882 ) ;
#2699 = CARTESIAN_POINT ( 'NONE',  ( 101.0263340389897166, 4.500000000000000888, 33.50000000000000000 ) ) ;
#2700 = ORIENTED_EDGE ( 'NONE', *, *, #3124, .F. ) ;
#2701 = CARTESIAN_POINT ( 'NONE',  ( 0.0000000000000000000, -5.000000000000000888, -34.00000000000000000 ) ) ;
#2702 = CARTESIAN_POINT ( 'NONE',  ( 8.116411109992025530, -12.50000000000000000, 30.95357605663032174 ) ) ;
#2703 = ORIENTED_EDGE ( 'NONE', *, *, #6744, .T. ) ;
#2704 = AXIS2_PLACEMENT_3D ( 'NONE', #2136, #8661, #73 ) ;
#2705 = CARTESIAN_POINT ( 'NONE',  ( 131.6256190661455321, 0.5101650151255832100, -1.933087087231228463 ) ) ;
#2706 = EDGE_LOOP ( 'NONE', ( #3321, #2254, #7858, #553, #6387 ) ) ;
#2707 = CARTESIAN_POINT ( 'NONE',  ( 133.4492678501871978, 3.264386711501069183, 1.170822822388816409 ) ) ;
#2708 = DIRECTION ( 'NONE',  ( -1.209068259567990442E-15, 0.0000000000000000000, 1.000000000000000000 ) ) ;
#2709 = TOROIDAL_SURFACE ( 'NONE', #1124, 18.50000000000000355, 2.000000000000000000 ) ;
#2710 = ORIENTED_EDGE ( 'NONE', *, *, #6205, .F. ) ;
#2711 = EDGE_CURVE ( 'NONE', #3093, #5758, #852, .T. ) ;
#2712 = CARTESIAN_POINT ( 'NONE',  ( 31.60696125855821847, -7.000000000000002665, 3.000000000000000888 ) ) ;
#2713 = DIRECTION ( 'NONE',  ( 1.356728424568866558E-16, 0.0000000000000000000, -1.000000000000000000 ) ) ;
#2714 = DIRECTION ( 'NONE',  ( -0.0000000000000000000, -1.000000000000000000, -0.0000000000000000000 ) ) ;
#2715 = CARTESIAN_POINT ( 'NONE',  ( 132.0387587078094498, -1.893254222355633898, -0.6431162406006618593 ) ) ;
#2716 = CARTESIAN_POINT ( 'NONE',  ( 28.82389875153780068, 2.472638989684662114, 20.38362977430353240 ) ) ;
#2717 = CARTESIAN_POINT ( 'NONE',  ( 120.0000000000000000, 1.500000000000000888, 0.0000000000000000000 ) ) ;
#2718 = AXIS2_PLACEMENT_3D ( 'NONE', #2182, #4393, #17 ) ;
#2719 = VECTOR ( 'NONE', #3960, 1000.000000000000000 ) ;
#2720 = ORIENTED_EDGE ( 'NONE', *, *, #5012, .F. ) ;
#2721 = CARTESIAN_POINT ( 'NONE',  ( 33.51155044608488254, 5.588167868383382419, 3.332394682422162635 ) ) ;
#2722 = DIRECTION ( 'NONE',  ( 1.209068259567987878E-15, 0.0000000000000000000, -1.000000000000000000 ) ) ;
#2723 = DIRECTION ( 'NONE',  ( 0.0000000000000000000, -1.000000000000000000, 0.0000000000000000000 ) ) ;
#2724 = DIRECTION ( 'NONE',  ( -1.000000000000000000, 0.0000000000000000000, 0.0000000000000000000 ) ) ;
#2725 = CARTESIAN_POINT ( 'NONE',  ( 32.40369491135558633, -7.018864859191065619, 3.000088972707111168 ) ) ;
#2726 = CARTESIAN_POINT ( 'NONE',  ( 32.40393344692186872, -6.756662888105663178, -2.997615661046420854 ) ) ;
#2727 = ORIENTED_EDGE ( 'NONE', *, *, #8653, .F. ) ;
#2728 = AXIS2_PLACEMENT_3D ( 'NONE', #8612, #2756, #1402 ) ;
#2729 = CARTESIAN_POINT ( 'NONE',  ( 34.82970856235474599, 1.240004962947349298, 11.75542672642667874 ) ) ;
#2730 = CARTESIAN_POINT ( 'NONE',  ( 25.00000000000002842, 0.0000000000000000000, -23.49999999999996803 ) ) ;
#2731 = ADVANCED_FACE ( 'NONE', ( #3006 ), #6555, .F. ) ;
#2732 = ORIENTED_EDGE ( 'NONE', *, *, #8468, .F. ) ;
#2733 = VERTEX_POINT ( 'NONE', #5094 ) ;
#2734 = CARTESIAN_POINT ( 'NONE',  ( 28.51304367304962994, 1.500000000000000888, 16.61343855132842151 ) ) ;
#2735 = CARTESIAN_POINT ( 'NONE',  ( 120.0000000000000000, 12.50000000000000000, 13.50000000000000178 ) ) ;
#2736 = CIRCLE ( 'NONE', #1780, 2.000000000000001776 ) ;
#2737 = ORIENTED_EDGE ( 'NONE', *, *, #3304, .F. ) ;
#2738 = CARTESIAN_POINT ( 'NONE',  ( 131.9124280926504298, 1.597768306013107820, 1.202151602057946578 ) ) ;
#2739 = CARTESIAN_POINT ( 'NONE',  ( 15.08460647348984907, -4.000000000000000888, 34.00000000000000000 ) ) ;
#2740 = CARTESIAN_POINT ( 'NONE',  ( 132.9602412570085335, 0.5634421872892544370, 3.779263319832910639 ) ) ;
#2741 = ORIENTED_EDGE ( 'NONE', *, *, #1865, .T. ) ;
#2742 = EDGE_CURVE ( 'NONE', #4131, #4620, #4253, .T. ) ;
#2743 = ORIENTED_EDGE ( 'NONE', *, *, #3882, .T. ) ;
#2744 = DIRECTION ( 'NONE',  ( 2.131628207280300873E-14, 0.0000000000000000000, 1.000000000000000000 ) ) ;
#2745 = AXIS2_PLACEMENT_3D ( 'NONE', #4515, #2336, #112 ) ;
#2746 = CARTESIAN_POINT ( 'NONE',  ( 131.6445458334787588, -0.6422790502288555636, 1.893679775926031317 ) ) ;
#2747 = CARTESIAN_POINT ( 'NONE',  ( 33.31710298886746813, -2.169906983764177344, 3.500397898693988097 ) ) ;
#2748 = CARTESIAN_POINT ( 'NONE',  ( 49.32399612951925860, -5.000000000000000888, -7.500000000000000888 ) ) ;
#2749 = CARTESIAN_POINT ( 'NONE',  ( 34.64101615137754919, 1.500000000000000888, -5.000000000000000888 ) ) ;
#2750 = ORIENTED_EDGE ( 'NONE', *, *, #3153, .T. ) ;
#2751 = FACE_OUTER_BOUND ( 'NONE', #7939, .T. ) ;
#2752 = ORIENTED_EDGE ( 'NONE', *, *, #9080, .F. ) ;
#2753 = EDGE_LOOP ( 'NONE', ( #6197, #8795, #5927, #7 ) ) ;
#2754 = EDGE_CURVE ( 'NONE', #8850, #7536, #182, .T. ) ;
#2755 = CARTESIAN_POINT ( 'NONE',  ( 32.65163208096986835, 5.010615929592320938, 4.782857142857146471 ) ) ;
#2756 = DIRECTION ( 'NONE',  ( 0.0000000000000000000, -1.000000000000000000, 0.0000000000000000000 ) ) ;
#2757 = CARTESIAN_POINT ( 'NONE',  ( 15.40106209202366827, 7.000000000000000888, -33.83211257539630878 ) ) ;
#2758 = CARTESIAN_POINT ( 'NONE',  ( 49.32399612951925860, 5.000000000000000000, 18.50000000000000355 ) ) ;
#2759 = TOROIDAL_SURFACE ( 'NONE', #6781, 5.000000000000000888, 2.000000000000000000 ) ;
#2760 = DIRECTION ( 'NONE',  ( 0.0000000000000000000, -1.000000000000000000, 0.0000000000000000000 ) ) ;
#2761 = CYLINDRICAL_SURFACE ( 'NONE', #4792, 4.500000000000003553 ) ;
#2762 = VERTEX_POINT ( 'NONE', #826 ) ;
#2763 = ORIENTED_EDGE ( 'NONE', *, *, #6490, .F. ) ;
#2764 = CARTESIAN_POINT ( 'NONE',  ( 28.51304367304957665, 3.500000000000000888, -16.61343855132847835 ) ) ;
#2765 = CARTESIAN_POINT ( 'NONE',  ( 26.01968164206193279, 5.000000000000000888, 21.75500200160164255 ) ) ;
#2766 = EDGE_CURVE ( 'NONE', #8879, #2439, #8325, .T. ) ;
#2767 = EDGE_CURVE ( 'NONE', #1047, #7347, #1538, .T. ) ;
#2768 = CARTESIAN_POINT ( 'NONE',  ( 32.38296294815026499, -6.108081673432399938, -3.205116457407595654 ) ) ;
#2769 = ORIENTED_EDGE ( 'NONE', *, *, #6588, .T. ) ;
#2770 = ORIENTED_EDGE ( 'NONE', *, *, #2587, .F. ) ;
#2771 = CARTESIAN_POINT ( 'NONE',  ( 132.0057374979111273, 1.819994821835105858, -0.8256844346013444413 ) ) ;
#2772 = CARTESIAN_POINT ( 'NONE',  ( 132.9526168407927571, -0.3902868700315916817, 3.805227987264290235 ) ) ;
#2773 = VERTEX_POINT ( 'NONE', #5310 ) ;
#2774 = AXIS2_PLACEMENT_3D ( 'NONE', #3696, #2255, #7323 ) ;
#2775 =( BOUNDED_SURFACE ( )  B_SPLINE_SURFACE ( 3, 2, ( 
 ( #6683, #1483, #1609 ),
 ( #3740, #8742, #8804 ),
 ( #2303, #6710, #4454 ),
 ( #111, #5174, #6587 ),
 ( #3776, #1577, #3032 ),
 ( #7481, #6827, #3147 ),
 ( #8193, #4513, #1676 ),
 ( #1733, #8946, #7542 ),
 ( #3173, #6799, #7513 ),
 ( #2450, #8250, #5237 ) ),
 .UNSPECIFIED., .F., .F., .F. ) 
 B_SPLINE_SURFACE_WITH_KNOTS ( ( 4, 2, 2, 2, 4 ),
 ( 3, 3 ),
 ( 0.0000000000000000000, 0.001091976997524665878, 0.002183953995049331756, 0.003275930992573997634, 0.004367907990098663512 ),
 ( 0.0000000000000000000, 1.000000000000000000 ),
 .UNSPECIFIED. ) 
 GEOMETRIC_REPRESENTATION_ITEM ( )  RATIONAL_B_SPLINE_SURFACE ( (
 ( 1.000000000000000000, 0.7071067811865475727, 1.000000000000000000),
 ( 1.000000000000000000, 0.7239670719750451733, 1.000000000000000000),
 ( 1.000000000000000000, 0.7383993387816900622, 1.000000000000000000),
 ( 1.000000000000000000, 0.7584627377511610202, 1.000000000000000000),
 ( 1.000000000000000000, 0.7639792270817010733, 1.000000000000000000),
 ( 1.000000000000000000, 0.7639792270817010733, 1.000000000000000000),
 ( 1.000000000000000000, 0.7584627377511610202, 1.000000000000000000),
 ( 1.000000000000000000, 0.7383993387816900622, 1.000000000000000000),
 ( 1.000000000000000000, 0.7239670719750448402, 1.000000000000000000),
 ( 1.000000000000000000, 0.7071067811865475727, 1.000000000000000000) ) ) 
 REPRESENTATION_ITEM ( '' )  SURFACE ( )  );
#2776 = CARTESIAN_POINT ( 'NONE',  ( 0.0000000000000000000, 7.000000000000000888, 0.0000000000000000000 ) ) ;
#2777 = CIRCLE ( 'NONE', #3945, 9.000000000000008882 ) ;
#2778 = CARTESIAN_POINT ( 'NONE',  ( 131.8758282080514732, 1.503365984691059865, 1.319235173753759538 ) ) ;
#2779 = CARTESIAN_POINT ( 'NONE',  ( 15.08460647348984907, -4.000000000000000888, 35.00000000000000000 ) ) ;
#2780 = ORIENTED_EDGE ( 'NONE', *, *, #5832, .T. ) ;
#2781 = CARTESIAN_POINT ( 'NONE',  ( 8.116411109992025530, 23.43849360530937176, -30.95357605663032174 ) ) ;
#2782 = DIRECTION ( 'NONE',  ( 1.000000000000000000, -0.0000000000000000000, 1.209068259567990048E-15 ) ) ;
#2783 = ADVANCED_FACE ( 'NONE', ( #4579 ), #4471, .F. ) ;
#2784 = EDGE_CURVE ( 'NONE', #364, #2996, #3457, .T. ) ;
#2785 = EDGE_CURVE ( 'NONE', #5146, #688, #381, .T. ) ;
#2786 = CYLINDRICAL_SURFACE ( 'NONE', #604, 1.000000000000000888 ) ;
#2787 = ORIENTED_EDGE ( 'NONE', *, *, #7553, .T. ) ;
#2788 = AXIS2_PLACEMENT_3D ( 'NONE', #9302, #628, #7824 ) ;
#2789 = CARTESIAN_POINT ( 'NONE',  ( 104.5228874831234407, 4.642239219685780682, -5.719177225785477603 ) ) ;
#2790 = CARTESIAN_POINT ( 'NONE',  ( -9.226835287969437737E-17, -1.500000000000000888, 5.500000000000000000 ) ) ;
#2791 = CARTESIAN_POINT ( 'NONE',  ( 32.66767042921463826, -4.523509067050758503, 4.675698576403013007 ) ) ;
#2792 = CARTESIAN_POINT ( 'NONE',  ( 32.86684676558336804, -6.752331635636146245, 2.997530639713938072 ) ) ;
#2793 = CARTESIAN_POINT ( 'NONE',  ( 23.01721694194866430, 5.020205316615392377, -21.77108725834620984 ) ) ;
#2794 = CARTESIAN_POINT ( 'NONE',  ( 120.0000000000000000, 12.50000000000000000, 0.0000000000000000000 ) ) ;
#2795 = VECTOR ( 'NONE', #2349, 1000.000000000000000 ) ;
#2796 = EDGE_CURVE ( 'NONE', #6375, #7081, #8218, .T. ) ;
#2797 = CARTESIAN_POINT ( 'NONE',  ( 28.31791529886293901, -4.718342709485587427, 16.84949945228812140 ) ) ;
#2798 = CARTESIAN_POINT ( 'NONE',  ( 0.0000000000000000000, 7.500000000000000888, 0.0000000000000000000 ) ) ;
#2799 = CARTESIAN_POINT ( 'NONE',  ( 33.71942514095930932, 5.848011236977486149, -3.209114664620975166 ) ) ;
#2800 = DIRECTION ( 'NONE',  ( 0.7298879480086465366, 0.0000000000000000000, 0.6835668097206939464 ) ) ;
#2801 = CARTESIAN_POINT ( 'NONE',  ( 131.9419665548885234, 1.670701428126307508, 1.097713061508418297 ) ) ;
#2802 = AXIS2_PLACEMENT_3D ( 'NONE', #7814, #7791, #4168 ) ;
#2803 = CARTESIAN_POINT ( 'NONE',  ( 133.3637867295676358, 2.970149654553862817, 1.916121246212935114 ) ) ;
#2804 = ORIENTED_EDGE ( 'NONE', *, *, #5993, .T. ) ;
#2805 = VECTOR ( 'NONE', #8186, 1000.000000000000000 ) ;
#2806 = CARTESIAN_POINT ( 'NONE',  ( 18.00000000000003908, 5.000000000000000888, -32.33161507461903028 ) ) ;
#2807 = CARTESIAN_POINT ( 'NONE',  ( 101.0263340389897166, 5.000000000000000888, 7.500000000000000888 ) ) ;
#2808 = CARTESIAN_POINT ( 'NONE',  ( 132.0230561352627490, 1.858695978253013692, 0.7347697102305262851 ) ) ;
#2809 = CARTESIAN_POINT ( 'NONE',  ( 49.32399612951925860, 4.500000000000000888, 6.000000000000000888 ) ) ;
#2810 = DIRECTION ( 'NONE',  ( 0.0000000000000000000, 0.0000000000000000000, 1.000000000000000000 ) ) ;
#2811 = ORIENTED_EDGE ( 'NONE', *, *, #330, .F. ) ;
#2812 = AXIS2_PLACEMENT_3D ( 'NONE', #32, #833, #5904 ) ;
#2813 = CARTESIAN_POINT ( 'NONE',  ( 37.26975840846091614, 1.501544795231027241, 13.73777324300669278 ) ) ;
#2814 = CIRCLE ( 'NONE', #5005, 1.000000000000000888 ) ;
#2815 = CARTESIAN_POINT ( 'NONE',  ( 132.9477176591594514, -0.2280155246950595072, -3.821860657004505946 ) ) ;
#2816 = CARTESIAN_POINT ( 'NONE',  ( 32.72119115216472807, -4.616495536005955636, 4.285148542659575455 ) ) ;
#2817 = CARTESIAN_POINT ( 'NONE',  ( 132.0729303830285062, -1.787352719978806403, -1.040825921583686586 ) ) ;
#2818 = ORIENTED_EDGE ( 'NONE', *, *, #4984, .F. ) ;
#2819 = VERTEX_POINT ( 'NONE', #6749 ) ;
#2820 = CARTESIAN_POINT ( 'NONE',  ( 10.71751771055746616, 4.000000000000002665, -35.00000000000000000 ) ) ;
#2821 = DIRECTION ( 'NONE',  ( 0.0000000000000000000, 0.0000000000000000000, 1.000000000000000000 ) ) ;
#2822 = EDGE_CURVE ( 'NONE', #6762, #9200, #8008, .T. ) ;
#2823 = CARTESIAN_POINT ( 'NONE',  ( 131.5942651585302485, 0.1278043764763004131, -1.995977965420440148 ) ) ;
#2824 = CARTESIAN_POINT ( 'NONE',  ( 131.8752116274629884, -1.501179813793146689, 1.321633893474448485 ) ) ;
#2825 = CARTESIAN_POINT ( 'NONE',  ( 34.31895792833974923, 1.466246474755105611, 12.10262500210911263 ) ) ;
#2826 = CARTESIAN_POINT ( 'NONE',  ( 120.0000000000000000, -12.50000000000000000, 0.0000000000000000000 ) ) ;
#2827 = ADVANCED_FACE ( 'NONE', ( #2321 ), #1684, .F. ) ;
#2828 = CIRCLE ( 'NONE', #5306, 2.000000000000000000 ) ;
#2829 = DIRECTION ( 'NONE',  ( 0.0000000000000000000, 0.0000000000000000000, 1.000000000000000000 ) ) ;
#2830 = CARTESIAN_POINT ( 'NONE',  ( 21.50146647703954272, 7.000000000000003553, 24.12701665379261584 ) ) ;
#2831 = DIRECTION ( 'NONE',  ( 0.0000000000000000000, 0.0000000000000000000, 1.000000000000000000 ) ) ;
#2832 = ORIENTED_EDGE ( 'NONE', *, *, #7859, .F. ) ;
#2833 = AXIS2_PLACEMENT_3D ( 'NONE', #4883, #551, #7118 ) ;
#2834 = ORIENTED_EDGE ( 'NONE', *, *, #2796, .F. ) ;
#2835 = CARTESIAN_POINT ( 'NONE',  ( 132.0566549377856802, 1.932153755693425623, -0.5161107633330439537 ) ) ;
#2836 = CARTESIAN_POINT ( 'NONE',  ( 131.7192273179570350, -1.005300632680385498, -1.728782599491410332 ) ) ;
#2837 = DIRECTION ( 'NONE',  ( -1.000000000000000000, -0.0000000000000000000, -1.209068259567990245E-15 ) ) ;
#2838 = FACE_OUTER_BOUND ( 'NONE', #3505, .T. ) ;
#2839 = CARTESIAN_POINT ( 'NONE',  ( 49.32399612951925860, 4.500000000000000888, 5.500000000000000888 ) ) ;
#2840 = CARTESIAN_POINT ( 'NONE',  ( -3.869018430617568153E-14, 7.000000000000000888, -32.00000000000000000 ) ) ;
#2841 = ORIENTED_EDGE ( 'NONE', *, *, #1799, .T. ) ;
#2842 = CARTESIAN_POINT ( 'NONE',  ( 132.0056893585859825, 1.819807749658981955, 0.8264126179557956808 ) ) ;
#2843 = DIRECTION ( 'NONE',  ( -0.0000000000000000000, 1.000000000000000000, 1.740523610644402991E-16 ) ) ;
#2844 = CARTESIAN_POINT ( 'NONE',  ( 1.209068259567987287E-15, -5.000000000000000888, 34.00000000000000000 ) ) ;
#2845 = DIRECTION ( 'NONE',  ( 0.0000000000000000000, 0.0000000000000000000, -1.000000000000000000 ) ) ;
#2846 = AXIS2_PLACEMENT_3D ( 'NONE', #4583, #242, #4608 ) ;
#2847 = EDGE_LOOP ( 'NONE', ( #8600, #4460, #6283, #4356 ) ) ;
#2848 = FACE_OUTER_BOUND ( 'NONE', #9011, .T. ) ;
#2849 = VERTEX_POINT ( 'NONE', #1659 ) ;
#2850 = CARTESIAN_POINT ( 'NONE',  ( 0.0000000000000000000, 7.000000000000000888, 0.0000000000000000000 ) ) ;
#2851 = VERTEX_POINT ( 'NONE', #3868 ) ;
#2852 = DIRECTION ( 'NONE',  ( 0.0000000000000000000, 1.000000000000000000, -0.0000000000000000000 ) ) ;
#2853 = DIRECTION ( 'NONE',  ( 0.8660254037844379305, 8.702618053222038374E-17, -0.5000000000000013323 ) ) ;
#2854 = CARTESIAN_POINT ( 'NONE',  ( 131.9943936731314977, -1.042016290774691933, -1.786659003396068091 ) ) ;
#2855 = DIRECTION ( 'NONE',  ( 0.0000000000000000000, 0.0000000000000000000, -1.000000000000000000 ) ) ;
#2856 = VERTEX_POINT ( 'NONE', #5183 ) ;
#2857 = DIRECTION ( 'NONE',  ( 0.0000000000000000000, 0.0000000000000000000, 1.000000000000000000 ) ) ;
#2858 = VECTOR ( 'NONE', #3283, 1000.000000000000000 ) ;
#2859 = ORIENTED_EDGE ( 'NONE', *, *, #266, .F. ) ;
#2860 = CARTESIAN_POINT ( 'NONE',  ( 49.32399612951925860, 1.500000000000000888, 3.500000000000000444 ) ) ;
#2861 = CARTESIAN_POINT ( 'NONE',  ( 12.90106209202365761, 5.028197609507557786, 34.16732851882471067 ) ) ;
#2862 = ORIENTED_EDGE ( 'NONE', *, *, #2514, .T. ) ;
#2863 = CARTESIAN_POINT ( 'NONE',  ( 70.00000000000000000, 3.500000000000000888, -64.02475001521551690 ) ) ;
#2864 = ORIENTED_EDGE ( 'NONE', *, *, #8036, .F. ) ;
#2865 = ORIENTED_EDGE ( 'NONE', *, *, #5799, .T. ) ;
#2866 = CARTESIAN_POINT ( 'NONE',  ( 131.9530715677746855, 1.697944519245728090, -1.057202265088015070 ) ) ;
#2867 = DIRECTION ( 'NONE',  ( -0.0000000000000000000, 1.000000000000000000, -0.0000000000000000000 ) ) ;
#2868 = VECTOR ( 'NONE', #1594, 1000.000000000000000 ) ;
#2869 = ORIENTED_EDGE ( 'NONE', *, *, #774, .F. ) ;
#2870 = VECTOR ( 'NONE', #8889, 1000.000000000000000 ) ;
#2871 = DIRECTION ( 'NONE',  ( 0.0000000000000000000, 0.0000000000000000000, -1.000000000000000000 ) ) ;
#2872 = AXIS2_PLACEMENT_3D ( 'NONE', #4944, #1375, #6468 ) ;
#2873 = CARTESIAN_POINT ( 'NONE',  ( 132.0872272282078654, 1.996573956336041400, -0.1321832443997639772 ) ) ;
#2874 = ORIENTED_EDGE ( 'NONE', *, *, #6803, .T. ) ;
#2875 = VERTEX_POINT ( 'NONE', #2375 ) ;
#2876 = CARTESIAN_POINT ( 'NONE',  ( 133.0425454904477078, 1.423103438136106735, 3.484902711092411565 ) ) ;
#2877 = CARTESIAN_POINT ( 'NONE',  ( 28.50527862673707347, 4.548327704529224746, 16.62285215970689478 ) ) ;
#2878 = ADVANCED_FACE ( 'NONE', ( #1759 ), #8094, .F. ) ;
#2879 = FACE_OUTER_BOUND ( 'NONE', #4691, .T. ) ;
#2880 = ORIENTED_EDGE ( 'NONE', *, *, #1217, .T. ) ;
#2881 = FACE_OUTER_BOUND ( 'NONE', #2641, .T. ) ;
#2882 = EDGE_CURVE ( 'NONE', #4904, #3335, #1651, .T. ) ;
#2883 = ORIENTED_EDGE ( 'NONE', *, *, #2697, .T. ) ;
#2884 = ORIENTED_EDGE ( 'NONE', *, *, #6505, .T. ) ;
#2885 = EDGE_CURVE ( 'NONE', #4426, #3780, #4365, .T. ) ;
#2886 = EDGE_LOOP ( 'NONE', ( #2720, #251, #4128, #6826, #9085 ) ) ;
#2887 = CARTESIAN_POINT ( 'NONE',  ( 35.94555126984154469, 0.4421112937863162506, 14.62528779870118889 ) ) ;
#2888 = CARTESIAN_POINT ( 'NONE',  ( 133.3139362189732537, -2.785414335191531698, 2.236089109155875221 ) ) ;
#2889 = CARTESIAN_POINT ( 'NONE',  ( 38.00000000000000000, -3.499999999999999556, -3.000000000000000000 ) ) ;
#2890 = PLANE ( 'NONE',  #8156 ) ;
#2891 = CARTESIAN_POINT ( 'NONE',  ( 10.71751771055746794, 5.000000000000002665, 35.00000000000000000 ) ) ;
#2892 = CARTESIAN_POINT ( 'NONE',  ( 110.3841435819693118, 5.654897716626477333, 9.478621523587767328 ) ) ;
#2893 = FACE_OUTER_BOUND ( 'NONE', #6233, .T. ) ;
#2894 = AXIS2_PLACEMENT_3D ( 'NONE', #2479, #4568, #3202 ) ;
#2895 = ORIENTED_EDGE ( 'NONE', *, *, #5116, .F. ) ;
#2896 = CARTESIAN_POINT ( 'NONE',  ( 101.0263340389897166, -3.500000000000000888, 3.500000000000001332 ) ) ;
#2897 = ORIENTED_EDGE ( 'NONE', *, *, #8835, .F. ) ;
#2898 = CARTESIAN_POINT ( 'NONE',  ( 21.32660404501843487, 12.50000000000000000, 21.09919334730603779 ) ) ;
#2899 = DIRECTION ( 'NONE',  ( 0.0000000000000000000, -0.0000000000000000000, 1.000000000000000000 ) ) ;
#2900 = CARTESIAN_POINT ( 'NONE',  ( 131.8384229106385135, -1.400976962925566172, 1.427355236633448543 ) ) ;
#2901 = EDGE_CURVE ( 'NONE', #8893, #2077, #8196, .T. ) ;
#2902 = CIRCLE ( 'NONE', #3577, 9.000000000000008882 ) ;
#2903 = CARTESIAN_POINT ( 'NONE',  ( 131.7174426345588358, 0.9979593391652272771, 1.732895528713756850 ) ) ;
#2904 = CARTESIAN_POINT ( 'NONE',  ( 34.64101615137754919, 1.500000000000000888, 5.000000000000000888 ) ) ;
#2905 = AXIS2_PLACEMENT_3D ( 'NONE', #7818, #7972, #3601 ) ;
#2906 = DIRECTION ( 'NONE',  ( -0.0000000000000000000, 1.000000000000000000, -0.0000000000000000000 ) ) ;
#2907 = CARTESIAN_POINT ( 'NONE',  ( 131.6918703595351587, 0.8888935770809597292, 1.791017252621530442 ) ) ;
#2908 = CARTESIAN_POINT ( 'NONE',  ( 133.0566602107460881, 1.523112555030071924, 3.431816524104541077 ) ) ;
#2909 = FACE_OUTER_BOUND ( 'NONE', #4545, .T. ) ;
#2910 = DIRECTION ( 'NONE',  ( 0.0000000000000000000, 0.0000000000000000000, -1.000000000000000000 ) ) ;
#2911 = EDGE_LOOP ( 'NONE', ( #1110, #4238, #8230, #2628 ) ) ;
#2912 = VERTEX_POINT ( 'NONE', #1134 ) ;
#2913 = EDGE_CURVE ( 'NONE', #2819, #3685, #2212, .T. ) ;
#2914 = CARTESIAN_POINT ( 'NONE',  ( 8.116411109992025530, -13.43849360530937176, 30.95357605663032174 ) ) ;
#2915 = CARTESIAN_POINT ( 'NONE',  ( 1.450881911481587821E-14, 2.500000000000000444, 23.00000000000000711 ) ) ;
#2916 = TOROIDAL_SURFACE ( 'NONE', #3077, 26.00000000000000355, 1.000000000000000000 ) ;
#2917 = AXIS2_PLACEMENT_3D ( 'NONE', #7079, #7906, #9325 ) ;
#2918 = CARTESIAN_POINT ( 'NONE',  ( 133.4826880555325772, -3.373762519673545235, -0.6863026230690532081 ) ) ;
#2919 = CARTESIAN_POINT ( 'NONE',  ( 8.116411109992025530, -7.000000000000002665, -30.95357605663032174 ) ) ;
#2920 = DIRECTION ( 'NONE',  ( 0.0000000000000000000, 0.0000000000000000000, 1.000000000000000000 ) ) ;
#2921 = CARTESIAN_POINT ( 'NONE',  ( 26.01968164206198963, 5.000000000000000888, -21.75500200160157505 ) ) ;
#2922 = CARTESIAN_POINT ( 'NONE',  ( 12.52345837150051366, 5.028197609507556898, -34.16732851882471067 ) ) ;
#2923 = DIRECTION ( 'NONE',  ( 0.0000000000000000000, -1.000000000000000000, 0.0000000000000000000 ) ) ;
#2924 = VECTOR ( 'NONE', #1877, 1000.000000000000000 ) ;
#2925 = DIRECTION ( 'NONE',  ( 0.0000000000000000000, 0.0000000000000000000, -1.000000000000000000 ) ) ;
#2926 = DIRECTION ( 'NONE',  ( 1.000000000000000000, -0.0000000000000000000, 0.0000000000000000000 ) ) ;
#2927 = ADVANCED_FACE ( 'NONE', ( #2433 ), #4140, .F. ) ;
#2928 = FACE_OUTER_BOUND ( 'NONE', #254, .T. ) ;
#2929 = CARTESIAN_POINT ( 'NONE',  ( 34.64101615137754209, 6.999999999999997335, -3.000000000000001332 ) ) ;
#2930 = CARTESIAN_POINT ( 'NONE',  ( 131.5988194804257603, -0.2268387461399382909, 1.987017315933358175 ) ) ;
#2931 = CARTESIAN_POINT ( 'NONE',  ( 131.6704988339112958, 0.7845467257373331949, 1.837944513194791796 ) ) ;
#2932 = AXIS2_PLACEMENT_3D ( 'NONE', #565, #6366, #8574 ) ;
#2933 = CARTESIAN_POINT ( 'NONE',  ( 21.14605262517164164, 6.734726413422095881, 23.68046765293900791 ) ) ;
#2934 = VECTOR ( 'NONE', #1892, 1000.000000000000000 ) ;
#2935 = VERTEX_POINT ( 'NONE', #8260 ) ;
#2936 = CARTESIAN_POINT ( 'NONE',  ( 104.4803732727718284, -2.832660627495630745, 5.603093577484100862 ) ) ;
#2937 = DIRECTION ( 'NONE',  ( 0.0000000000000000000, -1.000000000000000000, 0.0000000000000000000 ) ) ;
#2938 = EDGE_LOOP ( 'NONE', ( #8318, #4447, #3108, #7084 ) ) ;
#2939 = CARTESIAN_POINT ( 'NONE',  ( 131.7553762017040526, 1.140304727026322462, -1.642034264901372387 ) ) ;
#2940 = DIRECTION ( 'NONE',  ( -0.0000000000000000000, -1.000000000000000000, -0.0000000000000000000 ) ) ;
#2941 = DIRECTION ( 'NONE',  ( 1.000000000000000000, 0.0000000000000000000, 0.0000000000000000000 ) ) ;
#2942 = ORIENTED_EDGE ( 'NONE', *, *, #6349, .F. ) ;
#2943 = EDGE_LOOP ( 'NONE', ( #2147, #4065, #8070, #928 ) ) ;
#2944 = CARTESIAN_POINT ( 'NONE',  ( 26.05885342597373366, 4.999999999999998224, 19.51028845831135072 ) ) ;
#2945 = SPHERICAL_SURFACE ( 'NONE', #2153, 2.000000000000000000 ) ;
#2946 = ORIENTED_EDGE ( 'NONE', *, *, #1629, .F. ) ;
#2947 = ORIENTED_EDGE ( 'NONE', *, *, #4540, .T. ) ;
#2948 = CARTESIAN_POINT ( 'NONE',  ( 101.0263340389897166, 4.000000000000000888, 33.50000000000000000 ) ) ;
#2949 = VERTEX_POINT ( 'NONE', #4675 ) ;
#2950 = CARTESIAN_POINT ( 'NONE',  ( 133.0164725064105937, -1.213713978020652284, -3.580772983643348617 ) ) ;
#2951 = CARTESIAN_POINT ( 'NONE',  ( 109.0837000562857924, 5.000000000000015099, 7.942568573129583420 ) ) ;
#2952 = CARTESIAN_POINT ( 'NONE',  ( 32.35957810443062499, -5.772570001659407701, 3.415451721750814684 ) ) ;
#2953 = CIRCLE ( 'NONE', #2503, 32.00000000000000000 ) ;
#2954 = EDGE_CURVE ( 'NONE', #4621, #7315, #4015, .T. ) ;
#2955 = CARTESIAN_POINT ( 'NONE',  ( 12.53700147777826501, -4.042296414261336679, -35.00000000000000711 ) ) ;
#2956 = EDGE_CURVE ( 'NONE', #6165, #119, #621, .T. ) ;
#2957 = ORIENTED_EDGE ( 'NONE', *, *, #700, .F. ) ;
#2958 = CARTESIAN_POINT ( 'NONE',  ( 22.74837764801966600, 7.000000000000002665, -22.50580623712643913 ) ) ;
#2959 = CARTESIAN_POINT ( 'NONE',  ( 13.65705554715835390, -4.892820080638736968, -35.00000000000000000 ) ) ;
#2960 = DIRECTION ( 'NONE',  ( -1.000000000000000000, 0.0000000000000000000, -1.209068259567990048E-15 ) ) ;
#2961 = AXIS2_PLACEMENT_3D ( 'NONE', #8851, #3112, #172 ) ;
#2962 = FACE_OUTER_BOUND ( 'NONE', #2938, .T. ) ;
#2963 = ORIENTED_EDGE ( 'NONE', *, *, #8174, .T. ) ;
#2964 = CARTESIAN_POINT ( 'NONE',  ( 38.00000000000000000, 3.500000000000000888, 5.000000000000000000 ) ) ;
#2965 = CARTESIAN_POINT ( 'NONE',  ( 132.9476396629413557, 0.2233788443433080417, -3.822124794277395488 ) ) ;
#2966 = CARTESIAN_POINT ( 'NONE',  ( 11.08157832480286054, 4.000000000000002665, -35.00000000000000711 ) ) ;
#2967 = EDGE_LOOP ( 'NONE', ( #2613, #8987, #590, #8028, #6560, #8305, #8086, #2208, #7562, #5916, #3061, #4915, #462, #7743 ) ) ;
#2968 = VERTEX_POINT ( 'NONE', #3221 ) ;
#2969 = DIRECTION ( 'NONE',  ( 1.000000000000000000, 0.0000000000000000000, -1.356728424568866558E-16 ) ) ;
#2970 = FACE_OUTER_BOUND ( 'NONE', #6625, .T. ) ;
#2971 = CARTESIAN_POINT ( 'NONE',  ( 49.32399612951925860, 1.500000000000000888, -3.500000000000004885 ) ) ;
#2972 = CARTESIAN_POINT ( 'NONE',  ( 132.9821023612989279, 0.8970427419631918919, 3.703749379083728144 ) ) ;
#2973 = DIRECTION ( 'NONE',  ( 0.0000000000000000000, 0.0000000000000000000, 1.000000000000000000 ) ) ;
#2974 = ORIENTED_EDGE ( 'NONE', *, *, #266, .T. ) ;
#2975 = ADVANCED_FACE ( 'NONE', ( #2542 ), #8792, .F. ) ;
#2976 = ADVANCED_FACE ( 'NONE', ( #8112 ), #6887, .T. ) ;
#2977 = AXIS2_PLACEMENT_3D ( 'NONE', #4108, #1101, #1166 ) ;
#2978 = B_SPLINE_CURVE_WITH_KNOTS ( 'NONE', 3,
 ( #457, #1252, #9242, #7054, #528, #9113, #3373, #556, #2648, #2582, #1221, #7762, #6328, #426 ),
 .UNSPECIFIED., .F., .F.,
 ( 4, 2, 2, 2, 2, 2, 4 ),
 ( 4.336808689942017736E-19, 0.0004591913635023145272, 0.0009183827270046286207, 0.001377574090506942768, 0.001836765454009256808, 0.002755148181013885103, 0.003673530908018513182 ),
 .UNSPECIFIED. ) ;
#2979 = ORIENTED_EDGE ( 'NONE', *, *, #4889, .F. ) ;
#2980 = DIRECTION ( 'NONE',  ( 0.0000000000000000000, 0.0000000000000000000, 1.000000000000000000 ) ) ;
#2981 = CARTESIAN_POINT ( 'NONE',  ( 20.59893790797642765, -7.982970117485796102, -28.52171649708322576 ) ) ;
#2982 = ORIENTED_EDGE ( 'NONE', *, *, #939, .F. ) ;
#2983 = CARTESIAN_POINT ( 'NONE',  ( 133.2972706468724766, -2.721698078817049726, -2.332835760808625647 ) ) ;
#2984 = EDGE_CURVE ( 'NONE', #6122, #8495, #3214, .T. ) ;
#2985 = CARTESIAN_POINT ( 'NONE',  ( 12.90106209202365761, 23.43849360530937176, -32.50198555647411780 ) ) ;
#2986 = CARTESIAN_POINT ( 'NONE',  ( 32.39869818899724407, -6.470313457412038893, 3.053738687240050265 ) ) ;
#2987 = VERTEX_POINT ( 'NONE', #501 ) ;
#2988 = CARTESIAN_POINT ( 'NONE',  ( 15.08460647348984907, -4.000000000000000888, -35.00000000000000000 ) ) ;
#2989 = VERTEX_POINT ( 'NONE', #2590 ) ;
#2990 = AXIS2_PLACEMENT_3D ( 'NONE', #611, #574, #1240 ) ;
#2991 = EDGE_LOOP ( 'NONE', ( #3538, #6510, #1755, #8429 ) ) ;
#2992 = DIRECTION ( 'NONE',  ( 0.0000000000000000000, 0.0000000000000000000, -1.000000000000000000 ) ) ;
#2993 = CARTESIAN_POINT ( 'NONE',  ( 14.74391281067476278, -5.000000000000003553, -34.04764431590724882 ) ) ;
#2994 = DIRECTION ( 'NONE',  ( -8.673617379884039416E-16, 0.0000000000000000000, 1.000000000000000000 ) ) ;
#2995 = CIRCLE ( 'NONE', #5206, 22.00000000000000000 ) ;
#2996 = VERTEX_POINT ( 'NONE', #7679 ) ;
#2997 = LINE ( 'NONE', #4190, #729 ) ;
#2998 = EDGE_LOOP ( 'NONE', ( #5353, #2093, #86, #4256 ) ) ;
#2999 = CARTESIAN_POINT ( 'NONE',  ( 131.7669141882560666, 1.179567230723109761, 1.614357170909638706 ) ) ;
#3000 = CARTESIAN_POINT ( 'NONE',  ( 132.0733866893911852, -1.967574735397275232, -0.3556499625657361663 ) ) ;
#3001 = ORIENTED_EDGE ( 'NONE', *, *, #8240, .F. ) ;
#3002 = EDGE_LOOP ( 'NONE', ( #626, #4335 ) ) ;
#3003 = AXIS2_PLACEMENT_3D ( 'NONE', #397, #7577, #7551 ) ;
#3004 = DIRECTION ( 'NONE',  ( 1.000000000000000000, 0.0000000000000000000, 0.0000000000000000000 ) ) ;
#3005 = CARTESIAN_POINT ( 'NONE',  ( 32.60712885353455448, 4.500000000000000888, 5.076923076923077538 ) ) ;
#3006 = FACE_OUTER_BOUND ( 'NONE', #2323, .T. ) ;
#3007 = AXIS2_PLACEMENT_3D ( 'NONE', #5543, #1934, #1307 ) ;
#3008 = CARTESIAN_POINT ( 'NONE',  ( 101.0263340389897166, -5.000000000000000888, 33.50000000000000000 ) ) ;
#3009 = CARTESIAN_POINT ( 'NONE',  ( 38.00000000000000000, 19.73542744538947247, 0.0000000000000000000 ) ) ;
#3010 = ORIENTED_EDGE ( 'NONE', *, *, #864, .T. ) ;
#3011 = CARTESIAN_POINT ( 'NONE',  ( 30.04343681435933178, 2.208013004086138320, -14.72809659459331932 ) ) ;
#3012 = DIRECTION ( 'NONE',  ( 1.000000000000000000, 0.0000000000000000000, -1.356728424568866558E-16 ) ) ;
#3013 = EDGE_CURVE ( 'NONE', #6931, #7128, #2431, .T. ) ;
#3014 = LINE ( 'NONE', #5615, #6201 ) ;
#3015 = CARTESIAN_POINT ( 'NONE',  ( 8.116411109992025530, 7.000000000000002665, -30.95357605663032174 ) ) ;
#3016 = DIRECTION ( 'NONE',  ( 0.0000000000000000000, 0.0000000000000000000, -1.000000000000000000 ) ) ;
#3017 = CARTESIAN_POINT ( 'NONE',  ( 133.3629539149654590, -2.966517107864016456, 1.921967404289332437 ) ) ;
#3018 = CARTESIAN_POINT ( 'NONE',  ( 110.4904873875638884, 4.703532452641213446, 10.04999949228389511 ) ) ;
#3019 = DIRECTION ( 'NONE',  ( -0.0000000000000000000, -1.000000000000000000, -0.0000000000000000000 ) ) ;
#3020 = AXIS2_PLACEMENT_3D ( 'NONE', #2670, #380, #5449 ) ;
#3021 = VECTOR ( 'NONE', #28, 1000.000000000000000 ) ;
#3022 = DIRECTION ( 'NONE',  ( 1.040834085586083271E-15, 0.0000000000000000000, 1.000000000000000000 ) ) ;
#3023 = CARTESIAN_POINT ( 'NONE',  ( 28.53857891154704518, 3.323751077950065191, 16.58249193573361779 ) ) ;
#3024 = ADVANCED_FACE ( 'NONE', ( #269 ), #6188, .F. ) ;
#3025 = ADVANCED_FACE ( 'NONE', ( #4923 ), #1070, .F. ) ;
#3026 = DIRECTION ( 'NONE',  ( 0.9897433186107870151, 0.0000000000000000000, 0.1428571428571427382 ) ) ;
#3027 = DIRECTION ( 'NONE',  ( -0.0000000000000000000, 1.000000000000000000, -0.0000000000000000000 ) ) ;
#3028 = ORIENTED_EDGE ( 'NONE', *, *, #1147, .F. ) ;
#3029 = CARTESIAN_POINT ( 'NONE',  ( 3.385391126790372528E-14, 0.0000000000000000000, -28.00000000000000000 ) ) ;
#3030 = VECTOR ( 'NONE', #4078, 1000.000000000000000 ) ;
#3031 = AXIS2_PLACEMENT_3D ( 'NONE', #2516, #2426, #8980 ) ;
#3032 = CARTESIAN_POINT ( 'NONE',  ( 13.27866581254680156, -5.028197609507558674, 34.16732851882471067 ) ) ;
#3033 = CARTESIAN_POINT ( 'NONE',  ( 70.00000000000000000, 4.000000000000000888, -64.02475001521551690 ) ) ;
#3034 = CYLINDRICAL_SURFACE ( 'NONE', #3444, 1.500000000000000888 ) ;
#3035 = CARTESIAN_POINT ( 'NONE',  ( 14.72054585924446002, 4.000000000000002665, -35.00000000000000000 ) ) ;
#3036 = DIRECTION ( 'NONE',  ( 0.0000000000000000000, 0.0000000000000000000, -1.000000000000000000 ) ) ;
#3037 = CARTESIAN_POINT ( 'NONE',  ( 27.95223070054243308, 4.842056272573360687, -17.28915466896132358 ) ) ;
#3038 = AXIS2_PLACEMENT_3D ( 'NONE', #7498, #8846, #1631 ) ;
#3039 = LINE ( 'NONE', #1850, #1108 ) ;
#3040 = CARTESIAN_POINT ( 'NONE',  ( 133.4641169345737239, 3.313427801052295063, 0.9909617834246804424 ) ) ;
#3041 = DIRECTION ( 'NONE',  ( -0.0000000000000000000, -1.000000000000000000, 1.740523610644402991E-16 ) ) ;
#3042 = EDGE_LOOP ( 'NONE', ( #4576, #5467, #9260, #444 ) ) ;
#3043 = CARTESIAN_POINT ( 'NONE',  ( 32.37624040017649918, -5.991167220662107162, 3.268054830468868577 ) ) ;
#3044 = CARTESIAN_POINT ( 'NONE',  ( 11.44539935986007606, -4.012368230248058332, -35.00000000000000711 ) ) ;
#3045 = CARTESIAN_POINT ( 'NONE',  ( 18.00000000000003908, 5.510910596163087583E-16, -32.49999999999997868 ) ) ;
#3046 = CARTESIAN_POINT ( 'NONE',  ( 23.46742184199856851, -5.000000000000000888, -21.75500200160157860 ) ) ;
#3047 = TOROIDAL_SURFACE ( 'NONE', #4088, 30.00000000000000000, 2.000000000000000000 ) ;
#3048 = DIRECTION ( 'NONE',  ( -1.000000000000000000, 0.0000000000000000000, 1.356728424568866558E-16 ) ) ;
#3049 = ORIENTED_EDGE ( 'NONE', *, *, #8892, .F. ) ;
#3050 = DIRECTION ( 'NONE',  ( 0.0000000000000000000, 0.0000000000000000000, 1.000000000000000000 ) ) ;
#3051 = CARTESIAN_POINT ( 'NONE',  ( 131.7792344621622931, -1.221739682160143170, -1.584239597844759651 ) ) ;
#3052 = CIRCLE ( 'NONE', #5739, 5.000000000000004441 ) ;
#3053 = DIRECTION ( 'NONE',  ( 0.0000000000000000000, 0.0000000000000000000, -1.000000000000000000 ) ) ;
#3054 = DIRECTION ( 'NONE',  ( 0.9104950003043107420, 0.0000000000000000000, 0.4135200774096141618 ) ) ;
#3055 = ORIENTED_EDGE ( 'NONE', *, *, #591, .T. ) ;
#3056 = EDGE_CURVE ( 'NONE', #1482, #5261, #3111, .T. ) ;
#3057 = CARTESIAN_POINT ( 'NONE',  ( 18.00000000000003197, 0.0000000000000000000, -27.99999999999997513 ) ) ;
#3058 = CARTESIAN_POINT ( 'NONE',  ( 32.62233775500014588, 4.996335203465851471, -4.979242138717192567 ) ) ;
#3059 = CARTESIAN_POINT ( 'NONE',  ( 133.0871883958439810, -1.721151657721009753, -3.313487124419927099 ) ) ;
#3060 = CYLINDRICAL_SURFACE ( 'NONE', #2032, 11.00000000000000355 ) ;
#3061 = ORIENTED_EDGE ( 'NONE', *, *, #8345, .T. ) ;
#3062 = DIRECTION ( 'NONE',  ( 0.0000000000000000000, 0.0000000000000000000, -1.000000000000000000 ) ) ;
#3063 = AXIS2_PLACEMENT_3D ( 'NONE', #8225, #8976, #8920 ) ;
#3064 = CARTESIAN_POINT ( 'NONE',  ( 21.89564423079351840, -7.343406223803634170, -24.81970312374446053 ) ) ;
#3065 = CARTESIAN_POINT ( 'NONE',  ( 132.9636010025116946, -0.6146828140208886460, 3.767653831888943206 ) ) ;
#3066 = CARTESIAN_POINT ( 'NONE',  ( 31.60696125855821847, 5.000000000000000888, -5.000000000000000888 ) ) ;
#3067 = CARTESIAN_POINT ( 'NONE',  ( 0.0000000000000000000, -4.999999999999995559, 3.481047221288805982E-16 ) ) ;
#3068 = CARTESIAN_POINT ( 'NONE',  ( 112.5499063855914557, 4.462762170125574634, -11.29535559349123552 ) ) ;
#3069 = CARTESIAN_POINT ( 'NONE',  ( 128.9970750006413596, 1.986511268677817243, -0.2629938922764793463 ) ) ;
#3070 = EDGE_CURVE ( 'NONE', #9348, #47, #3698, .T. ) ;
#3071 = VECTOR ( 'NONE', #3087, 1000.000000000000000 ) ;
#3072 = EDGE_CURVE ( 'NONE', #4152, #7315, #3911, .T. ) ;
#3073 = ORIENTED_EDGE ( 'NONE', *, *, #8730, .T. ) ;
#3074 = CARTESIAN_POINT ( 'NONE',  ( 32.40370349203930544, -7.000000000000002665, -3.000000000000000888 ) ) ;
#3075 = EDGE_LOOP ( 'NONE', ( #7110, #9111, #5704, #7599 ) ) ;
#3076 = DIRECTION ( 'NONE',  ( 0.0000000000000000000, 0.0000000000000000000, -1.000000000000000000 ) ) ;
#3077 = AXIS2_PLACEMENT_3D ( 'NONE', #990, #278, #8962 ) ;
#3078 = VERTEX_POINT ( 'NONE', #8453 ) ;
#3079 = CARTESIAN_POINT ( 'NONE',  ( 35.00000000000007816, 0.0000000000000000000, -19.99999999999996092 ) ) ;
#3080 = VECTOR ( 'NONE', #3351, 1000.000000000000000 ) ;
#3081 = CARTESIAN_POINT ( 'NONE',  ( 132.0885087797286133, -1.999212922555006156, -0.06373495694611656937 ) ) ;
#3082 = CARTESIAN_POINT ( 'NONE',  ( 132.0062864668684028, -1.820282953968702433, 0.8231356862618435244 ) ) ;
#3083 = EDGE_LOOP ( 'NONE', ( #3548, #7952, #3238, #354, #4173, #1764 ) ) ;
#3084 = EDGE_CURVE ( 'NONE', #2762, #3549, #6777, .T. ) ;
#3085 = CARTESIAN_POINT ( 'NONE',  ( 2.204364238465235033E-15, 2.500000000000000444, 12.00000000000000355 ) ) ;
#3086 = ORIENTED_EDGE ( 'NONE', *, *, #4887, .T. ) ;
#3087 = DIRECTION ( 'NONE',  ( 0.0000000000000000000, -1.000000000000000000, 0.0000000000000000000 ) ) ;
#3088 = AXIS2_PLACEMENT_3D ( 'NONE', #1002, #7594, #3300 ) ;
#3089 = B_SPLINE_CURVE_WITH_KNOTS ( 'NONE', 3,
 ( #542, #7167, #8519, #7234, #2789, #7865 ),
 .UNSPECIFIED., .F., .F.,
 ( 4, 2, 4 ),
 ( 0.0000000000000000000, 0.0004189104675113694467, 0.0008378209350227388934 ),
 .UNSPECIFIED. ) ;
#3090 = CIRCLE ( 'NONE', #3662, 0.4999999999999997224 ) ;
#3091 = ORIENTED_EDGE ( 'NONE', *, *, #7078, .T. ) ;
#3092 = VECTOR ( 'NONE', #522, 1000.000000000000000 ) ;
#3093 = VERTEX_POINT ( 'NONE', #6774 ) ;
#3094 = VERTEX_POINT ( 'NONE', #6738 ) ;
#3095 = CARTESIAN_POINT ( 'NONE',  ( 70.00000000000000000, -1.500000000000000888, -64.02475001521551690 ) ) ;
#3096 = CARTESIAN_POINT ( 'NONE',  ( 21.50146647703950720, -7.000000000000002665, -24.12701665379256610 ) ) ;
#3097 = CARTESIAN_POINT ( 'NONE',  ( 133.4978432700492021, 3.422684804625066857, 0.2494795448455126019 ) ) ;
#3098 = DIRECTION ( 'NONE',  ( -0.0000000000000000000, -1.000000000000000000, -0.0000000000000000000 ) ) ;
#3099 = DIRECTION ( 'NONE',  ( -0.0000000000000000000, -1.000000000000000000, -0.0000000000000000000 ) ) ;
#3100 = CARTESIAN_POINT ( 'NONE',  ( 128.9878961194473561, 1.945618225292644832, 0.5254166831243110014 ) ) ;
#3101 = LINE ( 'NONE', #2146, #3329 ) ;
#3102 = ORIENTED_EDGE ( 'NONE', *, *, #888, .F. ) ;
#3103 = ORIENTED_EDGE ( 'NONE', *, *, #4731, .F. ) ;
#3104 = VECTOR ( 'NONE', #5191, 1000.000000000000000 ) ;
#3105 = ORIENTED_EDGE ( 'NONE', *, *, #2711, .F. ) ;
#3106 = AXIS2_PLACEMENT_3D ( 'NONE', #1181, #7590, #1054 ) ;
#3107 = DIRECTION ( 'NONE',  ( -0.0000000000000000000, 1.000000000000000000, 0.0000000000000000000 ) ) ;
#3108 = ORIENTED_EDGE ( 'NONE', *, *, #2644, .T. ) ;
#3109 = DIRECTION ( 'NONE',  ( 3.700743415417188731E-15, 0.0000000000000000000, 1.000000000000000000 ) ) ;
#3110 = DIRECTION ( 'NONE',  ( -1.000000000000000000, -0.0000000000000000000, 0.0000000000000000000 ) ) ;
#3111 = LINE ( 'NONE', #2660, #1192 ) ;
#3112 = DIRECTION ( 'NONE',  ( -0.0000000000000000000, -1.000000000000000000, -0.0000000000000000000 ) ) ;
#3113 = CARTESIAN_POINT ( 'NONE',  ( 131.9928753508843329, -1.789716066929962990, 0.8883519395865365764 ) ) ;
#3114 = CARTESIAN_POINT ( 'NONE',  ( 131.6898587081846870, -0.8797944714011159961, 1.795651338194248936 ) ) ;
#3115 = ORIENTED_EDGE ( 'NONE', *, *, #3806, .T. ) ;
#3116 = EDGE_CURVE ( 'NONE', #1349, #8760, #1990, .T. ) ;
#3117 = CARTESIAN_POINT ( 'NONE',  ( 38.59116866997700157, -1.050869652917728159, 12.90241053755306666 ) ) ;
#3118 = DIRECTION ( 'NONE',  ( 0.0000000000000000000, -1.000000000000000000, 0.0000000000000000000 ) ) ;
#3119 = AXIS2_PLACEMENT_3D ( 'NONE', #3095, #9119, #9049 ) ;
#3120 = CARTESIAN_POINT ( 'NONE',  ( 10.71751771055746616, -4.000000000000003553, 35.00000000000000000 ) ) ;
#3121 = DIRECTION ( 'NONE',  ( 0.0000000000000000000, 0.0000000000000000000, 1.000000000000000000 ) ) ;
#3122 = LINE ( 'NONE', #8764, #8449 ) ;
#3123 = CARTESIAN_POINT ( 'NONE',  ( 33.46008042938466787, 1.500000000000000888, -10.26757116649838686 ) ) ;
#3124 = EDGE_CURVE ( 'NONE', #1874, #8886, #5845, .T. ) ;
#3125 = EDGE_CURVE ( 'NONE', #5261, #3793, #4809, .T. ) ;
#3126 = EDGE_CURVE ( 'NONE', #6838, #9217, #7880, .T. ) ;
#3127 = CARTESIAN_POINT ( 'NONE',  ( 132.9529152284830502, -0.4515515874585754874, -3.804569532685902811 ) ) ;
#3128 = CARTESIAN_POINT ( 'NONE',  ( 103.2029119285969045, 1.795091885616068250, -4.653147908201057170 ) ) ;
#3129 = CIRCLE ( 'NONE', #3712, 30.00000000000000000 ) ;
#3130 = CARTESIAN_POINT ( 'NONE',  ( 133.2440256960403246, 2.504804283672811049, 2.616872237500834419 ) ) ;
#3131 = DIRECTION ( 'NONE',  ( 0.0000000000000000000, -1.740523610644402991E-16, 1.000000000000000000 ) ) ;
#3132 = CARTESIAN_POINT ( 'NONE',  ( 6.783642122844339693E-16, 3.500000000000000888, -5.000000000000005329 ) ) ;
#3133 = DIRECTION ( 'NONE',  ( 0.0000000000000000000, -1.000000000000000000, 0.0000000000000000000 ) ) ;
#3134 = CARTESIAN_POINT ( 'NONE',  ( 128.8318671896841465, 1.002986435009337152, -1.733049909494662755 ) ) ;
#3135 = VERTEX_POINT ( 'NONE', #458 ) ;
#3136 = AXIS2_PLACEMENT_3D ( 'NONE', #9215, #8606, #1362 ) ;
#3137 = CYLINDRICAL_SURFACE ( 'NONE', #3254, 2.000000000000000000 ) ;
#3138 = DIRECTION ( 'NONE',  ( -0.0000000000000000000, 1.000000000000000000, -0.0000000000000000000 ) ) ;
#3139 = CARTESIAN_POINT ( 'NONE',  ( 70.00000000000000000, 4.500000000000000888, 64.02475001521551690 ) ) ;
#3140 = CARTESIAN_POINT ( 'NONE',  ( 131.6258339520719574, -0.5142669122190498543, 1.932648000826577617 ) ) ;
#3141 = LINE ( 'NONE', #7642, #2924 ) ;
#3142 = CIRCLE ( 'NONE', #6906, 3.000000000000002665 ) ;
#3143 = VERTEX_POINT ( 'NONE', #7702 ) ;
#3144 = AXIS2_PLACEMENT_3D ( 'NONE', #6192, #6934, #4861 ) ;
#3145 = CARTESIAN_POINT ( 'NONE',  ( 39.04310677273430485, -0.2220674098096728222, 12.62755442470353628 ) ) ;
#3146 = DIRECTION ( 'NONE',  ( 0.1562499999999984457, -0.0000000000000000000, 0.9877175393299446604 ) ) ;
#3147 = CARTESIAN_POINT ( 'NONE',  ( 12.52345837150051366, -5.028197609507558674, 34.16732851882471067 ) ) ;
#3148 = CARTESIAN_POINT ( 'NONE',  ( 108.2750852456403123, 6.000000000000000888, -8.530906985953985000 ) ) ;
#3149 = DIRECTION ( 'NONE',  ( 0.0000000000000000000, 0.0000000000000000000, -1.000000000000000000 ) ) ;
#3150 = CARTESIAN_POINT ( 'NONE',  ( 8.116411109992025530, -12.50000000000000000, 30.95357605663032174 ) ) ;
#3151 = FACE_OUTER_BOUND ( 'NONE', #5033, .T. ) ;
#3152 = B_SPLINE_CURVE_WITH_KNOTS ( 'NONE', 3,
 ( #7070, #8423, #4030, #1179, #3327, #6944, #6265, #412, #4084, #2571, #9165, #6344, #4056, #1974, #8363, #1849, #2601, #3389 ),
 .UNSPECIFIED., .F., .F.,
 ( 4, 2, 2, 2, 2, 2, 2, 2, 4 ),
 ( -9.051976098829241248E-06, 0.0005321138317844718857, 0.001073279639667771993, 0.002155611255434374159, 0.002696777063317674916, 0.003237942871200975240, 0.003779108679084275998, 0.004049691583025919438, 0.004320274486967561577 ),
 .UNSPECIFIED. ) ;
#3153 = EDGE_CURVE ( 'NONE', #4463, #622, #7345, .T. ) ;
#3154 = ORIENTED_EDGE ( 'NONE', *, *, #6021, .F. ) ;
#3155 = ORIENTED_EDGE ( 'NONE', *, *, #3815, .F. ) ;
#3156 = CARTESIAN_POINT ( 'NONE',  ( 133.4324620895244209, -3.207710445601453131, 1.353758393309564712 ) ) ;
#3157 = CARTESIAN_POINT ( 'NONE',  ( 21.90040975482127550, -5.263222833277358070, -21.97478806389187511 ) ) ;
#3158 = AXIS2_PLACEMENT_3D ( 'NONE', #1467, #1539, #8071 ) ;
#3159 = CARTESIAN_POINT ( 'NONE',  ( 133.5000203995173251, 3.429694932269287566, 0.05903914374560719630 ) ) ;
#3160 = CARTESIAN_POINT ( 'NONE',  ( 113.3468963513340526, 4.000000000000000888, -11.74675324675325072 ) ) ;
#3161 = CARTESIAN_POINT ( 'NONE',  ( 131.9947024665163724, 1.043805317545565714, -1.783923117168803252 ) ) ;
#3162 = CARTESIAN_POINT ( 'NONE',  ( 1.450881911481587821E-14, 7.500000000000000888, -23.00000000000000711 ) ) ;
#3163 = CARTESIAN_POINT ( 'NONE',  ( 21.68060124781833409, 7.984270708231275826, -27.46736659107957834 ) ) ;
#3164 = ORIENTED_EDGE ( 'NONE', *, *, #7329, .F. ) ;
#3165 = CARTESIAN_POINT ( 'NONE',  ( 70.00000000000000000, 5.000000000000000888, 64.02475001521551690 ) ) ;
#3166 = LINE ( 'NONE', #4458, #4751 ) ;
#3167 = ORIENTED_EDGE ( 'NONE', *, *, #9174, .F. ) ;
#3168 = AXIS2_PLACEMENT_3D ( 'NONE', #8455, #5578, #2845 ) ;
#3169 = CARTESIAN_POINT ( 'NONE',  ( 131.7506014504131713, -1.122474254425364082, -1.654330323181188112 ) ) ;
#3170 = ORIENTED_EDGE ( 'NONE', *, *, #3056, .T. ) ;
#3171 = VERTEX_POINT ( 'NONE', #359 ) ;
#3172 = CIRCLE ( 'NONE', #8339, 3.000000000000002665 ) ;
#3173 = CARTESIAN_POINT ( 'NONE',  ( 11.08157604679221997, -4.000000008605691271, 35.00000000000000000 ) ) ;
#3174 = EDGE_CURVE ( 'NONE', #5034, #6320, #7121, .T. ) ;
#3175 = DIRECTION ( 'NONE',  ( 0.0000000000000000000, -1.000000000000000000, 0.0000000000000000000 ) ) ;
#3176 = DIRECTION ( 'NONE',  ( 1.000000000000000000, 0.0000000000000000000, -0.0000000000000000000 ) ) ;
#3177 = ORIENTED_EDGE ( 'NONE', *, *, #5687, .F. ) ;
#3178 = EDGE_CURVE ( 'NONE', #3543, #3335, #5611, .T. ) ;
#3179 = VERTEX_POINT ( 'NONE', #3344 ) ;
#3180 = DIRECTION ( 'NONE',  ( 0.5000000000000000000, 0.0000000000000000000, 0.8660254037844385966 ) ) ;
#3181 = ORIENTED_EDGE ( 'NONE', *, *, #9320, .F. ) ;
#3182 = CIRCLE ( 'NONE', #9060, 64.99999999999998579 ) ;
#3183 = CARTESIAN_POINT ( 'NONE',  ( 132.9453226799689958, -0.001418748314766481167, -3.829963539184011445 ) ) ;
#3184 = AXIS2_PLACEMENT_3D ( 'NONE', #6373, #3465, #4283 ) ;
#3185 = ORIENTED_EDGE ( 'NONE', *, *, #649, .F. ) ;
#3186 = CARTESIAN_POINT ( 'NONE',  ( 132.9707593201044347, 0.7223789994261627934, -3.742935724067264935 ) ) ;
#3187 = CARTESIAN_POINT ( 'NONE',  ( 38.00000000000000000, -3.499999999999999556, -5.000000000000000000 ) ) ;
#3188 = CARTESIAN_POINT ( 'NONE',  ( 128.7559716054933006, 0.5292992845126180956, 2.000000000000000000 ) ) ;
#3189 = CARTESIAN_POINT ( 'NONE',  ( 128.8317149909194086, 1.002642269733957425, 1.733843031107747734 ) ) ;
#3190 = ORIENTED_EDGE ( 'NONE', *, *, #6186, .T. ) ;
#3191 = EDGE_CURVE ( 'NONE', #2667, #4649, #9240, .T. ) ;
#3192 = ORIENTED_EDGE ( 'NONE', *, *, #8007, .T. ) ;
#3193 = CARTESIAN_POINT ( 'NONE',  ( 7.609135415617525489, 7.000000000000002665, -29.01897755309092375 ) ) ;
#3194 = AXIS2_PLACEMENT_3D ( 'NONE', #7547, #3176, #8251 ) ;
#3195 = CARTESIAN_POINT ( 'NONE',  ( 112.7509057436112414, -4.233912714523260235, -11.39391158181300234 ) ) ;
#3196 = ORIENTED_EDGE ( 'NONE', *, *, #49, .F. ) ;
#3197 = VECTOR ( 'NONE', #2131, 1000.000000000000000 ) ;
#3198 = CARTESIAN_POINT ( 'NONE',  ( 104.5228874831234407, -1.500000000000000888, 5.719177225785473162 ) ) ;
#3199 = VERTEX_POINT ( 'NONE', #7126 ) ;
#3200 = CARTESIAN_POINT ( 'NONE',  ( 131.9306886741570963, -1.643257119824519163, -1.139055185973874673 ) ) ;
#3201 = VERTEX_POINT ( 'NONE', #7105 ) ;
#3202 = DIRECTION ( 'NONE',  ( 8.388032079972217470E-17, 0.0000000000000000000, -1.000000000000000000 ) ) ;
#3203 = ADVANCED_FACE ( 'NONE', ( #8552 ), #8675, .T. ) ;
#3204 = FACE_OUTER_BOUND ( 'NONE', #7061, .T. ) ;
#3205 = CARTESIAN_POINT ( 'NONE',  ( 15.08460647348984907, 5.000000000000000888, -34.00000000000000000 ) ) ;
#3206 = LINE ( 'NONE', #8182, #1645 ) ;
#3207 = CARTESIAN_POINT ( 'NONE',  ( 0.0000000000000000000, 12.50000000000000000, 0.0000000000000000000 ) ) ;
#3208 = VERTEX_POINT ( 'NONE', #3464 ) ;
#3209 = ORIENTED_EDGE ( 'NONE', *, *, #8457, .T. ) ;
#3210 = ORIENTED_EDGE ( 'NONE', *, *, #5496, .T. ) ;
#3211 = CARTESIAN_POINT ( 'NONE',  ( 0.0000000000000000000, 4.000000000000000888, 35.00000000000000000 ) ) ;
#3212 = AXIS2_PLACEMENT_3D ( 'NONE', #6648, #145, #2335 ) ;
#3213 = B_SPLINE_CURVE_WITH_KNOTS ( 'NONE', 3,
 ( #298, #273, #6779, #6904, #5339, #6836, #5374, #8927, #6084, #3279, #4047, #4074, #1901, #3314, #8353, #4799, #5514, #7734, #1227, #9084, #2681, #496 ),
 .UNSPECIFIED., .F., .F.,
 ( 4, 2, 2, 2, 2, 2, 2, 2, 2, 2, 4 ),
 ( 0.005227083347047307982, 0.005552886475333218899, 0.005878689603619128949, 0.006530295860190942978, 0.007181902116762756139, 0.007833508373334569300, 0.008485114629906382461, 0.009136720886478193887, 0.009788327143050008783, 0.01011413027133591797, 0.01043993339962182888 ),
 .UNSPECIFIED. ) ;
#3214 = CIRCLE ( 'NONE', #3650, 3.000000000000002665 ) ;
#3215 = VERTEX_POINT ( 'NONE', #2098 ) ;
#3216 = CARTESIAN_POINT ( 'NONE',  ( 11.08157832480286054, 4.000000000000002665, 35.00000000000000000 ) ) ;
#3217 = CARTESIAN_POINT ( 'NONE',  ( 22.02001496625533150, -5.220879051771988522, -21.93829388226683363 ) ) ;
#3218 = EDGE_LOOP ( 'NONE', ( #8430, #3258, #1176, #1269 ) ) ;
#3219 = CARTESIAN_POINT ( 'NONE',  ( 133.1890940245299362, 2.260284346826106017, -2.880904627488347636 ) ) ;
#3220 = ADVANCED_FACE ( 'NONE', ( #6667 ), #5710, .F. ) ;
#3221 = CARTESIAN_POINT ( 'NONE',  ( 32.60712885353455448, -4.500000000000000888, -5.076923076923077538 ) ) ;
#3222 = CARTESIAN_POINT ( 'NONE',  ( 101.8362078475247898, 1.500000000000000888, -3.510933585484047992 ) ) ;
#3223 = EDGE_LOOP ( 'NONE', ( #790, #2068, #2658, #6408 ) ) ;
#3224 = DIRECTION ( 'NONE',  ( 0.0000000000000000000, 0.0000000000000000000, 1.000000000000000000 ) ) ;
#3225 = CARTESIAN_POINT ( 'NONE',  ( 32.61216235946930908, -1.548597003218642021, -11.40652422471937655 ) ) ;
#3226 = FACE_OUTER_BOUND ( 'NONE', #4791, .T. ) ;
#3227 = AXIS2_PLACEMENT_3D ( 'NONE', #3009, #8084, #8115 ) ;
#3228 = DIRECTION ( 'NONE',  ( 0.9104950003043106310, 0.0000000000000000000, -0.4135200774096144949 ) ) ;
#3229 = CARTESIAN_POINT ( 'NONE',  ( 101.0263340389897166, 1.500000000000000888, -33.50000000000000000 ) ) ;
#3230 = CARTESIAN_POINT ( 'NONE',  ( 35.00000000000007816, -5.000000000000000888, -21.75500200160156439 ) ) ;
#3231 = CARTESIAN_POINT ( 'NONE',  ( 32.63318738391755858, -4.500000004003161358, -4.909559135209120129 ) ) ;
#3232 = CARTESIAN_POINT ( 'NONE',  ( 131.9644097998753978, -1.724552011488379444, -1.011427815622215620 ) ) ;
#3233 = EDGE_CURVE ( 'NONE', #396, #4667, #5371, .T. ) ;
#3234 = FACE_OUTER_BOUND ( 'NONE', #6480, .T. ) ;
#3235 = CARTESIAN_POINT ( 'NONE',  ( 131.8839049585380963, 1.524635606898649298, 1.294482720805598897 ) ) ;
#3236 = CARTESIAN_POINT ( 'NONE',  ( 38.99023832443413795, -0.4358036121861362799, 12.65943454185080874 ) ) ;
#3237 = CARTESIAN_POINT ( 'NONE',  ( 20.59893790797642765, 7.982970117485794326, 28.52171649708322576 ) ) ;
#3238 = ORIENTED_EDGE ( 'NONE', *, *, #7521, .T. ) ;
#3239 = ORIENTED_EDGE ( 'NONE', *, *, #87, .T. ) ;
#3240 = CARTESIAN_POINT ( 'NONE',  ( 13.63203386352579471, 5.022927870565766284, -34.15161828975422509 ) ) ;
#3241 = DIRECTION ( 'NONE',  ( 1.000000000000000000, -0.0000000000000000000, -1.356728424568866558E-16 ) ) ;
#3242 = DIRECTION ( 'NONE',  ( 0.0000000000000000000, 1.000000000000000000, 0.0000000000000000000 ) ) ;
#3243 = VECTOR ( 'NONE', #1206, 1000.000000000000000 ) ;
#3244 = CARTESIAN_POINT ( 'NONE',  ( 133.4067130550677120, -3.119979620245729279, 1.585343770180816847 ) ) ;
#3245 = EDGE_CURVE ( 'NONE', #677, #3342, #2664, .T. ) ;
#3246 = EDGE_CURVE ( 'NONE', #9276, #3621, #737, .T. ) ;
#3247 = CARTESIAN_POINT ( 'NONE',  ( 8.116411109992025530, 7.000000000000000888, -30.95357605663032174 ) ) ;
#3248 = CARTESIAN_POINT ( 'NONE',  ( 131.6453223521702682, -0.6447278504555435941, -1.891910279073455436 ) ) ;
#3249 = DIRECTION ( 'NONE',  ( -1.000000000000000000, 0.0000000000000000000, 0.0000000000000000000 ) ) ;
#3250 = CIRCLE ( 'NONE', #896, 11.00000000000000178 ) ;
#3251 = CARTESIAN_POINT ( 'NONE',  ( 19.72057922640477656, -7.949827917249078446, -29.02883711833366931 ) ) ;
#3252 = CARTESIAN_POINT ( 'NONE',  ( 11.07975761066654208, -5.000000000000000888, -34.05065744603042788 ) ) ;
#3253 = ADVANCED_FACE ( 'NONE', ( #2893 ), #6412, .T. ) ;
#3254 = AXIS2_PLACEMENT_3D ( 'NONE', #3284, #1932, #6228 ) ;
#3255 = VECTOR ( 'NONE', #1155, 1000.000000000000000 ) ;
#3256 = CARTESIAN_POINT ( 'NONE',  ( 128.9447927734682366, -1.733998467604868088, 1.001391077100677096 ) ) ;
#3257 = ORIENTED_EDGE ( 'NONE', *, *, #4219, .T. ) ;
#3258 = ORIENTED_EDGE ( 'NONE', *, *, #5068, .F. ) ;
#3259 = EDGE_CURVE ( 'NONE', #3871, #385, #5489, .T. ) ;
#3260 = CARTESIAN_POINT ( 'NONE',  ( 29.19248713292677522, 2.644553842054443660, 15.78396413299835643 ) ) ;
#3261 = CARTESIAN_POINT ( 'NONE',  ( 32.66152951415597272, 3.500000000000000888, -4.714285714285715301 ) ) ;
#3262 = CARTESIAN_POINT ( 'NONE',  ( 32.75308189248374191, -5.240828603426100685, -4.037781596999726830 ) ) ;
#3263 = EDGE_CURVE ( 'NONE', #1038, #6680, #4910, .T. ) ;
#3264 = CARTESIAN_POINT ( 'NONE',  ( 131.8123362840686923, -1.324758127439708888, -1.498260246141163154 ) ) ;
#3265 = CARTESIAN_POINT ( 'NONE',  ( 132.0434597890044586, 1.903512313487056185, 0.6098036586207646881 ) ) ;
#3266 = ADVANCED_FACE ( 'NONE', ( #262 ), #4159, .T. ) ;
#3267 = AXIS2_PLACEMENT_3D ( 'NONE', #8739, #753, #8704 ) ;
#3268 = LINE ( 'NONE', #653, #4739 ) ;
#3269 = ORIENTED_EDGE ( 'NONE', *, *, #2754, .T. ) ;
#3270 = DIRECTION ( 'NONE',  ( 0.0000000000000000000, 0.0000000000000000000, -1.000000000000000000 ) ) ;
#3271 = DIRECTION ( 'NONE',  ( -0.0000000000000000000, -1.000000000000000000, 0.0000000000000000000 ) ) ;
#3272 = ORIENTED_EDGE ( 'NONE', *, *, #1942, .F. ) ;
#3273 = ORIENTED_EDGE ( 'NONE', *, *, #8690, .F. ) ;
#3274 = CARTESIAN_POINT ( 'NONE',  ( 132.9831954130258680, -0.8891934687310083518, 3.699740282838819727 ) ) ;
#3275 = EDGE_CURVE ( 'NONE', #2987, #1968, #2995, .T. ) ;
#3276 = FACE_OUTER_BOUND ( 'NONE', #4012, .T. ) ;
#3277 = ORIENTED_EDGE ( 'NONE', *, *, #6865, .T. ) ;
#3278 = DIRECTION ( 'NONE',  ( 0.0000000000000000000, 1.000000000000000000, -0.0000000000000000000 ) ) ;
#3279 = CARTESIAN_POINT ( 'NONE',  ( 33.60546474575689757, -1.470871743502241147, 12.60022886596383529 ) ) ;
#3280 = CARTESIAN_POINT ( 'NONE',  ( 133.1801682526097466, 2.218015609837196589, -2.921437871961741095 ) ) ;
#3281 = DIRECTION ( 'NONE',  ( 0.0000000000000000000, 0.0000000000000000000, -1.000000000000000000 ) ) ;
#3282 = CARTESIAN_POINT ( 'NONE',  ( 10.03027150280468227, -13.43849360530937176, 30.37293985656783946 ) ) ;
#3283 = DIRECTION ( 'NONE',  ( -0.0000000000000000000, -1.000000000000000000, -0.0000000000000000000 ) ) ;
#3284 = CARTESIAN_POINT ( 'NONE',  ( -5.871622455980550503E-17, -3.500000000000000888, 3.499999999999999556 ) ) ;
#3285 = CARTESIAN_POINT ( 'NONE',  ( 28.88803787322596861, -2.873220203026016772, -16.15705579316472296 ) ) ;
#3286 = B_SPLINE_CURVE_WITH_KNOTS ( 'NONE', 3,
 ( #689, #2944, #6523, #1454, #7990, #9375, #7278, #7894, #8607, #3648, #9344, #8745, #5828, #2877, #3544, #5086 ),
 .UNSPECIFIED., .F., .F.,
 ( 4, 2, 2, 2, 2, 2, 2, 4 ),
 ( -1.332798976245392077E-05, 0.002327002042438618482, 0.003497167058539151635, 0.004082249566589414742, 0.004374790820614549332, 0.004521061447627122698, 0.004594196761133416754, 0.004667332074639709942 ),
 .UNSPECIFIED. ) ;
#3287 = CIRCLE ( 'NONE', #7862, 30.00000000000000000 ) ;
#3288 = ORIENTED_EDGE ( 'NONE', *, *, #2125, .T. ) ;
#3289 = EDGE_LOOP ( 'NONE', ( #6980, #7924, #1528, #8852 ) ) ;
#3290 = EDGE_CURVE ( 'NONE', #1161, #8686, #7000, .T. ) ;
#3291 = CARTESIAN_POINT ( 'NONE',  ( 8.116411109992025530, 12.50000000000000000, -30.95357605663032174 ) ) ;
#3292 = CARTESIAN_POINT ( 'NONE',  ( 49.32399612951925860, 3.500000000000000888, -18.50000000000000355 ) ) ;
#3293 = DIRECTION ( 'NONE',  ( 0.0000000000000000000, 0.0000000000000000000, -1.000000000000000000 ) ) ;
#3294 = DIRECTION ( 'NONE',  ( 0.3420201433256689905, 0.0000000000000000000, -0.9396926207859083169 ) ) ;
#3295 = AXIS2_PLACEMENT_3D ( 'NONE', #6562, #2184, #635 ) ;
#3296 = FACE_OUTER_BOUND ( 'NONE', #5117, .T. ) ;
#3297 = CARTESIAN_POINT ( 'NONE',  ( 132.0284491205108850, -1.870538315431650389, -0.7034699590376348732 ) ) ;
#3298 = ORIENTED_EDGE ( 'NONE', *, *, #5770, .F. ) ;
#3299 = CARTESIAN_POINT ( 'NONE',  ( 131.6005967268911832, 0.2608585544883603169, 1.983507719674882486 ) ) ;
#3300 = DIRECTION ( 'NONE',  ( 0.0000000000000000000, 0.0000000000000000000, 1.000000000000000000 ) ) ;
#3301 = CARTESIAN_POINT ( 'NONE',  ( 104.5228874831234407, -3.500000000000000888, -5.719177225785468721 ) ) ;
#3302 = ADVANCED_FACE ( 'NONE', ( #7541 ), #4352, .F. ) ;
#3303 = ORIENTED_EDGE ( 'NONE', *, *, #6926, .F. ) ;
#3304 = EDGE_CURVE ( 'NONE', #7267, #1707, #492, .T. ) ;
#3305 = DIRECTION ( 'NONE',  ( 1.000000000000000000, -0.0000000000000000000, 8.388032079972216237E-17 ) ) ;
#3306 = CARTESIAN_POINT ( 'NONE',  ( 112.4844846552711033, 4.223782794819996411, 11.25830215893335229 ) ) ;
#3307 = LINE ( 'NONE', #6226, #1615 ) ;
#3308 = EDGE_CURVE ( 'NONE', #1274, #5429, #7765, .T. ) ;
#3309 = ORIENTED_EDGE ( 'NONE', *, *, #2134, .F. ) ;
#3310 = CARTESIAN_POINT ( 'NONE',  ( 101.0263340389897166, 4.000000000000000888, -33.50000000000000000 ) ) ;
#3311 = CIRCLE ( 'NONE', #71, 2.000000000000000888 ) ;
#3312 = VERTEX_POINT ( 'NONE', #1771 ) ;
#3313 = AXIS2_PLACEMENT_3D ( 'NONE', #4501, #8814, #6784 ) ;
#3314 = CARTESIAN_POINT ( 'NONE',  ( 34.66575281353095050, -1.335681451333617931, 11.86601289936578318 ) ) ;
#3315 = CARTESIAN_POINT ( 'NONE',  ( 133.3220286650781645, 2.816070370341215323, -2.185489213905948525 ) ) ;
#3316 = ADVANCED_FACE ( 'NONE', ( #163 ), #4958, .T. ) ;
#3317 = DIRECTION ( 'NONE',  ( 0.0000000000000000000, -1.000000000000000000, 0.0000000000000000000 ) ) ;
#3318 = CARTESIAN_POINT ( 'NONE',  ( 26.01968164206198963, -5.000000000000000888, -21.75500200160157505 ) ) ;
#3319 = CARTESIAN_POINT ( 'NONE',  ( 12.17009032052151873, -5.022927870565767172, -34.15161828975422509 ) ) ;
#3320 = CIRCLE ( 'NONE', #8924, 9.999999999999998224 ) ;
#3321 = ORIENTED_EDGE ( 'NONE', *, *, #4431, .T. ) ;
#3322 = LINE ( 'NONE', #5223, #5021 ) ;
#3323 = ORIENTED_EDGE ( 'NONE', *, *, #9289, .F. ) ;
#3324 = ORIENTED_EDGE ( 'NONE', *, *, #5326, .T. ) ;
#3325 = CARTESIAN_POINT ( 'NONE',  ( 128.9568843960644244, -1.794908050392834964, -0.8882937880496697414 ) ) ;
#3326 = AXIS2_PLACEMENT_3D ( 'NONE', #8328, #3985, #4706 ) ;
#3327 = CARTESIAN_POINT ( 'NONE',  ( 102.5249188688440256, 1.574740125313617733, 4.090854111213301003 ) ) ;
#3328 = DIRECTION ( 'NONE',  ( 0.0000000000000000000, 1.000000000000000000, -0.0000000000000000000 ) ) ;
#3329 = VECTOR ( 'NONE', #9400, 1000.000000000000000 ) ;
#3330 = CARTESIAN_POINT ( 'NONE',  ( 32.73787579334211273, -5.180051008661608947, -4.158206493770812529 ) ) ;
#3331 = EDGE_LOOP ( 'NONE', ( #5958, #8643, #6028, #2957 ) ) ;
#3332 = DIRECTION ( 'NONE',  ( 0.9569301964063269272, 0.0000000000000000000, -0.2903181000312397009 ) ) ;
#3333 = FACE_OUTER_BOUND ( 'NONE', #8978, .T. ) ;
#3334 = ORIENTED_EDGE ( 'NONE', *, *, #104, .T. ) ;
#3335 = VERTEX_POINT ( 'NONE', #9356 ) ;
#3336 = DIRECTION ( 'NONE',  ( -1.000000000000000000, 0.0000000000000000000, 0.0000000000000000000 ) ) ;
#3337 = CARTESIAN_POINT ( 'NONE',  ( 104.4802341445658840, -2.831630518165730415, -5.602708930557312783 ) ) ;
#3338 = DIRECTION ( 'NONE',  ( 1.356728424568866805E-16, 0.0000000000000000000, 1.000000000000000000 ) ) ;
#3339 = CARTESIAN_POINT ( 'NONE',  ( 38.00000000000000000, -3.499999999999999556, -3.000000000000000000 ) ) ;
#3340 = FACE_BOUND ( 'NONE', #7932, .T. ) ;
#3341 = CARTESIAN_POINT ( 'NONE',  ( 27.38817281628093880, -4.632815849886454451, 21.47714654572061477 ) ) ;
#3342 = VERTEX_POINT ( 'NONE', #3699 ) ;
#3343 = CARTESIAN_POINT ( 'NONE',  ( 131.7437799171848951, 1.098151621393546495, -1.669946350330641316 ) ) ;
#3344 = CARTESIAN_POINT ( 'NONE',  ( 28.51304367304962994, -4.500000000000000888, 16.61343855132842151 ) ) ;
#3345 = AXIS2_PLACEMENT_3D ( 'NONE', #5083, #5149, #8083 ) ;
#3346 = CARTESIAN_POINT ( 'NONE',  ( 133.4721173865339665, -3.338983532417049371, 0.8759194881808347599 ) ) ;
#3347 = DIRECTION ( 'NONE',  ( -0.2536378471872504647, 0.0000000000000000000, 0.9672992517696977766 ) ) ;
#3348 = CIRCLE ( 'NONE', #8913, 1.000000000000000000 ) ;
#3349 = CARTESIAN_POINT ( 'NONE',  ( 132.0762753065622235, -1.973605555495753894, 0.3244690207761452561 ) ) ;
#3350 = DIRECTION ( 'NONE',  ( 1.209068259567990048E-15, 0.0000000000000000000, -1.000000000000000000 ) ) ;
#3351 = DIRECTION ( 'NONE',  ( -0.0000000000000000000, 1.000000000000000000, -0.0000000000000000000 ) ) ;
#3352 = ORIENTED_EDGE ( 'NONE', *, *, #7038, .T. ) ;
#3353 = CARTESIAN_POINT ( 'NONE',  ( 133.3510299228186966, 2.168404344971008868E-16, 2.000000000000000000 ) ) ;
#3354 = CARTESIAN_POINT ( 'NONE',  ( 14.72236657338077137, -4.999999999999859668, -34.05065744603047051 ) ) ;
#3355 = B_SPLINE_CURVE_WITH_KNOTS ( 'NONE', 3,
 ( #3713, #907, #5977, #3005 ),
 .UNSPECIFIED., .F., .F.,
 ( 4, 4 ),
 ( 0.0000000000000000000, 0.0003675905134978692756 ),
 .UNSPECIFIED. ) ;
#3356 = ADVANCED_FACE ( 'NONE', ( #5030 ), #8664, .T. ) ;
#3357 = EDGE_LOOP ( 'NONE', ( #6215, #1310, #3298 ) ) ;
#3358 = AXIS2_PLACEMENT_3D ( 'NONE', #1440, #6417, #614 ) ;
#3359 = VERTEX_POINT ( 'NONE', #2230 ) ;
#3360 = CYLINDRICAL_SURFACE ( 'NONE', #42, 2.000000000000001776 ) ;
#3361 = DIRECTION ( 'NONE',  ( -0.0000000000000000000, -1.000000000000000000, 0.0000000000000000000 ) ) ;
#3362 = CARTESIAN_POINT ( 'NONE',  ( 31.60696125855821847, 12.50000000000000000, 5.000000000000000888 ) ) ;
#3363 = CARTESIAN_POINT ( 'NONE',  ( 70.00000000000000000, -3.500000000000000888, -64.02475001521551690 ) ) ;
#3364 = CARTESIAN_POINT ( 'NONE',  ( 13.27866581254680156, 5.028197609507556898, 34.16732851882471067 ) ) ;
#3365 = EDGE_CURVE ( 'NONE', #847, #5340, #6767, .T. ) ;
#3366 = ADVANCED_FACE ( 'NONE', ( #5833 ), #1501, .T. ) ;
#3367 = EDGE_CURVE ( 'NONE', #6080, #8185, #8996, .T. ) ;
#3368 = TOROIDAL_SURFACE ( 'NONE', #5075, 32.00000000000000000, 2.000000000000000000 ) ;
#3369 = CARTESIAN_POINT ( 'NONE',  ( 20.96122117167505650, 6.372004060637955547, -23.16111201963618527 ) ) ;
#3370 = CARTESIAN_POINT ( 'NONE',  ( 70.00000000000000000, -3.500000000000000888, 64.02475001521551690 ) ) ;
#3371 = CARTESIAN_POINT ( 'NONE',  ( 1.450881911481587821E-14, 2.500000000000000444, -23.00000000000000711 ) ) ;
#3372 = AXIS2_PLACEMENT_3D ( 'NONE', #4798, #3278, #366 ) ;
#3373 = CARTESIAN_POINT ( 'NONE',  ( 33.16908350097808977, -2.381826178137376626, -3.336377042648499547 ) ) ;
#3374 = CIRCLE ( 'NONE', #5629, 61.00000000000000000 ) ;
#3375 = CARTESIAN_POINT ( 'NONE',  ( 133.2434160056776591, -2.502200666559511788, 2.619952748078048455 ) ) ;
#3376 = FACE_BOUND ( 'NONE', #4079, .T. ) ;
#3377 = DIRECTION ( 'NONE',  ( 0.4135200774096173815, 0.0000000000000000000, -0.9104950003043091877 ) ) ;
#3378 = CARTESIAN_POINT ( 'NONE',  ( 32.14953862120897554, 5.006817975865148540, -4.809170138138167516 ) ) ;
#3379 = CARTESIAN_POINT ( 'NONE',  ( 1.571788737438387200E-14, 12.50000000000000000, 22.00000000000000000 ) ) ;
#3380 = CARTESIAN_POINT ( 'NONE',  ( 132.0761051573279872, -1.973300317037210094, -0.3230183596515227573 ) ) ;
#3381 = CARTESIAN_POINT ( 'NONE',  ( 29.23458817039416147, 0.3619932660903388277, 19.99997064763093135 ) ) ;
#3382 = CARTESIAN_POINT ( 'NONE',  ( 21.28860175200237137, 12.50000000000000000, -23.87293985656782880 ) ) ;
#3383 = VECTOR ( 'NONE', #7754, 1000.000000000000000 ) ;
#3384 = CARTESIAN_POINT ( 'NONE',  ( 104.5228874831234407, 3.500000000000000888, 5.719177225785473162 ) ) ;
#3385 = ORIENTED_EDGE ( 'NONE', *, *, #7197, .F. ) ;
#3386 = AXIS2_PLACEMENT_3D ( 'NONE', #1387, #2837, #5507 ) ;
#3387 = ORIENTED_EDGE ( 'NONE', *, *, #2602, .T. ) ;
#3388 = CARTESIAN_POINT ( 'NONE',  ( 32.30468242770790255, 5.130933021065048116, 4.249540872287165705 ) ) ;
#3389 = CARTESIAN_POINT ( 'NONE',  ( 104.5228874831234407, 3.500000000000000888, 5.719177225785473162 ) ) ;
#3390 = EDGE_CURVE ( 'NONE', #607, #364, #8925, .T. ) ;
#3391 = CARTESIAN_POINT ( 'NONE',  ( 32.39919962509929974, -6.488936454265892273, 3.048587929807530905 ) ) ;
#3392 = ORIENTED_EDGE ( 'NONE', *, *, #2175, .F. ) ;
#3393 = CARTESIAN_POINT ( 'NONE',  ( 32.86660483872609717, -7.019201731676005807, -3.000092150374470634 ) ) ;
#3394 = CARTESIAN_POINT ( 'NONE',  ( 32.51714954295243132, -6.773018075101496116, -3.000000000001405986 ) ) ;
#3395 = AXIS2_PLACEMENT_3D ( 'NONE', #592, #2023, #7767 ) ;
#3396 = ORIENTED_EDGE ( 'NONE', *, *, #8653, .T. ) ;
#3397 = DIRECTION ( 'NONE',  ( 0.0000000000000000000, 0.0000000000000000000, 1.000000000000000000 ) ) ;
#3398 = CARTESIAN_POINT ( 'NONE',  ( 20.95624907685345306, 6.290477504247188989, -23.05559135959188310 ) ) ;
#3399 = ADVANCED_FACE ( 'NONE', ( #2879 ), #8424, .T. ) ;
#3400 = LINE ( 'NONE', #8709, #1140 ) ;
#3401 = DIRECTION ( 'NONE',  ( 0.0000000000000000000, 0.0000000000000000000, 1.000000000000000000 ) ) ;
#3402 = DIRECTION ( 'NONE',  ( 0.0000000000000000000, 0.0000000000000000000, -1.000000000000000000 ) ) ;
#3403 = ORIENTED_EDGE ( 'NONE', *, *, #4886, .F. ) ;
#3404 = CARTESIAN_POINT ( 'NONE',  ( 131.6656517369889912, 0.7582757643252223678, -1.848184831993194832 ) ) ;
#3405 = DIRECTION ( 'NONE',  ( -1.776356839400250465E-15, 0.0000000000000000000, -1.000000000000000000 ) ) ;
#3406 = CARTESIAN_POINT ( 'NONE',  ( 133.1037279438604912, 1.817452102296190031, 3.247063962930596848 ) ) ;
#3407 = ORIENTED_EDGE ( 'NONE', *, *, #8060, .F. ) ;
#3408 = SPHERICAL_SURFACE ( 'NONE', #6616, 2.000000000000000000 ) ;
#3409 = CARTESIAN_POINT ( 'NONE',  ( 8.116411109992025530, 7.000000000000002665, -30.95357605663032174 ) ) ;
#3410 = DIRECTION ( 'NONE',  ( -0.0000000000000000000, 1.000000000000000000, -0.0000000000000000000 ) ) ;
#3411 = ORIENTED_EDGE ( 'NONE', *, *, #3506, .F. ) ;
#3412 = AXIS2_PLACEMENT_3D ( 'NONE', #5535, #453, #4139 ) ;
#3413 = CARTESIAN_POINT ( 'NONE',  ( 131.9666179450243249, -1.729662053010239786, -1.002137485418440610 ) ) ;
#3414 = ADVANCED_FACE ( 'NONE', ( #3204 ), #958, .T. ) ;
#3415 = DIRECTION ( 'NONE',  ( -0.0000000000000000000, -1.000000000000000000, -0.0000000000000000000 ) ) ;
#3416 = CARTESIAN_POINT ( 'NONE',  ( 12.90106209202365761, -12.50000000000000000, -29.50198555647411780 ) ) ;
#3417 = ORIENTED_EDGE ( 'NONE', *, *, #7522, .T. ) ;
#3418 = B_SPLINE_CURVE_WITH_KNOTS ( 'NONE', 3,
 ( #6666, #8097, #3903, #218, #5970, #7560, #3189, #6787, #6752, #1625, #8873, #3100, #4527, #1720, #3069, #192, #1015, #6061, #2350, #5256, #5285, #3134, #8963, #3872, #2379, #6815, #8995, #4616 ),
 .UNSPECIFIED., .F., .F.,
 ( 4, 2, 2, 2, 2, 2, 2, 2, 2, 2, 2, 2, 2, 4 ),
 ( 1.017113692146788942E-18, 0.0003918949774851631773, 0.0007837899549703250535, 0.001175684932455487147, 0.001567579909940649023, 0.002351369864910963017, 0.003135159819881277662, 0.003527054797366434551, 0.003918949774851592308, 0.004702739729821913024, 0.005094634707307079020, 0.005486529684792244149, 0.005878424662277409278, 0.006270319639762574407 ),
 .UNSPECIFIED. ) ;
#3419 = ORIENTED_EDGE ( 'NONE', *, *, #5738, .T. ) ;
#3420 = CIRCLE ( 'NONE', #2141, 1.000000000000000888 ) ;
#3421 = VERTEX_POINT ( 'NONE', #531 ) ;
#3422 = CARTESIAN_POINT ( 'NONE',  ( 49.32399612951925860, -5.000000000000000888, -6.000000000000004441 ) ) ;
#3423 = DIRECTION ( 'NONE',  ( 0.0000000000000000000, 0.0000000000000000000, -1.000000000000000000 ) ) ;
#3424 = VERTEX_POINT ( 'NONE', #9208 ) ;
#3425 = DIRECTION ( 'NONE',  ( 6.938893903907228378E-15, 0.0000000000000000000, -1.000000000000000000 ) ) ;
#3426 = CARTESIAN_POINT ( 'NONE',  ( 0.0000000000000000000, -12.50000000000000000, 0.0000000000000000000 ) ) ;
#3427 = CARTESIAN_POINT ( 'NONE',  ( 11.05050034582573559, 4.953434042252321312, 35.00000000000000000 ) ) ;
#3428 = ORIENTED_EDGE ( 'NONE', *, *, #4956, .F. ) ;
#3429 = CARTESIAN_POINT ( 'NONE',  ( 131.6186483767128550, -0.4527835321047306572, -1.947218217650886762 ) ) ;
#3430 = DIRECTION ( 'NONE',  ( 0.0000000000000000000, -1.000000000000000000, 0.0000000000000000000 ) ) ;
#3431 = ORIENTED_EDGE ( 'NONE', *, *, #226, .T. ) ;
#3432 = DIRECTION ( 'NONE',  ( -1.000000000000000000, 0.0000000000000000000, -1.209068259567990048E-15 ) ) ;
#3433 = ORIENTED_EDGE ( 'NONE', *, *, #8596, .F. ) ;
#3434 = DIRECTION ( 'NONE',  ( -1.301042606982605912E-15, 0.0000000000000000000, 1.000000000000000000 ) ) ;
#3435 = ORIENTED_EDGE ( 'NONE', *, *, #6244, .T. ) ;
#3436 = EDGE_CURVE ( 'NONE', #8201, #4414, #7107, .T. ) ;
#3437 = TOROIDAL_SURFACE ( 'NONE', #2019, 64.99999999999998579, 2.000000000000000000 ) ;
#3438 = EDGE_CURVE ( 'NONE', #5089, #3143, #6062, .T. ) ;
#3439 = DIRECTION ( 'NONE',  ( -0.0000000000000000000, 1.000000000000000000, -0.0000000000000000000 ) ) ;
#3440 = ORIENTED_EDGE ( 'NONE', *, *, #5247, .F. ) ;
#3441 = CARTESIAN_POINT ( 'NONE',  ( 131.7737417542612945, 1.203162733598809986, -1.596735371406398762 ) ) ;
#3442 = CARTESIAN_POINT ( 'NONE',  ( 133.0795897438829911, 1.671722934063543331, 3.342944700108162248 ) ) ;
#3443 = CYLINDRICAL_SURFACE ( 'NONE', #9104, 2.000000000000000000 ) ;
#3444 = AXIS2_PLACEMENT_3D ( 'NONE', #6168, #6849, #3294 ) ;
#3445 = VERTEX_POINT ( 'NONE', #6361 ) ;
#3446 = FACE_OUTER_BOUND ( 'NONE', #1953, .T. ) ;
#3447 = CARTESIAN_POINT ( 'NONE',  ( 49.32399612951925860, 1.500000000000000888, -5.500000000000005329 ) ) ;
#3448 = CARTESIAN_POINT ( 'NONE',  ( 120.0000000000000000, 12.50000000000000000, -13.50000000000000178 ) ) ;
#3449 = ORIENTED_EDGE ( 'NONE', *, *, #3390, .T. ) ;
#3450 = CARTESIAN_POINT ( 'NONE',  ( 132.0053531076936792, -1.818189861142545327, 0.8282639050280091730 ) ) ;
#3451 = ORIENTED_EDGE ( 'NONE', *, *, #702, .T. ) ;
#3452 = VERTEX_POINT ( 'NONE', #4209 ) ;
#3453 = CARTESIAN_POINT ( 'NONE',  ( 12.53700147777826501, -4.042296414261335791, 35.00000000000000000 ) ) ;
#3454 = CARTESIAN_POINT ( 'NONE',  ( 17.99999999999996447, 7.000000000000002665, 30.02221399786057887 ) ) ;
#3455 = CARTESIAN_POINT ( 'NONE',  ( 23.01721694194864298, 5.020205316615389712, 21.77108725834627734 ) ) ;
#3456 = ADVANCED_FACE ( 'NONE', ( #7656 ), #4569, .T. ) ;
#3457 = CIRCLE ( 'NONE', #2362, 33.00000000000000000 ) ;
#3458 = ORIENTED_EDGE ( 'NONE', *, *, #4995, .F. ) ;
#3459 = ORIENTED_EDGE ( 'NONE', *, *, #3623, .T. ) ;
#3460 = ORIENTED_EDGE ( 'NONE', *, *, #393, .F. ) ;
#3461 = CARTESIAN_POINT ( 'NONE',  ( 32.66933226838622062, 5.028316117009556940, 4.604026603769050929 ) ) ;
#3462 = AXIS2_PLACEMENT_3D ( 'NONE', #7769, #3410, #5605 ) ;
#3463 = DIRECTION ( 'NONE',  ( 0.0000000000000000000, 0.0000000000000000000, -1.000000000000000000 ) ) ;
#3464 = CARTESIAN_POINT ( 'NONE',  ( 104.5228874831234407, -3.500000000000000888, -5.719177225785468721 ) ) ;
#3465 = DIRECTION ( 'NONE',  ( 0.0000000000000000000, 1.000000000000000000, -0.0000000000000000000 ) ) ;
#3466 = DIRECTION ( 'NONE',  ( 1.677606415994443309E-17, 0.0000000000000000000, -1.000000000000000000 ) ) ;
#3467 = CARTESIAN_POINT ( 'NONE',  ( 32.87527367099460207, -5.757150731948796007, -2.867944970064590482 ) ) ;
#3468 = PLANE ( 'NONE',  #6098 ) ;
#3469 = CIRCLE ( 'NONE', #2846, 3.000000000000000000 ) ;
#3470 = EDGE_CURVE ( 'NONE', #4988, #3135, #5359, .T. ) ;
#3471 = DIRECTION ( 'NONE',  ( 0.0000000000000000000, 0.0000000000000000000, 1.000000000000000000 ) ) ;
#3472 = CARTESIAN_POINT ( 'NONE',  ( 49.32399612951925860, -4.000000000000000888, 7.500000000000000888 ) ) ;
#3473 = DIRECTION ( 'NONE',  ( 3.784851220313033947E-15, 0.0000000000000000000, 1.000000000000000000 ) ) ;
#3474 = CARTESIAN_POINT ( 'NONE',  ( 32.11308144666281805, -5.000000000000000888, -5.000000000000000888 ) ) ;
#3475 = FACE_OUTER_BOUND ( 'NONE', #2137, .T. ) ;
#3476 = CARTESIAN_POINT ( 'NONE',  ( 132.0889267609549051, 2.000070563085770026, 0.06238812077027790920 ) ) ;
#3477 = AXIS2_PLACEMENT_3D ( 'NONE', #6414, #2036, #766 ) ;
#3478 = CARTESIAN_POINT ( 'NONE',  ( 133.4434714944586062, 3.245311385382482872, -1.240103095961607282 ) ) ;
#3479 = DIRECTION ( 'NONE',  ( -1.000000000000000000, 0.0000000000000000000, 0.0000000000000000000 ) ) ;
#3480 =( BOUNDED_CURVE ( )  B_SPLINE_CURVE ( 3, ( #61, #154, #8122, #7378 ),
 .UNSPECIFIED., .F., .F. ) 
 B_SPLINE_CURVE_WITH_KNOTS ( ( 4, 4 ),
 ( 1.315247190375579800, 1.505535450373613360 ),
 .UNSPECIFIED. ) 
 CURVE ( )  GEOMETRIC_REPRESENTATION_ITEM ( )  RATIONAL_B_SPLINE_CURVE ( ( 1.000000000000000000, 0.9969848071011846447, 0.9969848071011846447, 1.000000000000000000 ) ) 
 REPRESENTATION_ITEM ( '' )  );
#3481 = CARTESIAN_POINT ( 'NONE',  ( 22.14648506759957058, 5.188057535505778084, -21.91033178175674578 ) ) ;
#3482 = CARTESIAN_POINT ( 'NONE',  ( 131.9295205005230684, 1.640477923604030108, -1.143182815502624017 ) ) ;
#3483 = CARTESIAN_POINT ( 'NONE',  ( 18.00000000000000000, 7.000000000000002665, 30.02221399786055045 ) ) ;
#3484 = CIRCLE ( 'NONE', #5568, 2.000000000000000444 ) ;
#3485 = CARTESIAN_POINT ( 'NONE',  ( 24.99999999999997513, 5.510910596163090542E-16, 23.50000000000003197 ) ) ;
#3486 = CARTESIAN_POINT ( 'NONE',  ( 23.24002542929024173, 5.000000000000000888, 21.75500200160163544 ) ) ;
#3487 = EDGE_CURVE ( 'NONE', #8500, #321, #1870, .T. ) ;
#3488 = AXIS2_PLACEMENT_3D ( 'NONE', #4424, #6652, #114 ) ;
#3489 = LINE ( 'NONE', #3198, #8357 ) ;
#3490 = DIRECTION ( 'NONE',  ( 0.0000000000000000000, 0.0000000000000000000, 1.000000000000000000 ) ) ;
#3491 = CARTESIAN_POINT ( 'NONE',  ( 32.87527367099460207, -5.757150731948795119, 2.867944970064625121 ) ) ;
#3492 = CARTESIAN_POINT ( 'NONE',  ( 14.35672482424866203, 4.012368233432360043, 35.00000000000000000 ) ) ;
#3493 = CARTESIAN_POINT ( 'NONE',  ( 26.01968164206198963, -5.000000000000000888, -21.75500200160157505 ) ) ;
#3494 = EDGE_CURVE ( 'NONE', #908, #5492, #9347, .T. ) ;
#3495 = EDGE_CURVE ( 'NONE', #3452, #3886, #5139, .T. ) ;
#3496 = CIRCLE ( 'NONE', #7123, 30.00000000000000000 ) ;
#3497 = CARTESIAN_POINT ( 'NONE',  ( 19.09893790797643121, -7.000000000000002665, 25.92364028572990620 ) ) ;
#3498 = CARTESIAN_POINT ( 'NONE',  ( 21.13551371961427705, 5.788748658388476187, -22.47255953293905151 ) ) ;
#3499 = ADVANCED_FACE ( 'NONE', ( #2421 ), #2201, .T. ) ;
#3500 = ORIENTED_EDGE ( 'NONE', *, *, #2300, .F. ) ;
#3501 = CARTESIAN_POINT ( 'NONE',  ( 27.02896299931621371, 4.798549047962357150, 21.59807379929791793 ) ) ;
#3502 = AXIS2_PLACEMENT_3D ( 'NONE', #4949, #9327, #7812 ) ;
#3503 = CARTESIAN_POINT ( 'NONE',  ( 132.0807918304939790, 1.983167048540499078, 0.2574492889926429662 ) ) ;
#3504 = LINE ( 'NONE', #6174, #1355 ) ;
#3505 = EDGE_LOOP ( 'NONE', ( #2279, #7857, #8634, #854 ) ) ;
#3506 = EDGE_CURVE ( 'NONE', #2150, #5792, #1975, .T. ) ;
#3507 = DIRECTION ( 'NONE',  ( 0.8660254037844380415, -0.0000000000000000000, 0.5000000000000013323 ) ) ;
#3508 = ORIENTED_EDGE ( 'NONE', *, *, #9184, .T. ) ;
#3509 = CARTESIAN_POINT ( 'NONE',  ( 132.0885235719231048, 1.999243719298619215, 0.06312502193799345018 ) ) ;
#3510 = CARTESIAN_POINT ( 'NONE',  ( 12.90106209202365761, 5.000000000000000888, 29.50198555647411780 ) ) ;
#3511 = VERTEX_POINT ( 'NONE', #6290 ) ;
#3512 = CARTESIAN_POINT ( 'NONE',  ( 0.0000000000000000000, 12.50000000000000000, 0.0000000000000000000 ) ) ;
#3513 = AXIS2_PLACEMENT_3D ( 'NONE', #9363, #7152, #4320 ) ;
#3514 = ORIENTED_EDGE ( 'NONE', *, *, #3275, .T. ) ;
#3515 = ORIENTED_EDGE ( 'NONE', *, *, #7639, .T. ) ;
#3516 = CARTESIAN_POINT ( 'NONE',  ( 28.51304367304959086, -4.525154242321884013, -16.61343855132848191 ) ) ;
#3517 = ORIENTED_EDGE ( 'NONE', *, *, #1194, .T. ) ;
#3518 = CARTESIAN_POINT ( 'NONE',  ( 17.99999999999996092, -7.740197061241844700, 30.02221399786057177 ) ) ;
#3519 = CARTESIAN_POINT ( 'NONE',  ( 32.85250197501832758, -5.396006301026678109, 3.118871955988843148 ) ) ;
#3520 = CARTESIAN_POINT ( 'NONE',  ( 27.38817281628099920, 4.632815849886467774, -21.47714654572055082 ) ) ;
#3521 = CARTESIAN_POINT ( 'NONE',  ( 11.08157604679221997, 4.000000008605690383, 35.00000000000000000 ) ) ;
#3522 = VECTOR ( 'NONE', #8526, 1000.000000000000000 ) ;
#3523 = CARTESIAN_POINT ( 'NONE',  ( 110.2119209350449864, 5.729146074822311974, 9.300825296076304483 ) ) ;
#3524 = VERTEX_POINT ( 'NONE', #2712 ) ;
#3525 = CARTESIAN_POINT ( 'NONE',  ( 131.6912922487113065, 0.8858625318629437251, -1.791843110644085968 ) ) ;
#3526 = VERTEX_POINT ( 'NONE', #7799 ) ;
#3527 = AXIS2_PLACEMENT_3D ( 'NONE', #6450, #7147, #3471 ) ;
#3528 = CARTESIAN_POINT ( 'NONE',  ( 28.07547065292714450, -4.812220495929863340, 17.14144127481258550 ) ) ;
#3529 = CARTESIAN_POINT ( 'NONE',  ( 17.99999999999995737, 4.000000000000000888, 34.00000000000000000 ) ) ;
#3530 = CARTESIAN_POINT ( 'NONE',  ( 33.61037930022913400, 5.969363148851226875, -3.261067713682747726 ) ) ;
#3531 = ORIENTED_EDGE ( 'NONE', *, *, #8877, .F. ) ;
#3532 = DIRECTION ( 'NONE',  ( 0.0000000000000000000, 1.000000000000000000, 0.0000000000000000000 ) ) ;
#3533 = CARTESIAN_POINT ( 'NONE',  ( 32.34976137164331789, -5.671997017531065666, -3.498835912851406604 ) ) ;
#3534 = CIRCLE ( 'NONE', #6483, 3.000000000000002665 ) ;
#3535 = ORIENTED_EDGE ( 'NONE', *, *, #3013, .T. ) ;
#3536 = CARTESIAN_POINT ( 'NONE',  ( 132.0113196658873278, 1.832557466829250581, -0.7973822442289304480 ) ) ;
#3537 = CARTESIAN_POINT ( 'NONE',  ( 133.0423807885940448, 1.421795526295529077, 3.485509724668849341 ) ) ;
#3538 = ORIENTED_EDGE ( 'NONE', *, *, #6564, .T. ) ;
#3539 = CIRCLE ( 'NONE', #868, 2.000000000000000000 ) ;
#3540 = CARTESIAN_POINT ( 'NONE',  ( 132.0869577788110973, 1.995997097146315458, 0.1286275225493909435 ) ) ;
#3541 = CARTESIAN_POINT ( 'NONE',  ( 13.26512270626904666, -4.042296414261336679, 35.00000000000000711 ) ) ;
#3542 = DIRECTION ( 'NONE',  ( 0.0000000000000000000, 0.0000000000000000000, -1.000000000000000000 ) ) ;
#3543 = VERTEX_POINT ( 'NONE', #4106 ) ;
#3544 = CARTESIAN_POINT ( 'NONE',  ( 28.51304367304962639, 4.525154242321887565, 16.61343855132841796 ) ) ;
#3545 = ADVANCED_FACE ( 'NONE', ( #1293 ), #1642, .F. ) ;
#3546 = ORIENTED_EDGE ( 'NONE', *, *, #2393, .T. ) ;
#3547 = ORIENTED_EDGE ( 'NONE', *, *, #7369, .T. ) ;
#3548 = ORIENTED_EDGE ( 'NONE', *, *, #5175, .F. ) ;
#3549 = VERTEX_POINT ( 'NONE', #4986 ) ;
#3550 = EDGE_CURVE ( 'NONE', #5378, #7398, #9117, .T. ) ;
#3551 = CARTESIAN_POINT ( 'NONE',  ( 38.80420133656395620, 0.8253164256750687988, 12.77209025134494347 ) ) ;
#3552 = CARTESIAN_POINT ( 'NONE',  ( 25.54272524794506083, -5.000000000000000888, -20.09525284508737997 ) ) ;
#3553 = DIRECTION ( 'NONE',  ( 0.0000000000000000000, 0.0000000000000000000, -1.000000000000000000 ) ) ;
#3554 = CARTESIAN_POINT ( 'NONE',  ( 0.0000000000000000000, 12.50000000000000000, 0.0000000000000000000 ) ) ;
#3555 = VECTOR ( 'NONE', #5749, 1000.000000000000000 ) ;
#3556 = CARTESIAN_POINT ( 'NONE',  ( 131.9589508404987157, -0.5232047934786789867, -1.999799152568314753 ) ) ;
#3557 = EDGE_LOOP ( 'NONE', ( #8719, #1515, #1363, #3801 ) ) ;
#3558 = DIRECTION ( 'NONE',  ( 0.0000000000000000000, -1.000000000000000000, 0.0000000000000000000 ) ) ;
#3559 = CIRCLE ( 'NONE', #7905, 1.000000000000000888 ) ;
#3560 = ORIENTED_EDGE ( 'NONE', *, *, #6187, .T. ) ;
#3561 = CARTESIAN_POINT ( 'NONE',  ( 131.5921903639874131, -0.0008263741906767844200, -1.999999829242516736 ) ) ;
#3562 = ORIENTED_EDGE ( 'NONE', *, *, #1709, .F. ) ;
#3563 = AXIS2_PLACEMENT_3D ( 'NONE', #9071, #482, #5534 ) ;
#3564 = CARTESIAN_POINT ( 'NONE',  ( 35.24284476559819979, 0.8106705740687486506, 11.48004857535057610 ) ) ;
#3565 = CARTESIAN_POINT ( 'NONE',  ( 34.04632572955582503, 6.524247662542435933, -3.042894998125306838 ) ) ;
#3566 = EDGE_CURVE ( 'NONE', #1971, #473, #2651, .T. ) ;
#3567 = CARTESIAN_POINT ( 'NONE',  ( 8.116411109992025530, 12.50000000000000000, -28.95357605663032174 ) ) ;
#3568 = VECTOR ( 'NONE', #1312, 1000.000000000000000 ) ;
#3569 = CARTESIAN_POINT ( 'NONE',  ( 49.32399612951925860, 4.000000000000000888, 7.500000000000004441 ) ) ;
#3570 = ORIENTED_EDGE ( 'NONE', *, *, #8286, .F. ) ;
#3571 = FACE_OUTER_BOUND ( 'NONE', #936, .T. ) ;
#3572 = ORIENTED_EDGE ( 'NONE', *, *, #8131, .F. ) ;
#3573 = CARTESIAN_POINT ( 'NONE',  ( 131.8315909119604612, 1.381539938236192810, -1.446153024433903811 ) ) ;
#3574 = CARTESIAN_POINT ( 'NONE',  ( 133.1890940245299362, 2.260284346826106017, -2.880904627488347636 ) ) ;
#3575 = ORIENTED_EDGE ( 'NONE', *, *, #1813, .T. ) ;
#3576 = CARTESIAN_POINT ( 'NONE',  ( 22.14648506759960256, 5.188057535505754103, 21.91033178175677776 ) ) ;
#3577 = AXIS2_PLACEMENT_3D ( 'NONE', #4980, #650, #5726 ) ;
#3578 = DIRECTION ( 'NONE',  ( 1.000000000000000000, -0.0000000000000000000, -0.0000000000000000000 ) ) ;
#3579 = PRESENTATION_LAYER_ASSIGNMENT (  '', '', ( #1141 ) ) ;
#3580 = VECTOR ( 'NONE', #3507, 999.9999999999997726 ) ;
#3581 = CARTESIAN_POINT ( 'NONE',  ( 131.7866079197315230, 1.245560911987994901, -1.564433436917346709 ) ) ;
#3582 = CARTESIAN_POINT ( 'NONE',  ( 133.2621236358352519, 2.581001850552281596, 2.525058617225279800 ) ) ;
#3583 = ORIENTED_EDGE ( 'NONE', *, *, #5622, .F. ) ;
#3584 = CARTESIAN_POINT ( 'NONE',  ( 0.0000000000000000000, -1.500000000000000888, 0.0000000000000000000 ) ) ;
#3585 = EDGE_CURVE ( 'NONE', #3143, #3986, #8779, .T. ) ;
#3586 = CYLINDRICAL_SURFACE ( 'NONE', #5018, 2.000000000000000000 ) ;
#3587 = CARTESIAN_POINT ( 'NONE',  ( 39.05687522811108181, 0.2244206921035105939, 12.61927336776759034 ) ) ;
#3588 = VERTEX_POINT ( 'NONE', #2839 ) ;
#3589 = AXIS2_PLACEMENT_3D ( 'NONE', #3833, #8110, #3004 ) ;
#3590 = CARTESIAN_POINT ( 'NONE',  ( 0.0000000000000000000, 3.500000000000000888, 0.0000000000000000000 ) ) ;
#3591 = CARTESIAN_POINT ( 'NONE',  ( 111.7886404852365416, 4.933794438842254770, 10.75755933269961062 ) ) ;
#3592 = CARTESIAN_POINT ( 'NONE',  ( 32.16665785485057683, 4.525641703473033850, -4.642857142857144126 ) ) ;
#3593 = CARTESIAN_POINT ( 'NONE',  ( 13.27866581254680156, 5.028197609507556898, -34.16732851882471067 ) ) ;
#3594 = CARTESIAN_POINT ( 'NONE',  ( 101.0263340389897166, -4.000000000000000888, 8.500000000000000000 ) ) ;
#3595 = CARTESIAN_POINT ( 'NONE',  ( 131.7787209564942259, 1.219913710342901192, -1.584344487385790812 ) ) ;
#3596 = TOROIDAL_SURFACE ( 'NONE', #4712, 26.00000000000000355, 1.000000000000000000 ) ;
#3597 = CARTESIAN_POINT ( 'NONE',  ( 8.116411109992025530, 23.43849360530937176, 30.95357605663032174 ) ) ;
#3598 = CARTESIAN_POINT ( 'NONE',  ( 131.5921904927724029, 0.0007256535735481483597, 2.000000000000000000 ) ) ;
#3599 = ADVANCED_FACE ( 'NONE', ( #7448 ), #3443, .F. ) ;
#3600 = CARTESIAN_POINT ( 'NONE',  ( 15.40106209202367182, -7.000000000000002665, 33.83211257539631589 ) ) ;
#3601 = DIRECTION ( 'NONE',  ( 0.0000000000000000000, 0.0000000000000000000, 1.000000000000000000 ) ) ;
#3602 = ORIENTED_EDGE ( 'NONE', *, *, #8287, .F. ) ;
#3603 =( BOUNDED_SURFACE ( )  B_SPLINE_SURFACE ( 3, 2, ( 
 ( #819, #113, #1648 ),
 ( #2366, #5923, #6711 ),
 ( #7431, #3058, #1578 ),
 ( #5959, #7462, #2305 ) ),
 .UNSPECIFIED., .F., .F., .F. ) 
 B_SPLINE_SURFACE_WITH_KNOTS ( ( 4, 4 ),
 ( 3, 3 ),
 ( 0.0000000000000000000, 0.0003620482687149084115 ),
 ( 0.0000000000000000000, 1.000000000000000000 ),
 .UNSPECIFIED. ) 
 GEOMETRIC_REPRESENTATION_ITEM ( )  RATIONAL_B_SPLINE_SURFACE ( (
 ( 1.000000000000000000, 0.7142857142857141906, 1.000000000000000000),
 ( 1.000000000000000000, 0.7120971517424143915, 1.000000000000000000),
 ( 1.000000000000000000, 0.7097077631426663702, 1.000000000000000000),
 ( 1.000000000000000000, 0.7071067811865476838, 1.000000000000000000) ) ) 
 REPRESENTATION_ITEM ( '' )  SURFACE ( )  );
#3604 = CARTESIAN_POINT ( 'NONE',  ( 131.9876714222814087, 1.778877112824081452, -0.9115655721788297194 ) ) ;
#3605 = AXIS2_PLACEMENT_3D ( 'NONE', #8394, #6131, #3293 ) ;
#3606 = CARTESIAN_POINT ( 'NONE',  ( 49.32399612951925860, 3.500000000000000888, -5.500000000000005329 ) ) ;
#3607 = CIRCLE ( 'NONE', #2116, 2.000000000000001776 ) ;
#3608 = ORIENTED_EDGE ( 'NONE', *, *, #8892, .T. ) ;
#3609 = DIRECTION ( 'NONE',  ( -0.0000000000000000000, 1.000000000000000000, -0.0000000000000000000 ) ) ;
#3610 = CARTESIAN_POINT ( 'NONE',  ( 131.8826677755612877, 1.521443689581886582, -1.298248343383743952 ) ) ;
#3611 = CARTESIAN_POINT ( 'NONE',  ( 133.4707645024816713, 3.338682356232982595, 1.002953176448349470 ) ) ;
#3612 = LINE ( 'NONE', #4058, #299 ) ;
#3613 = CARTESIAN_POINT ( 'NONE',  ( 32.16665785485058393, 5.020513362778428856, 4.714285714285716189 ) ) ;
#3614 = VERTEX_POINT ( 'NONE', #4300 ) ;
#3615 = AXIS2_PLACEMENT_3D ( 'NONE', #7028, #8507, #7060 ) ;
#3616 = FACE_OUTER_BOUND ( 'NONE', #6796, .T. ) ;
#3617 = CARTESIAN_POINT ( 'NONE',  ( 133.4638408927759770, -3.312468811410732350, -0.9946878505126892644 ) ) ;
#3618 = CARTESIAN_POINT ( 'NONE',  ( 70.00000000000000000, 5.000000000000000888, -64.02475001521551690 ) ) ;
#3619 = CARTESIAN_POINT ( 'NONE',  ( 111.6609704909632370, 4.713683152710762769, 10.65773810419370982 ) ) ;
#3620 = DIRECTION ( 'NONE',  ( 0.1414213562373085042, 0.1414213562373089761, 0.9797958971132715300 ) ) ;
#3621 = VERTEX_POINT ( 'NONE', #5020 ) ;
#3622 = PLANE ( 'NONE',  #7058 ) ;
#3623 = EDGE_CURVE ( 'NONE', #1585, #4302, #3838, .T. ) ;
#3624 = CARTESIAN_POINT ( 'NONE',  ( 0.0000000000000000000, -1.500000000000000888, 0.0000000000000000000 ) ) ;
#3625 = EDGE_CURVE ( 'NONE', #7517, #3093, #8209, .T. ) ;
#3626 = CARTESIAN_POINT ( 'NONE',  ( 131.8826677755612877, 1.521443689581886582, -1.298248343383743952 ) ) ;
#3627 = EDGE_CURVE ( 'NONE', #4420, #7766, #7228, .T. ) ;
#3628 = CARTESIAN_POINT ( 'NONE',  ( 15.08460647348984907, 5.000000000000000888, 34.00000000000000000 ) ) ;
#3629 = DIRECTION ( 'NONE',  ( -1.000000000000000000, -0.0000000000000000000, 1.356728424568866558E-16 ) ) ;
#3630 = FACE_OUTER_BOUND ( 'NONE', #6715, .T. ) ;
#3631 = DIRECTION ( 'NONE',  ( 0.0000000000000000000, -1.000000000000000000, 0.0000000000000000000 ) ) ;
#3632 = DIRECTION ( 'NONE',  ( 0.0000000000000000000, -1.000000000000000000, 0.0000000000000000000 ) ) ;
#3633 = VERTEX_POINT ( 'NONE', #2806 ) ;
#3634 = AXIS2_PLACEMENT_3D ( 'NONE', #1021, #8367, #6097 ) ;
#3635 = ORIENTED_EDGE ( 'NONE', *, *, #177, .F. ) ;
#3636 = CARTESIAN_POINT ( 'NONE',  ( 131.7964953660859351, 1.276160146672655538, 1.539555433687769037 ) ) ;
#3637 = CARTESIAN_POINT ( 'NONE',  ( 132.9707593201044347, 0.7223789994261627934, -3.742935724067264935 ) ) ;
#3638 = CARTESIAN_POINT ( 'NONE',  ( 20.97875540234648639, 6.124615828481919877, 22.85156674431040713 ) ) ;
#3639 = ORIENTED_EDGE ( 'NONE', *, *, #5870, .F. ) ;
#3640 = FACE_OUTER_BOUND ( 'NONE', #5160, .T. ) ;
#3641 = DIRECTION ( 'NONE',  ( 1.000000000000000000, 0.0000000000000000000, 1.356728424568866558E-16 ) ) ;
#3642 = CARTESIAN_POINT ( 'NONE',  ( 19.09893790797643121, 7.000000000000002665, -25.92364028572990620 ) ) ;
#3643 = VERTEX_POINT ( 'NONE', #7187 ) ;
#3644 = CARTESIAN_POINT ( 'NONE',  ( 131.6004490049505762, 0.2565955546259464093, -1.983854942184628323 ) ) ;
#3645 = EDGE_CURVE ( 'NONE', #3614, #4368, #41, .T. ) ;
#3646 = DIRECTION ( 'NONE',  ( -0.0000000000000000000, -1.000000000000000000, -0.0000000000000000000 ) ) ;
#3647 = DIRECTION ( 'NONE',  ( 1.677606415994440536E-17, 0.0000000000000000000, -1.000000000000000000 ) ) ;
#3648 = CARTESIAN_POINT ( 'NONE',  ( 28.40486860695902394, 4.663636174768001297, 16.74442132632415081 ) ) ;
#3649 = ADVANCED_FACE ( 'NONE', ( #7992 ), #6876, .T. ) ;
#3650 = AXIS2_PLACEMENT_3D ( 'NONE', #1962, #8414, #4049 ) ;
#3651 = B_SPLINE_CURVE_WITH_KNOTS ( 'NONE', 3,
 ( #1563, #127, #2986, #4469, #3043, #2952, #4404, #3789, #5130, #8872, #1624, #8096, #8754, #5186, #5937, #3723 ),
 .UNSPECIFIED., .F., .F.,
 ( 4, 2, 2, 2, 2, 2, 2, 4 ),
 ( 0.0000000000000000000, 0.0007923837875667292998, 0.001188575681350093624, 0.001584767575133457949, 0.001980959468916822491, 0.002377151362700187683, 0.002773343256483552441, 0.003169535150266918500 ),
 .UNSPECIFIED. ) ;
#3652 = FACE_OUTER_BOUND ( 'NONE', #9093, .T. ) ;
#3653 = ORIENTED_EDGE ( 'NONE', *, *, #758, .T. ) ;
#3654 = CARTESIAN_POINT ( 'NONE',  ( 70.00000000000000000, 1.500000000000000888, -64.02475001521551690 ) ) ;
#3655 = CARTESIAN_POINT ( 'NONE',  ( 133.4999945183609213, -3.429613344625854765, 0.06377801414395484203 ) ) ;
#3656 = EDGE_CURVE ( 'NONE', #478, #5089, #3101, .T. ) ;
#3657 = CARTESIAN_POINT ( 'NONE',  ( 112.4984612256779997, 4.348754144717312364, 11.26621818215915738 ) ) ;
#3658 = CARTESIAN_POINT ( 'NONE',  ( 22.14648506759957058, 5.188057535505778084, -21.91033178175674578 ) ) ;
#3659 = ORIENTED_EDGE ( 'NONE', *, *, #6699, .T. ) ;
#3660 = LINE ( 'NONE', #7190, #8863 ) ;
#3661 = ORIENTED_EDGE ( 'NONE', *, *, #7359, .F. ) ;
#3662 = AXIS2_PLACEMENT_3D ( 'NONE', #898, #927, #8157 ) ;
#3663 = CARTESIAN_POINT ( 'NONE',  ( 131.5921905604533890, 0.001451285836329912734, 1.999999589747706086 ) ) ;
#3664 = VERTEX_POINT ( 'NONE', #6731 ) ;
#3665 = DIRECTION ( 'NONE',  ( 0.0000000000000000000, 1.000000000000000000, 0.0000000000000000000 ) ) ;
#3666 = CARTESIAN_POINT ( 'NONE',  ( 131.9535123506114758, -1.697792920791934446, 1.056439015715016971 ) ) ;
#3667 = DIRECTION ( 'NONE',  ( 0.0000000000000000000, 0.0000000000000000000, -1.000000000000000000 ) ) ;
#3668 = ORIENTED_EDGE ( 'NONE', *, *, #2575, .F. ) ;
#3669 = CARTESIAN_POINT ( 'NONE',  ( 104.7297295151357019, -5.000000000000000888, -6.250507124952557447 ) ) ;
#3670 = CARTESIAN_POINT ( 'NONE',  ( 133.2070022227937045, 2.342855028594108990, -2.797660587600995008 ) ) ;
#3671 = ORIENTED_EDGE ( 'NONE', *, *, #8227, .F. ) ;
#3672 = TOROIDAL_SURFACE ( 'NONE', #6660, 32.00000000000000000, 2.000000000000000000 ) ;
#3673 = EDGE_CURVE ( 'NONE', #4971, #9195, #3684, .T. ) ;
#3674 = ORIENTED_EDGE ( 'NONE', *, *, #2082, .T. ) ;
#3675 = VERTEX_POINT ( 'NONE', #8139 ) ;
#3676 = FACE_OUTER_BOUND ( 'NONE', #599, .T. ) ;
#3677 = CARTESIAN_POINT ( 'NONE',  ( 120.0000000000000000, 12.50000000000000000, -13.50000000000000178 ) ) ;
#3678 = CARTESIAN_POINT ( 'NONE',  ( 131.5926018782502069, 0.06345857700979540272, -1.999208164427180856 ) ) ;
#3679 = EDGE_LOOP ( 'NONE', ( #1929, #6599, #9297, #2616 ) ) ;
#3680 = VERTEX_POINT ( 'NONE', #5232 ) ;
#3681 = CARTESIAN_POINT ( 'NONE',  ( 132.9547232168986568, 0.4522967659425066733, 3.798068093608126361 ) ) ;
#3682 = DIRECTION ( 'NONE',  ( 0.0000000000000000000, -1.000000000000000000, 0.0000000000000000000 ) ) ;
#3683 = DIRECTION ( 'NONE',  ( -1.209068259567990048E-15, 0.0000000000000000000, 1.000000000000000000 ) ) ;
#3684 = LINE ( 'NONE', #175, #1750 ) ;
#3685 = VERTEX_POINT ( 'NONE', #3773 ) ;
#3686 = LINE ( 'NONE', #1565, #2423 ) ;
#3687 = EDGE_CURVE ( 'NONE', #4070, #3201, #6309, .T. ) ;
#3688 = ORIENTED_EDGE ( 'NONE', *, *, #7875, .T. ) ;
#3689 = EDGE_LOOP ( 'NONE', ( #7602, #7774, #7231, #1925 ) ) ;
#3690 = ORIENTED_EDGE ( 'NONE', *, *, #7796, .T. ) ;
#3691 = CARTESIAN_POINT ( 'NONE',  ( 21.62106196434094585, -7.088485851613508082, -24.28694529430713089 ) ) ;
#3692 = CARTESIAN_POINT ( 'NONE',  ( 133.4965479820500605, -3.418502057369654512, -0.3116074379805853778 ) ) ;
#3693 = CARTESIAN_POINT ( 'NONE',  ( 32.80729287727922383, -4.982086250467645527, -3.564494108499233427 ) ) ;
#3694 = CARTESIAN_POINT ( 'NONE',  ( 110.2045495022386916, 5.732151414499184305, 9.293034504829677189 ) ) ;
#3695 = CARTESIAN_POINT ( 'NONE',  ( 0.0000000000000000000, 12.50000000000000000, 0.0000000000000000000 ) ) ;
#3696 = CARTESIAN_POINT ( 'NONE',  ( 32.11308144666281805, -4.500000000000000888, 5.000000000000000000 ) ) ;
#3697 = DIRECTION ( 'NONE',  ( -0.0000000000000000000, -1.000000000000000000, -0.0000000000000000000 ) ) ;
#3698 = CIRCLE ( 'NONE', #4122, 27.49999999999999645 ) ;
#3699 = CARTESIAN_POINT ( 'NONE',  ( 33.46008042938466787, -1.500000000000000888, -10.26757116649838686 ) ) ;
#3700 = VERTEX_POINT ( 'NONE', #720 ) ;
#3701 = AXIS2_PLACEMENT_3D ( 'NONE', #672, #2926, #4318 ) ;
#3702 = ORIENTED_EDGE ( 'NONE', *, *, #7179, .T. ) ;
#3703 = DIRECTION ( 'NONE',  ( -1.000000000000000000, 0.0000000000000000000, 0.0000000000000000000 ) ) ;
#3704 = ORIENTED_EDGE ( 'NONE', *, *, #7402, .F. ) ;
#3705 = CARTESIAN_POINT ( 'NONE',  ( 13.26512257322379185, -4.042296414261335791, -35.00000000000000000 ) ) ;
#3706 = ADVANCED_FACE ( 'NONE', ( #4125 ), #1525, .F. ) ;
#3707 = ADVANCED_FACE ( 'NONE', ( #1180 ), #5601, .T. ) ;
#3708 = DIRECTION ( 'NONE',  ( -0.0000000000000000000, 1.000000000000000000, 1.740523610644402991E-16 ) ) ;
#3709 = CIRCLE ( 'NONE', #1400, 28.00000000000000000 ) ;
#3710 = CARTESIAN_POINT ( 'NONE',  ( 131.5926251281906616, -0.06571006693029039780, -1.999157492807476455 ) ) ;
#3711 = CARTESIAN_POINT ( 'NONE',  ( 43.94823512319426584, 4.500000000000000888, 6.663564996043966460 ) ) ;
#3712 = AXIS2_PLACEMENT_3D ( 'NONE', #4789, #4756, #1220 ) ;
#3713 = CARTESIAN_POINT ( 'NONE',  ( 32.66152951415597983, 4.525641703473035626, 4.714285714285716189 ) ) ;
#3714 = CARTESIAN_POINT ( 'NONE',  ( 32.86335345030996535, -1.500000000000000888, 3.000000000000000888 ) ) ;
#3715 = VECTOR ( 'NONE', #8281, 1000.000000000000000 ) ;
#3716 = CARTESIAN_POINT ( 'NONE',  ( 21.29265927178764883, -6.850984917769558535, 23.86913984060295846 ) ) ;
#3717 = DIRECTION ( 'NONE',  ( 0.0000000000000000000, 0.0000000000000000000, 1.000000000000000000 ) ) ;
#3718 = CYLINDRICAL_SURFACE ( 'NONE', #5880, 1.000000000000000000 ) ;
#3719 = CARTESIAN_POINT ( 'NONE',  ( 133.3393735321856184, -2.880888829669713491, -2.076994272380566109 ) ) ;
#3720 = DIRECTION ( 'NONE',  ( 0.0000000000000000000, 0.0000000000000000000, -1.000000000000000000 ) ) ;
#3721 = CARTESIAN_POINT ( 'NONE',  ( 110.0923729745254178, 5.137330925422268990, 9.174377301375246319 ) ) ;
#3722 = CARTESIAN_POINT ( 'NONE',  ( 31.60696125855821847, 7.000000000000000888, 5.000000000000000000 ) ) ;
#3723 = CARTESIAN_POINT ( 'NONE',  ( 32.11308144666281805, -5.000000000000000888, 5.000000000000000888 ) ) ;
#3724 = DIRECTION ( 'NONE',  ( 0.0000000000000000000, -0.0000000000000000000, 1.000000000000000000 ) ) ;
#3725 = B_SPLINE_CURVE_WITH_KNOTS ( 'NONE', 1,
 ( #9125, #9088 ),
 .UNSPECIFIED., .F., .F.,
 ( 2, 2 ),
 ( 0.0000000000000000000, 1.000000000000000000 ),
 .UNSPECIFIED. ) ;
#3726 = SHAPE_DEFINITION_REPRESENTATION ( #2244, #514 ) ;
#3727 = DIRECTION ( 'NONE',  ( 1.000000000000000000, 0.0000000000000000000, 0.0000000000000000000 ) ) ;
#3728 = CARTESIAN_POINT ( 'NONE',  ( 0.0000000000000000000, -4.000000000000000000, 35.00000000000000000 ) ) ;
#3729 = CIRCLE ( 'NONE', #5434, 2.000000000000000000 ) ;
#3730 = CARTESIAN_POINT ( 'NONE',  ( 12.90106209202365761, -7.000000000000002665, -29.50198555647411780 ) ) ;
#3731 = ORIENTED_EDGE ( 'NONE', *, *, #8761, .F. ) ;
#3732 = CARTESIAN_POINT ( 'NONE',  ( 1.571788737438387200E-14, 12.50000000000000000, 22.00000000000000000 ) ) ;
#3733 = CARTESIAN_POINT ( 'NONE',  ( 131.6970575693713954, 0.9106168575371870189, 1.779212770160567114 ) ) ;
#3734 = AXIS2_PLACEMENT_3D ( 'NONE', #6955, #3305, #7698 ) ;
#3735 = CARTESIAN_POINT ( 'NONE',  ( 132.0565095590267504, -1.931712048187859798, -0.5172320384942691307 ) ) ;
#3736 = VECTOR ( 'NONE', #2327, 1000.000000000000000 ) ;
#3737 = ORIENTED_EDGE ( 'NONE', *, *, #460, .T. ) ;
#3738 = CARTESIAN_POINT ( 'NONE',  ( 70.00000000000000000, -4.500000000000000888, 64.02475001521551690 ) ) ;
#3739 = DIRECTION ( 'NONE',  ( 0.4135200774096139953, 0.0000000000000000000, -0.9104950003043107420 ) ) ;
#3740 = CARTESIAN_POINT ( 'NONE',  ( 14.72054813725533329, -4.000000008605691271, 35.00000000000000000 ) ) ;
#3741 = EDGE_CURVE ( 'NONE', #47, #2150, #5257, .T. ) ;
#3742 = CARTESIAN_POINT ( 'NONE',  ( 22.74837764801966600, 7.000000000000002665, -22.50580623712643913 ) ) ;
#3743 = CARTESIAN_POINT ( 'NONE',  ( 21.96480662198342770, -7.424624507255221495, 25.01339782507225351 ) ) ;
#3744 = CARTESIAN_POINT ( 'NONE',  ( 21.50146647703955338, -7.000000000000003553, 24.12701665379262650 ) ) ;
#3745 = ADVANCED_FACE ( 'NONE', ( #1417 ), #728, .F. ) ;
#3746 = CIRCLE ( 'NONE', #5236, 2.000000000000000000 ) ;
#3747 = ORIENTED_EDGE ( 'NONE', *, *, #4753, .T. ) ;
#3748 = ORIENTED_EDGE ( 'NONE', *, *, #7697, .T. ) ;
#3749 = CARTESIAN_POINT ( 'NONE',  ( 12.90106209202365761, -7.000000000000002665, 29.50198555647411780 ) ) ;
#3750 = CARTESIAN_POINT ( 'NONE',  ( 22.01285227611682771, -7.891297630613934189, -26.66838061746753752 ) ) ;
#3751 = CARTESIAN_POINT ( 'NONE',  ( 133.1810281002367162, -2.222274195700064237, -2.917563006034245454 ) ) ;
#3752 = CARTESIAN_POINT ( 'NONE',  ( 22.74837764801966600, -7.000000000000002665, 22.50580623712643913 ) ) ;
#3753 = CARTESIAN_POINT ( 'NONE',  ( 18.00000000000003197, -7.000000000000000888, -30.02221399786052913 ) ) ;
#3754 = DIRECTION ( 'NONE',  ( 0.0000000000000000000, 0.0000000000000000000, 1.000000000000000000 ) ) ;
#3755 = CIRCLE ( 'NONE', #8706, 2.000000000000001776 ) ;
#3756 = EDGE_CURVE ( 'NONE', #7798, #7423, #3809, .T. ) ;
#3757 = DIRECTION ( 'NONE',  ( 0.0000000000000000000, 0.0000000000000000000, -1.000000000000000000 ) ) ;
#3758 = EDGE_CURVE ( 'NONE', #2209, #2987, #4243, .T. ) ;
#3759 = ORIENTED_EDGE ( 'NONE', *, *, #6708, .F. ) ;
#3760 = ORIENTED_EDGE ( 'NONE', *, *, #160, .F. ) ;
#3761 = DIRECTION ( 'NONE',  ( 1.000000000000000000, 0.0000000000000000000, -0.0000000000000000000 ) ) ;
#3762 = CARTESIAN_POINT ( 'NONE',  ( 32.66152951415597272, 3.500000000000000888, 4.714285714285715301 ) ) ;
#3763 = CARTESIAN_POINT ( 'NONE',  ( 12.90106209202365761, -5.000000000000000888, 29.50198555647411780 ) ) ;
#3764 = EDGE_LOOP ( 'NONE', ( #1741, #1893, #3635, #4916 ) ) ;
#3765 = CARTESIAN_POINT ( 'NONE',  ( 101.0263340389897166, -3.500000000000000888, 5.500000000000001776 ) ) ;
#3766 = AXIS2_PLACEMENT_3D ( 'NONE', #4525, #5216, #5097 ) ;
#3767 = FACE_OUTER_BOUND ( 'NONE', #7861, .T. ) ;
#3768 = ORIENTED_EDGE ( 'NONE', *, *, #6638, .F. ) ;
#3769 = CARTESIAN_POINT ( 'NONE',  ( 131.9666179450243249, -1.729662053010239786, -1.002137485418440610 ) ) ;
#3770 = VERTEX_POINT ( 'NONE', #6709 ) ;
#3771 = EDGE_LOOP ( 'NONE', ( #5567, #7851, #8380, #1430 ) ) ;
#3772 = EDGE_CURVE ( 'NONE', #4205, #2548, #2191, .T. ) ;
#3773 = CARTESIAN_POINT ( 'NONE',  ( 18.00000000000002132, 0.0000000000000000000, -19.99999999999998224 ) ) ;
#3774 = DIRECTION ( 'NONE',  ( 0.0000000000000000000, -0.0000000000000000000, 1.000000000000000000 ) ) ;
#3775 = LINE ( 'NONE', #1452, #9311 ) ;
#3776 = CARTESIAN_POINT ( 'NONE',  ( 13.26512257322379185, -4.042296414261335791, 35.00000000000000000 ) ) ;
#3777 = CARTESIAN_POINT ( 'NONE',  ( 133.0038310396996053, 1.101834902349105860, -3.626544827074452026 ) ) ;
#3778 = ORIENTED_EDGE ( 'NONE', *, *, #939, .T. ) ;
#3779 = AXIS2_PLACEMENT_3D ( 'NONE', #6516, #50, #5732 ) ;
#3780 = VERTEX_POINT ( 'NONE', #7370 ) ;
#3781 =( BOUNDED_CURVE ( )  B_SPLINE_CURVE ( 3, ( #3454, #4180, #504, #6400 ),
 .UNSPECIFIED., .F., .F. ) 
 B_SPLINE_CURVE_WITH_KNOTS ( ( 4, 4 ),
 ( 3.141592653589793116, 4.712388980384689674 ),
 .UNSPECIFIED. ) 
 CURVE ( )  GEOMETRIC_REPRESENTATION_ITEM ( )  RATIONAL_B_SPLINE_CURVE ( ( 1.000000000000000000, 0.8047378541243649375, 0.8047378541243649375, 1.000000000000000000 ) ) 
 REPRESENTATION_ITEM ( '' )  );
#3782 = CIRCLE ( 'NONE', #2932, 2.000000000000001776 ) ;
#3783 = CARTESIAN_POINT ( 'NONE',  ( 32.86335345030996535, -3.500000000000000888, -3.000000000000000888 ) ) ;
#3784 = EDGE_LOOP ( 'NONE', ( #8765, #856, #3790, #4563, #7336 ) ) ;
#3785 = CARTESIAN_POINT ( 'NONE',  ( 132.9604207363345267, -0.5589909584586560953, 3.778569833101962150 ) ) ;
#3786 = EDGE_CURVE ( 'NONE', #847, #4377, #1861, .T. ) ;
#3787 = CARTESIAN_POINT ( 'NONE',  ( 104.5228874831234265, 4.641763970785181215, 5.719177225785473162 ) ) ;
#3788 = CARTESIAN_POINT ( 'NONE',  ( 109.0365544123062733, 4.959299527027198451, -9.091865155990385361 ) ) ;
#3789 = CARTESIAN_POINT ( 'NONE',  ( 32.32651808675942107, -5.487908503691907747, 3.684452644416092770 ) ) ;
#3790 = ORIENTED_EDGE ( 'NONE', *, *, #6816, .F. ) ;
#3791 = CARTESIAN_POINT ( 'NONE',  ( 18.00000000000000000, 5.000000000000000888, 34.00000000000000000 ) ) ;
#3792 = FACE_OUTER_BOUND ( 'NONE', #1288, .T. ) ;
#3793 = VERTEX_POINT ( 'NONE', #81 ) ;
#3794 = VERTEX_POINT ( 'NONE', #8080 ) ;
#3795 = AXIS2_PLACEMENT_3D ( 'NONE', #2863, #7908, #7970 ) ;
#3796 = DIRECTION ( 'NONE',  ( 0.0000000000000000000, 0.0000000000000000000, 1.000000000000000000 ) ) ;
#3797 = ADVANCED_FACE ( 'NONE', ( #3892 ), #252, .F. ) ;
#3798 = DIRECTION ( 'NONE',  ( 0.0000000000000000000, 0.0000000000000000000, -1.000000000000000000 ) ) ;
#3799 = SPHERICAL_SURFACE ( 'NONE', #4668, 2.000000000000000000 ) ;
#3800 = CARTESIAN_POINT ( 'NONE',  ( 33.84466521463788524, -1.703090210178019204, 4.090379960597926967 ) ) ;
#3801 = ORIENTED_EDGE ( 'NONE', *, *, #4138, .T. ) ;
#3802 = LINE ( 'NONE', #8856, #2870 ) ;
#3803 = CARTESIAN_POINT ( 'NONE',  ( 131.8758910569279692, -1.503929879524681823, -1.319791620153183631 ) ) ;
#3804 = ORIENTED_EDGE ( 'NONE', *, *, #8955, .T. ) ;
#3805 = ORIENTED_EDGE ( 'NONE', *, *, #6803, .F. ) ;
#3806 = EDGE_CURVE ( 'NONE', #5533, #3179, #9108, .T. ) ;
#3807 = DIRECTION ( 'NONE',  ( 0.0000000000000000000, 0.0000000000000000000, 1.000000000000000000 ) ) ;
#3808 = CARTESIAN_POINT ( 'NONE',  ( 10.71751771055746616, -5.000000000000001776, -34.00000000000000000 ) ) ;
#3809 = CIRCLE ( 'NONE', #7787, 13.50000000000000178 ) ;
#3810 = AXIS2_PLACEMENT_3D ( 'NONE', #760, #7350, #5126 ) ;
#3811 = CARTESIAN_POINT ( 'NONE',  ( 101.0263340389897166, -3.500000000000000888, 33.50000000000000000 ) ) ;
#3812 = DIRECTION ( 'NONE',  ( 1.000000000000000000, 0.0000000000000000000, 0.0000000000000000000 ) ) ;
#3813 = CARTESIAN_POINT ( 'NONE',  ( 28.65133233292577586, 3.120270919104564555, -16.44556557810177821 ) ) ;
#3814 = ORIENTED_EDGE ( 'NONE', *, *, #1673, .F. ) ;
#3815 = EDGE_CURVE ( 'NONE', #4493, #357, #2639, .T. ) ;
#3816 = CYLINDRICAL_SURFACE ( 'NONE', #9346, 1.000000000000000000 ) ;
#3817 = EDGE_CURVE ( 'NONE', #150, #5499, #8982, .T. ) ;
#3818 = CARTESIAN_POINT ( 'NONE',  ( 133.1893306598406639, -2.266562668132579450, 2.885069749097298963 ) ) ;
#3819 = CARTESIAN_POINT ( 'NONE',  ( 14.40106209202366827, 7.000000000000002665, 32.10006176782744092 ) ) ;
#3820 = ORIENTED_EDGE ( 'NONE', *, *, #7991, .F. ) ;
#3821 = CARTESIAN_POINT ( 'NONE',  ( 133.0566381164526888, 1.522976632342721626, 3.431899371677239241 ) ) ;
#3822 = DIRECTION ( 'NONE',  ( -1.000000000000000000, 0.0000000000000000000, -1.677606415994443309E-17 ) ) ;
#3823 = CARTESIAN_POINT ( 'NONE',  ( 21.28860175200237137, -7.000000000000002665, 23.87293985656782880 ) ) ;
#3824 = AXIS2_PLACEMENT_3D ( 'NONE', #189, #3098, #8176 ) ;
#3825 = CYLINDRICAL_SURFACE ( 'NONE', #2540, 12.99999999999999112 ) ;
#3826 = CARTESIAN_POINT ( 'NONE',  ( 104.6252815502753748, -4.955600254246121494, 5.989989512089608503 ) ) ;
#3827 = DIRECTION ( 'NONE',  ( 0.0000000000000000000, 1.000000000000000000, 0.0000000000000000000 ) ) ;
#3828 = CARTESIAN_POINT ( 'NONE',  ( 20.59893790797642765, 7.982970117485796102, -28.52171649708322576 ) ) ;
#3829 = CARTESIAN_POINT ( 'NONE',  ( 132.0869170501187568, -1.995902058866899642, 0.1289998795889828465 ) ) ;
#3830 = CARTESIAN_POINT ( 'NONE',  ( 131.9881600926728709, -1.778915820660499136, 0.9098947678395997718 ) ) ;
#3831 = FACE_OUTER_BOUND ( 'NONE', #8104, .T. ) ;
#3832 = AXIS2_PLACEMENT_3D ( 'NONE', #1493, #4432, #7288 ) ;
#3833 = CARTESIAN_POINT ( 'NONE',  ( 34.64101615137754919, 3.500000000000000888, 5.000000000000000888 ) ) ;
#3834 = CARTESIAN_POINT ( 'NONE',  ( 0.0000000000000000000, 5.000000000000000888, 0.0000000000000000000 ) ) ;
#3835 = CARTESIAN_POINT ( 'NONE',  ( 70.00000000000000000, 3.500000000000000888, 64.02475001521551690 ) ) ;
#3836 = CARTESIAN_POINT ( 'NONE',  ( 21.72376286396169931, -7.175531552849848005, 24.45716919357208852 ) ) ;
#3837 = LINE ( 'NONE', #8587, #304 ) ;
#3838 = B_SPLINE_CURVE_WITH_KNOTS ( 'NONE', 3,
 ( #6553, #5081, #9369, #4363, #2936, #2084, #1480, #683, #2117, #5823, #7915, #8022, #9336, #8673, #5760, #6586 ),
 .UNSPECIFIED., .F., .F.,
 ( 4, 2, 2, 2, 2, 2, 2, 4 ),
 ( 0.0000000000000000000, 0.0004064113099834779823, 0.0008128226199669559646, 0.001625645239933920169, 0.002032056549917396742, 0.002438467859900874182, 0.002844879169884350755, 0.003251290479867828195 ),
 .UNSPECIFIED. ) ;
#3839 = CARTESIAN_POINT ( 'NONE',  ( 133.0865743591669741, -1.717421688172938277, 3.315910791063222618 ) ) ;
#3840 = CARTESIAN_POINT ( 'NONE',  ( 104.4501000132606805, 3.054839270166640475, -5.661343493695558671 ) ) ;
#3841 = AXIS2_PLACEMENT_3D ( 'NONE', #7686, #9132, #1146 ) ;
#3842 = VECTOR ( 'NONE', #7491, 1000.000000000000000 ) ;
#3843 = CARTESIAN_POINT ( 'NONE',  ( 133.4721426316303621, 3.339653510804467818, -0.8755277861807289064 ) ) ;
#3844 = CARTESIAN_POINT ( 'NONE',  ( 128.7560348829383656, -0.03847728894574321823, -1.999616149632509110 ) ) ;
#3845 = CYLINDRICAL_SURFACE ( 'NONE', #3003, 2.000000000000000000 ) ;
#3846 = FACE_OUTER_BOUND ( 'NONE', #1368, .T. ) ;
#3847 = CARTESIAN_POINT ( 'NONE',  ( 12.90106209202365761, 23.43849360530937176, 29.50198555647411780 ) ) ;
#3848 = EDGE_LOOP ( 'NONE', ( #1046, #3460, #1123, #946 ) ) ;
#3849 = ORIENTED_EDGE ( 'NONE', *, *, #9017, .T. ) ;
#3850 = CARTESIAN_POINT ( 'NONE',  ( 38.00000000000000000, 1.500000000000000888, 5.000000000000000000 ) ) ;
#3851 = AXIS2_PLACEMENT_3D ( 'NONE', #7645, #1880, #436 ) ;
#3852 = CARTESIAN_POINT ( 'NONE',  ( 131.9936538294038826, -1.792555320429836341, -0.8859174458783909412 ) ) ;
#3853 = CARTESIAN_POINT ( 'NONE',  ( 131.6641229455778159, -0.7514877886474966573, 1.851819567015881685 ) ) ;
#3854 = ORIENTED_EDGE ( 'NONE', *, *, #7238, .F. ) ;
#3855 = FACE_OUTER_BOUND ( 'NONE', #5463, .T. ) ;
#3856 = CARTESIAN_POINT ( 'NONE',  ( 35.99161932504977557, -0.5395397956040339782, 14.59365497958788893 ) ) ;
#3857 = CARTESIAN_POINT ( 'NONE',  ( 18.85164659090046868, 7.868658824696296072, 29.53051560934973097 ) ) ;
#3858 = ORIENTED_EDGE ( 'NONE', *, *, #4419, .F. ) ;
#3859 = EDGE_CURVE ( 'NONE', #4438, #1971, #6300, .T. ) ;
#3860 = CARTESIAN_POINT ( 'NONE',  ( 29.63152617989832649, -7.000000000000002665, 4.687500000000000000 ) ) ;
#3861 = CARTESIAN_POINT ( 'NONE',  ( 31.75795664029584131, -1.683726884255817957, 12.53380763973516565 ) ) ;
#3862 = EDGE_LOOP ( 'NONE', ( #3433, #5448, #5836 ) ) ;
#3863 = EDGE_CURVE ( 'NONE', #3770, #6326, #1770, .T. ) ;
#3864 = TOROIDAL_SURFACE ( 'NONE', #8515, 5.000000000000000000, 2.000000000000000000 ) ;
#3865 = ORIENTED_EDGE ( 'NONE', *, *, #702, .F. ) ;
#3866 =( GEOMETRIC_REPRESENTATION_CONTEXT ( 3 ) GLOBAL_UNCERTAINTY_ASSIGNED_CONTEXT ( ( #7282 ) ) GLOBAL_UNIT_ASSIGNED_CONTEXT ( ( #6254, #7733, #4175 ) ) REPRESENTATION_CONTEXT ( 'NONE', 'WORKASPACE' ) );
#3867 = CARTESIAN_POINT ( 'NONE',  ( 133.0563723012737114, -1.519194684579376231, 3.432480459812048412 ) ) ;
#3868 = CARTESIAN_POINT ( 'NONE',  ( 0.0000000000000000000, -12.50000000000000000, -30.00000000000000000 ) ) ;
#3869 = DIRECTION ( 'NONE',  ( -1.000000000000000000, 0.0000000000000000000, -1.356728424568866558E-16 ) ) ;
#3870 = CARTESIAN_POINT ( 'NONE',  ( 128.9048749130668057, 1.999549304988578413, -0.5305015104247596813 ) ) ;
#3871 = VERTEX_POINT ( 'NONE', #350 ) ;
#3872 = CARTESIAN_POINT ( 'NONE',  ( 128.7982737056624956, 0.6440680924449984079, -1.895520939304540686 ) ) ;
#3873 = CIRCLE ( 'NONE', #5856, 4.500000000000000888 ) ;
#3874 = EDGE_LOOP ( 'NONE', ( #7841, #3115, #8420, #9340 ) ) ;
#3875 = PLANE ( 'NONE',  #9218 ) ;
#3876 = AXIS2_PLACEMENT_3D ( 'NONE', #7311, #56, #6772 ) ;
#3877 = ORIENTED_EDGE ( 'NONE', *, *, #5245, .T. ) ;
#3878 = CARTESIAN_POINT ( 'NONE',  ( 101.0263340389897166, -3.500000000000000888, -5.500000000000000888 ) ) ;
#3879 = FACE_OUTER_BOUND ( 'NONE', #5671, .T. ) ;
#3880 = CARTESIAN_POINT ( 'NONE',  ( 131.8999936119700180, -1.565475358787050242, 1.244287103326788602 ) ) ;
#3881 = ORIENTED_EDGE ( 'NONE', *, *, #6696, .T. ) ;
#3882 = EDGE_CURVE ( 'NONE', #4597, #2163, #483, .T. ) ;
#3883 = CARTESIAN_POINT ( 'NONE',  ( 21.62106196434096361, 7.088485851613508970, 24.28694529430717353 ) ) ;
#3884 = DIRECTION ( 'NONE',  ( 0.0000000000000000000, 0.0000000000000000000, 1.000000000000000000 ) ) ;
#3885 = DIRECTION ( 'NONE',  ( 0.0000000000000000000, 0.0000000000000000000, 1.000000000000000000 ) ) ;
#3886 = VERTEX_POINT ( 'NONE', #5296 ) ;
#3887 = CARTESIAN_POINT ( 'NONE',  ( 28.78796749743336036, -2.957605713721489504, 16.27923721256129497 ) ) ;
#3888 = DIRECTION ( 'NONE',  ( -0.0000000000000000000, 1.000000000000000000, -0.0000000000000000000 ) ) ;
#3889 = AXIS2_PLACEMENT_3D ( 'NONE', #7852, #2055, #8571 ) ;
#3890 = B_SPLINE_CURVE_WITH_KNOTS ( 'NONE', 3,
 ( #3123, #8894, #5153, #5889, #1552, #7373, #3011, #8808, #4516, #204, #1678, #3813, #941, #5275, #8085, #180 ),
 .UNSPECIFIED., .F., .F.,
 ( 4, 2, 2, 2, 2, 2, 2, 4 ),
 ( -1.130707763039909321E-05, 0.002118859461471229999, 0.004249026000572858966, 0.006379192539674488800, 0.007444275809225301549, 0.007976817444000708357, 0.008243088261388411761, 0.008509359078776115165 ),
 .UNSPECIFIED. ) ;
#3891 = ORIENTED_EDGE ( 'NONE', *, *, #7750, .T. ) ;
#3892 = FACE_OUTER_BOUND ( 'NONE', #3981, .T. ) ;
#3893 = ORIENTED_EDGE ( 'NONE', *, *, #8570, .T. ) ;
#3894 = CIRCLE ( 'NONE', #8204, 7.999999999999996447 ) ;
#3895 = ORIENTED_EDGE ( 'NONE', *, *, #7097, .T. ) ;
#3896 = ORIENTED_EDGE ( 'NONE', *, *, #8411, .F. ) ;
#3897 = CARTESIAN_POINT ( 'NONE',  ( 132.9814990699057091, -0.8899529713259899388, 3.705850497525442488 ) ) ;
#3898 = CARTESIAN_POINT ( 'NONE',  ( 101.0263340389897166, 3.500000000000000888, -5.500000000000000888 ) ) ;
#3899 = CARTESIAN_POINT ( 'NONE',  ( 132.9747665186337144, 0.7772881226607634142, -3.729033483631503998 ) ) ;
#3900 = ORIENTED_EDGE ( 'NONE', *, *, #3687, .F. ) ;
#3901 =( NAMED_UNIT ( * ) PLANE_ANGLE_UNIT ( ) SI_UNIT ( $, .RADIAN. ) );
#3902 = CARTESIAN_POINT ( 'NONE',  ( 128.7559935829676760, -0.02591105689866017928, -1.999866874685255924 ) ) ;
#3903 = CARTESIAN_POINT ( 'NONE',  ( 128.7780796374211150, 0.2627968233570334156, 1.986460162973716415 ) ) ;
#3904 = VECTOR ( 'NONE', #7982, 1000.000000000000000 ) ;
#3905 = ORIENTED_EDGE ( 'NONE', *, *, #4405, .F. ) ;
#3906 = LINE ( 'NONE', #8817, #3104 ) ;
#3907 = ORIENTED_EDGE ( 'NONE', *, *, #6539, .T. ) ;
#3908 = AXIS2_PLACEMENT_3D ( 'NONE', #5957, #4543, #1611 ) ;
#3909 = ORIENTED_EDGE ( 'NONE', *, *, #2954, .F. ) ;
#3910 = ORIENTED_EDGE ( 'NONE', *, *, #8324, .T. ) ;
#3911 = CIRCLE ( 'NONE', #5585, 26.00000000000000355 ) ;
#3912 = CARTESIAN_POINT ( 'NONE',  ( 49.32399612951925860, -1.500000000000000888, 3.500000000000000444 ) ) ;
#3913 = CARTESIAN_POINT ( 'NONE',  ( 131.7665451336068543, -1.178233617436891034, -1.615411260234147717 ) ) ;
#3914 = ORIENTED_EDGE ( 'NONE', *, *, #3056, .F. ) ;
#3915 = CARTESIAN_POINT ( 'NONE',  ( 131.6557742201254939, 0.7078863019432812820, 1.869894689036276203 ) ) ;
#3916 = ORIENTED_EDGE ( 'NONE', *, *, #1751, .T. ) ;
#3917 = CARTESIAN_POINT ( 'NONE',  ( 120.0000000000000000, 6.000000000000000888, 0.0000000000000000000 ) ) ;
#3918 = LINE ( 'NONE', #5038, #7669 ) ;
#3919 = CARTESIAN_POINT ( 'NONE',  ( 28.65133233292579362, -3.120270919104567220, 16.44556557810174269 ) ) ;
#3920 = EDGE_LOOP ( 'NONE', ( #789, #9406, #5222, #4132 ) ) ;
#3921 = EDGE_CURVE ( 'NONE', #4091, #6534, #3320, .T. ) ;
#3922 = EDGE_CURVE ( 'NONE', #4438, #7007, #718, .T. ) ;
#3923 = CARTESIAN_POINT ( 'NONE',  ( 133.0862713670293829, -1.722627819837647234, -3.319644627595424335 ) ) ;
#3924 = CARTESIAN_POINT ( 'NONE',  ( 20.96122117167505650, -6.372004060637957323, -23.16111201963619592 ) ) ;
#3925 = CARTESIAN_POINT ( 'NONE',  ( 131.6264476234871097, -0.5187959204440734107, -1.931332124915837500 ) ) ;
#3926 = CARTESIAN_POINT ( 'NONE',  ( 101.0263340389897166, 4.000000000000000888, 7.500000000000000888 ) ) ;
#3927 = CARTESIAN_POINT ( 'NONE',  ( 132.0723825548540731, 1.781945602445202503, -1.047177682550511024 ) ) ;
#3928 = CARTESIAN_POINT ( 'NONE',  ( 18.00000000000000000, -5.000000000000001776, 34.00000000000000000 ) ) ;
#3929 = DIRECTION ( 'NONE',  ( 0.0000000000000000000, 1.000000000000000000, 0.0000000000000000000 ) ) ;
#3930 = ADVANCED_FACE ( 'NONE', ( #7647 ), #7217, .F. ) ;
#3931 = ORIENTED_EDGE ( 'NONE', *, *, #7875, .F. ) ;
#3932 = AXIS2_PLACEMENT_3D ( 'NONE', #1778, #8933, #6874 ) ;
#3933 = LINE ( 'NONE', #3353, #645 ) ;
#3934 = ORIENTED_EDGE ( 'NONE', *, *, #5746, .F. ) ;
#3935 = CARTESIAN_POINT ( 'NONE',  ( 31.60696125855821847, -7.000000000000001776, 5.000000000000000888 ) ) ;
#3936 = EDGE_CURVE ( 'NONE', #4360, #1487, #4558, .T. ) ;
#3937 = CARTESIAN_POINT ( 'NONE',  ( 113.3468963513340526, -4.000000000000000888, -11.74675324675324894 ) ) ;
#3938 = DIRECTION ( 'NONE',  ( 0.0000000000000000000, 0.0000000000000000000, -1.000000000000000000 ) ) ;
#3939 = CARTESIAN_POINT ( 'NONE',  ( 32.64814431320894528, -5.003429528705702900, -4.808308901376013189 ) ) ;
#3940 = CARTESIAN_POINT ( 'NONE',  ( 131.7781907719393359, -1.217487018833360857, -1.586474470276146853 ) ) ;
#3941 = TOROIDAL_SURFACE ( 'NONE', #4294, 32.00000000000000000, 2.000000000000000000 ) ;
#3942 = CARTESIAN_POINT ( 'NONE',  ( 131.7340380410190903, 1.061745131075992887, 1.693866949873533478 ) ) ;
#3943 = ADVANCED_FACE ( 'NONE', ( #1061 ), #5821, .F. ) ;
#3944 = CIRCLE ( 'NONE', #2466, 33.00000000000000000 ) ;
#3945 = AXIS2_PLACEMENT_3D ( 'NONE', #7675, #7003, #8382 ) ;
#3946 = CARTESIAN_POINT ( 'NONE',  ( 19.09893790797643121, -12.50000000000000000, 25.92364028572990620 ) ) ;
#3947 = CARTESIAN_POINT ( 'NONE',  ( 101.0263340389897166, 5.000000000000000888, 33.50000000000000000 ) ) ;
#3948 = CARTESIAN_POINT ( 'NONE',  ( 0.0000000000000000000, 7.000000000000000888, 0.0000000000000000000 ) ) ;
#3949 = CARTESIAN_POINT ( 'NONE',  ( 32.35281877035213682, 5.169442095179675789, -3.682477189382547422 ) ) ;
#3950 = LINE ( 'NONE', #7745, #5768 ) ;
#3951 = B_SPLINE_CURVE_WITH_KNOTS ( 'NONE', 3,
 ( #882, #911, #84, #6651, #2338, #4544, #2395, #8168, #7482, #8775, #8195, #2275, #4423, #3743, #8858, #3836, #6011, #8141 ),
 .UNSPECIFIED., .F., .F.,
 ( 4, 2, 2, 2, 2, 2, 2, 2, 4 ),
 ( 0.002684650894143680334, 0.003334584406966150261, 0.003984517919788620188, 0.004634451432611089682, 0.005284384945433559175, 0.005934318458256029535, 0.006584251971078499029, 0.007234185483900969389, 0.007884118996723438882 ),
 .UNSPECIFIED. ) ;
#3952 = EDGE_CURVE ( 'NONE', #7780, #9180, #8312, .T. ) ;
#3953 = ORIENTED_EDGE ( 'NONE', *, *, #3585, .F. ) ;
#3954 = DIRECTION ( 'NONE',  ( 0.0000000000000000000, 0.0000000000000000000, -1.000000000000000000 ) ) ;
#3955 = CARTESIAN_POINT ( 'NONE',  ( 104.4770433376228880, 3.141153792800626121, -5.682761286872186623 ) ) ;
#3956 = AXIS2_PLACEMENT_3D ( 'NONE', #414, #2603, #6916 ) ;
#3957 = CARTESIAN_POINT ( 'NONE',  ( 133.1624341953898636, 2.131500281985250655, -3.000326752425591881 ) ) ;
#3958 = CARTESIAN_POINT ( 'NONE',  ( 10.71751771055746616, -4.000000000000000888, -35.00000000000000000 ) ) ;
#3959 = CIRCLE ( 'NONE', #6733, 3.000000000000002665 ) ;
#3960 = DIRECTION ( 'NONE',  ( -0.0000000000000000000, -0.0000000000000000000, 1.000000000000000000 ) ) ;
#3961 = ORIENTED_EDGE ( 'NONE', *, *, #5369, .T. ) ;
#3962 = ORIENTED_EDGE ( 'NONE', *, *, #4577, .F. ) ;
#3963 = CARTESIAN_POINT ( 'NONE',  ( 128.9176437069662313, -1.589504770919308640, 1.219726430471971490 ) ) ;
#3964 = EDGE_CURVE ( 'NONE', #8668, #478, #8197, .T. ) ;
#3965 = VECTOR ( 'NONE', #2488, 1000.000000000000000 ) ;
#3966 = CARTESIAN_POINT ( 'NONE',  ( 28.78796125422265462, 2.957611890365987151, 16.27924482355529179 ) ) ;
#3967 = DIRECTION ( 'NONE',  ( -1.000000000000000000, -0.0000000000000000000, -1.356728424568866558E-16 ) ) ;
#3968 = VERTEX_POINT ( 'NONE', #6273 ) ;
#3969 = CARTESIAN_POINT ( 'NONE',  ( 0.0000000000000000000, -4.500000000000000888, 0.0000000000000000000 ) ) ;
#3970 = AXIS2_PLACEMENT_3D ( 'NONE', #2948, #120, #2189 ) ;
#3971 = CARTESIAN_POINT ( 'NONE',  ( 131.9391666313897531, -1.663914928607442834, -1.108072710016973828 ) ) ;
#3972 = CARTESIAN_POINT ( 'NONE',  ( 35.89435657813280756, -1.255456670603508471E-12, 14.66074403129596249 ) ) ;
#3973 = DIRECTION ( 'NONE',  ( 0.0000000000000000000, 0.0000000000000000000, 1.000000000000000000 ) ) ;
#3974 = ADVANCED_FACE ( 'NONE', ( #842 ), #6173, .T. ) ;
#3975 = VECTOR ( 'NONE', #5752, 1000.000000000000000 ) ;
#3976 = EDGE_CURVE ( 'NONE', #8697, #8850, #4669, .T. ) ;
#3977 = DIRECTION ( 'NONE',  ( 0.8086148106454953410, 0.0000000000000000000, 0.5883384128244132372 ) ) ;
#3978 = ORIENTED_EDGE ( 'NONE', *, *, #4936, .F. ) ;
#3979 = EDGE_CURVE ( 'NONE', #2223, #2667, #5945, .T. ) ;
#3980 = PLANE ( 'NONE',  #7685 ) ;
#3981 = EDGE_LOOP ( 'NONE', ( #623, #1744, #3392 ) ) ;
#3982 = CIRCLE ( 'NONE', #3412, 2.000000000000001776 ) ;
#3983 = CARTESIAN_POINT ( 'NONE',  ( 13.26512270626905021, 4.042296414261335791, 35.00000000000000000 ) ) ;
#3984 = AXIS2_PLACEMENT_3D ( 'NONE', #1660, #989, #6812 ) ;
#3985 = DIRECTION ( 'NONE',  ( 0.0000000000000000000, -1.000000000000000000, 0.0000000000000000000 ) ) ;
#3986 = VERTEX_POINT ( 'NONE', #7627 ) ;
#3987 = CARTESIAN_POINT ( 'NONE',  ( 132.9884319043655694, 0.9413260165304661031, -3.681168796121070397 ) ) ;
#3988 = ADVANCED_FACE ( 'NONE', ( #8103 ), #6654, .T. ) ;
#3989 =( LENGTH_UNIT ( ) NAMED_UNIT ( * ) SI_UNIT ( .MILLI., .METRE. ) );
#3990 = DIRECTION ( 'NONE',  ( 1.000000000000000000, -0.0000000000000000000, 0.0000000000000000000 ) ) ;
#3991 = EDGE_LOOP ( 'NONE', ( #4981, #6001, #1157, #2031 ) ) ;
#3992 = CARTESIAN_POINT ( 'NONE',  ( 33.46008042938466787, -1.500000000000000888, -10.26757116649838686 ) ) ;
#3993 = ORIENTED_EDGE ( 'NONE', *, *, #5125, .F. ) ;
#3994 = ORIENTED_EDGE ( 'NONE', *, *, #330, .T. ) ;
#3995 = LINE ( 'NONE', #7856, #6164 ) ;
#3996 = ORIENTED_EDGE ( 'NONE', *, *, #6612, .F. ) ;
#3997 = CARTESIAN_POINT ( 'NONE',  ( 128.8191710504704304, -0.8864605966331968734, -1.795780749476338034 ) ) ;
#3998 = VERTEX_POINT ( 'NONE', #4849 ) ;
#3999 = DIRECTION ( 'NONE',  ( 0.0000000000000000000, 1.000000000000000000, 0.0000000000000000000 ) ) ;
#4000 = CIRCLE ( 'NONE', #5053, 3.000000000000002665 ) ;
#4001 = ORIENTED_EDGE ( 'NONE', *, *, #6048, .T. ) ;
#4002 = CARTESIAN_POINT ( 'NONE',  ( 32.13874514715961084, -5.000000000000002665, -4.868137517544383286 ) ) ;
#4003 = ORIENTED_EDGE ( 'NONE', *, *, #6869, .T. ) ;
#4004 = CARTESIAN_POINT ( 'NONE',  ( 132.0825718809619502, -1.986984029205365321, 0.2581640160452208232 ) ) ;
#4005 = CARTESIAN_POINT ( 'NONE',  ( 29.10109684585889056, 1.448884247559169003, -20.12389574400598846 ) ) ;
#4006 = CYLINDRICAL_SURFACE ( 'NONE', #1098, 1.000000000000000888 ) ;
#4007 = CARTESIAN_POINT ( 'NONE',  ( 0.0000000000000000000, 5.000000000000000888, 0.0000000000000000000 ) ) ;
#4008 = ORIENTED_EDGE ( 'NONE', *, *, #34, .T. ) ;
#4009 = VECTOR ( 'NONE', #4696, 1000.000000000000000 ) ;
#4010 = CARTESIAN_POINT ( 'NONE',  ( 108.6804978868493237, 5.000000000000000000, 8.840504132052993569 ) ) ;
#4011 = EDGE_LOOP ( 'NONE', ( #1713, #6669, #2883, #544, #2818, #11, #2865, #4614, #8985, #6202, #1638 ) ) ;
#4012 = EDGE_LOOP ( 'NONE', ( #3272, #2537, #1189, #7813, #7425 ) ) ;
#4013 = AXIS2_PLACEMENT_3D ( 'NONE', #6501, #5810, #2165 ) ;
#4014 = CARTESIAN_POINT ( 'NONE',  ( 132.9636010025116946, -0.6146828140208886460, 3.767653831888943206 ) ) ;
#4015 = CIRCLE ( 'NONE', #905, 13.50000000000000533 ) ;
#4016 = ORIENTED_EDGE ( 'NONE', *, *, #3815, .T. ) ;
#4017 = DIRECTION ( 'NONE',  ( 0.0000000000000000000, 0.0000000000000000000, -1.000000000000000000 ) ) ;
#4018 = VERTEX_POINT ( 'NONE', #6321 ) ;
#4019 = CARTESIAN_POINT ( 'NONE',  ( 132.9835954679958263, 0.8866855893195437766, -3.698176151965733016 ) ) ;
#4020 = CARTESIAN_POINT ( 'NONE',  ( 23.01721694194866785, -5.020205316615393265, -21.77108725834621339 ) ) ;
#4021 = CARTESIAN_POINT ( 'NONE',  ( 110.2784225820255273, 4.748017048400638984, -9.915644318979278893 ) ) ;
#4022 = ORIENTED_EDGE ( 'NONE', *, *, #7697, .F. ) ;
#4023 = CARTESIAN_POINT ( 'NONE',  ( 21.00686250028175195, -6.038560876695168389, 22.75106345769255967 ) ) ;
#4024 = CARTESIAN_POINT ( 'NONE',  ( 31.32868841119428893, -1.785935805843252844, -13.09119698113280172 ) ) ;
#4025 = ADVANCED_FACE ( 'NONE', ( #6176 ), #4340, .T. ) ;
#4026 = VECTOR ( 'NONE', #4897, 1000.000000000000000 ) ;
#4027 = AXIS2_PLACEMENT_3D ( 'NONE', #7064, #405, #6335 ) ;
#4028 = EDGE_LOOP ( 'NONE', ( #5633, #7843, #5085, #3572 ) ) ;
#4029 = CARTESIAN_POINT ( 'NONE',  ( 34.64101615137754919, 7.000000000000002665, 3.000000000000001332 ) ) ;
#4030 = CARTESIAN_POINT ( 'NONE',  ( 102.1132885754978901, 1.509683359434244032, 3.745416905058686297 ) ) ;
#4031 = DIRECTION ( 'NONE',  ( 0.0000000000000000000, 0.0000000000000000000, 1.000000000000000000 ) ) ;
#4032 = DIRECTION ( 'NONE',  ( 0.7108868015006146734, 0.0000000000000000000, 0.7033064449102011118 ) ) ;
#4033 = CARTESIAN_POINT ( 'NONE',  ( 131.9119684445763596, -1.596661892670028005, -1.203660749890114401 ) ) ;
#4034 = EDGE_CURVE ( 'NONE', #5533, #8212, #8418, .T. ) ;
#4035 = CYLINDRICAL_SURFACE ( 'NONE', #6000, 30.00000000000000000 ) ;
#4036 = CARTESIAN_POINT ( 'NONE',  ( 131.6791033036116403, 0.8293448441461468423, 1.819273786721852915 ) ) ;
#4037 = ADVANCED_FACE ( 'NONE', ( #8540 ), #5712, .T. ) ;
#4038 = CARTESIAN_POINT ( 'NONE',  ( 28.82420675210912719, 2.471641268523029122, -20.38334013547349599 ) ) ;
#4039 = CARTESIAN_POINT ( 'NONE',  ( 13.26718395371943870, 5.028197609507557786, -34.16732851882471067 ) ) ;
#4040 = DIRECTION ( 'NONE',  ( 0.0000000000000000000, 0.0000000000000000000, 1.000000000000000000 ) ) ;
#4041 = CIRCLE ( 'NONE', #5197, 2.000000000000000000 ) ;
#4042 = CARTESIAN_POINT ( 'NONE',  ( 131.6179271590481221, 0.4472756349670745646, -1.948770722449324921 ) ) ;
#4043 = CARTESIAN_POINT ( 'NONE',  ( 133.4323847592678476, -3.207453442970178425, 1.354452260572695410 ) ) ;
#4044 = EDGE_CURVE ( 'NONE', #8349, #8212, #4679, .T. ) ;
#4045 = EDGE_CURVE ( 'NONE', #6504, #6864, #7980, .T. ) ;
#4046 = CARTESIAN_POINT ( 'NONE',  ( 13.62901839278261740, 4.033782051319231066, 35.00000000000000000 ) ) ;
#4047 = CARTESIAN_POINT ( 'NONE',  ( 33.78535079883549486, -1.501406940908784682, 12.47335244322188963 ) ) ;
#4048 = CARTESIAN_POINT ( 'NONE',  ( 131.6982583413534371, -0.9160977590775047918, 1.776573033073803209 ) ) ;
#4049 = DIRECTION ( 'NONE',  ( 0.0000000000000000000, 0.0000000000000000000, -1.000000000000000000 ) ) ;
#4050 = DIRECTION ( 'NONE',  ( 0.0000000000000000000, 0.0000000000000000000, -1.000000000000000000 ) ) ;
#4051 = CIRCLE ( 'NONE', #6688, 1.999999999999998224 ) ;
#4052 = EDGE_LOOP ( 'NONE', ( #9159, #6737, #2518, #5229, #1753 ) ) ;
#4053 = CARTESIAN_POINT ( 'NONE',  ( 12.53494023032787652, -5.028197609507558674, -34.16732851882471067 ) ) ;
#4054 = FACE_OUTER_BOUND ( 'NONE', #1318, .T. ) ;
#4055 = CIRCLE ( 'NONE', #2499, 12.50000000000000000 ) ;
#4056 = CARTESIAN_POINT ( 'NONE',  ( 104.3516713960108717, 2.812953263870093590, 5.582970229326441824 ) ) ;
#4057 = EDGE_CURVE ( 'NONE', #681, #4326, #149, .T. ) ;
#4058 = CARTESIAN_POINT ( 'NONE',  ( 38.00000000000000000, 19.73542744538947247, -3.000000000000000000 ) ) ;
#4059 = DIRECTION ( 'NONE',  ( 0.0000000000000000000, 0.0000000000000000000, -1.000000000000000000 ) ) ;
#4060 = CARTESIAN_POINT ( 'NONE',  ( 12.90106209202365761, -5.028197609507558674, 34.16732851882471067 ) ) ;
#4061 = AXIS2_PLACEMENT_3D ( 'NONE', #4136, #7665, #5500 ) ;
#4062 = VECTOR ( 'NONE', #2177, 1000.000000000000000 ) ;
#4063 = CARTESIAN_POINT ( 'NONE',  ( 101.0263340389897166, -4.000000000000000888, 7.500000000000000888 ) ) ;
#4064 = ADVANCED_FACE ( 'NONE', ( #4115 ), #7755, .T. ) ;
#4065 = ORIENTED_EDGE ( 'NONE', *, *, #7859, .T. ) ;
#4066 = CARTESIAN_POINT ( 'NONE',  ( 18.00000000000003197, 7.000000000000002665, -30.02221399786052913 ) ) ;
#4067 = CARTESIAN_POINT ( 'NONE',  ( 27.87202611205202984, -4.297158428450751799, 21.25059303351409312 ) ) ;
#4068 = EDGE_LOOP ( 'NONE', ( #3273, #694, #3105, #7636 ) ) ;
#4069 = CARTESIAN_POINT ( 'NONE',  ( 131.7870464976843152, 1.246726435943576128, -1.563216534350390319 ) ) ;
#4070 = VERTEX_POINT ( 'NONE', #5592 ) ;
#4071 = TOROIDAL_SURFACE ( 'NONE', #9077, 5.000000000000004441, 2.000000000000000000 ) ;
#4072 = ORIENTED_EDGE ( 'NONE', *, *, #3070, .F. ) ;
#4073 = PLANE ( 'NONE',  #3372 ) ;
#4074 = CARTESIAN_POINT ( 'NONE',  ( 34.14254586194083174, -1.498492677447432531, 12.22426361666769168 ) ) ;
#4075 = AXIS2_PLACEMENT_3D ( 'NONE', #4319, #2138, #9392 ) ;
#4076 = CARTESIAN_POINT ( 'NONE',  ( 131.5937822170705829, -0.1273123385863307033, 1.996916236876261630 ) ) ;
#4077 = ADVANCED_FACE ( 'NONE', ( #4459 ), #2759, .F. ) ;
#4078 = DIRECTION ( 'NONE',  ( 0.0000000000000000000, -1.740523610644402991E-16, -1.000000000000000000 ) ) ;
#4079 = EDGE_LOOP ( 'NONE', ( #5336, #8509 ) ) ;
#4080 = FACE_OUTER_BOUND ( 'NONE', #8731, .T. ) ;
#4081 = ORIENTED_EDGE ( 'NONE', *, *, #1913, .T. ) ;
#4082 = EDGE_CURVE ( 'NONE', #4322, #3680, #1706, .T. ) ;
#4083 = ORIENTED_EDGE ( 'NONE', *, *, #4239, .T. ) ;
#4084 = CARTESIAN_POINT ( 'NONE',  ( 103.7077521712196813, 2.105048971762608634, 5.064950863668011394 ) ) ;
#4085 = CARTESIAN_POINT ( 'NONE',  ( 34.64101615137754919, 1.500000000000000888, -5.000000000000000888 ) ) ;
#4086 = CARTESIAN_POINT ( 'NONE',  ( 32.68621589248697745, -5.047208485613442264, 4.543513229410606868 ) ) ;
#4087 = CARTESIAN_POINT ( 'NONE',  ( 13.26512257322379185, 4.042296414261334903, 35.00000000000000000 ) ) ;
#4088 = AXIS2_PLACEMENT_3D ( 'NONE', #2240, #1641, #6732 ) ;
#4089 = CYLINDRICAL_SURFACE ( 'NONE', #6918, 3.000000000000002665 ) ;
#4090 = DIRECTION ( 'NONE',  ( 0.0000000000000000000, 1.000000000000000000, 0.0000000000000000000 ) ) ;
#4091 = VERTEX_POINT ( 'NONE', #5626 ) ;
#4092 = ORIENTED_EDGE ( 'NONE', *, *, #1682, .T. ) ;
#4093 = DIRECTION ( 'NONE',  ( 0.0000000000000000000, 0.0000000000000000000, 1.000000000000000000 ) ) ;
#4094 = CARTESIAN_POINT ( 'NONE',  ( 104.7297295151357019, -5.000000000000000888, 6.250507124952557447 ) ) ;
#4095 = CARTESIAN_POINT ( 'NONE',  ( 33.46008042938466787, 1.500000000000000888, -10.26757116649838686 ) ) ;
#4096 = ORIENTED_EDGE ( 'NONE', *, *, #2587, .T. ) ;
#4097 = EDGE_CURVE ( 'NONE', #3179, #8349, #6901, .T. ) ;
#4098 = EDGE_CURVE ( 'NONE', #3871, #2525, #2534, .T. ) ;
#4099 = PLANE ( 'NONE',  #438 ) ;
#4100 = CARTESIAN_POINT ( 'NONE',  ( 111.6266806479900140, 4.449926619575584219, 10.75620829728017647 ) ) ;
#4101 = VECTOR ( 'NONE', #4737, 1000.000000000000000 ) ;
#4102 = ORIENTED_EDGE ( 'NONE', *, *, #3964, .T. ) ;
#4103 = ORIENTED_EDGE ( 'NONE', *, *, #4717, .F. ) ;
#4104 = AXIS2_PLACEMENT_3D ( 'NONE', #5380, #1013, #6751 ) ;
#4105 = ORIENTED_EDGE ( 'NONE', *, *, #4842, .F. ) ;
#4106 = CARTESIAN_POINT ( 'NONE',  ( 104.7297295151357019, 5.000000000000000888, -6.250507124952557447 ) ) ;
#4107 = DIRECTION ( 'NONE',  ( 0.0000000000000000000, 1.000000000000000000, -0.0000000000000000000 ) ) ;
#4108 = CARTESIAN_POINT ( 'NONE',  ( 38.00000000000000000, -3.499999999999999556, 0.0000000000000000000 ) ) ;
#4109 = CARTESIAN_POINT ( 'NONE',  ( 132.0286109096546454, -1.871021059029249534, -0.7049860675411836475 ) ) ;
#4110 = DIRECTION ( 'NONE',  ( 1.000000000000000000, 0.0000000000000000000, 0.0000000000000000000 ) ) ;
#4111 = DIRECTION ( 'NONE',  ( 0.0000000000000000000, 0.0000000000000000000, -1.000000000000000000 ) ) ;
#4112 = CARTESIAN_POINT ( 'NONE',  ( 21.21346465631639333, -6.796400696776158767, 23.77861252659469571 ) ) ;
#4113 = CARTESIAN_POINT ( 'NONE',  ( 23.46742184199850456, 5.000000000000000888, 21.75500200160163899 ) ) ;
#4114 = ADVANCED_FACE ( 'NONE', ( #2310 ), #610, .F. ) ;
#4115 = FACE_OUTER_BOUND ( 'NONE', #4119, .T. ) ;
#4116 = EDGE_CURVE ( 'NONE', #2057, #223, #7601, .T. ) ;
#4117 = CIRCLE ( 'NONE', #244, 1.000000000000000888 ) ;
#4118 = ORIENTED_EDGE ( 'NONE', *, *, #6345, .F. ) ;
#4119 = EDGE_LOOP ( 'NONE', ( #6090, #8010, #3978, #7720 ) ) ;
#4120 = EDGE_LOOP ( 'NONE', ( #2743, #2174, #4475, #6072, #5556, #7605, #2661, #3055 ) ) ;
#4121 = CARTESIAN_POINT ( 'NONE',  ( 32.66152951415597983, 4.525641703473035626, 4.714285714285717965 ) ) ;
#4122 = AXIS2_PLACEMENT_3D ( 'NONE', #633, #1336, #1394 ) ;
#4123 = CARTESIAN_POINT ( 'NONE',  ( 7.609135415617525489, -13.43849360530937176, -29.01897755309092375 ) ) ;
#4124 = DIRECTION ( 'NONE',  ( 0.0000000000000000000, 0.0000000000000000000, 1.000000000000000000 ) ) ;
#4125 = FACE_OUTER_BOUND ( 'NONE', #3991, .T. ) ;
#4126 = CARTESIAN_POINT ( 'NONE',  ( 32.90221329460720767, -7.023581073988832912, 2.538574465359025201 ) ) ;
#4127 = CARTESIAN_POINT ( 'NONE',  ( 14.38836633717171232, 5.008245486696118576, 34.09026589720549083 ) ) ;
#4128 = ORIENTED_EDGE ( 'NONE', *, *, #6571, .T. ) ;
#4129 = CARTESIAN_POINT ( 'NONE',  ( 32.86335345030993693, -5.819028946352274190, -3.000000000000000888 ) ) ;
#4130 = FACE_BOUND ( 'NONE', #2326, .T. ) ;
#4131 = VERTEX_POINT ( 'NONE', #1414 ) ;
#4132 = ORIENTED_EDGE ( 'NONE', *, *, #1129, .F. ) ;
#4133 = ADVANCED_FACE ( 'NONE', ( #1633 ), #5241, .F. ) ;
#4134 = EDGE_LOOP ( 'NONE', ( #5697, #3459, #3671, #5546, #6967, #602, #5198, #7942 ) ) ;
#4135 = EDGE_CURVE ( 'NONE', #2570, #4183, #7434, .T. ) ;
#4136 = CARTESIAN_POINT ( 'NONE',  ( 44.15499516189907325, -4.500000000000000888, 7.118812496196122552 ) ) ;
#4137 = CARTESIAN_POINT ( 'NONE',  ( 104.1696812907161842, -1.754016751095667015, -4.654519028937895264 ) ) ;
#4138 = EDGE_CURVE ( 'NONE', #9001, #3452, #1405, .T. ) ;
#4139 = DIRECTION ( 'NONE',  ( -0.5000000000000000000, 0.0000000000000000000, -0.8660254037844385966 ) ) ;
#4140 = CYLINDRICAL_SURFACE ( 'NONE', #6264, 2.000000000000000000 ) ;
#4141 = CARTESIAN_POINT ( 'NONE',  ( 17.99999999999996447, 0.0000000000000000000, 28.00000000000002132 ) ) ;
#4142 = ORIENTED_EDGE ( 'NONE', *, *, #705, .T. ) ;
#4143 = ORIENTED_EDGE ( 'NONE', *, *, #6564, .F. ) ;
#4144 = CARTESIAN_POINT ( 'NONE',  ( 131.6056525076407695, 0.3201156114120958796, -1.973503965486191225 ) ) ;
#4145 = ORIENTED_EDGE ( 'NONE', *, *, #1547, .F. ) ;
#4146 = CARTESIAN_POINT ( 'NONE',  ( 12.90106209202365761, -7.000000000000002665, -29.50198555647411780 ) ) ;
#4147 = DIRECTION ( 'NONE',  ( -1.000000000000000000, 0.0000000000000000000, 0.0000000000000000000 ) ) ;
#4148 = VECTOR ( 'NONE', #2714, 1000.000000000000000 ) ;
#4149 = CARTESIAN_POINT ( 'NONE',  ( 131.8104093238771952, -1.319157370402691543, 1.503436467980356683 ) ) ;
#4150 = CARTESIAN_POINT ( 'NONE',  ( 28.82411990669786661, -2.471885993815507554, 20.38342208226006491 ) ) ;
#4151 = PLANE ( 'NONE',  #992 ) ;
#4152 = VERTEX_POINT ( 'NONE', #5778 ) ;
#4153 = CARTESIAN_POINT ( 'NONE',  ( 104.5228874831234407, -4.500000000000000888, 5.719177225785473162 ) ) ;
#4154 = DIRECTION ( 'NONE',  ( 0.0000000000000000000, 0.0000000000000000000, 1.000000000000000000 ) ) ;
#4155 = B_SPLINE_CURVE_WITH_KNOTS ( 'NONE', 3,
 ( #3183, #5305, #3127, #6716, #2343, #5338, #8257, #984, #3923, #8926, #4638, #8145, #2456, #1616, #4582, #8202, #2399, #1711, #6806, #1745, #7439, #6778, #2435, #7524, #6018, #916, #3156, #8232, #1009, #3818, #2371, #4520, #3839, #5984, #1654, #8899, #3897, #8957, #948, #6745, #4607, #271 ),
 .UNSPECIFIED., .F., .F.,
 ( 4, 2, 2, 2, 2, 2, 2, 2, 2, 2, 2, 2, 2, 2, 2, 2, 2, 2, 2, 2, 4 ),
 ( 0.9999964841374150426, 1.031246487339693596, 1.046871488940832817, 1.062496490541972261, 1.093746493744250703, 1.124996496946529367, 1.156246500148807810, 1.187496503351086474, 1.218746506553364917, 1.234371508154504360, 1.249996509755643803, 1.281246512957922468, 1.296871514559061689, 1.312496516160201132, 1.374996522564758461, 1.406246525767037348, 1.421871527368176569, 1.437496528969315568, 1.468746532171593788, 1.484371533772733009, 1.499996535373872009 ),
 .UNSPECIFIED. ) ;
#4156 = AXIS2_PLACEMENT_3D ( 'NONE', #7412, #9057, #9307 ) ;
#4157 = FACE_BOUND ( 'NONE', #730, .T. ) ;
#4158 = CARTESIAN_POINT ( 'NONE',  ( 28.43317767385561723, -4.643176137668543646, -16.71017565083899115 ) ) ;
#4159 = PLANE ( 'NONE',  #9280 ) ;
#4160 = DIRECTION ( 'NONE',  ( 3.784851220313033947E-15, 0.0000000000000000000, -1.000000000000000000 ) ) ;
#4161 = CARTESIAN_POINT ( 'NONE',  ( 32.31420270619311452, -5.411033788296523817, 3.778336532183498075 ) ) ;
#4162 = CARTESIAN_POINT ( 'NONE',  ( 32.36065289784995258, -5.784504092850692558, -3.406206487020901452 ) ) ;
#4163 = CARTESIAN_POINT ( 'NONE',  ( 131.5989281738862644, -0.2598487598800324760, -1.987051115101330812 ) ) ;
#4164 = EDGE_CURVE ( 'NONE', #3208, #334, #373, .T. ) ;
#4165 = VECTOR ( 'NONE', #3990, 1000.000000000000000 ) ;
#4166 = DIRECTION ( 'NONE',  ( 0.0000000000000000000, 0.0000000000000000000, 1.000000000000000000 ) ) ;
#4167 = ADVANCED_FACE ( 'NONE', ( #6429 ), #4006, .T. ) ;
#4168 = DIRECTION ( 'NONE',  ( 0.0000000000000000000, 0.0000000000000000000, 1.000000000000000000 ) ) ;
#4169 = DIRECTION ( 'NONE',  ( -1.000000000000000000, -0.0000000000000000000, -0.0000000000000000000 ) ) ;
#4170 = AXIS2_PLACEMENT_3D ( 'NONE', #3362, #5586, #7014 ) ;
#4171 = CIRCLE ( 'NONE', #2231, 59.99999999999999289 ) ;
#4172 = CARTESIAN_POINT ( 'NONE',  ( 133.4861103617156743, 3.384912032408621929, 0.6244247897582905216 ) ) ;
#4173 = ORIENTED_EDGE ( 'NONE', *, *, #3178, .F. ) ;
#4174 = CARTESIAN_POINT ( 'NONE',  ( 49.32399612951925860, -4.500000000000000888, -6.000000000000004441 ) ) ;
#4175 =( NAMED_UNIT ( * ) SI_UNIT ( $, .STERADIAN. ) SOLID_ANGLE_UNIT ( ) );
#4176 = CARTESIAN_POINT ( 'NONE',  ( 28.51304367304957665, -4.500000000000000888, -16.61343855132847835 ) ) ;
#4177 = CARTESIAN_POINT ( 'NONE',  ( 132.0639209378979615, -1.947317550330816660, 0.4537737837059823143 ) ) ;
#4178 = CARTESIAN_POINT ( 'NONE',  ( 28.10675701869497445, -3.999999999999995559, 21.07179676972452143 ) ) ;
#4179 = CARTESIAN_POINT ( 'NONE',  ( 0.0000000000000000000, -5.000000000000000888, 0.0000000000000000000 ) ) ;
#4180 = CARTESIAN_POINT ( 'NONE',  ( 17.99999999999996447, 5.828427124746191623, 30.02221399786057887 ) ) ;
#4181 = LINE ( 'NONE', #351, #3255 ) ;
#4182 = DIRECTION ( 'NONE',  ( 0.0000000000000000000, -1.000000000000000000, 0.0000000000000000000 ) ) ;
#4183 = VERTEX_POINT ( 'NONE', #2860 ) ;
#4184 = AXIS2_PLACEMENT_3D ( 'NONE', #5879, #2960, #8074 ) ;
#4185 = ORIENTED_EDGE ( 'NONE', *, *, #8472, .T. ) ;
#4186 = ORIENTED_EDGE ( 'NONE', *, *, #5068, .T. ) ;
#4187 = ORIENTED_EDGE ( 'NONE', *, *, #7164, .F. ) ;
#4188 = CARTESIAN_POINT ( 'NONE',  ( 27.95220480685200570, -4.842062510922485075, -17.28918567743198409 ) ) ;
#4189 = FACE_OUTER_BOUND ( 'NONE', #4772, .T. ) ;
#4190 = CARTESIAN_POINT ( 'NONE',  ( 49.32399612951925860, -4.000000000000000888, -8.500000000000000000 ) ) ;
#4191 = CARTESIAN_POINT ( 'NONE',  ( 18.00000000000000000, 5.000000000000000000, 35.00000000000000000 ) ) ;
#4192 = DIRECTION ( 'NONE',  ( 0.0000000000000000000, 0.0000000000000000000, 1.000000000000000000 ) ) ;
#4193 = CARTESIAN_POINT ( 'NONE',  ( 32.38377263894396663, -6.123530259512385499, 3.197474120053372282 ) ) ;
#4194 = ORIENTED_EDGE ( 'NONE', *, *, #1639, .T. ) ;
#4195 = CARTESIAN_POINT ( 'NONE',  ( 22.74837764801966600, -7.000000000000002665, 22.50580623712643913 ) ) ;
#4196 = CARTESIAN_POINT ( 'NONE',  ( 38.00000000000000000, -9.735427445389468915, 3.000000000000000000 ) ) ;
#4197 = ORIENTED_EDGE ( 'NONE', *, *, #2094, .T. ) ;
#4198 = CARTESIAN_POINT ( 'NONE',  ( 132.0888507870409398, 1.999922104891987740, -0.06722881314312419143 ) ) ;
#4199 = AXIS2_PLACEMENT_3D ( 'NONE', #6768, #6009, #5360 ) ;
#4200 = ORIENTED_EDGE ( 'NONE', *, *, #3308, .F. ) ;
#4201 = CARTESIAN_POINT ( 'NONE',  ( 32.48997967146599564, 0.2201512255516732408, 13.40855529600961304 ) ) ;
#4202 = CIRCLE ( 'NONE', #4937, 18.50000000000000355 ) ;
#4203 = CARTESIAN_POINT ( 'NONE',  ( 0.0000000000000000000, -7.000000000000000888, 0.0000000000000000000 ) ) ;
#4204 = PLANE ( 'NONE',  #7158 ) ;
#4205 = VERTEX_POINT ( 'NONE', #6541 ) ;
#4206 = CARTESIAN_POINT ( 'NONE',  ( 131.7990180799744167, 1.284624567447383958, -1.532536999612606587 ) ) ;
#4207 = CARTESIAN_POINT ( 'NONE',  ( 133.2710885155668166, 2.616873694791619798, 2.476016960512441134 ) ) ;
#4208 = CIRCLE ( 'NONE', #7339, 33.00000000000000000 ) ;
#4209 = CARTESIAN_POINT ( 'NONE',  ( 43.94823512319425163, -3.500000000000000888, -6.663564996043986888 ) ) ;
#4210 = CARTESIAN_POINT ( 'NONE',  ( 0.0000000000000000000, -4.500000000000000888, 0.0000000000000000000 ) ) ;
#4211 = ORIENTED_EDGE ( 'NONE', *, *, #9341, .T. ) ;
#4212 = AXIS2_PLACEMENT_3D ( 'NONE', #1158, #1287, #2580 ) ;
#4213 = CARTESIAN_POINT ( 'NONE',  ( 132.0764512730812896, 1.974087704826245293, 0.3233831479993474756 ) ) ;
#4214 = DIRECTION ( 'NONE',  ( 0.0000000000000000000, -1.000000000000000000, 0.0000000000000000000 ) ) ;
#4215 = DIRECTION ( 'NONE',  ( -0.0000000000000000000, -1.000000000000000000, 1.740523610644402991E-16 ) ) ;
#4216 = ADVANCED_FACE ( 'NONE', ( #6047 ), #7867, .F. ) ;
#4217 = ORIENTED_EDGE ( 'NONE', *, *, #7358, .F. ) ;
#4218 = LINE ( 'NONE', #1703, #3071 ) ;
#4219 = EDGE_CURVE ( 'NONE', #2585, #396, #5481, .T. ) ;
#4220 = ORIENTED_EDGE ( 'NONE', *, *, #3645, .F. ) ;
#4221 = CARTESIAN_POINT ( 'NONE',  ( 28.50527862673707702, -4.548327704529262938, -16.62285215970691254 ) ) ;
#4222 = CARTESIAN_POINT ( 'NONE',  ( 32.90245550018745746, -6.695828343489639956, 2.535435262719418326 ) ) ;
#4223 = CARTESIAN_POINT ( 'NONE',  ( 32.82426576220360204, -5.763533694487688486, -3.421941115803588840 ) ) ;
#4224 = ORIENTED_EDGE ( 'NONE', *, *, #4946, .T. ) ;
#4225 = CARTESIAN_POINT ( 'NONE',  ( 112.5636767054958511, 4.460505174531803618, 11.26959628372613054 ) ) ;
#4226 = CIRCLE ( 'NONE', #8268, 62.49999999999998579 ) ;
#4227 = CARTESIAN_POINT ( 'NONE',  ( 131.8746952416026659, 1.500394797796587687, -1.322619191300083541 ) ) ;
#4228 = ORIENTED_EDGE ( 'NONE', *, *, #4405, .T. ) ;
#4229 = CARTESIAN_POINT ( 'NONE',  ( 35.38877164520394558, 0.5319804556192813116, 11.38383610537043289 ) ) ;
#4230 = DIRECTION ( 'NONE',  ( 0.0000000000000000000, 1.000000000000000000, 0.0000000000000000000 ) ) ;
#4231 = EDGE_LOOP ( 'NONE', ( #6736, #7660, #1581 ) ) ;
#4232 = EDGE_CURVE ( 'NONE', #8783, #4715, #6988, .T. ) ;
#4233 = CYLINDRICAL_SURFACE ( 'NONE', #8502, 2.000000000000000000 ) ;
#4234 = EDGE_CURVE ( 'NONE', #5246, #903, #5017, .T. ) ;
#4235 = DIRECTION ( 'NONE',  ( 0.0000000000000000000, -1.000000000000000000, 0.0000000000000000000 ) ) ;
#4236 = CARTESIAN_POINT ( 'NONE',  ( 32.35957810443063210, -5.772570001659411254, -3.415451721750815128 ) ) ;
#4237 = ORIENTED_EDGE ( 'NONE', *, *, #3566, .F. ) ;
#4238 = ORIENTED_EDGE ( 'NONE', *, *, #4530, .F. ) ;
#4239 = EDGE_CURVE ( 'NONE', #6434, #387, #3090, .T. ) ;
#4240 = DIRECTION ( 'NONE',  ( 0.1538461538461539102, 0.0000000000000000000, -0.9880948137434716338 ) ) ;
#4241 = CARTESIAN_POINT ( 'NONE',  ( 132.0284462915986978, 1.870830019750531870, -0.7060766871206306527 ) ) ;
#4242 = CARTESIAN_POINT ( 'NONE',  ( 133.4066429851945941, 3.120777980380616601, -1.589155415794790471 ) ) ;
#4243 = CIRCLE ( 'NONE', #1279, 11.00000000000000355 ) ;
#4244 = EDGE_LOOP ( 'NONE', ( #4455, #1940 ) ) ;
#4245 = CARTESIAN_POINT ( 'NONE',  ( 33.10116350454684664, -2.501138027583667878, 3.261397220555390941 ) ) ;
#4246 = CYLINDRICAL_SURFACE ( 'NONE', #1222, 30.00000000000000000 ) ;
#4247 = DIRECTION ( 'NONE',  ( 0.0000000000000000000, 0.0000000000000000000, -1.000000000000000000 ) ) ;
#4248 = CARTESIAN_POINT ( 'NONE',  ( 132.0279960128597168, 1.869824991771634082, -0.7084834831018008705 ) ) ;
#4249 = EDGE_LOOP ( 'NONE', ( #3690, #35 ) ) ;
#4250 = ORIENTED_EDGE ( 'NONE', *, *, #537, .T. ) ;
#4251 = DIRECTION ( 'NONE',  ( 0.0000000000000000000, 0.0000000000000000000, 1.000000000000000000 ) ) ;
#4252 = EDGE_CURVE ( 'NONE', #2522, #3780, #1172, .T. ) ;
#4253 = LINE ( 'NONE', #66, #1308 ) ;
#4254 = ORIENTED_EDGE ( 'NONE', *, *, #3116, .F. ) ;
#4255 = ORIENTED_EDGE ( 'NONE', *, *, #6696, .F. ) ;
#4256 = ORIENTED_EDGE ( 'NONE', *, *, #1190, .T. ) ;
#4257 = ORIENTED_EDGE ( 'NONE', *, *, #5624, .T. ) ;
#4258 = CARTESIAN_POINT ( 'NONE',  ( 34.64101615137754919, 3.500000000000000888, 5.000000000000000888 ) ) ;
#4259 = AXIS2_PLACEMENT_3D ( 'NONE', #5538, #2723, #3553 ) ;
#4260 = CARTESIAN_POINT ( 'NONE',  ( 18.00000000000003908, 4.000000000000000888, -34.00000000000000000 ) ) ;
#4261 = CARTESIAN_POINT ( 'NONE',  ( 49.32399612951925860, 3.500000000000000888, 18.50000000000000355 ) ) ;
#4262 = CARTESIAN_POINT ( 'NONE',  ( 131.9589207533192337, -0.5292992845126172075, 1.999999999999999556 ) ) ;
#4263 = CARTESIAN_POINT ( 'NONE',  ( 15.08460647348984907, 5.000000000000002665, -34.00000000000000000 ) ) ;
#4264 = CARTESIAN_POINT ( 'NONE',  ( 112.1746869756355522, -4.456945979963823135, 11.00613747809294729 ) ) ;
#4265 = FACE_OUTER_BOUND ( 'NONE', #1353, .T. ) ;
#4266 = CARTESIAN_POINT ( 'NONE',  ( 131.6447973078084601, 0.6419257375486469019, -1.893015054320300816 ) ) ;
#4267 = EDGE_CURVE ( 'NONE', #7057, #219, #4785, .T. ) ;
#4268 = ADVANCED_FACE ( 'NONE', ( #3571 ), #3799, .F. ) ;
#4269 = CARTESIAN_POINT ( 'NONE',  ( 4.231738908487965344E-14, 7.500000000000000888, -5.116461197031689761E-29 ) ) ;
#4270 = CARTESIAN_POINT ( 'NONE',  ( 49.32399612951925860, 5.000000000000000888, -7.500000000000000888 ) ) ;
#4271 = CARTESIAN_POINT ( 'NONE',  ( 32.83936690474894249, -5.246779014516657291, -3.255774175274139814 ) ) ;
#4272 = FACE_OUTER_BOUND ( 'NONE', #4775, .T. ) ;
#4273 = CARTESIAN_POINT ( 'NONE',  ( 131.8172545553232453, 1.339805554232665230, -1.484811074693240140 ) ) ;
#4274 = CARTESIAN_POINT ( 'NONE',  ( 132.9549300316867289, -0.4468759985334451179, 3.797352194639584511 ) ) ;
#4275 = DIRECTION ( 'NONE',  ( 1.000000000000000000, 0.0000000000000000000, 0.0000000000000000000 ) ) ;
#4276 = CARTESIAN_POINT ( 'NONE',  ( 132.0888507870409398, 1.999922104891987740, -0.06722881314312419143 ) ) ;
#4277 = CARTESIAN_POINT ( 'NONE',  ( 11.08157832480286054, -4.000000000000003553, 35.00000000000000711 ) ) ;
#4278 = CARTESIAN_POINT ( 'NONE',  ( -1.006563849596666047E-16, -4.500000000000000888, 6.000000000000000000 ) ) ;
#4279 = AXIS2_PLACEMENT_3D ( 'NONE', #4436, #5871, #767 ) ;
#4280 = CARTESIAN_POINT ( 'NONE',  ( 35.89435657813673686, 0.2215677718936633900, 14.66074403129319670 ) ) ;
#4281 = CIRCLE ( 'NONE', #5628, 2.000000000000001776 ) ;
#4282 = CARTESIAN_POINT ( 'NONE',  ( 38.00000000000000000, 19.73542744538947247, 3.000000000000000000 ) ) ;
#4283 = DIRECTION ( 'NONE',  ( 0.0000000000000000000, 0.0000000000000000000, 1.000000000000000000 ) ) ;
#4284 = VERTEX_POINT ( 'NONE', #3045 ) ;
#4285 = CARTESIAN_POINT ( 'NONE',  ( 128.7559746101006510, -0.0007683224588244247366, -1.999999852420144109 ) ) ;
#4286 = CARTESIAN_POINT ( 'NONE',  ( 23.24002542929029502, 5.000000000000000888, -21.75500200160157505 ) ) ;
#4287 = EDGE_CURVE ( 'NONE', #4183, #6102, #494, .T. ) ;
#4288 = EDGE_CURVE ( 'NONE', #7741, #6149, #5259, .T. ) ;
#4289 = EDGE_CURVE ( 'NONE', #4715, #2935, #27, .T. ) ;
#4290 = CIRCLE ( 'NONE', #97, 16.50000000000000355 ) ;
#4291 = CARTESIAN_POINT ( 'NONE',  ( 44.15499516189905904, -4.500000000000000888, -7.118812496196138540 ) ) ;
#4292 = CARTESIAN_POINT ( 'NONE',  ( 15.08460647348984729, -5.000000000000003553, -35.00000000000000000 ) ) ;
#4293 = EDGE_LOOP ( 'NONE', ( #578, #6947, #6395, #8285 ) ) ;
#4294 = AXIS2_PLACEMENT_3D ( 'NONE', #2492, #5342, #404 ) ;
#4295 = CARTESIAN_POINT ( 'NONE',  ( 131.9648073362276648, 1.725511993749698991, 1.009741092027347520 ) ) ;
#4296 = CARTESIAN_POINT ( 'NONE',  ( 133.2429235855697982, 2.500127399235408721, -2.622435769287748464 ) ) ;
#4297 = DIRECTION ( 'NONE',  ( 0.1538461538461539102, 0.0000000000000000000, 0.9880948137434716338 ) ) ;
#4298 = LINE ( 'NONE', #2807, #434 ) ;
#4299 = ORIENTED_EDGE ( 'NONE', *, *, #7470, .F. ) ;
#4300 = CARTESIAN_POINT ( 'NONE',  ( 31.60696125855821847, -7.000000000000002665, -3.000000000000000888 ) ) ;
#4301 = CARTESIAN_POINT ( 'NONE',  ( 12.90106209202365761, -13.43849360530937176, 32.50198555647411780 ) ) ;
#4302 = VERTEX_POINT ( 'NONE', #5995 ) ;
#4303 = CARTESIAN_POINT ( 'NONE',  ( 131.7787209564942259, 1.219913710342901192, -1.584344487385790812 ) ) ;
#4304 = DIRECTION ( 'NONE',  ( 0.0000000000000000000, 1.000000000000000000, 0.0000000000000000000 ) ) ;
#4305 = ADVANCED_FACE ( 'NONE', ( #4355 ), #7337, .F. ) ;
#4306 = AXIS2_PLACEMENT_3D ( 'NONE', #5771, #1460, #9381 ) ;
#4307 = FACE_OUTER_BOUND ( 'NONE', #5100, .T. ) ;
#4308 = ORIENTED_EDGE ( 'NONE', *, *, #5914, .F. ) ;
#4309 = EDGE_LOOP ( 'NONE', ( #5607, #4592, #7327, #8221 ) ) ;
#4310 = DIRECTION ( 'NONE',  ( 0.0000000000000000000, 1.000000000000000000, 0.0000000000000000000 ) ) ;
#4311 = CARTESIAN_POINT ( 'NONE',  ( 133.2081325936653968, -2.347986922947937316, -2.792324660195237396 ) ) ;
#4312 = CARTESIAN_POINT ( 'NONE',  ( 120.0000000000000000, 12.50000000000000000, 0.0000000000000000000 ) ) ;
#4313 = CARTESIAN_POINT ( 'NONE',  ( 0.0000000000000000000, -4.000000000000000000, -35.00000000000000000 ) ) ;
#4314 = CARTESIAN_POINT ( 'NONE',  ( 128.7559745879929949, 2.168404344971008868E-16, 2.000000000000000000 ) ) ;
#4315 = VECTOR ( 'NONE', #1688, 1000.000000000000000 ) ;
#4316 = ORIENTED_EDGE ( 'NONE', *, *, #7115, .F. ) ;
#4317 = CARTESIAN_POINT ( 'NONE',  ( 131.6149681934074920, 0.4175724282287562317, -1.954744932735746232 ) ) ;
#4318 = DIRECTION ( 'NONE',  ( 0.0000000000000000000, 0.0000000000000000000, -1.000000000000000000 ) ) ;
#4319 = CARTESIAN_POINT ( 'NONE',  ( 0.0000000000000000000, 4.500000000000000888, 0.0000000000000000000 ) ) ;
#4320 = DIRECTION ( 'NONE',  ( 0.0000000000000000000, 0.0000000000000000000, -1.000000000000000000 ) ) ;
#4321 = CIRCLE ( 'NONE', #8572, 1.000000000000000444 ) ;
#4322 = VERTEX_POINT ( 'NONE', #1690 ) ;
#4323 = CARTESIAN_POINT ( 'NONE',  ( 131.8369264585369933, 1.396736359689745299, -1.431508140668221074 ) ) ;
#4324 = CARTESIAN_POINT ( 'NONE',  ( 133.2873735037535994, 2.682122788990775053, -2.387069993852539262 ) ) ;
#4325 = DIRECTION ( 'NONE',  ( 1.000000000000000000, -0.0000000000000000000, 0.0000000000000000000 ) ) ;
#4326 = VERTEX_POINT ( 'NONE', #8102 ) ;
#4327 = CARTESIAN_POINT ( 'NONE',  ( 0.0000000000000000000, 4.500000000000000888, 0.0000000000000000000 ) ) ;
#4328 = DIRECTION ( 'NONE',  ( 0.0000000000000000000, 1.000000000000000000, 0.0000000000000000000 ) ) ;
#4329 = FACE_OUTER_BOUND ( 'NONE', #2911, .T. ) ;
#4330 = CARTESIAN_POINT ( 'NONE',  ( 132.0382693074191423, 1.892332282186486303, -0.6462712728691722974 ) ) ;
#4331 = CARTESIAN_POINT ( 'NONE',  ( 133.1034971220112482, 1.817859534152862722, 3.248618153256757068 ) ) ;
#4332 = DIRECTION ( 'NONE',  ( 0.0000000000000000000, 0.0000000000000000000, 1.000000000000000000 ) ) ;
#4333 = ORIENTED_EDGE ( 'NONE', *, *, #4353, .F. ) ;
#4334 = CARTESIAN_POINT ( 'NONE',  ( 12.90106209202365761, -5.000000000000000888, -29.50198555647411780 ) ) ;
#4335 = ORIENTED_EDGE ( 'NONE', *, *, #5416, .F. ) ;
#4336 = EDGE_CURVE ( 'NONE', #1397, #219, #3206, .T. ) ;
#4337 = EDGE_CURVE ( 'NONE', #4322, #150, #3906, .T. ) ;
#4338 = DIRECTION ( 'NONE',  ( 0.0000000000000000000, 0.0000000000000000000, 1.000000000000000000 ) ) ;
#4339 = CARTESIAN_POINT ( 'NONE',  ( 133.2613804299972742, -2.577163342201486351, 2.527451054173268208 ) ) ;
#4340 = CYLINDRICAL_SURFACE ( 'NONE', #6013, 3.000000000000002665 ) ;
#4341 = DIRECTION ( 'NONE',  ( 0.0000000000000000000, -0.9897433186107871261, 0.1428571428571425717 ) ) ;
#4342 = CARTESIAN_POINT ( 'NONE',  ( 11.08157604679221997, 4.000000008605690383, -35.00000000000000000 ) ) ;
#4343 = VERTEX_POINT ( 'NONE', #964 ) ;
#4344 = CARTESIAN_POINT ( 'NONE',  ( 112.3724689152755474, 4.573936602835820153, 11.14111050001963754 ) ) ;
#4345 = LINE ( 'NONE', #9294, #2536 ) ;
#4346 = ORIENTED_EDGE ( 'NONE', *, *, #8172, .F. ) ;
#4347 = ORIENTED_EDGE ( 'NONE', *, *, #2901, .T. ) ;
#4348 = AXIS2_PLACEMENT_3D ( 'NONE', #5636, #7130, #2744 ) ;
#4349 = ORIENTED_EDGE ( 'NONE', *, *, #8483, .T. ) ;
#4350 = CARTESIAN_POINT ( 'NONE',  ( 12.14634707257499002, -5.022521367682092119, -34.15033017895672884 ) ) ;
#4351 = ADVANCED_FACE ( 'NONE', ( #7230 ), #5972, .F. ) ;
#4352 = TOROIDAL_SURFACE ( 'NONE', #8433, 5.000000000000004441, 2.000000000000000000 ) ;
#4353 = EDGE_CURVE ( 'NONE', #6832, #6771, #9118, .T. ) ;
#4354 = ORIENTED_EDGE ( 'NONE', *, *, #5747, .T. ) ;
#4355 = FACE_OUTER_BOUND ( 'NONE', #947, .T. ) ;
#4356 = ORIENTED_EDGE ( 'NONE', *, *, #2162, .F. ) ;
#4357 = CARTESIAN_POINT ( 'NONE',  ( 131.6552001173346014, 0.7048995258653121265, 1.871139567520106128 ) ) ;
#4358 = CARTESIAN_POINT ( 'NONE',  ( 132.9600167895914069, 0.5572424915326693595, -3.780030255856242860 ) ) ;
#4359 = VERTEX_POINT ( 'NONE', #132 ) ;
#4360 = VERTEX_POINT ( 'NONE', #5262 ) ;
#4361 = DIRECTION ( 'NONE',  ( 0.0000000000000000000, 0.0000000000000000000, 1.000000000000000000 ) ) ;
#4362 = AXIS2_PLACEMENT_3D ( 'NONE', #7224, #657, #4332 ) ;
#4363 = CARTESIAN_POINT ( 'NONE',  ( 104.4962630317094039, -2.963376814029496487, 5.646687722988485980 ) ) ;
#4364 = DIRECTION ( 'NONE',  ( 1.000000000000000000, -0.0000000000000000000, 0.0000000000000000000 ) ) ;
#4365 = CIRCLE ( 'NONE', #7895, 1.000000000000000888 ) ;
#4366 = CARTESIAN_POINT ( 'NONE',  ( 1.450881911481587821E-14, 7.500000000000000888, 23.00000000000000711 ) ) ;
#4367 = VERTEX_POINT ( 'NONE', #869 ) ;
#4368 = VERTEX_POINT ( 'NONE', #3074 ) ;
#4369 = CARTESIAN_POINT ( 'NONE',  ( 120.0000000000000000, -12.50000000000000000, 13.50000000000000178 ) ) ;
#4370 = EDGE_CURVE ( 'NONE', #1389, #1456, #3686, .T. ) ;
#4371 = LINE ( 'NONE', #5078, #8341 ) ;
#4372 = CARTESIAN_POINT ( 'NONE',  ( 34.64101615137754919, 1.500000000000000888, 5.000000000000000888 ) ) ;
#4373 = CARTESIAN_POINT ( 'NONE',  ( 101.0263340389897166, 5.000000000000000888, -33.50000000000000000 ) ) ;
#4374 = AXIS2_PLACEMENT_3D ( 'NONE', #8506, #7732, #7089 ) ;
#4375 = CARTESIAN_POINT ( 'NONE',  ( 133.2161833092851566, -2.384047073327531852, 2.754006868125474128 ) ) ;
#4376 = CARTESIAN_POINT ( 'NONE',  ( 110.3761139616923828, 5.658451305057354830, 9.470462188226802525 ) ) ;
#4377 = VERTEX_POINT ( 'NONE', #1664 ) ;
#4378 = DIRECTION ( 'NONE',  ( 1.000000000000000000, 0.0000000000000000000, 0.0000000000000000000 ) ) ;
#4379 = CARTESIAN_POINT ( 'NONE',  ( 34.44018301048685515, -1.499999999999999778, 4.768117565621836640 ) ) ;
#4380 = VECTOR ( 'NONE', #425, 1000.000000000000000 ) ;
#4381 = CARTESIAN_POINT ( 'NONE',  ( 26.05740473606528340, -4.997617268602736473, 19.50881112184233501 ) ) ;
#4382 = CARTESIAN_POINT ( 'NONE',  ( 131.6181486701876793, -0.4518136425301683690, 1.948276280657547099 ) ) ;
#4383 = CARTESIAN_POINT ( 'NONE',  ( 101.0263340389897166, -4.500000000000000888, 33.50000000000000000 ) ) ;
#4384 = DIRECTION ( 'NONE',  ( -0.8660254037844381525, 0.0000000000000000000, -0.5000000000000006661 ) ) ;
#4385 = AXIS2_PLACEMENT_3D ( 'NONE', #2025, #9214, #2683 ) ;
#4386 = CARTESIAN_POINT ( 'NONE',  ( 131.6792267538579040, -0.8302501948304136237, -1.818993986239165972 ) ) ;
#4387 = DIRECTION ( 'NONE',  ( 0.0000000000000000000, 0.0000000000000000000, 1.000000000000000000 ) ) ;
#4388 = VECTOR ( 'NONE', #6337, 1000.000000000000000 ) ;
#4389 = CARTESIAN_POINT ( 'NONE',  ( 14.40106209202366827, -7.000000000000002665, -32.10006176782744092 ) ) ;
#4390 = CARTESIAN_POINT ( 'NONE',  ( 14.40106209202366827, -7.000000000000002665, 32.10006176782744092 ) ) ;
#4391 = CARTESIAN_POINT ( 'NONE',  ( 38.00000000000000000, -3.499999999999999556, 3.000000000000000000 ) ) ;
#4392 = CARTESIAN_POINT ( 'NONE',  ( 133.4998428791017773, 3.429102615120387387, -0.5076386294655944598 ) ) ;
#4393 = DIRECTION ( 'NONE',  ( -0.0000000000000000000, 1.000000000000000000, -0.0000000000000000000 ) ) ;
#4394 = FACE_OUTER_BOUND ( 'NONE', #5315, .T. ) ;
#4395 = DIRECTION ( 'NONE',  ( -0.0000000000000000000, -1.000000000000000000, -0.0000000000000000000 ) ) ;
#4396 = ADVANCED_FACE ( 'NONE', ( #7111 ), #1752, .F. ) ;
#4397 = FACE_OUTER_BOUND ( 'NONE', #2706, .T. ) ;
#4398 = DIRECTION ( 'NONE',  ( 0.0000000000000000000, -1.000000000000000000, 0.0000000000000000000 ) ) ;
#4399 = CIRCLE ( 'NONE', #3701, 1.000000000000000000 ) ;
#4400 = CARTESIAN_POINT ( 'NONE',  ( 133.1032771457235242, -1.816697300960711470, -3.249490809252360890 ) ) ;
#4401 = DIRECTION ( 'NONE',  ( -0.5000000000000021094, 0.0000000000000000000, 0.8660254037844373753 ) ) ;
#4402 = CARTESIAN_POINT ( 'NONE',  ( 113.3468963513340526, 4.000000000000000888, 11.74675324675325072 ) ) ;
#4403 = ORIENTED_EDGE ( 'NONE', *, *, #1339, .F. ) ;
#4404 = CARTESIAN_POINT ( 'NONE',  ( 32.34976137164331789, -5.671997017531062113, 3.498835912851406160 ) ) ;
#4405 = EDGE_CURVE ( 'NONE', #6854, #7392, #3152, .T. ) ;
#4406 = EDGE_CURVE ( 'NONE', #5485, #2223, #5362, .T. ) ;
#4407 = DIRECTION ( 'NONE',  ( 0.0000000000000000000, 0.0000000000000000000, -1.000000000000000000 ) ) ;
#4408 = CARTESIAN_POINT ( 'NONE',  ( 26.56875273934252846, -4.987829480232733204, 18.91980951696746160 ) ) ;
#4409 = CARTESIAN_POINT ( 'NONE',  ( 10.71751771055746794, -5.000000000000003553, -35.00000000000000000 ) ) ;
#4410 = FACE_OUTER_BOUND ( 'NONE', #3920, .T. ) ;
#4411 = CARTESIAN_POINT ( 'NONE',  ( 49.32399612951925860, 3.500000000000000888, -3.500000000000004885 ) ) ;
#4412 = ORIENTED_EDGE ( 'NONE', *, *, #5624, .F. ) ;
#4413 = AXIS2_PLACEMENT_3D ( 'NONE', #6841, #1043, #8177 ) ;
#4414 = VERTEX_POINT ( 'NONE', #9096 ) ;
#4415 = CARTESIAN_POINT ( 'NONE',  ( 131.6263763578848227, 0.5151875573588591273, 1.931434495619279934 ) ) ;
#4416 = CARTESIAN_POINT ( 'NONE',  ( 133.3629881777734170, 2.967345561801678855, -1.921680346587576693 ) ) ;
#4417 = ORIENTED_EDGE ( 'NONE', *, *, #2041, .T. ) ;
#4418 = TOROIDAL_SURFACE ( 'NONE', #3488, 15.00000000000000178, 2.000000000000000000 ) ;
#4419 = EDGE_CURVE ( 'NONE', #8201, #5351, #7532, .T. ) ;
#4420 = VERTEX_POINT ( 'NONE', #5487 ) ;
#4421 = DIRECTION ( 'NONE',  ( 0.0000000000000000000, 1.000000000000000000, -0.0000000000000000000 ) ) ;
#4422 = EDGE_CURVE ( 'NONE', #6655, #5367, #6064, .T. ) ;
#4423 = CARTESIAN_POINT ( 'NONE',  ( 22.06175577363059404, -7.572226491139432802, 25.41036149397174171 ) ) ;
#4424 = CARTESIAN_POINT ( 'NONE',  ( 49.32399612951925860, -3.500000000000000888, 18.50000000000000355 ) ) ;
#4425 = FACE_OUTER_BOUND ( 'NONE', #4464, .T. ) ;
#4426 = VERTEX_POINT ( 'NONE', #441 ) ;
#4427 = CARTESIAN_POINT ( 'NONE',  ( 8.116411109992025530, 12.50000000000000000, -30.95357605663032174 ) ) ;
#4428 = CARTESIAN_POINT ( 'NONE',  ( 28.43318227423372235, 4.643172184234075850, -16.71017008333874898 ) ) ;
#4429 = ORIENTED_EDGE ( 'NONE', *, *, #3438, .F. ) ;
#4430 = CARTESIAN_POINT ( 'NONE',  ( 133.3854859858367661, -3.046237840142290931, 1.755539485946912448 ) ) ;
#4431 = EDGE_CURVE ( 'NONE', #8657, #3094, #5494, .T. ) ;
#4432 = DIRECTION ( 'NONE',  ( 0.0000000000000000000, 1.000000000000000000, 0.0000000000000000000 ) ) ;
#4433 = DIRECTION ( 'NONE',  ( 0.0000000000000000000, -1.000000000000000000, 0.0000000000000000000 ) ) ;
#4434 = DIRECTION ( 'NONE',  ( 0.0000000000000000000, 0.0000000000000000000, -1.000000000000000000 ) ) ;
#4435 = ORIENTED_EDGE ( 'NONE', *, *, #8007, .F. ) ;
#4436 = CARTESIAN_POINT ( 'NONE',  ( 70.00000000000000000, -1.500000000000000888, -64.02475001521551690 ) ) ;
#4437 = B_SPLINE_CURVE_WITH_KNOTS ( 'NONE', 3,
 ( #2119, #4277, #5669, #534, #3453, #3541, #4991, #8550, #4899, #2779 ),
 .UNSPECIFIED., .F., .F.,
 ( 4, 2, 2, 2, 4 ),
 ( 0.0000000000000000000, 0.001091976997524665878, 0.002183953995049331756, 0.003275930992573997634, 0.004367907990098663512 ),
 .UNSPECIFIED. ) ;
#4438 = VERTEX_POINT ( 'NONE', #4841 ) ;
#4439 = AXIS2_PLACEMENT_3D ( 'NONE', #3008, #5330, #6858 ) ;
#4440 = CARTESIAN_POINT ( 'NONE',  ( 0.0000000000000000000, -7.000000000000000888, 0.0000000000000000000 ) ) ;
#4441 = DIRECTION ( 'NONE',  ( 8.974302782386682456E-14, 0.0000000000000000000, 1.000000000000000000 ) ) ;
#4442 = ADVANCED_FACE ( 'NONE', ( #4130, #7544 ), #6307, .F. ) ;
#4443 = CARTESIAN_POINT ( 'NONE',  ( 113.3468963513340526, -4.000000000000000888, -11.74675324675324894 ) ) ;
#4444 = ORIENTED_EDGE ( 'NONE', *, *, #508, .F. ) ;
#4445 = CARTESIAN_POINT ( 'NONE',  ( 131.6728745166868180, 0.7965435365147499613, 1.832763896670180692 ) ) ;
#4446 = ORIENTED_EDGE ( 'NONE', *, *, #849, .F. ) ;
#4447 = ORIENTED_EDGE ( 'NONE', *, *, #280, .F. ) ;
#4448 = EDGE_CURVE ( 'NONE', #1970, #5367, #1419, .T. ) ;
#4449 = ORIENTED_EDGE ( 'NONE', *, *, #2111, .F. ) ;
#4450 = DIRECTION ( 'NONE',  ( 0.0000000000000000000, 1.000000000000000000, 0.0000000000000000000 ) ) ;
#4451 = LINE ( 'NONE', #6981, #7326 ) ;
#4452 = CARTESIAN_POINT ( 'NONE',  ( 3.469446951953614189E-15, -4.000000000000001776, 34.00000000000000000 ) ) ;
#4453 = ORIENTED_EDGE ( 'NONE', *, *, #1498, .F. ) ;
#4454 = CARTESIAN_POINT ( 'NONE',  ( 14.38836633717171587, -5.008245486696116799, 34.09026589720551215 ) ) ;
#4455 = ORIENTED_EDGE ( 'NONE', *, *, #1627, .F. ) ;
#4456 = CARTESIAN_POINT ( 'NONE',  ( 133.3470412564138314, 2.909607903562704934, -2.029186935522926394 ) ) ;
#4457 = CARTESIAN_POINT ( 'NONE',  ( 131.5921902772247165, -1.499233195704313962E-10, 2.000000000374880571 ) ) ;
#4458 = CARTESIAN_POINT ( 'NONE',  ( 38.00000000000000000, 7.000000000000002665, 3.000000000000000000 ) ) ;
#4459 = FACE_OUTER_BOUND ( 'NONE', #4672, .T. ) ;
#4460 = ORIENTED_EDGE ( 'NONE', *, *, #7937, .F. ) ;
#4461 = LINE ( 'NONE', #484, #3092 ) ;
#4462 = EDGE_CURVE ( 'NONE', #6994, #8626, #7995, .T. ) ;
#4463 = VERTEX_POINT ( 'NONE', #7039 ) ;
#4464 = EDGE_LOOP ( 'NONE', ( #4767, #739, #4211, #6689 ) ) ;
#4465 = EDGE_CURVE ( 'NONE', #3078, #8198, #6546, .T. ) ;
#4466 = ORIENTED_EDGE ( 'NONE', *, *, #6234, .F. ) ;
#4467 = CARTESIAN_POINT ( 'NONE',  ( 132.9831954130258680, -0.8891934687310083518, 3.699740282838819727 ) ) ;
#4468 = CARTESIAN_POINT ( 'NONE',  ( 70.00000000000000000, -4.000000000000000888, 64.02475001521551690 ) ) ;
#4469 = CARTESIAN_POINT ( 'NONE',  ( 32.38296294815026499, -6.108081673432396386, 3.205116457407595654 ) ) ;
#4470 = CARTESIAN_POINT ( 'NONE',  ( 10.71751771055746616, -4.000000000000000888, -35.00000000000000000 ) ) ;
#4471 = CYLINDRICAL_SURFACE ( 'NONE', #8683, 2.000000000000000000 ) ;
#4472 = ORIENTED_EDGE ( 'NONE', *, *, #8513, .T. ) ;
#4473 = ORIENTED_EDGE ( 'NONE', *, *, #2785, .F. ) ;
#4474 =( GEOMETRIC_REPRESENTATION_CONTEXT ( 3 ) GLOBAL_UNCERTAINTY_ASSIGNED_CONTEXT ( ( #1793 ) ) GLOBAL_UNIT_ASSIGNED_CONTEXT ( ( #8236, #3901, #1836 ) ) REPRESENTATION_CONTEXT ( 'NONE', 'WORKASPACE' ) );
#4475 = ORIENTED_EDGE ( 'NONE', *, *, #329, .T. ) ;
#4476 = EDGE_LOOP ( 'NONE', ( #8782, #1074, #8061, #1377, #5238 ) ) ;
#4477 = CARTESIAN_POINT ( 'NONE',  ( 32.61216235946931619, 1.548597003218640467, 11.40652422471934457 ) ) ;
#4478 = DIRECTION ( 'NONE',  ( -0.0000000000000000000, 1.000000000000000000, -0.0000000000000000000 ) ) ;
#4479 = CARTESIAN_POINT ( 'NONE',  ( 22.74837764801966244, -7.000000000000002665, -22.50580623712644268 ) ) ;
#4480 = SPHERICAL_SURFACE ( 'NONE', #1698, 2.000000000000000000 ) ;
#4481 = DIRECTION ( 'NONE',  ( -1.209068259567990442E-15, 0.0000000000000000000, 1.000000000000000000 ) ) ;
#4482 = CARTESIAN_POINT ( 'NONE',  ( 132.0857978830378556, -1.993585109354517160, -0.1606569843334662018 ) ) ;
#4483 = ORIENTED_EDGE ( 'NONE', *, *, #9145, .F. ) ;
#4484 = CARTESIAN_POINT ( 'NONE',  ( 131.7187063522901553, -1.003116425042460680, 1.730069907945921193 ) ) ;
#4485 = AXIS2_PLACEMENT_3D ( 'NONE', #1599, #5946, #3048 ) ;
#4486 = DIRECTION ( 'NONE',  ( 0.0000000000000000000, 1.000000000000000000, 0.0000000000000000000 ) ) ;
#4487 = DIRECTION ( 'NONE',  ( 0.0000000000000000000, 1.000000000000000000, 0.0000000000000000000 ) ) ;
#4488 = CARTESIAN_POINT ( 'NONE',  ( 131.6149681934074920, 0.4175724282287562317, -1.954744932735746232 ) ) ;
#4489 = DIRECTION ( 'NONE',  ( 0.0000000000000000000, 0.0000000000000000000, 1.000000000000000000 ) ) ;
#4490 = CYLINDRICAL_SURFACE ( 'NONE', #778, 7.999999999999996447 ) ;
#4491 = DIRECTION ( 'NONE',  ( 0.0000000000000000000, 0.0000000000000000000, -1.000000000000000000 ) ) ;
#4492 = ADVANCED_FACE ( 'NONE', ( #43 ), #1186, .F. ) ;
#4493 = VERTEX_POINT ( 'NONE', #3552 ) ;
#4494 = ADVANCED_FACE ( 'NONE', ( #3446 ), #3672, .F. ) ;
#4495 = ORIENTED_EDGE ( 'NONE', *, *, #2901, .F. ) ;
#4496 = DIRECTION ( 'NONE',  ( 0.0000000000000000000, 1.000000000000000000, 0.0000000000000000000 ) ) ;
#4497 = CARTESIAN_POINT ( 'NONE',  ( 26.56875273934248227, 4.987829480232734980, -18.91980951696753976 ) ) ;
#4498 = CYLINDRICAL_SURFACE ( 'NONE', #5696, 33.00000000000000000 ) ;
#4499 = AXIS2_PLACEMENT_3D ( 'NONE', #9224, #6445, #3463 ) ;
#4500 = CARTESIAN_POINT ( 'NONE',  ( 132.9602412570085335, 0.5634421872892544370, 3.779263319832910639 ) ) ;
#4501 = CARTESIAN_POINT ( 'NONE',  ( 101.0263340389897166, -3.500000000000000888, 33.50000000000000000 ) ) ;
#4502 = CARTESIAN_POINT ( 'NONE',  ( 14.40106209202366827, -7.000000000000002665, 32.10006176782744092 ) ) ;
#4503 = DIRECTION ( 'NONE',  ( -0.0000000000000000000, -1.000000000000000000, -0.0000000000000000000 ) ) ;
#4504 = CARTESIAN_POINT ( 'NONE',  ( 110.2877870144722152, -5.000000000000000000, -9.383959129691714196 ) ) ;
#4505 = CARTESIAN_POINT ( 'NONE',  ( 104.6761038923171441, -5.000000000000000000, 6.119497312630393537 ) ) ;
#4506 = DIRECTION ( 'NONE',  ( 1.000000000000000000, 0.0000000000000000000, 0.0000000000000000000 ) ) ;
#4507 = CARTESIAN_POINT ( 'NONE',  ( 32.86335345030996535, -3.500000000000000888, 3.000000000000000888 ) ) ;
#4508 = AXIS2_PLACEMENT_3D ( 'NONE', #3033, #4601, #2424 ) ;
#4509 = CIRCLE ( 'NONE', #768, 2.000000000000000000 ) ;
#4510 = FACE_OUTER_BOUND ( 'NONE', #4052, .T. ) ;
#4511 = DIRECTION ( 'NONE',  ( 0.0000000000000000000, 0.0000000000000000000, 1.000000000000000000 ) ) ;
#4512 = CARTESIAN_POINT ( 'NONE',  ( 101.0263340389897166, 3.500000000000000888, -33.50000000000000000 ) ) ;
#4513 = CARTESIAN_POINT ( 'NONE',  ( 12.14506863688896132, -4.892820080638736968, 35.00000000000000000 ) ) ;
#4514 = EDGE_CURVE ( 'NONE', #9326, #6122, #5603, .T. ) ;
#4515 = CARTESIAN_POINT ( 'NONE',  ( 101.0263340389897166, -4.500000000000000888, -33.50000000000000000 ) ) ;
#4516 = CARTESIAN_POINT ( 'NONE',  ( 29.19250043978219011, 2.644545340588161153, -15.78394777082696088 ) ) ;
#4517 = FACE_OUTER_BOUND ( 'NONE', #306, .T. ) ;
#4518 = VERTEX_POINT ( 'NONE', #3518 ) ;
#4519 = ORIENTED_EDGE ( 'NONE', *, *, #5759, .T. ) ;
#4520 = CARTESIAN_POINT ( 'NONE',  ( 133.1025379847085048, -1.812463875810913727, 3.252479819822783558 ) ) ;
#4521 = AXIS2_PLACEMENT_3D ( 'NONE', #176, #8111, #1576 ) ;
#4522 = CARTESIAN_POINT ( 'NONE',  ( 20.96557068124415935, -7.996364998856362760, -28.28218756066128492 ) ) ;
#4523 = CARTESIAN_POINT ( 'NONE',  ( 133.1119964297820104, 1.864817907228191407, 3.213540745497916351 ) ) ;
#4524 = CARTESIAN_POINT ( 'NONE',  ( 7.609135415617525489, -7.000000000000002665, -29.01897755309092375 ) ) ;
#4525 = CARTESIAN_POINT ( 'NONE',  ( 34.64101615137754919, 3.500000000000000888, -5.000000000000000888 ) ) ;
#4526 = CYLINDRICAL_SURFACE ( 'NONE', #3119, 63.00000000000000000 ) ;
#4527 = CARTESIAN_POINT ( 'NONE',  ( 128.9999809453372563, 1.999902730110341587, 0.2620901686764134930 ) ) ;
#4528 = EDGE_CURVE ( 'NONE', #3543, #9324, #3089, .T. ) ;
#4529 = ORIENTED_EDGE ( 'NONE', *, *, #7197, .T. ) ;
#4530 = EDGE_CURVE ( 'NONE', #5492, #8668, #6769, .T. ) ;
#4531 = DIRECTION ( 'NONE',  ( 0.0000000000000000000, 0.0000000000000000000, 1.000000000000000000 ) ) ;
#4532 = DIRECTION ( 'NONE',  ( 0.0000000000000000000, 0.0000000000000000000, 1.000000000000000000 ) ) ;
#4533 = FACE_OUTER_BOUND ( 'NONE', #7520, .T. ) ;
#4534 = ORIENTED_EDGE ( 'NONE', *, *, #329, .F. ) ;
#4535 = DIRECTION ( 'NONE',  ( -0.0000000000000000000, -1.000000000000000000, 0.0000000000000000000 ) ) ;
#4536 = CARTESIAN_POINT ( 'NONE',  ( 132.0639209378979615, -1.947317550330816660, 0.4537737837059823143 ) ) ;
#4537 = CARTESIAN_POINT ( 'NONE',  ( 131.6658234375902907, -0.7604695447639894246, 1.848142529164141790 ) ) ;
#4538 = CARTESIAN_POINT ( 'NONE',  ( 132.9458081952646751, -0.1143921690316861139, -3.828323577788223631 ) ) ;
#4539 = ORIENTED_EDGE ( 'NONE', *, *, #8164, .T. ) ;
#4540 = EDGE_CURVE ( 'NONE', #6304, #119, #2997, .T. ) ;
#4541 = DIRECTION ( 'NONE',  ( 0.0000000000000000000, 0.0000000000000000000, 1.000000000000000000 ) ) ;
#4542 = CIRCLE ( 'NONE', #631, 30.00000000000000000 ) ;
#4543 = DIRECTION ( 'NONE',  ( 0.9104950003043107420, 3.586714930351021467E-16, -0.4135200774096141618 ) ) ;
#4544 = CARTESIAN_POINT ( 'NONE',  ( 21.68060124781831988, -7.984270708231275826, 27.46736659107959611 ) ) ;
#4545 = EDGE_LOOP ( 'NONE', ( #8660, #4757, #1358, #4683 ) ) ;
#4546 = AXIS2_PLACEMENT_3D ( 'NONE', #4327, #6481, #5055 ) ;
#4547 = EDGE_LOOP ( 'NONE', ( #8532, #136, #1184, #1868, #3277, #8215 ) ) ;
#4548 = ORIENTED_EDGE ( 'NONE', *, *, #3976, .T. ) ;
#4549 = CARTESIAN_POINT ( 'NONE',  ( 133.4995918349408157, 3.428313030199571010, 0.1226733160216069013 ) ) ;
#4550 = DIRECTION ( 'NONE',  ( 0.0000000000000000000, 1.000000000000000000, 0.0000000000000000000 ) ) ;
#4551 = DIRECTION ( 'NONE',  ( 0.0000000000000000000, 1.000000000000000000, 0.0000000000000000000 ) ) ;
#4552 = CARTESIAN_POINT ( 'NONE',  ( 44.77527527801350260, -5.000000000000000888, -8.484554996652585501 ) ) ;
#4553 = CARTESIAN_POINT ( 'NONE',  ( 101.0263340389897166, -4.500000000000000888, -33.50000000000000000 ) ) ;
#4554 = ORIENTED_EDGE ( 'NONE', *, *, #662, .T. ) ;
#4555 = AXIS2_PLACEMENT_3D ( 'NONE', #4203, #7150, #5011 ) ;
#4556 = CARTESIAN_POINT ( 'NONE',  ( 22.74837764801966600, -7.000000000000002665, 22.50580623712643913 ) ) ;
#4557 = DIRECTION ( 'NONE',  ( -1.000000000000000000, 0.0000000000000000000, -8.388032079972216237E-17 ) ) ;
#4558 = LINE ( 'NONE', #8276, #2412 ) ;
#4559 = CARTESIAN_POINT ( 'NONE',  ( 12.90106209202365761, -5.000000000000000888, 29.50198555647411780 ) ) ;
#4560 = VECTOR ( 'NONE', #322, 1000.000000000000000 ) ;
#4561 = CARTESIAN_POINT ( 'NONE',  ( 0.0000000000000000000, -4.500000000000000888, 0.0000000000000000000 ) ) ;
#4562 = CARTESIAN_POINT ( 'NONE',  ( 132.0857375520807011, -1.993444502250927064, 0.1613462109831732827 ) ) ;
#4563 = ORIENTED_EDGE ( 'NONE', *, *, #9341, .F. ) ;
#4564 = CARTESIAN_POINT ( 'NONE',  ( 131.9080876157280500, -1.585985932334312620, 1.217725542243300207 ) ) ;
#4565 = ORIENTED_EDGE ( 'NONE', *, *, #3245, .F. ) ;
#4566 = EDGE_CURVE ( 'NONE', #7997, #6499, #1527, .T. ) ;
#4567 = CARTESIAN_POINT ( 'NONE',  ( 36.33395164968452207, -1.058885725402813671, 14.35981990006650122 ) ) ;
#4568 = DIRECTION ( 'NONE',  ( 1.000000000000000000, 0.0000000000000000000, 8.388032079972216237E-17 ) ) ;
#4569 = CYLINDRICAL_SURFACE ( 'NONE', #4374, 1.000000000000000888 ) ;
#4570 = AXIS2_PLACEMENT_3D ( 'NONE', #6393, #5604, #4247 ) ;
#4571 = EDGE_LOOP ( 'NONE', ( #6132, #2437, #2269, #5609 ) ) ;
#4572 = VECTOR ( 'NONE', #2273, 1000.000000000000000 ) ;
#4573 = ORIENTED_EDGE ( 'NONE', *, *, #3365, .T. ) ;
#4574 = DIRECTION ( 'NONE',  ( 1.000000000000000000, 0.0000000000000000000, -0.0000000000000000000 ) ) ;
#4575 = ORIENTED_EDGE ( 'NONE', *, *, #332, .T. ) ;
#4576 = ORIENTED_EDGE ( 'NONE', *, *, #4566, .F. ) ;
#4577 = EDGE_CURVE ( 'NONE', #9200, #4091, #1980, .T. ) ;
#4578 = EDGE_CURVE ( 'NONE', #6326, #2088, #1296, .T. ) ;
#4579 = FACE_OUTER_BOUND ( 'NONE', #6538, .T. ) ;
#4580 = EDGE_CURVE ( 'NONE', #622, #3643, #6880, .T. ) ;
#4581 = ORIENTED_EDGE ( 'NONE', *, *, #4239, .F. ) ;
#4582 = CARTESIAN_POINT ( 'NONE',  ( 133.3946599521650285, -3.079988354579605847, -1.699380028788103125 ) ) ;
#4583 = CARTESIAN_POINT ( 'NONE',  ( 38.00000000000000000, 12.50000000000000000, 0.0000000000000000000 ) ) ;
#4584 = ORIENTED_EDGE ( 'NONE', *, *, #3976, .F. ) ;
#4585 = CARTESIAN_POINT ( 'NONE',  ( 132.9547103021345720, 0.4518803870358962804, 3.798111896804061693 ) ) ;
#4586 = DIRECTION ( 'NONE',  ( 0.0000000000000000000, 0.0000000000000000000, -1.000000000000000000 ) ) ;
#4587 = CARTESIAN_POINT ( 'NONE',  ( 120.0000000000000000, 3.500000000000000888, 0.0000000000000000000 ) ) ;
#4588 = CARTESIAN_POINT ( 'NONE',  ( 7.609135415617523712, -12.50000000000000000, -29.01897755309092375 ) ) ;
#4589 = CARTESIAN_POINT ( 'NONE',  ( 10.71751771055746616, -5.000000000000001776, -34.00000000000000000 ) ) ;
#4590 = AXIS2_PLACEMENT_3D ( 'NONE', #8395, #1760, #2472 ) ;
#4591 = FACE_OUTER_BOUND ( 'NONE', #6289, .T. ) ;
#4592 = ORIENTED_EDGE ( 'NONE', *, *, #3487, .F. ) ;
#4593 = CARTESIAN_POINT ( 'NONE',  ( 14.40106209202366827, 23.43849360530937176, 32.10006176782744092 ) ) ;
#4594 = DIRECTION ( 'NONE',  ( 0.0000000000000000000, -1.000000000000000000, 0.0000000000000000000 ) ) ;
#4595 = CARTESIAN_POINT ( 'NONE',  ( 21.32660404501843487, 23.43849360530937176, 21.09919334730603779 ) ) ;
#4596 = LINE ( 'NONE', #1704, #3715 ) ;
#4597 = VERTEX_POINT ( 'NONE', #5742 ) ;
#4598 = AXIS2_PLACEMENT_3D ( 'NONE', #4312, #2283, #793 ) ;
#4599 = CARTESIAN_POINT ( 'NONE',  ( 49.32399612951925860, -5.000000000000000888, 7.500000000000000888 ) ) ;
#4600 = DIRECTION ( 'NONE',  ( 0.0000000000000000000, 0.0000000000000000000, -1.000000000000000000 ) ) ;
#4601 = DIRECTION ( 'NONE',  ( 0.0000000000000000000, 1.000000000000000000, 0.0000000000000000000 ) ) ;
#4602 = CARTESIAN_POINT ( 'NONE',  ( 28.53857969578139020, -3.323748478012475083, 16.58249098537092792 ) ) ;
#4603 = SURFACE_STYLE_FILL_AREA ( #6936 ) ;
#4604 = FACE_OUTER_BOUND ( 'NONE', #2080, .T. ) ;
#4605 = CARTESIAN_POINT ( 'NONE',  ( 49.32399612951925860, 5.000000000000000888, 18.50000000000000355 ) ) ;
#4606 = CARTESIAN_POINT ( 'NONE',  ( 133.3393735321856184, -2.880888829669713491, -2.076994272380566109 ) ) ;
#4607 = CARTESIAN_POINT ( 'NONE',  ( 132.9452869728281996, -0.1092216338826550587, 3.830084229820181818 ) ) ;
#4608 = DIRECTION ( 'NONE',  ( 0.0000000000000000000, 0.0000000000000000000, 1.000000000000000000 ) ) ;
#4609 = AXIS2_PLACEMENT_3D ( 'NONE', #3291, #3361, #3423 ) ;
#4610 = CIRCLE ( 'NONE', #2527, 2.000000000000001776 ) ;
#4611 = CARTESIAN_POINT ( 'NONE',  ( 131.5943350020582159, -0.1312294602226734275, -1.995820304005646362 ) ) ;
#4612 = DIRECTION ( 'NONE',  ( 1.000000000000000000, 0.0000000000000000000, 0.0000000000000000000 ) ) ;
#4613 = CARTESIAN_POINT ( 'NONE',  ( 132.0725940699184662, 1.783330110071295493, 1.044532540994239200 ) ) ;
#4614 = ORIENTED_EDGE ( 'NONE', *, *, #5687, .T. ) ;
#4615 = DIRECTION ( 'NONE',  ( -0.0000000000000000000, -1.000000000000000000, -0.0000000000000000000 ) ) ;
#4616 = CARTESIAN_POINT ( 'NONE',  ( 128.7749644210287840, -0.0007683224586532549092, -1.999999852420151436 ) ) ;
#4617 = B_SPLINE_CURVE_WITH_KNOTS ( 'NONE', 3,
 ( #7613, #7681, #6260, #9160, #9127, #8295, #3285, #307, #1808, #7586, #5381, #4024, #1779, #2494, #3225, #9089, #8334, #338, #5412, #3992 ),
 .UNSPECIFIED., .F., .F.,
 ( 4, 2, 2, 2, 2, 2, 2, 2, 2, 4 ),
 ( 4.336808689942017736E-19, 0.0002695084133236296171, 0.0005390168266472588005, 0.001078033653294529527, 0.002156067306589072932, 0.004312134613178173620, 0.006468201919767276042, 0.007546235573061820315, 0.008085252399709091584, 0.008624269226356362852 ),
 .UNSPECIFIED. ) ;
#4618 = LINE ( 'NONE', #9106, #3383 ) ;
#4619 = DIRECTION ( 'NONE',  ( -0.5000000000000013323, 0.0000000000000000000, -0.8660254037844379305 ) ) ;
#4620 = VERTEX_POINT ( 'NONE', #2097 ) ;
#4621 = VERTEX_POINT ( 'NONE', #6372 ) ;
#4622 = AXIS2_PLACEMENT_3D ( 'NONE', #659, #5736, #1398 ) ;
#4623 = CARTESIAN_POINT ( 'NONE',  ( 131.7966757535468787, -1.276607415801858547, -1.539229546950356520 ) ) ;
#4624 = CARTESIAN_POINT ( 'NONE',  ( 132.0230561352627490, 1.858695978253013692, 0.7347697102305262851 ) ) ;
#4625 = CIRCLE ( 'NONE', #7229, 28.00000000000000000 ) ;
#4626 = CARTESIAN_POINT ( 'NONE',  ( 37.82720494745603190, -1.465940817189320677, 13.37935052712617079 ) ) ;
#4627 = ADVANCED_FACE ( 'NONE', ( #7002 ), #2453, .T. ) ;
#4628 = ORIENTED_EDGE ( 'NONE', *, *, #4842, .T. ) ;
#4629 = CARTESIAN_POINT ( 'NONE',  ( 18.00000000000003553, -13.43849360530937176, -30.02221399786052913 ) ) ;
#4630 = EDGE_CURVE ( 'NONE', #6637, #3093, #1064, .T. ) ;
#4631 = DIRECTION ( 'NONE',  ( 0.0000000000000000000, 0.0000000000000000000, -1.000000000000000000 ) ) ;
#4632 = ORIENTED_EDGE ( 'NONE', *, *, #6107, .F. ) ;
#4633 = EDGE_CURVE ( 'NONE', #2150, #6504, #1739, .T. ) ;
#4634 = ORIENTED_EDGE ( 'NONE', *, *, #4097, .T. ) ;
#4635 = CARTESIAN_POINT ( 'NONE',  ( 133.2442090963932912, -2.506536524098233798, -2.617059547467668335 ) ) ;
#4636 = FACE_BOUND ( 'NONE', #1044, .T. ) ;
#4637 = VERTEX_POINT ( 'NONE', #2971 ) ;
#4638 = CARTESIAN_POINT ( 'NONE',  ( 133.1899359120197062, -2.269464521355858633, -2.882415789648347992 ) ) ;
#4639 = AXIS2_PLACEMENT_3D ( 'NONE', #6466, #2724, #4192 ) ;
#4640 = VERTEX_POINT ( 'NONE', #5120 ) ;
#4641 = CARTESIAN_POINT ( 'NONE',  ( 131.7792344621622931, -1.221739682160143170, -1.584239597844759651 ) ) ;
#4642 = ADVANCED_FACE ( 'NONE', ( #3333 ), #8772, .T. ) ;
#4643 = CARTESIAN_POINT ( 'NONE',  ( 18.00000000000003197, 0.0000000000000000000, -27.99999999999997868 ) ) ;
#4644 = CARTESIAN_POINT ( 'NONE',  ( 111.6609704909632370, 4.713683152710760105, -10.65773810419370982 ) ) ;
#4645 = DIRECTION ( 'NONE',  ( 1.000000000000000000, -0.0000000000000000000, 1.209068259567990048E-15 ) ) ;
#4646 = CARTESIAN_POINT ( 'NONE',  ( 21.72376286396166023, 7.175531552849838235, -24.45716919357203878 ) ) ;
#4647 = FACE_BOUND ( 'NONE', #4120, .T. ) ;
#4648 = EDGE_CURVE ( 'NONE', #3094, #4426, #7321, .T. ) ;
#4649 = VERTEX_POINT ( 'NONE', #4391 ) ;
#4650 = ORIENTED_EDGE ( 'NONE', *, *, #209, .T. ) ;
#4651 = CARTESIAN_POINT ( 'NONE',  ( 128.9776846270631836, -1.895219136135768645, 0.6448766002931864971 ) ) ;
#4652 = AXIS2_PLACEMENT_3D ( 'NONE', #8848, #2202, #5 ) ;
#4653 = EDGE_LOOP ( 'NONE', ( #141, #4105, #5322, #7526 ) ) ;
#4654 = CARTESIAN_POINT ( 'NONE',  ( 32.93079359915466142, 1.519923831728868802, 10.98077565843735215 ) ) ;
#4655 = CARTESIAN_POINT ( 'NONE',  ( 43.94823512319426584, -4.500000000000000888, 6.663564996043966460 ) ) ;
#4656 = PLANE ( 'NONE',  #8134 ) ;
#4657 = CIRCLE ( 'NONE', #2442, 2.000000000000000000 ) ;
#4658 = CARTESIAN_POINT ( 'NONE',  ( 132.0435972843935417, -1.903763363431768996, -0.6088716760967149977 ) ) ;
#4659 = ORIENTED_EDGE ( 'NONE', *, *, #7013, .F. ) ;
#4660 = CARTESIAN_POINT ( 'NONE',  ( 131.8596709271868406, 1.459975716329506401, 1.367255391305002954 ) ) ;
#4661 = CARTESIAN_POINT ( 'NONE',  ( 35.95570186884793173, -0.4364601785026181457, 14.61840799558081905 ) ) ;
#4662 = DIRECTION ( 'NONE',  ( 0.9877175393299445494, 0.0000000000000000000, -0.1562499999999984179 ) ) ;
#4663 = CARTESIAN_POINT ( 'NONE',  ( 12.53494023032787474, 5.028197609507557786, -34.16732851882470356 ) ) ;
#4664 = ORIENTED_EDGE ( 'NONE', *, *, #8690, .T. ) ;
#4665 = CARTESIAN_POINT ( 'NONE',  ( 12.90106209202365761, -7.000000000000003553, -32.50198555647411780 ) ) ;
#4666 = CARTESIAN_POINT ( 'NONE',  ( 18.00000000000000000, 5.000000000000000888, 34.00000000000000000 ) ) ;
#4667 = VERTEX_POINT ( 'NONE', #4366 ) ;
#4668 = AXIS2_PLACEMENT_3D ( 'NONE', #4556, #2325, #5287 ) ;
#4669 = B_SPLINE_CURVE_WITH_KNOTS ( 'NONE', 3,
 ( #481, #8400, #5557, #9138, #4038, #6213, #4005, #5532, #8434, #1218 ),
 .UNSPECIFIED., .F., .F.,
 ( 4, 2, 2, 2, 4 ),
 ( 0.01830664611042749287, 0.01939220348467848160, 0.02047776085892947032, 0.02156331823318045904, 0.02264887560743144776 ),
 .UNSPECIFIED. ) ;
#4670 = ORIENTED_EDGE ( 'NONE', *, *, #9394, .T. ) ;
#4671 = VECTOR ( 'NONE', #8876, 1000.000000000000000 ) ;
#4672 = EDGE_LOOP ( 'NONE', ( #2524, #2647, #798 ) ) ;
#4673 = CARTESIAN_POINT ( 'NONE',  ( 113.3468963513340384, 4.000000000000000888, 11.74675324675324539 ) ) ;
#4674 = CARTESIAN_POINT ( 'NONE',  ( 132.9600167895914069, 0.5572424915326693595, -3.780030255856242860 ) ) ;
#4675 = CARTESIAN_POINT ( 'NONE',  ( 8.116411109992025530, -5.000000000000000888, 30.95357605663032174 ) ) ;
#4676 = CARTESIAN_POINT ( 'NONE',  ( 49.32399612951925860, -4.500000000000000888, -5.500000000000005329 ) ) ;
#4677 = CARTESIAN_POINT ( 'NONE',  ( 32.60712885353455448, 5.000000000000002665, 5.076923076923077538 ) ) ;
#4678 = ADVANCED_FACE ( 'NONE', ( #5032, #2881 ), #8999, .T. ) ;
#4679 = CIRCLE ( 'NONE', #5531, 62.50000000000000000 ) ;
#4680 = ORIENTED_EDGE ( 'NONE', *, *, #5141, .F. ) ;
#4681 = CIRCLE ( 'NONE', #122, 2.000000000000001776 ) ;
#4682 = ORIENTED_EDGE ( 'NONE', *, *, #7209, .F. ) ;
#4683 = ORIENTED_EDGE ( 'NONE', *, *, #8287, .T. ) ;
#4684 = CARTESIAN_POINT ( 'NONE',  ( 33.71942514095946564, 5.848011236977353811, 3.209114664620920099 ) ) ;
#4685 = FACE_OUTER_BOUND ( 'NONE', #1938, .T. ) ;
#4686 = CARTESIAN_POINT ( 'NONE',  ( 32.11308144666281805, -5.000000000000000888, 5.000000000000000000 ) ) ;
#4687 = CARTESIAN_POINT ( 'NONE',  ( 32.22862192517353463, -5.102237331054407576, -4.355173622471153472 ) ) ;
#4688 = EDGE_LOOP ( 'NONE', ( #3451, #6406, #6788 ) ) ;
#4689 = CARTESIAN_POINT ( 'NONE',  ( 132.0639010157395319, -1.947258196298106370, 0.4505001205910437734 ) ) ;
#4690 = EDGE_CURVE ( 'NONE', #3135, #7721, #9216, .T. ) ;
#4691 = EDGE_LOOP ( 'NONE', ( #6592, #6825, #9163, #4145 ) ) ;
#4692 = ADVANCED_FACE ( 'NONE', ( #2204 ), #2775, .T. ) ;
#4693 = ORIENTED_EDGE ( 'NONE', *, *, #1800, .T. ) ;
#4694 = CARTESIAN_POINT ( 'NONE',  ( 22.09056242439638851, 7.639617213635125026, 25.61581853935934561 ) ) ;
#4695 = CARTESIAN_POINT ( 'NONE',  ( 104.4162445007020352, -2.468756319117039411, -5.422489458065282264 ) ) ;
#4696 = DIRECTION ( 'NONE',  ( -1.000000000000000000, -0.0000000000000000000, -1.209068259567990245E-15 ) ) ;
#4697 = CARTESIAN_POINT ( 'NONE',  ( 22.36017226241121847, -5.132601442201140785, 21.86308628455599035 ) ) ;
#4698 = TOROIDAL_SURFACE ( 'NONE', #5087, 32.50000000000000000, 0.5000000000000000000 ) ;
#4699 = DIRECTION ( 'NONE',  ( 1.000000000000000000, -0.0000000000000000000, 0.0000000000000000000 ) ) ;
#4700 = ORIENTED_EDGE ( 'NONE', *, *, #4288, .F. ) ;
#4701 = DIRECTION ( 'NONE',  ( 0.0000000000000000000, -1.000000000000000000, 0.0000000000000000000 ) ) ;
#4702 = CARTESIAN_POINT ( 'NONE',  ( 133.0420591533664663, -1.417041633262603906, 3.486470010269846043 ) ) ;
#4703 = EDGE_CURVE ( 'NONE', #6864, #5792, #961, .T. ) ;
#4704 = EDGE_CURVE ( 'NONE', #3445, #6065, #5335, .T. ) ;
#4705 = EDGE_CURVE ( 'NONE', #8329, #6475, #8428, .T. ) ;
#4706 = DIRECTION ( 'NONE',  ( 0.0000000000000000000, 0.0000000000000000000, -1.000000000000000000 ) ) ;
#4707 = VECTOR ( 'NONE', #680, 1000.000000000000000 ) ;
#4708 = CARTESIAN_POINT ( 'NONE',  ( 131.6006593965939828, -0.2618572908466848537, -1.983380338132878729 ) ) ;
#4709 =( NAMED_UNIT ( * ) PLANE_ANGLE_UNIT ( ) SI_UNIT ( $, .RADIAN. ) );
#4710 = DIRECTION ( 'NONE',  ( 0.0000000000000000000, 1.000000000000000000, 0.0000000000000000000 ) ) ;
#4711 = CARTESIAN_POINT ( 'NONE',  ( 32.16665785485058393, 5.020513362778389777, 4.714285714285716189 ) ) ;
#4712 = AXIS2_PLACEMENT_3D ( 'NONE', #6521, #6619, #2910 ) ;
#4713 = CYLINDRICAL_SURFACE ( 'NONE', #6704, 60.00000000000000000 ) ;
#4714 = CARTESIAN_POINT ( 'NONE',  ( 32.64415314366308962, 4.508528611320914870, -4.834672740464944773 ) ) ;
#4715 = VERTEX_POINT ( 'NONE', #3120 ) ;
#4716 = DIRECTION ( 'NONE',  ( 1.209068259567990048E-15, 0.0000000000000000000, 1.000000000000000000 ) ) ;
#4717 = EDGE_CURVE ( 'NONE', #7057, #5614, #8211, .T. ) ;
#4718 = DIRECTION ( 'NONE',  ( 0.0000000000000000000, -1.000000000000000000, 0.0000000000000000000 ) ) ;
#4719 = DIRECTION ( 'NONE',  ( 0.0000000000000000000, 1.000000000000000000, 0.0000000000000000000 ) ) ;
#4720 = CARTESIAN_POINT ( 'NONE',  ( 18.00000000000000000, -5.000000000000001776, -34.00000000000000000 ) ) ;
#4721 = CARTESIAN_POINT ( 'NONE',  ( 131.7608995841433455, -1.158871410288710324, -1.629313705383834243 ) ) ;
#4722 = CARTESIAN_POINT ( 'NONE',  ( 132.0764512730812896, 1.974087704826245293, 0.3233831479993474756 ) ) ;
#4723 = LINE ( 'NONE', #326, #7584 ) ;
#4724 = AXIS2_PLACEMENT_3D ( 'NONE', #5617, #573, #4999 ) ;
#4725 = CARTESIAN_POINT ( 'NONE',  ( 70.00000000000000000, 1.500000000000000888, 64.02475001521551690 ) ) ;
#4726 = CARTESIAN_POINT ( 'NONE',  ( 4.613417643984726511E-16, 3.500000000000000888, -5.500000000000008882 ) ) ;
#4727 = DIRECTION ( 'NONE',  ( -1.000000000000000000, -0.0000000000000000000, -1.677606415994443309E-17 ) ) ;
#4728 = CARTESIAN_POINT ( 'NONE',  ( 29.63152617989832649, 12.50000000000000000, 4.687500000000000000 ) ) ;
#4729 = CARTESIAN_POINT ( 'NONE',  ( 27.02727119099142072, -4.799145003874208726, 21.59853086262591404 ) ) ;
#4730 = DIRECTION ( 'NONE',  ( 2.664535259100375697E-15, 0.0000000000000000000, -1.000000000000000000 ) ) ;
#4731 = EDGE_CURVE ( 'NONE', #4377, #1278, #7768, .T. ) ;
#4732 = CIRCLE ( 'NONE', #7507, 33.00000000000000000 ) ;
#4733 = AXIS2_PLACEMENT_3D ( 'NONE', #7290, #9317, #5000 ) ;
#4734 = CARTESIAN_POINT ( 'NONE',  ( 131.8356294192824123, -1.393180654478821889, -1.435297271768876115 ) ) ;
#4735 = ADVANCED_FACE ( 'NONE', ( #265 ), #5834, .F. ) ;
#4736 = CARTESIAN_POINT ( 'NONE',  ( 0.0000000000000000000, 5.000000000000000888, 0.0000000000000000000 ) ) ;
#4737 = DIRECTION ( 'NONE',  ( -1.000000000000000000, 0.0000000000000000000, 1.356728424568866558E-16 ) ) ;
#4738 = CARTESIAN_POINT ( 'NONE',  ( 14.40106209202366827, -12.50000000000000000, 32.10006176782744092 ) ) ;
#4739 = VECTOR ( 'NONE', #3578, 1000.000000000000000 ) ;
#4740 = CARTESIAN_POINT ( 'NONE',  ( 32.66152951415597983, 4.525641703472995658, 4.714285714285717077 ) ) ;
#4741 = B_SPLINE_CURVE_WITH_KNOTS ( 'NONE', 3,
 ( #4952, #5783, #5013, #2830 ),
 .UNSPECIFIED., .F., .F.,
 ( 4, 4 ),
 ( 0.0000000000000000000, 0.0003603770063700072732 ),
 .UNSPECIFIED. ) ;
#4742 = EDGE_LOOP ( 'NONE', ( #8645, #7133, #561, #2763 ) ) ;
#4743 = CARTESIAN_POINT ( 'NONE',  ( 6.783642122844339693E-16, -5.000000000000000888, -5.000000000000005329 ) ) ;
#4744 = TOROIDAL_SURFACE ( 'NONE', #7042, 30.00000000000000000, 2.000000000000000000 ) ;
#4745 = EDGE_LOOP ( 'NONE', ( #5682, #2170, #777, #2072 ) ) ;
#4746 = CARTESIAN_POINT ( 'NONE',  ( 8.116411109992025530, 7.000000000000002665, 30.95357605663032174 ) ) ;
#4747 = AXIS2_PLACEMENT_3D ( 'NONE', #464, #7578, #3954 ) ;
#4748 = CARTESIAN_POINT ( 'NONE',  ( 132.0364247760006151, -1.888131095600042775, -0.6561836353832247726 ) ) ;
#4749 = CARTESIAN_POINT ( 'NONE',  ( 101.0263340389897166, 4.500000000000000888, 5.500000000000001776 ) ) ;
#4750 = DIRECTION ( 'NONE',  ( -1.356728424568866558E-16, 0.0000000000000000000, 1.000000000000000000 ) ) ;
#4751 = VECTOR ( 'NONE', #3012, 1000.000000000000000 ) ;
#4752 = CARTESIAN_POINT ( 'NONE',  ( 10.71751771055746616, 5.000000000000000888, -34.00000000000000000 ) ) ;
#4753 = EDGE_CURVE ( 'NONE', #8314, #811, #3559, .T. ) ;
#4754 = EDGE_CURVE ( 'NONE', #2322, #8190, #33, .T. ) ;
#4755 = CARTESIAN_POINT ( 'NONE',  ( 12.90106209202365761, 7.000000000000002665, 34.50198555647412491 ) ) ;
#4756 = DIRECTION ( 'NONE',  ( -0.0000000000000000000, -1.000000000000000000, 0.0000000000000000000 ) ) ;
#4757 = ORIENTED_EDGE ( 'NONE', *, *, #2162, .T. ) ;
#4758 = EDGE_CURVE ( 'NONE', #6838, #8561, #3802, .T. ) ;
#4759 = VERTEX_POINT ( 'NONE', #938 ) ;
#4760 = CARTESIAN_POINT ( 'NONE',  ( 131.6639517886036117, 0.7492341935330693037, -1.851874959711076407 ) ) ;
#4761 = DIRECTION ( 'NONE',  ( -1.000000000000000000, 0.0000000000000000000, 1.356728424568866558E-16 ) ) ;
#4762 = CARTESIAN_POINT ( 'NONE',  ( 133.2613804299972742, -2.577163342201486351, 2.527451054173268208 ) ) ;
#4763 = ORIENTED_EDGE ( 'NONE', *, *, #164, .T. ) ;
#4764 = CIRCLE ( 'NONE', #808, 0.5000000000000004441 ) ;
#4765 = AXIS2_PLACEMENT_3D ( 'NONE', #2107, #3432, #6355 ) ;
#4766 = DIRECTION ( 'NONE',  ( -0.0000000000000000000, 1.000000000000000000, -0.0000000000000000000 ) ) ;
#4767 = ORIENTED_EDGE ( 'NONE', *, *, #4252, .T. ) ;
#4768 = CARTESIAN_POINT ( 'NONE',  ( 132.0888938905129919, -2.000009461749379547, -0.03141413003161225292 ) ) ;
#4769 = DIRECTION ( 'NONE',  ( 0.0000000000000000000, 0.0000000000000000000, 1.000000000000000000 ) ) ;
#4770 = CARTESIAN_POINT ( 'NONE',  ( 27.56118966441961859, -4.533150792810134000, -21.40678444450343321 ) ) ;
#4771 = ORIENTED_EDGE ( 'NONE', *, *, #3863, .F. ) ;
#4772 = EDGE_LOOP ( 'NONE', ( #7516, #7225, #1309, #3155 ) ) ;
#4773 = CARTESIAN_POINT ( 'NONE',  ( 32.62602812850526135, 4.500000001086256418, 4.955540285639609799 ) ) ;
#4774 = ADVANCED_FACE ( 'NONE', ( #6302 ), #2416, .F. ) ;
#4775 = EDGE_LOOP ( 'NONE', ( #2329, #5784, #6248, #7324, #4200 ) ) ;
#4776 = LINE ( 'NONE', #7008, #8089 ) ;
#4777 = ORIENTED_EDGE ( 'NONE', *, *, #474, .F. ) ;
#4778 = CARTESIAN_POINT ( 'NONE',  ( 128.7877600426153037, -0.5251920025288925320, -1.945687411684817736 ) ) ;
#4779 = ORIENTED_EDGE ( 'NONE', *, *, #5525, .F. ) ;
#4780 = CARTESIAN_POINT ( 'NONE',  ( 32.78035895408724798, -4.831025485282718357, -3.803620186509756973 ) ) ;
#4781 = DIRECTION ( 'NONE',  ( 0.0000000000000000000, 1.000000000000000000, 0.0000000000000000000 ) ) ;
#4782 = CARTESIAN_POINT ( 'NONE',  ( 132.0885235719231048, 1.999243719298619215, 0.06312502193799345018 ) ) ;
#4783 = ADVANCED_FACE ( 'NONE', ( #7757 ), #6759, .F. ) ;
#4784 = CARTESIAN_POINT ( 'NONE',  ( 21.00412590757732190, 6.527510870931839904, -23.37302750546726315 ) ) ;
#4785 = LINE ( 'NONE', #7416, #2868 ) ;
#4786 = ORIENTED_EDGE ( 'NONE', *, *, #5634, .T. ) ;
#4787 = CYLINDRICAL_SURFACE ( 'NONE', #5906, 27.99999999999999645 ) ;
#4788 = DIRECTION ( 'NONE',  ( 0.0000000000000000000, 0.0000000000000000000, -1.000000000000000000 ) ) ;
#4789 = CARTESIAN_POINT ( 'NONE',  ( 101.0263340389897166, 1.500000000000000888, 33.50000000000000000 ) ) ;
#4790 = ORIENTED_EDGE ( 'NONE', *, *, #1682, .F. ) ;
#4791 = EDGE_LOOP ( 'NONE', ( #6563, #6305, #1502, #1842 ) ) ;
#4792 = AXIS2_PLACEMENT_3D ( 'NONE', #1792, #6177, #6895 ) ;
#4793 = ORIENTED_EDGE ( 'NONE', *, *, #839, .F. ) ;
#4794 = CARTESIAN_POINT ( 'NONE',  ( 3.385391126790372528E-14, 0.0000000000000000000, -28.00000000000000000 ) ) ;
#4795 = VECTOR ( 'NONE', #1496, 1000.000000000000000 ) ;
#4796 = ORIENTED_EDGE ( 'NONE', *, *, #3687, .T. ) ;
#4797 = VECTOR ( 'NONE', #8707, 1000.000000000000000 ) ;
#4798 = CARTESIAN_POINT ( 'NONE',  ( 0.0000000000000000000, 2.500000000000000444, 0.0000000000000000000 ) ) ;
#4799 = CARTESIAN_POINT ( 'NONE',  ( 35.12397482465157594, -0.9800948515537755146, 11.55863094925980228 ) ) ;
#4800 = ORIENTED_EDGE ( 'NONE', *, *, #1007, .T. ) ;
#4801 = CARTESIAN_POINT ( 'NONE',  ( 131.9863448347109625, -1.774681255248294010, 0.9181843616399465446 ) ) ;
#4802 = ORIENTED_EDGE ( 'NONE', *, *, #8712, .F. ) ;
#4803 = CARTESIAN_POINT ( 'NONE',  ( 29.23452471535228625, -0.3632894721539370875, 20.00002940487382119 ) ) ;
#4804 = EDGE_LOOP ( 'NONE', ( #569, #8769, #7986, #1994 ) ) ;
#4805 = CARTESIAN_POINT ( 'NONE',  ( 18.00000000000000000, -4.000000000000001776, 34.00000000000000000 ) ) ;
#4806 = CARTESIAN_POINT ( 'NONE',  ( 26.43920846561035631, -4.967100806087424658, -21.72848436873436739 ) ) ;
#4807 = CARTESIAN_POINT ( 'NONE',  ( 22.36017226241121492, 5.132601442201139896, 21.86308628455599390 ) ) ;
#4808 = PRODUCT ( 'Connecting rod', 'Connecting rod', '', ( #9053 ) ) ;
#4809 = LINE ( 'NONE', #6389, #7554 ) ;
#4810 = AXIS2_PLACEMENT_3D ( 'NONE', #6722, #3929, #8934 ) ;
#4811 = CARTESIAN_POINT ( 'NONE',  ( 32.58993997973873746, 5.359139062688199395, 3.832020694311421227 ) ) ;
#4812 = DIRECTION ( 'NONE',  ( 0.0000000000000000000, 1.000000000000000000, 0.0000000000000000000 ) ) ;
#4813 = CARTESIAN_POINT ( 'NONE',  ( 32.70305919841969455, -4.579657570579762194, 4.420044354922771035 ) ) ;
#4814 = CARTESIAN_POINT ( 'NONE',  ( 32.84860845714051436, -5.353385450695581582, -3.159574400475177125 ) ) ;
#4815 = CARTESIAN_POINT ( 'NONE',  ( 38.00000000000000000, 3.500000000000001332, 0.0000000000000000000 ) ) ;
#4816 = EDGE_CURVE ( 'NONE', #1349, #7496, #6656, .T. ) ;
#4817 = LINE ( 'NONE', #1446, #867 ) ;
#4818 = CARTESIAN_POINT ( 'NONE',  ( 132.0889073400435620, 2.000037156196651900, 0.03033879822915016775 ) ) ;
#4819 = EDGE_CURVE ( 'NONE', #3452, #6864, #151, .T. ) ;
#4820 = DIRECTION ( 'NONE',  ( 1.209068259567990048E-15, 0.0000000000000000000, 1.000000000000000000 ) ) ;
#4821 = ADVANCED_FACE ( 'NONE', ( #1174 ), #2761, .F. ) ;
#4822 = CARTESIAN_POINT ( 'NONE',  ( 26.83610303500852723, 4.867340709788268605, 21.65074861531845229 ) ) ;
#4823 = CARTESIAN_POINT ( 'NONE',  ( 49.32399612951925860, -4.500000000000000888, 6.000000000000000000 ) ) ;
#4824 = AXIS2_PLACEMENT_3D ( 'NONE', #8705, #8603, #5761 ) ;
#4825 = FACE_OUTER_BOUND ( 'NONE', #8966, .T. ) ;
#4826 = CARTESIAN_POINT ( 'NONE',  ( 131.6394322643264729, 0.6053621401717372841, -1.904253347388418449 ) ) ;
#4827 = CARTESIAN_POINT ( 'NONE',  ( 133.4912267467130960, -3.401165498483589289, 0.5026126743447247858 ) ) ;
#4828 = EDGE_CURVE ( 'NONE', #2935, #1152, #5948, .T. ) ;
#4829 = DIRECTION ( 'NONE',  ( 0.0000000000000000000, -1.000000000000000000, 0.0000000000000000000 ) ) ;
#4830 = CARTESIAN_POINT ( 'NONE',  ( 131.9661679676451058, -1.727727079328985837, 1.005961254147583750 ) ) ;
#4831 = ADVANCED_FACE ( 'NONE', ( #6431 ), #8315, .F. ) ;
#4832 = CARTESIAN_POINT ( 'NONE',  ( 29.02296838511230348, -1.797320910185669307, 20.19665987610214586 ) ) ;
#4833 = VECTOR ( 'NONE', #8994, 1000.000000000000000 ) ;
#4834 = PLANE ( 'NONE',  #1331 ) ;
#4835 = CARTESIAN_POINT ( 'NONE',  ( 38.00000000000000000, 3.500000000000001332, 0.0000000000000000000 ) ) ;
#4836 = DIRECTION ( 'NONE',  ( -0.0000000000000000000, -1.000000000000000000, 0.0000000000000000000 ) ) ;
#4837 = AXIS2_PLACEMENT_3D ( 'NONE', #1066, #4699, #3149 ) ;
#4838 = CIRCLE ( 'NONE', #8667, 14.99999999999999289 ) ;
#4839 = CARTESIAN_POINT ( 'NONE',  ( 28.51304367304957665, -4.500000000000000888, -16.61343855132847835 ) ) ;
#4840 = EDGE_LOOP ( 'NONE', ( #5263, #1280, #7588, #3639, #7550, #3702 ) ) ;
#4841 = CARTESIAN_POINT ( 'NONE',  ( 101.0263340389897166, -5.000000000000000888, 7.500000000000000888 ) ) ;
#4842 = EDGE_CURVE ( 'NONE', #3421, #2570, #8419, .T. ) ;
#4843 = DIRECTION ( 'NONE',  ( 0.0000000000000000000, -1.000000000000000000, 0.0000000000000000000 ) ) ;
#4844 = CARTESIAN_POINT ( 'NONE',  ( 32.26669731352149739, -5.203044844031023075, 4.112161967340321134 ) ) ;
#4845 = CARTESIAN_POINT ( 'NONE',  ( 12.14634707257498647, 5.022521367682089455, 34.15033017895675016 ) ) ;
#4846 = CARTESIAN_POINT ( 'NONE',  ( 32.86335345030996535, -5.562601063559831083, -3.000000000000000888 ) ) ;
#4847 = AXIS2_PLACEMENT_3D ( 'NONE', #8539, #589, #1330 ) ;
#4848 = FACE_OUTER_BOUND ( 'NONE', #8116, .T. ) ;
#4849 = CARTESIAN_POINT ( 'NONE',  ( 20.59893790797642765, -7.982970117485796102, -28.52171649708322576 ) ) ;
#4850 = DIRECTION ( 'NONE',  ( -0.0000000000000000000, -1.000000000000000000, 0.0000000000000000000 ) ) ;
#4851 = ORIENTED_EDGE ( 'NONE', *, *, #4057, .F. ) ;
#4852 = CARTESIAN_POINT ( 'NONE',  ( 26.23078244116770108, 5.000000000000001776, 21.75500200160164255 ) ) ;
#4853 = CARTESIAN_POINT ( 'NONE',  ( 18.00000000000000000, -5.000000000000000888, -30.01666203960729362 ) ) ;
#4854 = DIRECTION ( 'NONE',  ( 0.0000000000000000000, -1.000000000000000000, 0.0000000000000000000 ) ) ;
#4855 = DIRECTION ( 'NONE',  ( -0.2536378471872512419, 0.0000000000000000000, -0.9672992517696975545 ) ) ;
#4856 = CARTESIAN_POINT ( 'NONE',  ( 133.1540454754412792, 2.097161686974730710, 3.039971255101290737 ) ) ;
#4857 = EDGE_CURVE ( 'NONE', #2042, #7281, #8544, .T. ) ;
#4858 = CYLINDRICAL_SURFACE ( 'NONE', #5508, 33.00000000000000000 ) ;
#4859 = EDGE_LOOP ( 'NONE', ( #616, #8984, #5896, #4072 ) ) ;
#4860 = CARTESIAN_POINT ( 'NONE',  ( 32.11308144666281805, 5.000000000000000888, -5.000000000000000888 ) ) ;
#4861 = DIRECTION ( 'NONE',  ( 0.0000000000000000000, 0.0000000000000000000, 1.000000000000000000 ) ) ;
#4862 = ORIENTED_EDGE ( 'NONE', *, *, #2221, .F. ) ;
#4863 = AXIS2_PLACEMENT_3D ( 'NONE', #7160, #1305, #6461 ) ;
#4864 = CARTESIAN_POINT ( 'NONE',  ( 132.0857375520807011, -1.993444502250927064, 0.1613462109831732827 ) ) ;
#4865 = DIRECTION ( 'NONE',  ( 0.0000000000000000000, 0.0000000000000000000, 1.000000000000000000 ) ) ;
#4866 = DIRECTION ( 'NONE',  ( 0.0000000000000000000, 0.0000000000000000000, -1.000000000000000000 ) ) ;
#4867 = DIRECTION ( 'NONE',  ( 0.0000000000000000000, -1.000000000000000000, 0.0000000000000000000 ) ) ;
#4868 = ORIENTED_EDGE ( 'NONE', *, *, #5872, .F. ) ;
#4869 = B_SPLINE_CURVE_WITH_KNOTS ( 'NONE', 3,
 ( #1736, #4697, #1824, #8979, #6180, #291 ),
 .UNSPECIFIED., .F., .F.,
 ( 4, 2, 4 ),
 ( 0.002280150425618647850, 0.002949610448365159315, 0.003619070471111670781 ),
 .UNSPECIFIED. ) ;
#4870 = ADVANCED_FACE ( 'NONE', ( #7436 ), #4246, .T. ) ;
#4871 = FACE_OUTER_BOUND ( 'NONE', #5924, .T. ) ;
#4872 = ORIENTED_EDGE ( 'NONE', *, *, #6698, .T. ) ;
#4873 = DIRECTION ( 'NONE',  ( -0.0000000000000000000, -1.000000000000000000, -0.0000000000000000000 ) ) ;
#4874 = CARTESIAN_POINT ( 'NONE',  ( 4.231738908487965344E-14, 7.500000000000000888, 5.116461197031689761E-29 ) ) ;
#4875 = CARTESIAN_POINT ( 'NONE',  ( 32.63864406987256928, -4.500000000000000888, 4.874512935108709755 ) ) ;
#4876 = CARTESIAN_POINT ( 'NONE',  ( 32.75308189248374191, -5.240828603426032295, 4.037781596999791667 ) ) ;
#4877 = CARTESIAN_POINT ( 'NONE',  ( 32.40369491135558633, -7.018864859191069172, -3.000088972707111168 ) ) ;
#4878 = LINE ( 'NONE', #8427, #8505 ) ;
#4879 = CARTESIAN_POINT ( 'NONE',  ( 131.5922193604301071, -0.1290783265365205434, -1.999943808540014523 ) ) ;
#4880 = ORIENTED_EDGE ( 'NONE', *, *, #4267, .T. ) ;
#4881 = ORIENTED_EDGE ( 'NONE', *, *, #5512, .T. ) ;
#4882 = CARTESIAN_POINT ( 'NONE',  ( 35.47383921591268319, 0.2185926536430319866, 11.32802271463750721 ) ) ;
#4883 = CARTESIAN_POINT ( 'NONE',  ( 0.0000000000000000000, -5.000000000000000888, 0.0000000000000000000 ) ) ;
#4884 = CARTESIAN_POINT ( 'NONE',  ( 32.11308144666281805, 5.000000000000000888, 5.000000000000000888 ) ) ;
#4885 = ORIENTED_EDGE ( 'NONE', *, *, #5817, .F. ) ;
#4886 = EDGE_CURVE ( 'NONE', #6773, #2773, #4681, .T. ) ;
#4887 = EDGE_CURVE ( 'NONE', #1810, #903, #5276, .T. ) ;
#4888 = CIRCLE ( 'NONE', #1299, 65.00000000000000000 ) ;
#4889 = EDGE_CURVE ( 'NONE', #473, #7192, #945, .T. ) ;
#4890 = EDGE_LOOP ( 'NONE', ( #4634, #2859, #7961, #6051 ) ) ;
#4891 = CARTESIAN_POINT ( 'NONE',  ( 133.3479947902722529, 2.913041755315814996, 2.022876760660941908 ) ) ;
#4892 = ORIENTED_EDGE ( 'NONE', *, *, #8955, .F. ) ;
#4893 = AXIS2_PLACEMENT_3D ( 'NONE', #1602, #2385, #3050 ) ;
#4894 = ORIENTED_EDGE ( 'NONE', *, *, #4731, .T. ) ;
#4895 = DIRECTION ( 'NONE',  ( -0.9897433186107870151, 0.0000000000000000000, 0.1428571428571427382 ) ) ;
#4896 = CARTESIAN_POINT ( 'NONE',  ( 70.00000000000000000, 5.000000000000000888, 64.02475001521551690 ) ) ;
#4897 = DIRECTION ( 'NONE',  ( 0.0000000000000000000, 1.000000000000000000, 0.0000000000000000000 ) ) ;
#4898 = CARTESIAN_POINT ( 'NONE',  ( 131.8591249657651474, -1.458178363226329655, 1.369149488706957296 ) ) ;
#4899 = CARTESIAN_POINT ( 'NONE',  ( 14.72054585924446002, -4.000000000000003553, 35.00000000000000000 ) ) ;
#4900 = ORIENTED_EDGE ( 'NONE', *, *, #7013, .T. ) ;
#4901 = VERTEX_POINT ( 'NONE', #9042 ) ;
#4902 = ORIENTED_EDGE ( 'NONE', *, *, #7564, .T. ) ;
#4903 = EDGE_CURVE ( 'NONE', #7128, #7347, #6014, .T. ) ;
#4904 = VERTEX_POINT ( 'NONE', #2579 ) ;
#4905 = VECTOR ( 'NONE', #1149, 1000.000000000000000 ) ;
#4906 = ORIENTED_EDGE ( 'NONE', *, *, #7404, .T. ) ;
#4907 = ORIENTED_EDGE ( 'NONE', *, *, #7471, .F. ) ;
#4908 = CARTESIAN_POINT ( 'NONE',  ( 28.48483931705813177, -4.586332775634262227, -16.64761908778579880 ) ) ;
#4909 = CARTESIAN_POINT ( 'NONE',  ( 132.9458081952646751, -0.1143921690316861139, -3.828323577788223631 ) ) ;
#4910 = CIRCLE ( 'NONE', #9409, 2.000000000000002665 ) ;
#4911 = CARTESIAN_POINT ( 'NONE',  ( 32.90245550018745746, -6.695828343489639067, -2.535435262719416993 ) ) ;
#4912 = ORIENTED_EDGE ( 'NONE', *, *, #6573, .T. ) ;
#4913 = VECTOR ( 'NONE', #6411, 1000.000000000000000 ) ;
#4914 = ORIENTED_EDGE ( 'NONE', *, *, #6558, .F. ) ;
#4915 = ORIENTED_EDGE ( 'NONE', *, *, #6684, .T. ) ;
#4916 = ORIENTED_EDGE ( 'NONE', *, *, #9066, .F. ) ;
#4917 = EDGE_CURVE ( 'NONE', #4284, #8686, #255, .T. ) ;
#4918 = CARTESIAN_POINT ( 'NONE',  ( 33.26138148931190130, 1.342253535011796339, 12.84547355930003398 ) ) ;
#4919 = CARTESIAN_POINT ( 'NONE',  ( 19.09893790797643121, 12.50000000000000000, -25.92364028572990620 ) ) ;
#4920 = ADVANCED_FACE ( 'NONE', ( #9109 ), #721, .F. ) ;
#4921 = CARTESIAN_POINT ( 'NONE',  ( 27.56118966441957241, 4.533150792810118901, 21.40678444450350071 ) ) ;
#4922 = CARTESIAN_POINT ( 'NONE',  ( 18.00000000000000000, 4.000000000000000888, -35.00000000000000000 ) ) ;
#4923 = FACE_OUTER_BOUND ( 'NONE', #6403, .T. ) ;
#4924 = EDGE_LOOP ( 'NONE', ( #9318, #7303, #3192, #3387 ) ) ;
#4925 = CARTESIAN_POINT ( 'NONE',  ( 132.0639160491917039, 1.947601906077513600, -0.4550784776110879393 ) ) ;
#4926 = CARTESIAN_POINT ( 'NONE',  ( 133.4439351167182508, 3.246681243065395073, 1.230504956673171391 ) ) ;
#4927 = ORIENTED_EDGE ( 'NONE', *, *, #7612, .F. ) ;
#4928 = DIRECTION ( 'NONE',  ( 0.0000000000000000000, 1.000000000000000000, -1.740523610644402991E-16 ) ) ;
#4929 = DIRECTION ( 'NONE',  ( 0.0000000000000000000, 0.0000000000000000000, -1.000000000000000000 ) ) ;
#4930 = CARTESIAN_POINT ( 'NONE',  ( 101.0263340389897166, 3.500000000000000888, -33.50000000000000000 ) ) ;
#4931 = FACE_OUTER_BOUND ( 'NONE', #6137, .T. ) ;
#4932 = CARTESIAN_POINT ( 'NONE',  ( 131.8024882938458404, 1.295547220934810229, -1.523617805961408722 ) ) ;
#4933 = CARTESIAN_POINT ( 'NONE',  ( 4.613417643984726511E-16, 1.500000000000000888, -5.500000000000008882 ) ) ;
#4934 = EDGE_LOOP ( 'NONE', ( #8421, #6940, #6435, #9076 ) ) ;
#4935 = CARTESIAN_POINT ( 'NONE',  ( 33.46008042938468208, -1.500000000000000888, 10.26757116649835844 ) ) ;
#4936 = EDGE_CURVE ( 'NONE', #1971, #6534, #7983, .T. ) ;
#4937 = AXIS2_PLACEMENT_3D ( 'NONE', #2717, #2007, #1265 ) ;
#4938 = FACE_OUTER_BOUND ( 'NONE', #7531, .T. ) ;
#4939 = CARTESIAN_POINT ( 'NONE',  ( 32.86335345030996535, -5.000000000000000888, 5.000000000000000888 ) ) ;
#4940 = CARTESIAN_POINT ( 'NONE',  ( 0.0000000000000000000, 5.000000000000000888, 0.0000000000000000000 ) ) ;
#4941 = ORIENTED_EDGE ( 'NONE', *, *, #8908, .F. ) ;
#4942 = CARTESIAN_POINT ( 'NONE',  ( 32.78075299611042226, -5.386420494318646668, 3.809984713049552330 ) ) ;
#4943 = DIRECTION ( 'NONE',  ( -0.0000000000000000000, -1.000000000000000000, -0.0000000000000000000 ) ) ;
#4944 = CARTESIAN_POINT ( 'NONE',  ( 10.71751771055746616, 4.000000000000000888, -34.00000000000000000 ) ) ;
#4945 = EDGE_CURVE ( 'NONE', #1289, #4620, #4461, .T. ) ;
#4946 = EDGE_CURVE ( 'NONE', #219, #5533, #844, .T. ) ;
#4947 = SPHERICAL_SURFACE ( 'NONE', #3766, 2.000000000000000000 ) ;
#4948 = CARTESIAN_POINT ( 'NONE',  ( 33.78044258825995172, 1.500983625243485831, 12.47679527025934831 ) ) ;
#4949 = CARTESIAN_POINT ( 'NONE',  ( 70.00000000000000000, 4.000000000000000888, -64.02475001521551690 ) ) ;
#4950 = DIRECTION ( 'NONE',  ( 0.0000000000000000000, -1.000000000000000000, 0.0000000000000000000 ) ) ;
#4951 = AXIS2_PLACEMENT_3D ( 'NONE', #3029, #45, #4481 ) ;
#4952 = CARTESIAN_POINT ( 'NONE',  ( 21.29265927178764883, 6.850984917769558535, 23.86913984060295846 ) ) ;
#4953 = CARTESIAN_POINT ( 'NONE',  ( 32.39869818899725118, -6.470313457412040670, -3.053738687240049376 ) ) ;
#4954 = CARTESIAN_POINT ( 'NONE',  ( 131.9951052653522652, 1.795976384069018383, 0.8789225685357806572 ) ) ;
#4955 = FACE_OUTER_BOUND ( 'NONE', #348, .T. ) ;
#4956 = EDGE_CURVE ( 'NONE', #1456, #4518, #6049, .T. ) ;
#4957 = DIRECTION ( 'NONE',  ( 0.0000000000000000000, 0.0000000000000000000, 1.000000000000000000 ) ) ;
#4958 = B_SPLINE_SURFACE_WITH_KNOTS ( 'NONE', 1, 3, ( 
 ( #1292, #2021, #4538, #5294, #974, #5325, #998, #1729, #5495, #2637, #5421, #479, #7623, #821, #1613, #3059, #5982, #1652, #6739, #7314, #5277, #5401, #1797, #4635, #6776, #1033, #2486, #4606, #6045, #7519, #8897, #2432, #7464, #6110, #296, #6147, #1004, #8169, #6081, #206, #942, #6015, #1680, #9047, #6251, #2520, #5511, #5465, #459, #4827, #7730, #3346, #1197, #5539, #4043, #1126, #3244, #6959, #9114, #2584, #6997, #6930, #6287, #7672, #4762, #3375, #360, #1224, #6902, #1924, #2557, #7025, #2650, #2614, #8444, #7603, #8323, #4702, #5432, #1099, #7634, #3274, #8348, #4014, #9079, #4274, #2772, #1386, #7763, #7055, #9300, #7795, #2740, #625, #2679, #5695, #588, #3537, #5729, #3442, #7184, #3406, #8474, #4856, #8503, #1354, #1254, #8569, #4207, #7850, #6456, #4891, #2803, #529, #1995, #7885, #7087, #5600, #8598, #4926, #2707, #5662, #1329, #4172, #9243, #559, #2020, #6428, #9333, #4983, #5632, #7127, #652, #6390, #7820, #3478, #9267, #4242, #8766, #4416, #7976, #8670, #7216, #679, #4324, #5755, #8019, #4296, #1422, #2237, #3670, #3574, #6512, #6549, #775, #6583, #5054, #6610, #2142, #716, #7340, #8701, #2114, #5787, #2172, #7251, #3637, #4358, #9366, #9, #2965, #78, #5857, #5144 ),
 ( #2207, #1512, #3710, #5819, #8047, #809, #5882, #1477, #8733, #5077, #7912, #6478, #750, #4386, #46, #2836, #8632, #5113, #3051, #2358, #5228, #1604, #5913, #7455, #3803, #6003, #8915, #7395, #971, #3769, #229, #3852, #8824, #846, #7367, #3735, #904, #3000, #873, #934, #5949, #4482, #5200, #3081, #8078, #8135, #8161, #3829, #4562, #8882, #1571, #4536, #1668, #8800, #6761, #6679, #2387, #3113, #8188, #5292, #6640, #2268, #518, #5590, #2824, #8952, #5208, #2339, #5983, #1069, #1829, #5466, #1697, #7506, #4484, #1605, #8137, #5230, #6728, #6853, #1059, #2475, #6135, #5356, #6239, #7661, #6211, #6172, #6950, #7570, #1857, #3299, #1787, #8369, #6892, #418, #3915, #4036, #2507, #8275, #1116, #3942, #9103, #9012, #6920, #2547, #4660, #2576, #3235, #8307, #5498, #316, #1890, #7691, #6986, #9038, #8247, #4624, #7626, #287, #3265, #9067, #349, #4722, #5422, #388, #5454, #4782, #4818, #4198, #5653, #9258, #6272, #8431, #6318, #6418, #1947, #7077, #2043, #7043, #7785, #7241, #9417, #7842, #9322, #3626, #4227, #1346, #2071, #4974, #8692, #7175, #5044, #7933, #3595, #6537, #6469, #5775, #7874, #3525, #5069, #8588, #4266, #643, #8658, #5719, #4317, #9386, #2103, #7207, #2823, #7903, #704, #3561 ) ),
 .UNSPECIFIED., .F., .T., .F.,
 ( 2, 2 ),
 ( 4, 2, 2, 2, 2, 2, 2, 2, 2, 2, 2, 2, 2, 2, 2, 2, 2, 2, 2, 2, 2, 2, 2, 2, 2, 2, 2, 2, 2, 2, 2, 2, 2, 2, 2, 2, 2, 2, 2, 2, 2, 2, 2, 2, 2, 2, 2, 2, 2, 2, 2, 2, 2, 2, 2, 2, 2, 2, 2, 2, 2, 2, 2, 2, 2, 2, 2, 2, 2, 2, 2, 2, 2, 2, 2, 2, 2, 2, 2, 2, 2, 2, 2, 2, 2, 2, 4 ),
 ( 0.0000000000000000000, 1.000000000000000000 ),
 ( -0.02054759124356401317, -0.02037951474281610512, -0.02021143824206819706, -0.01987528524057238094, -0.01953913223907656482, -0.01937105573832866023, -0.01920297923758075218, -0.01886682623608493953, -0.01853067323458912341, -0.01819452023309330729, -0.01802644373234539923, -0.01785836723159749118, -0.01752221423010167506, -0.01718606122860585894, -0.01701798472785795088, -0.01684990822711004282, -0.01651375522561422671, -0.01617760222411841059, -0.01584144922262259447, -0.01567337272187468641, -0.01550529622112678009, -0.01533721972037887377, -0.01516914321963096571, -0.01500106671888305765, -0.01483299021813514959, -0.01449683721663933347, -0.01416068421514351736, -0.01382453121364770297, -0.01365645471289979665, -0.01348837821215188859, -0.01315222521065607247, -0.01281607220916025636, -0.01264799570841234830, -0.01247991920766444024, -0.01231184270691653218, -0.01214376620616862412, -0.01180761320467280974, -0.01147146020317699536, -0.01130338370242908730, -0.01113530720168117924, -0.01079915420018536312, -0.01046300119868954701, -0.01029492469794163895, -0.01012684819719373089, -0.009790695195697916506, -0.009454542194202102123, -0.009118389192706286006, -0.008782236191210469889, -0.008446083189714653772, -0.008109930188218837654, -0.007941853687470929596, -0.007773777186723023272, -0.007101471183731392772, -0.006933394682983484714, -0.006765318182235576655, -0.006429165180739761405, -0.006093012179243946155, -0.005924935678496038097, -0.005756859177748130038, -0.005588782677000221980, -0.005420706176252314788, -0.005084553174756499538, -0.004748400173260683421, -0.004580323672512775363, -0.004412247171764868171, -0.004076094170269052921, -0.003739941168773237238, -0.003403788167277421554, -0.003067635165781606305, -0.002731482164285790621, -0.002395329162789974937, -0.002227252662042067313, -0.002059176161294159688, -0.001891099660546251846, -0.001723023159798344004, -0.001554946659050436379, -0.001386870158302528537, -0.001218793657554620696, -0.001050717156806713071, -0.0007145641553108974956, -0.0003784111538150819205, -4.225815231926639956E-05, 0.0001258183484286413609, 0.0002938948491765491213, 0.0006300478506723646965, 0.0007981243514202724298, 0.0009662008521681801632 ),
 .UNSPECIFIED. ) ;
#4959 = CARTESIAN_POINT ( 'NONE',  ( 131.9519702086429334, 1.695254797613310549, -1.061219167440355715 ) ) ;
#4960 = DIRECTION ( 'NONE',  ( -0.0000000000000000000, 1.000000000000000000, -0.0000000000000000000 ) ) ;
#4961 = LINE ( 'NONE', #7019, #2934 ) ;
#4962 = DIRECTION ( 'NONE',  ( 0.0000000000000000000, 1.734723475976805615E-16, 1.000000000000000000 ) ) ;
#4963 = ADVANCED_FACE ( 'NONE', ( #6991 ), #2643, .T. ) ;
#4964 = ORIENTED_EDGE ( 'NONE', *, *, #3259, .T. ) ;
#4965 = AXIS2_PLACEMENT_3D ( 'NONE', #102, #7335, #1569 ) ;
#4966 = CIRCLE ( 'NONE', #1617, 1.999999999999999556 ) ;
#4967 = DIRECTION ( 'NONE',  ( 1.000000000000000000, -0.0000000000000000000, 1.209068259567990048E-15 ) ) ;
#4968 = CARTESIAN_POINT ( 'NONE',  ( 0.0000000000000000000, -1.500000000000000888, 0.0000000000000000000 ) ) ;
#4969 = DIRECTION ( 'NONE',  ( 0.0000000000000000000, 0.0000000000000000000, 1.000000000000000000 ) ) ;
#4970 = CARTESIAN_POINT ( 'NONE',  ( 120.0000000000000000, -12.50000000000000000, 0.0000000000000000000 ) ) ;
#4971 = VERTEX_POINT ( 'NONE', #2701 ) ;
#4972 = CARTESIAN_POINT ( 'NONE',  ( 10.71751771055746616, 4.000000000000002665, 35.00000000000000000 ) ) ;
#4973 = DIRECTION ( 'NONE',  ( 0.0000000000000000000, 0.0000000000000000000, 1.000000000000000000 ) ) ;
#4974 = CARTESIAN_POINT ( 'NONE',  ( 131.8345609535949734, 1.390208419402514384, -1.438167978045886253 ) ) ;
#4975 = AXIS2_PLACEMENT_3D ( 'NONE', #3811, #6076, #8344 ) ;
#4976 = CARTESIAN_POINT ( 'NONE',  ( 35.29812632725569443, 0.7214142559854925807, 11.44354701364418148 ) ) ;
#4977 = CARTESIAN_POINT ( 'NONE',  ( 20.97875540234646863, 6.124615828481955404, -22.85156674431040358 ) ) ;
#4978 = CIRCLE ( 'NONE', #7274, 2.000000000000001776 ) ;
#4979 = DIRECTION ( 'NONE',  ( -8.388032079972216237E-17, 0.0000000000000000000, 1.000000000000000000 ) ) ;
#4980 = CARTESIAN_POINT ( 'NONE',  ( 120.0000000000000000, -12.50000000000000000, 0.0000000000000000000 ) ) ;
#4981 = ORIENTED_EDGE ( 'NONE', *, *, #817, .F. ) ;
#4982 = CARTESIAN_POINT ( 'NONE',  ( 131.8992727335194104, 1.564344209843590905, 1.245549981978424814 ) ) ;
#4983 = CARTESIAN_POINT ( 'NONE',  ( 133.4999572452002212, 3.429494680397096040, -0.1306646684060792374 ) ) ;
#4984 = EDGE_CURVE ( 'NONE', #3685, #8329, #3894, .T. ) ;
#4985 = LINE ( 'NONE', #7891, #6726 ) ;
#4986 = CARTESIAN_POINT ( 'NONE',  ( 21.32660404501843487, -12.50000000000000000, -21.09919334730603779 ) ) ;
#4987 = CARTESIAN_POINT ( 'NONE',  ( 128.7749644210287840, -0.0007683224586532549092, -1.999999852420151436 ) ) ;
#4988 = VERTEX_POINT ( 'NONE', #8499 ) ;
#4989 = AXIS2_PLACEMENT_3D ( 'NONE', #6141, #7514, #1794 ) ;
#4990 = CARTESIAN_POINT ( 'NONE',  ( 131.9527724714191663, 1.697048869731928145, 1.058207318869446967 ) ) ;
#4991 = CARTESIAN_POINT ( 'NONE',  ( 13.62901839278261917, -4.033782051319230177, 35.00000000000000000 ) ) ;
#4992 = CARTESIAN_POINT ( 'NONE',  ( 2.841310409984776740E-14, 0.0000000000000000000, -23.50000000000000000 ) ) ;
#4993 = CARTESIAN_POINT ( 'NONE',  ( 45.18879535542311743, 4.000000000000000888, -9.395049996956901239 ) ) ;
#4994 = ORIENTED_EDGE ( 'NONE', *, *, #3922, .F. ) ;
#4995 = EDGE_CURVE ( 'NONE', #9221, #4971, #4117, .T. ) ;
#4996 = EDGE_LOOP ( 'NONE', ( #558, #4016, #8178, #5582, #7214, #8210, #2673, #1818, #1649, #3909, #1647, #5553, #5366, #7306, #2554, #2750, #1982, #2974, #5573, #3515, #2037, #3288, #5965, #7881, #7438, #7449 ) ) ;
#4997 = CARTESIAN_POINT ( 'NONE',  ( 0.0000000000000000000, 4.500000000000000888, 0.0000000000000000000 ) ) ;
#4998 = ORIENTED_EDGE ( 'NONE', *, *, #8677, .F. ) ;
#4999 = DIRECTION ( 'NONE',  ( -0.2536378471872504647, 0.0000000000000000000, 0.9672992517696977766 ) ) ;
#5000 = DIRECTION ( 'NONE',  ( 0.0000000000000000000, 0.0000000000000000000, -1.000000000000000000 ) ) ;
#5001 = CARTESIAN_POINT ( 'NONE',  ( 18.00000000000000000, -4.000000000000000888, -35.00000000000000000 ) ) ;
#5002 = ORIENTED_EDGE ( 'NONE', *, *, #5706, .T. ) ;
#5003 = CARTESIAN_POINT ( 'NONE',  ( 110.7312280179431809, 5.491738773871181145, 9.818290410465619900 ) ) ;
#5004 = VECTOR ( 'NONE', #8788, 1000.000000000000000 ) ;
#5005 = AXIS2_PLACEMENT_3D ( 'NONE', #4452, #7344, #2364 ) ;
#5006 = ORIENTED_EDGE ( 'NONE', *, *, #2665, .T. ) ;
#5007 = CARTESIAN_POINT ( 'NONE',  ( 1.571788737438387200E-14, 12.50000000000000000, 22.00000000000000000 ) ) ;
#5008 = CARTESIAN_POINT ( 'NONE',  ( 12.52345837150051366, -5.028197609507558674, -34.16732851882471067 ) ) ;
#5009 = ADVANCED_FACE ( 'NONE', ( #5824 ), #8199, .T. ) ;
#5010 = ORIENTED_EDGE ( 'NONE', *, *, #3627, .T. ) ;
#5011 = DIRECTION ( 'NONE',  ( 0.0000000000000000000, 0.0000000000000000000, -1.000000000000000000 ) ) ;
#5012 = EDGE_CURVE ( 'NONE', #3998, #8099, #4345, .T. ) ;
#5013 = CARTESIAN_POINT ( 'NONE',  ( 21.43535984825536644, 6.951089280396209880, 24.03861579930358516 ) ) ;
#5014 = ORIENTED_EDGE ( 'NONE', *, *, #361, .T. ) ;
#5015 = CARTESIAN_POINT ( 'NONE',  ( 131.9064930984140176, 1.582794882898952871, 1.222024999390197042 ) ) ;
#5016 = CARTESIAN_POINT ( 'NONE',  ( 21.13551371961430547, 5.788748658388437995, 22.47255953293906572 ) ) ;
#5017 = CIRCLE ( 'NONE', #7729, 5.000000000000004441 ) ;
#5018 = AXIS2_PLACEMENT_3D ( 'NONE', #2904, #2867, #4387 ) ;
#5019 = ORIENTED_EDGE ( 'NONE', *, *, #4138, .F. ) ;
#5020 = CARTESIAN_POINT ( 'NONE',  ( 8.116411109992025530, -5.000000000000000888, -30.95357605663032174 ) ) ;
#5021 = VECTOR ( 'NONE', #4478, 1000.000000000000000 ) ;
#5022 = CARTESIAN_POINT ( 'NONE',  ( 31.60696125855821847, 12.50000000000000000, -3.000000000000000888 ) ) ;
#5023 = CARTESIAN_POINT ( 'NONE',  ( 131.7414422490726054, 1.089471162983981722, 1.676293910637939311 ) ) ;
#5024 = ORIENTED_EDGE ( 'NONE', *, *, #4886, .T. ) ;
#5025 = ORIENTED_EDGE ( 'NONE', *, *, #8918, .F. ) ;
#5026 = CARTESIAN_POINT ( 'NONE',  ( 133.1542244118380438, 2.098140579785927606, 3.039244487024894692 ) ) ;
#5027 = DIRECTION ( 'NONE',  ( 0.0000000000000000000, 0.0000000000000000000, -1.000000000000000000 ) ) ;
#5028 = VERTEX_POINT ( 'NONE', #4095 ) ;
#5029 = EDGE_CURVE ( 'NONE', #6279, #5146, #7649, .T. ) ;
#5030 = FACE_OUTER_BOUND ( 'NONE', #7629, .T. ) ;
#5031 = EDGE_LOOP ( 'NONE', ( #1356, #9376, #3895, #3164 ) ) ;
#5032 = FACE_BOUND ( 'NONE', #4249, .T. ) ;
#5033 = EDGE_LOOP ( 'NONE', ( #2506, #58, #9206, #1208 ) ) ;
#5034 = VERTEX_POINT ( 'NONE', #4884 ) ;
#5035 = CARTESIAN_POINT ( 'NONE',  ( 0.0000000000000000000, 7.500000000000000888, 0.0000000000000000000 ) ) ;
#5036 = AXIS2_PLACEMENT_3D ( 'NONE', #1950, #1916, #7045 ) ;
#5037 = CARTESIAN_POINT ( 'NONE',  ( 133.4721173865339665, -3.338983532417049371, 0.8759194881808347599 ) ) ;
#5038 = CARTESIAN_POINT ( 'NONE',  ( 49.32399612951925860, -1.500000000000000888, -5.500000000000005329 ) ) ;
#5039 = CARTESIAN_POINT ( 'NONE',  ( 31.60696125855821847, 7.000000000000002665, 5.000000000000000888 ) ) ;
#5040 = CARTESIAN_POINT ( 'NONE',  ( 28.51304367304957665, -1.500000000000000888, -16.61343855132847835 ) ) ;
#5041 = CARTESIAN_POINT ( 'NONE',  ( 13.62901839272119453, 4.033782048134933795, -35.00000000000000000 ) ) ;
#5042 = DIRECTION ( 'NONE',  ( 1.000000000000000000, 0.0000000000000000000, 0.0000000000000000000 ) ) ;
#5043 = LINE ( 'NONE', #532, #395 ) ;
#5044 = CARTESIAN_POINT ( 'NONE',  ( 131.8024882938458404, 1.295547220934810229, -1.523617805961408722 ) ) ;
#5045 = ORIENTED_EDGE ( 'NONE', *, *, #1556, .T. ) ;
#5046 = CARTESIAN_POINT ( 'NONE',  ( 18.00000000000000000, -4.000000000000001776, 34.00000000000000000 ) ) ;
#5047 = CARTESIAN_POINT ( 'NONE',  ( 13.27866581254680156, -5.028197609507558674, -34.16732851882471067 ) ) ;
#5048 = CARTESIAN_POINT ( 'NONE',  ( 34.64101615137754209, 6.999999999999997335, -3.000000000000001332 ) ) ;
#5049 = CARTESIAN_POINT ( 'NONE',  ( -3.385391126790372528E-14, 0.0000000000000000000, 28.00000000000000000 ) ) ;
#5050 = DIRECTION ( 'NONE',  ( 0.0000000000000000000, 1.000000000000000000, 0.0000000000000000000 ) ) ;
#5051 = FACE_OUTER_BOUND ( 'NONE', #4231, .T. ) ;
#5052 = CARTESIAN_POINT ( 'NONE',  ( 132.0866043536401264, 1.995308017833309355, 0.1598217264250975100 ) ) ;
#5053 = AXIS2_PLACEMENT_3D ( 'NONE', #6636, #5974, #3798 ) ;
#5054 = CARTESIAN_POINT ( 'NONE',  ( 133.1275568637462072, 1.950471282563480901, -3.149370915254493752 ) ) ;
#5055 = DIRECTION ( 'NONE',  ( -5.329070518200751394E-15, 0.0000000000000000000, 1.000000000000000000 ) ) ;
#5056 = CARTESIAN_POINT ( 'NONE',  ( 132.0116511613113914, 1.833230243308166196, 0.7961641726682806564 ) ) ;
#5057 = CARTESIAN_POINT ( 'NONE',  ( 132.9472576122931002, 0.2277736520225115413, 3.823440229826479353 ) ) ;
#5058 = LINE ( 'NONE', #4666, #4380 ) ;
#5059 = DIRECTION ( 'NONE',  ( 0.0000000000000000000, 0.0000000000000000000, 1.000000000000000000 ) ) ;
#5060 = ADVANCED_FACE ( 'NONE', ( #1969 ), #220, .T. ) ;
#5061 = EDGE_CURVE ( 'NONE', #2088, #5429, #615, .T. ) ;
#5062 = ADVANCED_FACE ( 'NONE', ( #375 ), #8594, .F. ) ;
#5063 = AXIS2_PLACEMENT_3D ( 'NONE', #1060, #1701, #7480 ) ;
#5064 = CIRCLE ( 'NONE', #7185, 5.000000000000004441 ) ;
#5065 = CARTESIAN_POINT ( 'NONE',  ( 133.2343670652141157, -2.463607783709537813, 2.665253679779013840 ) ) ;
#5066 = EDGE_CURVE ( 'NONE', #828, #4640, #6179, .T. ) ;
#5067 = DIRECTION ( 'NONE',  ( 0.9877175393299445494, 0.0000000000000000000, -0.1562499999999984179 ) ) ;
#5068 = EDGE_CURVE ( 'NONE', #6320, #3199, #7871, .T. ) ;
#5069 = CARTESIAN_POINT ( 'NONE',  ( 131.6786169075150781, 0.8263048847895140270, -1.819972524454516183 ) ) ;
#5070 = CIRCLE ( 'NONE', #3824, 5.000000000000004441 ) ;
#5071 = CARTESIAN_POINT ( 'NONE',  ( 14.39064969308077835, -4.925272861343048980, -35.00000000000000000 ) ) ;
#5072 = LINE ( 'NONE', #6144, #5540 ) ;
#5073 = CARTESIAN_POINT ( 'NONE',  ( 33.00015521406559316, 4.948923828360302757, -3.832020694311689901 ) ) ;
#5074 = CARTESIAN_POINT ( 'NONE',  ( 131.9251686001823032, -1.628578808338088768, 1.159306428726785798 ) ) ;
#5075 = AXIS2_PLACEMENT_3D ( 'NONE', #7033, #2662, #1879 ) ;
#5076 = CARTESIAN_POINT ( 'NONE',  ( 131.5921909113547201, 0.002176896479736009377, 1.999998769418139144 ) ) ;
#5077 = CARTESIAN_POINT ( 'NONE',  ( 131.6403475232075380, -0.6133481268860998536, -1.902364442131731392 ) ) ;
#5078 = CARTESIAN_POINT ( 'NONE',  ( 1.571788737438387200E-14, -12.50000000000000000, 22.00000000000000000 ) ) ;
#5079 = CIRCLE ( 'NONE', #1072, 12.99999999999999822 ) ;
#5080 = ORIENTED_EDGE ( 'NONE', *, *, #5190, .T. ) ;
#5081 = CARTESIAN_POINT ( 'NONE',  ( 104.5228874831234407, -3.362441454269692542, 5.719177225785471386 ) ) ;
#5082 = VERTEX_POINT ( 'NONE', #8726 ) ;
#5083 = CARTESIAN_POINT ( 'NONE',  ( 120.0000000000000000, 12.50000000000000000, 0.0000000000000000000 ) ) ;
#5084 = CARTESIAN_POINT ( 'NONE',  ( 33.59851502456879757, 5.696873591489073796, -3.000000000000003109 ) ) ;
#5085 = ORIENTED_EDGE ( 'NONE', *, *, #7097, .F. ) ;
#5086 = CARTESIAN_POINT ( 'NONE',  ( 28.51304367304962994, 4.500000000000000888, 16.61343855132842151 ) ) ;
#5087 = AXIS2_PLACEMENT_3D ( 'NONE', #4997, #4310, #638 ) ;
#5088 = EDGE_LOOP ( 'NONE', ( #3458, #5602, #8446, #5625 ) ) ;
#5089 = VERTEX_POINT ( 'NONE', #1380 ) ;
#5090 = CARTESIAN_POINT ( 'NONE',  ( 15.40106209202366649, -5.000000000000001776, -33.83211257539630878 ) ) ;
#5091 = CARTESIAN_POINT ( 'NONE',  ( 8.116411109992025530, -7.000000000000002665, 30.95357605663032174 ) ) ;
#5092 = EDGE_LOOP ( 'NONE', ( #110, #1767, #3962, #4575 ) ) ;
#5093 = CARTESIAN_POINT ( 'NONE',  ( 133.2621391678545137, -2.581038940131919368, -2.524915806880379865 ) ) ;
#5094 = CARTESIAN_POINT ( 'NONE',  ( 113.3468963513340384, -4.000000000000000888, 11.74675324675324539 ) ) ;
#5095 = CARTESIAN_POINT ( 'NONE',  ( 112.5451564186884639, 4.465520194238917107, 11.29266531631683002 ) ) ;
#5096 = CARTESIAN_POINT ( 'NONE',  ( 26.83695138517649070, 4.867212597867626833, -21.65064489359012612 ) ) ;
#5097 = DIRECTION ( 'NONE',  ( 1.000000000000000000, 0.0000000000000000000, 0.0000000000000000000 ) ) ;
#5098 = CIRCLE ( 'NONE', #6303, 2.000000000000001776 ) ;
#5099 = DIRECTION ( 'NONE',  ( 0.0000000000000000000, 1.000000000000000000, 0.0000000000000000000 ) ) ;
#5100 = EDGE_LOOP ( 'NONE', ( #5210, #7996, #6899 ) ) ;
#5101 = DIRECTION ( 'NONE',  ( 0.0000000000000000000, -1.000000000000000000, 0.0000000000000000000 ) ) ;
#5102 = AXIS2_PLACEMENT_3D ( 'NONE', #9389, #7330, #2925 ) ;
#5103 = CARTESIAN_POINT ( 'NONE',  ( 26.82287214242746032, -4.978503465672681649, 18.62422822241889619 ) ) ;
#5104 = CARTESIAN_POINT ( 'NONE',  ( 14.72054813725533329, -4.000000008605691271, -35.00000000000000000 ) ) ;
#5105 = ADVANCED_FACE ( 'NONE', ( #7219 ), #8105, .F. ) ;
#5106 = ADVANCED_FACE ( 'NONE', ( #8655 ), #1864, .F. ) ;
#5107 = CARTESIAN_POINT ( 'NONE',  ( 32.58993997973742296, 5.359139062688214494, -3.832020694311388809 ) ) ;
#5108 = CARTESIAN_POINT ( 'NONE',  ( 131.6567973150319517, -0.7117539645439848739, 1.867587530609545965 ) ) ;
#5109 = CARTESIAN_POINT ( 'NONE',  ( 33.59851502456879757, 5.696873591489075572, 3.000000000000001332 ) ) ;
#5110 = FACE_OUTER_BOUND ( 'NONE', #289, .T. ) ;
#5111 = VERTEX_POINT ( 'NONE', #6543 ) ;
#5112 = CARTESIAN_POINT ( 'NONE',  ( 131.6874104522661355, 0.8673142591552176484, 1.800818736229641503 ) ) ;
#5113 = CARTESIAN_POINT ( 'NONE',  ( 131.7636443984879691, -1.169516554827684240, -1.622911032334699799 ) ) ;
#5114 = CARTESIAN_POINT ( 'NONE',  ( 10.71751771055746616, 4.000000000000002665, -35.00000000000000000 ) ) ;
#5115 = ORIENTED_EDGE ( 'NONE', *, *, #4097, .F. ) ;
#5116 = EDGE_CURVE ( 'NONE', #4649, #1874, #1636, .T. ) ;
#5117 = EDGE_LOOP ( 'NONE', ( #1245, #9309, #2152, #1020 ) ) ;
#5118 = AXIS2_PLACEMENT_3D ( 'NONE', #2645, #7213, #6288 ) ;
#5119 = VECTOR ( 'NONE', #2940, 1000.000000000000000 ) ;
#5120 = CARTESIAN_POINT ( 'NONE',  ( 7.075739658577201141E-15, 7.500000000000000888, -22.00000000000000000 ) ) ;
#5121 = CARTESIAN_POINT ( 'NONE',  ( 32.81045824655721788, 4.711802618974594736, -3.682477189382547422 ) ) ;
#5122 = DIRECTION ( 'NONE',  ( -0.0000000000000000000, -1.000000000000000000, -0.0000000000000000000 ) ) ;
#5123 = ORIENTED_EDGE ( 'NONE', *, *, #1007, .F. ) ;
#5124 = VERTEX_POINT ( 'NONE', #2354 ) ;
#5125 = EDGE_CURVE ( 'NONE', #8860, #7735, #9337, .T. ) ;
#5126 = DIRECTION ( 'NONE',  ( 0.0000000000000000000, 0.0000000000000000000, 1.000000000000000000 ) ) ;
#5127 = ORIENTED_EDGE ( 'NONE', *, *, #7815, .T. ) ;
#5128 = CARTESIAN_POINT ( 'NONE',  ( 133.3470549369339437, -2.909043104490633969, 2.029066290666082573 ) ) ;
#5129 = CARTESIAN_POINT ( 'NONE',  ( 31.60696125855821847, -9.735427445389468915, 5.000000000000000888 ) ) ;
#5130 = CARTESIAN_POINT ( 'NONE',  ( 32.31292084486800320, -5.403851387936187578, 3.787844408742053304 ) ) ;
#5131 = ORIENTED_EDGE ( 'NONE', *, *, #7369, .F. ) ;
#5132 = CARTESIAN_POINT ( 'NONE',  ( 12.90106209202365761, -12.50000000000000000, 29.50198555647411780 ) ) ;
#5133 = LINE ( 'NONE', #2227, #3197 ) ;
#5134 = ORIENTED_EDGE ( 'NONE', *, *, #6915, .T. ) ;
#5135 = AXIS2_PLACEMENT_3D ( 'NONE', #3554, #7837, #1313 ) ;
#5136 = CARTESIAN_POINT ( 'NONE',  ( 13.63203386352579471, 5.022927870565768060, 34.15161828975422509 ) ) ;
#5137 = CARTESIAN_POINT ( 'NONE',  ( 14.38836633717171587, -5.008245486696116799, -34.09026589720551215 ) ) ;
#5138 = CARTESIAN_POINT ( 'NONE',  ( 49.32399612951925860, 4.500000000000000888, -5.500000000000005329 ) ) ;
#5139 = CIRCLE ( 'NONE', #2308, 2.000000000000000444 ) ;
#5140 = DIRECTION ( 'NONE',  ( -0.0000000000000000000, -1.000000000000000000, -0.0000000000000000000 ) ) ;
#5141 = EDGE_CURVE ( 'NONE', #8665, #1083, #983, .T. ) ;
#5142 = VECTOR ( 'NONE', #9189, 1000.000000000000000 ) ;
#5143 = EDGE_LOOP ( 'NONE', ( #8373, #799, #2737, #3196 ) ) ;
#5144 = CARTESIAN_POINT ( 'NONE',  ( 132.9453226819384781, -0.001418748310144364675, -3.829963532527060011 ) ) ;
#5145 = ORIENTED_EDGE ( 'NONE', *, *, #5316, .F. ) ;
#5146 = VERTEX_POINT ( 'NONE', #195 ) ;
#5147 = AXIS2_PLACEMENT_3D ( 'NONE', #8767, #4297, #5756 ) ;
#5148 = VECTOR ( 'NONE', #6720, 1000.000000000000000 ) ;
#5149 = DIRECTION ( 'NONE',  ( -0.0000000000000000000, -1.000000000000000000, -0.0000000000000000000 ) ) ;
#5150 = VERTEX_POINT ( 'NONE', #5264 ) ;
#5151 = CARTESIAN_POINT ( 'NONE',  ( 132.9602637295380987, 0.5637752482787670161, 3.779186335230842353 ) ) ;
#5152 = EDGE_LOOP ( 'NONE', ( #1128, #2203, #2470, #207, #6643, #1291, #6008, #167, #7437, #8398, #5201, #3659, #6891, #1489, #6182, #706, #1694, #1863, #2185, #1143, #3417, #4003, #7102, #6370, #8854, #1705 ) ) ;
#5153 = CARTESIAN_POINT ( 'NONE',  ( 32.61291028858703811, 1.540718945147002250, -11.40755299021493130 ) ) ;
#5154 = DIRECTION ( 'NONE',  ( -0.0000000000000000000, 1.000000000000000000, -0.0000000000000000000 ) ) ;
#5155 = ORIENTED_EDGE ( 'NONE', *, *, #5369, .F. ) ;
#5156 = ADVANCED_FACE ( 'NONE', ( #1410 ), #4787, .T. ) ;
#5157 = CIRCLE ( 'NONE', #59, 4.500000000000003553 ) ;
#5158 = CARTESIAN_POINT ( 'NONE',  ( 8.116411109992025530, -7.000000000000002665, 28.95357605663032174 ) ) ;
#5159 = CARTESIAN_POINT ( 'NONE',  ( 28.47243810136343001, 4.601765096687229217, -16.66264131233474544 ) ) ;
#5160 = EDGE_LOOP ( 'NONE', ( #3001, #5169, #5703 ) ) ;
#5161 = CARTESIAN_POINT ( 'NONE',  ( 133.2702927456572866, -2.613519697513447149, 2.480266676377923307 ) ) ;
#5162 = CARTESIAN_POINT ( 'NONE',  ( 18.00000000000003197, 5.000000000000002665, -30.97879924481293301 ) ) ;
#5163 = CARTESIAN_POINT ( 'NONE',  ( 49.32399612951925860, 4.500000000000000888, 18.50000000000000355 ) ) ;
#5164 = CARTESIAN_POINT ( 'NONE',  ( 101.0263340389897166, 4.500000000000000888, 5.500000000000001776 ) ) ;
#5165 = VECTOR ( 'NONE', #8967, 1000.000000000000000 ) ;
#5166 = CARTESIAN_POINT ( 'NONE',  ( 38.00000000000000000, 3.500000000000001332, -3.000000000000000000 ) ) ;
#5167 = ORIENTED_EDGE ( 'NONE', *, *, #1129, .T. ) ;
#5168 = CARTESIAN_POINT ( 'NONE',  ( 34.64101615137754919, 3.500000000000000888, 5.000000000000000888 ) ) ;
#5169 = ORIENTED_EDGE ( 'NONE', *, *, #6624, .T. ) ;
#5170 = CARTESIAN_POINT ( 'NONE',  ( 104.6247650749026974, -4.954624003191588244, -5.988646105569668698 ) ) ;
#5171 = AXIS2_PLACEMENT_3D ( 'NONE', #7575, #6927, #6801 ) ;
#5172 = FACE_OUTER_BOUND ( 'NONE', #8548, .T. ) ;
#5173 = DIRECTION ( 'NONE',  ( 0.0000000000000000000, 1.000000000000000000, -0.0000000000000000000 ) ) ;
#5174 = CARTESIAN_POINT ( 'NONE',  ( 13.65705554715835390, -4.892820080638736968, 35.00000000000000000 ) ) ;
#5175 = EDGE_CURVE ( 'NONE', #930, #9324, #3322, .T. ) ;
#5176 = CARTESIAN_POINT ( 'NONE',  ( 21.36574923912888835, 6.901361561510010567, -23.95268893526024101 ) ) ;
#5177 = DIRECTION ( 'NONE',  ( 0.0000000000000000000, -1.000000000000000000, 0.0000000000000000000 ) ) ;
#5178 = DIRECTION ( 'NONE',  ( -0.0000000000000000000, 1.000000000000000000, -0.0000000000000000000 ) ) ;
#5179 = LINE ( 'NONE', #5323, #7473 ) ;
#5180 = DIRECTION ( 'NONE',  ( -0.0000000000000000000, 1.000000000000000000, 1.740523610644402991E-16 ) ) ;
#5181 = DIRECTION ( 'NONE',  ( 0.0000000000000000000, 0.0000000000000000000, 1.000000000000000000 ) ) ;
#5182 = CARTESIAN_POINT ( 'NONE',  ( 133.3479947902722529, 2.913041755315814996, 2.022876760660941908 ) ) ;
#5183 = CARTESIAN_POINT ( 'NONE',  ( 14.40106209202366827, -12.50000000000000000, -32.10006176782744092 ) ) ;
#5184 = DIRECTION ( 'NONE',  ( -0.0000000000000000000, -1.000000000000000000, -0.0000000000000000000 ) ) ;
#5185 = VERTEX_POINT ( 'NONE', #929 ) ;
#5186 = CARTESIAN_POINT ( 'NONE',  ( 32.16219478852219282, -5.012626768809758104, 4.741126759815635694 ) ) ;
#5187 = EDGE_CURVE ( 'NONE', #8099, #2762, #4000, .T. ) ;
#5188 = CARTESIAN_POINT ( 'NONE',  ( 14.72054585924445647, -4.000000000000000888, -35.00000000000000711 ) ) ;
#5189 = EDGE_CURVE ( 'NONE', #2989, #6458, #2079, .T. ) ;
#5190 = EDGE_CURVE ( 'NONE', #4637, #1628, #143, .T. ) ;
#5191 = DIRECTION ( 'NONE',  ( 0.9396926207859082059, -0.0000000000000000000, 0.3420201433256694346 ) ) ;
#5192 = ADVANCED_FACE ( 'NONE', ( #5470 ), #7860, .F. ) ;
#5193 = LINE ( 'NONE', #8674, #7166 ) ;
#5194 = DIRECTION ( 'NONE',  ( 0.0000000000000000000, -1.734723475976805615E-16, 1.000000000000000000 ) ) ;
#5195 = CARTESIAN_POINT ( 'NONE',  ( 43.12119496837503618, -1.500000000000000888, 4.842574995435345642 ) ) ;
#5196 = ORIENTED_EDGE ( 'NONE', *, *, #4577, .T. ) ;
#5197 = AXIS2_PLACEMENT_3D ( 'NONE', #9374, #2941, #5027 ) ;
#5198 = ORIENTED_EDGE ( 'NONE', *, *, #2126, .T. ) ;
#5199 = CARTESIAN_POINT ( 'NONE',  ( 131.7524051082489223, 1.128947603630774399, 1.649840158756729069 ) ) ;
#5200 = CARTESIAN_POINT ( 'NONE',  ( 132.0869607767899936, -1.996000726327426866, -0.1283033388737608582 ) ) ;
#5201 = ORIENTED_EDGE ( 'NONE', *, *, #1989, .T. ) ;
#5202 = FACE_OUTER_BOUND ( 'NONE', #3862, .T. ) ;
#5203 = EDGE_CURVE ( 'NONE', #2949, #2935, #9329, .T. ) ;
#5204 = EDGE_LOOP ( 'NONE', ( #5693, #2841 ) ) ;
#5205 = CARTESIAN_POINT ( 'NONE',  ( 132.9452803888265748, 0.2223494785101454707, -3.830106483752246049 ) ) ;
#5206 = AXIS2_PLACEMENT_3D ( 'NONE', #1034, #5468, #9116 ) ;
#5207 = ORIENTED_EDGE ( 'NONE', *, *, #8130, .F. ) ;
#5208 = CARTESIAN_POINT ( 'NONE',  ( 131.8510218846914199, -1.436218286498423424, 1.392232612914342971 ) ) ;
#5209 = CYLINDRICAL_SURFACE ( 'NONE', #6363, 2.000000000000001776 ) ;
#5210 = ORIENTED_EDGE ( 'NONE', *, *, #8050, .F. ) ;
#5211 = CARTESIAN_POINT ( 'NONE',  ( 26.05740473606521590, 4.997617268602736473, -19.50881112184241672 ) ) ;
#5212 = CARTESIAN_POINT ( 'NONE',  ( 133.3637867295676358, 2.970149654553862817, 1.916121246212935114 ) ) ;
#5213 = CARTESIAN_POINT ( 'NONE',  ( 28.27233513278006782, -3.720285802505682415, -20.91030370250496162 ) ) ;
#5214 = CARTESIAN_POINT ( 'NONE',  ( 109.7031396134503467, 5.918599051329639593, -8.744714359434057727 ) ) ;
#5215 = DIRECTION ( 'NONE',  ( -1.000000000000000000, -0.0000000000000000000, -1.209068259567990245E-15 ) ) ;
#5216 = DIRECTION ( 'NONE',  ( 0.0000000000000000000, 1.000000000000000000, 0.0000000000000000000 ) ) ;
#5217 = ORIENTED_EDGE ( 'NONE', *, *, #8240, .T. ) ;
#5218 = FACE_OUTER_BOUND ( 'NONE', #8549, .T. ) ;
#5219 = ORIENTED_EDGE ( 'NONE', *, *, #8877, .T. ) ;
#5220 = AXIS2_PLACEMENT_3D ( 'NONE', #443, #4719, #6267 ) ;
#5221 = CARTESIAN_POINT ( 'NONE',  ( 2.204364238465235033E-15, 2.500000000000000444, -12.00000000000000355 ) ) ;
#5222 = ORIENTED_EDGE ( 'NONE', *, *, #3390, .F. ) ;
#5223 = CARTESIAN_POINT ( 'NONE',  ( 104.5228874831234407, 1.500000000000000888, -5.719177225785468721 ) ) ;
#5224 = DIRECTION ( 'NONE',  ( 0.0000000000000000000, 0.0000000000000000000, 1.000000000000000000 ) ) ;
#5225 = ORIENTED_EDGE ( 'NONE', *, *, #7182, .T. ) ;
#5226 = CARTESIAN_POINT ( 'NONE',  ( 18.00000000000003553, 7.740197061241842924, -30.02221399786052913 ) ) ;
#5227 = LINE ( 'NONE', #1777, #9092 ) ;
#5228 = CARTESIAN_POINT ( 'NONE',  ( 131.8113600532162764, -1.322012990642791541, -1.500942201375810026 ) ) ;
#5229 = ORIENTED_EDGE ( 'NONE', *, *, #6869, .F. ) ;
#5230 = CARTESIAN_POINT ( 'NONE',  ( 131.6788152878680762, -0.8265335071514320342, 1.819855689076597782 ) ) ;
#5231 = EDGE_CURVE ( 'NONE', #2987, #5509, #9220, .T. ) ;
#5232 = CARTESIAN_POINT ( 'NONE',  ( 32.47813673319993910, 1.836530860775713482E-16, 13.41734169402642962 ) ) ;
#5233 = CIRCLE ( 'NONE', #4439, 26.00000000000000355 ) ;
#5234 = DIRECTION ( 'NONE',  ( 0.0000000000000000000, 0.0000000000000000000, -1.000000000000000000 ) ) ;
#5235 = ORIENTED_EDGE ( 'NONE', *, *, #6624, .F. ) ;
#5236 = AXIS2_PLACEMENT_3D ( 'NONE', #8081, #3054, #3739 ) ;
#5237 = CARTESIAN_POINT ( 'NONE',  ( 10.71751771055746616, -5.000000000000003553, 34.00000000000000000 ) ) ;
#5238 = ORIENTED_EDGE ( 'NONE', *, *, #8801, .F. ) ;
#5239 = CARTESIAN_POINT ( 'NONE',  ( 133.1888659254848051, 2.264443504301841159, -2.887235402976479737 ) ) ;
#5240 = DIRECTION ( 'NONE',  ( 0.0000000000000000000, 0.0000000000000000000, -1.000000000000000000 ) ) ;
#5241 = CYLINDRICAL_SURFACE ( 'NONE', #2678, 2.000000000000001776 ) ;
#5242 = EDGE_LOOP ( 'NONE', ( #4254, #1509, #975, #3508 ) ) ;
#5243 = EDGE_CURVE ( 'NONE', #837, #5730, #363, .T. ) ;
#5244 = VECTOR ( 'NONE', #3631, 1000.000000000000000 ) ;
#5245 = EDGE_CURVE ( 'NONE', #6434, #6375, #2606, .T. ) ;
#5246 = VERTEX_POINT ( 'NONE', #6675 ) ;
#5247 = EDGE_CURVE ( 'NONE', #7973, #4183, #7635, .T. ) ;
#5248 = ORIENTED_EDGE ( 'NONE', *, *, #5872, .T. ) ;
#5249 = DIRECTION ( 'NONE',  ( 0.0000000000000000000, 1.740523610644402991E-16, 1.000000000000000000 ) ) ;
#5250 = CARTESIAN_POINT ( 'NONE',  ( 0.0000000000000000000, 1.500000000000000888, 0.0000000000000000000 ) ) ;
#5251 = CARTESIAN_POINT ( 'NONE',  ( 133.4965292166502309, 3.418457577907409561, 0.3125101912541185523 ) ) ;
#5252 = CARTESIAN_POINT ( 'NONE',  ( 49.32399612951925860, 5.000000000000000000, -8.500000000000000000 ) ) ;
#5253 = CARTESIAN_POINT ( 'NONE',  ( 120.0000000000000000, 12.50000000000000000, 0.0000000000000000000 ) ) ;
#5254 = DIRECTION ( 'NONE',  ( 1.000000000000000000, 0.0000000000000000000, 0.0000000000000000000 ) ) ;
#5255 = CARTESIAN_POINT ( 'NONE',  ( 0.0000000000000000000, 1.500000000000000888, 0.0000000000000000000 ) ) ;
#5256 = CARTESIAN_POINT ( 'NONE',  ( 128.8733308696586448, 1.320767152296546731, -1.507593184932938701 ) ) ;
#5257 = LINE ( 'NONE', #142, #2092 ) ;
#5258 = ORIENTED_EDGE ( 'NONE', *, *, #549, .T. ) ;
#5259 = CIRCLE ( 'NONE', #8378, 5.000000000000004441 ) ;
#5260 = AXIS2_PLACEMENT_3D ( 'NONE', #2699, #7789, #4166 ) ;
#5261 = VERTEX_POINT ( 'NONE', #2328 ) ;
#5262 = CARTESIAN_POINT ( 'NONE',  ( 34.64101615137754919, 3.500000000000000888, -3.000000000000000444 ) ) ;
#5263 = ORIENTED_EDGE ( 'NONE', *, *, #3936, .T. ) ;
#5264 = CARTESIAN_POINT ( 'NONE',  ( 0.0000000000000000000, 4.000000000000000000, -35.00000000000000000 ) ) ;
#5265 = DIRECTION ( 'NONE',  ( 3.700743415417190309E-15, 0.0000000000000000000, -1.000000000000000000 ) ) ;
#5266 = CYLINDRICAL_SURFACE ( 'NONE', #1524, 33.00000000000000000 ) ;
#5267 = CARTESIAN_POINT ( 'NONE',  ( 131.5938571583978103, -0.1291252759943956885, 1.996791933612442005 ) ) ;
#5268 = ORIENTED_EDGE ( 'NONE', *, *, #636, .T. ) ;
#5269 = AXIS2_PLACEMENT_3D ( 'NONE', #9050, #4766, #2655 ) ;
#5270 = DIRECTION ( 'NONE',  ( -0.0000000000000000000, -1.000000000000000000, -0.0000000000000000000 ) ) ;
#5271 = CARTESIAN_POINT ( 'NONE',  ( 0.0000000000000000000, 5.000000000000000888, 0.0000000000000000000 ) ) ;
#5272 = CARTESIAN_POINT ( 'NONE',  ( 32.51658870864456219, -6.774140187768481702, 3.000000000001398881 ) ) ;
#5273 =( BOUNDED_SURFACE ( )  B_SPLINE_SURFACE ( 3, 2, ( 
 ( #415, #6415, #2015 ),
 ( #9229, #1944, #7109 ),
 ( #4127, #2039, #3492 ),
 ( #8523, #8558, #2633 ),
 ( #3364, #8426, #4087 ),
 ( #7747, #9168, #9191 ),
 ( #4845, #513, #5588 ),
 ( #1242, #1977, #7073 ),
 ( #2694, #3427, #3521 ),
 ( #29, #2891, #4972 ) ),
 .UNSPECIFIED., .F., .F., .F. ) 
 B_SPLINE_SURFACE_WITH_KNOTS ( ( 4, 2, 2, 2, 4 ),
 ( 3, 3 ),
 ( 0.0000000000000000000, 0.001091976997524665878, 0.002183953995049331756, 0.003275930992573997634, 0.004367907990098663512 ),
 ( 0.0000000000000000000, 1.000000000000000000 ),
 .UNSPECIFIED. ) 
 GEOMETRIC_REPRESENTATION_ITEM ( )  RATIONAL_B_SPLINE_SURFACE ( (
 ( 1.000000000000000000, 0.7071067811865475727, 1.000000000000000000),
 ( 1.000000000000000000, 0.7239670719750602723, 1.000000000000000000),
 ( 1.000000000000000000, 0.7383993387816698561, 1.000000000000000000),
 ( 1.000000000000000000, 0.7584627377511812263, 1.000000000000000000),
 ( 1.000000000000000000, 0.7639792270817010733, 1.000000000000000000),
 ( 1.000000000000000000, 0.7639792270817010733, 1.000000000000000000),
 ( 1.000000000000000000, 0.7584627377511812263, 1.000000000000000000),
 ( 1.000000000000000000, 0.7383993387816698561, 1.000000000000000000),
 ( 1.000000000000000000, 0.7239670719750600503, 1.000000000000000000),
 ( 1.000000000000000000, 0.7071067811865475727, 1.000000000000000000) ) ) 
 REPRESENTATION_ITEM ( '' )  SURFACE ( )  );
#5274 = FACE_OUTER_BOUND ( 'NONE', #6983, .T. ) ;
#5275 = CARTESIAN_POINT ( 'NONE',  ( 28.53857969578140086, 3.323748478012502172, -16.58249098537093147 ) ) ;
#5276 = B_SPLINE_CURVE_WITH_KNOTS ( 'NONE', 3,
 ( #3205, #1062, #8279, #3240, #4039, #4663, #5395, #6954, #6140, #4752 ),
 .UNSPECIFIED., .F., .F.,
 ( 4, 2, 2, 2, 4 ),
 ( 0.0000000000000000000, 0.001095063925557153992, 0.002190127851114307984, 0.003285191776671462192, 0.004380255702228615967 ),
 .UNSPECIFIED. ) ;
#5277 = CARTESIAN_POINT ( 'NONE',  ( 133.1900755940354770, -2.264981735264118612, -2.876414571663042263 ) ) ;
#5278 = CARTESIAN_POINT ( 'NONE',  ( 101.8362078475247898, 1.500000000000000888, -3.510933585484047992 ) ) ;
#5279 = FACE_OUTER_BOUND ( 'NONE', #5031, .T. ) ;
#5280 = AXIS2_PLACEMENT_3D ( 'NONE', #5221, #5942, #3796 ) ;
#5281 = CARTESIAN_POINT ( 'NONE',  ( 133.4434714944586062, 3.245311385382482872, -1.240103095961607282 ) ) ;
#5282 = CARTESIAN_POINT ( 'NONE',  ( 34.64101615137754919, -9.735427445389468915, 3.000000000000000444 ) ) ;
#5283 = CARTESIAN_POINT ( 'NONE',  ( 108.6462886193108517, 5.000000000000000888, -8.814379904055462234 ) ) ;
#5284 = CARTESIAN_POINT ( 'NONE',  ( 34.64101615137754919, -1.500000000000000888, -5.000000000000000888 ) ) ;
#5285 = CARTESIAN_POINT ( 'NONE',  ( 128.8588439438220803, 1.219785073073341053, -1.589409960968502844 ) ) ;
#5286 = VERTEX_POINT ( 'NONE', #6031 ) ;
#5287 = DIRECTION ( 'NONE',  ( 0.0000000000000000000, 0.0000000000000000000, -1.000000000000000000 ) ) ;
#5288 = FACE_OUTER_BOUND ( 'NONE', #341, .T. ) ;
#5289 = DIRECTION ( 'NONE',  ( 0.0000000000000000000, 0.0000000000000000000, 1.000000000000000000 ) ) ;
#5290 = CARTESIAN_POINT ( 'NONE',  ( 49.32399612951925860, 5.000000000000000888, 6.000000000000000888 ) ) ;
#5291 = AXIS2_PLACEMENT_3D ( 'NONE', #1207, #4182, #7065 ) ;
#5292 = CARTESIAN_POINT ( 'NONE',  ( 131.9661679676451058, -1.727727079328985837, 1.005961254147583750 ) ) ;
#5293 = CARTESIAN_POINT ( 'NONE',  ( 131.7743559369380080, -1.205527289751451736, 1.596508725333857237 ) ) ;
#5294 = CARTESIAN_POINT ( 'NONE',  ( 132.9477176591594514, -0.2280155246950595072, -3.821860657004505946 ) ) ;
#5295 = ORIENTED_EDGE ( 'NONE', *, *, #1190, .F. ) ;
#5296 = CARTESIAN_POINT ( 'NONE',  ( 43.12119496837502197, -1.500000000000000888, -4.842574995435363405 ) ) ;
#5297 = CARTESIAN_POINT ( 'NONE',  ( 0.0000000000000000000, -1.500000000000000888, 0.0000000000000000000 ) ) ;
#5298 = DIRECTION ( 'NONE',  ( 0.0000000000000000000, 1.000000000000000000, -0.0000000000000000000 ) ) ;
#5299 = EDGE_CURVE ( 'NONE', #2851, #6832, #5939, .T. ) ;
#5300 = CARTESIAN_POINT ( 'NONE',  ( 101.0263340389897166, -4.000000000000000888, -8.500000000000000000 ) ) ;
#5301 = CARTESIAN_POINT ( 'NONE',  ( 101.0263340389897166, -5.000000000000000888, -33.50000000000000000 ) ) ;
#5302 = FACE_OUTER_BOUND ( 'NONE', #7632, .T. ) ;
#5303 = ORIENTED_EDGE ( 'NONE', *, *, #2822, .F. ) ;
#5304 = ORIENTED_EDGE ( 'NONE', *, *, #6096, .T. ) ;
#5305 = CARTESIAN_POINT ( 'NONE',  ( 132.9453649671811775, -0.2251870210092873636, -3.829820607900386698 ) ) ;
#5306 = AXIS2_PLACEMENT_3D ( 'NONE', #1832, #1165, #4017 ) ;
#5307 = CARTESIAN_POINT ( 'NONE',  ( 15.08460647348984907, 4.000000000000000888, 34.00000000000000000 ) ) ;
#5308 = ORIENTED_EDGE ( 'NONE', *, *, #836, .T. ) ;
#5309 = CARTESIAN_POINT ( 'NONE',  ( 132.9837932322412826, 0.8956588880029362487, 3.697644689817328523 ) ) ;
#5310 = CARTESIAN_POINT ( 'NONE',  ( 21.32660404501843487, -12.50000000000000000, 21.09919334730603779 ) ) ;
#5311 = CARTESIAN_POINT ( 'NONE',  ( 110.3537723737762946, 4.734769007352306325, -9.965669465144934236 ) ) ;
#5312 = DIRECTION ( 'NONE',  ( -0.8660254037844382635, 0.0000000000000000000, 0.5000000000000006661 ) ) ;
#5313 = CIRCLE ( 'NONE', #4348, 35.00000000000000000 ) ;
#5314 = CARTESIAN_POINT ( 'NONE',  ( 22.10418838156303423, 7.758736482042649207, -26.03783777165256552 ) ) ;
#5315 = EDGE_LOOP ( 'NONE', ( #7930, #3440, #4466, #5598 ) ) ;
#5316 = EDGE_CURVE ( 'NONE', #8173, #4637, #1851, .T. ) ;
#5317 = ORIENTED_EDGE ( 'NONE', *, *, #1008, .F. ) ;
#5318 = ORIENTED_EDGE ( 'NONE', *, *, #2290, .T. ) ;
#5319 = CARTESIAN_POINT ( 'NONE',  ( 128.7749872788490393, -0.2618261073350316992, -1.999899564133185370 ) ) ;
#5320 = AXIS2_PLACEMENT_3D ( 'NONE', #7348, #5177, #4491 ) ;
#5321 = FACE_OUTER_BOUND ( 'NONE', #2886, .T. ) ;
#5322 = ORIENTED_EDGE ( 'NONE', *, *, #6420, .F. ) ;
#5323 = CARTESIAN_POINT ( 'NONE',  ( 113.3468963513340384, 5.000000000000000000, 11.74675324675324539 ) ) ;
#5324 = CARTESIAN_POINT ( 'NONE',  ( 131.6058249175498531, -0.3248434072585301147, 1.973085423595414722 ) ) ;
#5325 = CARTESIAN_POINT ( 'NONE',  ( 132.9547802871406077, -0.4535505449459100724, -3.797874034440903657 ) ) ;
#5326 = EDGE_CURVE ( 'NONE', #4620, #8640, #1214, .T. ) ;
#5327 = CARTESIAN_POINT ( 'NONE',  ( 35.90722606963057473, -0.2236580583296154667, 14.65184618389717208 ) ) ;
#5328 = CARTESIAN_POINT ( 'NONE',  ( 17.99999999999996092, 7.740197061241844700, 30.02221399786057177 ) ) ;
#5329 = CYLINDRICAL_SURFACE ( 'NONE', #1603, 2.000000000000002665 ) ;
#5330 = DIRECTION ( 'NONE',  ( -0.0000000000000000000, 1.000000000000000000, -0.0000000000000000000 ) ) ;
#5331 = CARTESIAN_POINT ( 'NONE',  ( 0.0000000000000000000, -6.999999999999995559, 0.0000000000000000000 ) ) ;
#5332 = CARTESIAN_POINT ( 'NONE',  ( 28.60849289347199331, -3.179892347261583652, 16.49762337497966058 ) ) ;
#5333 = EDGE_LOOP ( 'NONE', ( #7204, #7163, #4650, #2727 ) ) ;
#5334 = ORIENTED_EDGE ( 'NONE', *, *, #1115, .F. ) ;
#5335 = B_SPLINE_CURVE_WITH_KNOTS ( 'NONE', 3,
 ( #8977, #1643, #202, #909, #5272, #5978 ),
 .UNSPECIFIED., .F., .F.,
 ( 4, 2, 4 ),
 ( 0.0000000000000000000, 0.0007574968925240079063, 0.001514993785048015813 ),
 .UNSPECIFIED. ) ;
#5336 = ORIENTED_EDGE ( 'NONE', *, *, #3290, .F. ) ;
#5337 = FACE_OUTER_BOUND ( 'NONE', #8951, .T. ) ;
#5338 = CARTESIAN_POINT ( 'NONE',  ( 133.0042940958263387, -1.108281559622692258, -3.624885074070693047 ) ) ;
#5339 = CARTESIAN_POINT ( 'NONE',  ( 32.56816659023993310, -0.5318359466565285576, 13.35068658537642605 ) ) ;
#5340 = VERTEX_POINT ( 'NONE', #7458 ) ;
#5341 = CARTESIAN_POINT ( 'NONE',  ( 131.8032582644074466, -1.297323835351125609, -1.522245926848364794 ) ) ;
#5342 = DIRECTION ( 'NONE',  ( 0.0000000000000000000, 1.000000000000000000, 0.0000000000000000000 ) ) ;
#5343 = CARTESIAN_POINT ( 'NONE',  ( 128.8695739394217412, 1.783330110071295493, 1.044532540994239200 ) ) ;
#5344 = CARTESIAN_POINT ( 'NONE',  ( 31.60696125855821847, 7.000000000000002665, -5.000000000000000888 ) ) ;
#5345 = CARTESIAN_POINT ( 'NONE',  ( 21.62106196434094585, 7.088485851613508082, -24.28694529430713089 ) ) ;
#5346 = B_SPLINE_CURVE_WITH_KNOTS ( 'NONE', 1,
 ( #7655, #1148 ),
 .UNSPECIFIED., .F., .F.,
 ( 2, 2 ),
 ( 0.0000000000000000000, 1.000000000000000000 ),
 .UNSPECIFIED. ) ;
#5347 = ORIENTED_EDGE ( 'NONE', *, *, #3550, .F. ) ;
#5348 = AXIS2_PLACEMENT_3D ( 'NONE', #818, #2843, #6650 ) ;
#5349 = ORIENTED_EDGE ( 'NONE', *, *, #8570, .F. ) ;
#5350 = CARTESIAN_POINT ( 'NONE',  ( 31.60696125855821847, 7.000000000000002665, 5.000000000000000888 ) ) ;
#5351 = VERTEX_POINT ( 'NONE', #6755 ) ;
#5352 = EDGE_LOOP ( 'NONE', ( #9357, #2332, #3531 ) ) ;
#5353 = ORIENTED_EDGE ( 'NONE', *, *, #361, .F. ) ;
#5354 = CARTESIAN_POINT ( 'NONE',  ( 132.0391820081474918, -1.893735169100698057, 0.6396874776506407123 ) ) ;
#5355 = ORIENTED_EDGE ( 'NONE', *, *, #1115, .T. ) ;
#5356 = CARTESIAN_POINT ( 'NONE',  ( 131.6085581113831893, -0.3559581860517646579, 1.967612428512300005 ) ) ;
#5357 = DIRECTION ( 'NONE',  ( 0.0000000000000000000, 1.000000000000000000, 0.0000000000000000000 ) ) ;
#5358 = CARTESIAN_POINT ( 'NONE',  ( 70.00000000000000000, -3.500000000000000888, -64.02475001521551690 ) ) ;
#5359 = CIRCLE ( 'NONE', #9237, 30.00000000000000000 ) ;
#5360 = DIRECTION ( 'NONE',  ( 0.0000000000000000000, 0.0000000000000000000, 1.000000000000000000 ) ) ;
#5361 = ORIENTED_EDGE ( 'NONE', *, *, #6096, .F. ) ;
#5362 = CIRCLE ( 'NONE', #5464, 5.000000000000000000 ) ;
#5363 = DIRECTION ( 'NONE',  ( 0.0000000000000000000, -1.000000000000000000, -1.740523610644402991E-16 ) ) ;
#5364 = ORIENTED_EDGE ( 'NONE', *, *, #8711, .T. ) ;
#5365 = CARTESIAN_POINT ( 'NONE',  ( 12.90106209202365761, -13.43849360530937176, 29.50198555647411780 ) ) ;
#5366 = ORIENTED_EDGE ( 'NONE', *, *, #3566, .T. ) ;
#5367 = VERTEX_POINT ( 'NONE', #2411 ) ;
#5368 = DIRECTION ( 'NONE',  ( -0.8660254037844379305, 0.0000000000000000000, 0.5000000000000013323 ) ) ;
#5369 = EDGE_CURVE ( 'NONE', #3588, #613, #6424, .T. ) ;
#5370 = EDGE_CURVE ( 'NONE', #4621, #4438, #5233, .T. ) ;
#5371 = LINE ( 'NONE', #4874, #5954 ) ;
#5372 = ORIENTED_EDGE ( 'NONE', *, *, #8730, .F. ) ;
#5373 = CARTESIAN_POINT ( 'NONE',  ( 14.72054585924445647, 4.000000000000000888, 35.00000000000000711 ) ) ;
#5374 = CARTESIAN_POINT ( 'NONE',  ( 32.81921230199758099, -0.9860379311098608213, 13.16592853428670118 ) ) ;
#5375 = ORIENTED_EDGE ( 'NONE', *, *, #2785, .T. ) ;
#5376 = CARTESIAN_POINT ( 'NONE',  ( 133.1536266033056108, 2.087256190846662474, -3.038678703625413036 ) ) ;
#5377 = DIRECTION ( 'NONE',  ( -7.105427357601001859E-15, 0.0000000000000000000, 1.000000000000000000 ) ) ;
#5378 = VERTEX_POINT ( 'NONE', #2382 ) ;
#5379 = CARTESIAN_POINT ( 'NONE',  ( 38.00000000000000000, 12.50000000000000000, -3.000000000000000000 ) ) ;
#5380 = CARTESIAN_POINT ( 'NONE',  ( 22.74837764801966600, -7.000000000000002665, 22.50580623712644268 ) ) ;
#5381 = CARTESIAN_POINT ( 'NONE',  ( 30.47205039161952911, -2.049552894201835951, -14.18755069249132639 ) ) ;
#5382 = AXIS2_PLACEMENT_3D ( 'NONE', #5344, #9028, #955 ) ;
#5383 = TOROIDAL_SURFACE ( 'NONE', #2977, 5.000000000000000000, 2.000000000000000000 ) ;
#5384 = ORIENTED_EDGE ( 'NONE', *, *, #8460, .F. ) ;
#5385 = CARTESIAN_POINT ( 'NONE',  ( 128.8590941673335237, -1.231381904895424650, 1.597164937677004737 ) ) ;
#5386 = EDGE_CURVE ( 'NONE', #1349, #3675, #3311, .T. ) ;
#5387 = CARTESIAN_POINT ( 'NONE',  ( 110.0390811933892223, -5.000000000000000000, -9.112085191003643558 ) ) ;
#5388 = DIRECTION ( 'NONE',  ( 0.0000000000000000000, -0.0000000000000000000, 1.000000000000000000 ) ) ;
#5389 = CARTESIAN_POINT ( 'NONE',  ( 131.8936067110829242, -1.549813604568135883, -1.263664646665317415 ) ) ;
#5390 = FACE_OUTER_BOUND ( 'NONE', #5798, .T. ) ;
#5391 = AXIS2_PLACEMENT_3D ( 'NONE', #5035, #7233, #2096 ) ;
#5392 = DIRECTION ( 'NONE',  ( -1.000000000000000000, -0.0000000000000000000, 0.0000000000000000000 ) ) ;
#5393 = CARTESIAN_POINT ( 'NONE',  ( 19.72057922640474814, 7.949827917249083775, 29.02883711833367997 ) ) ;
#5394 = ADVANCED_FACE ( 'NONE', ( #8302 ), #7428, .F. ) ;
#5395 = CARTESIAN_POINT ( 'NONE',  ( 12.17009032052152229, 5.022927870565767172, -34.15161828975422509 ) ) ;
#5396 = DIRECTION ( 'NONE',  ( -0.0000000000000000000, -1.000000000000000000, -0.0000000000000000000 ) ) ;
#5397 = CIRCLE ( 'NONE', #6877, 2.000000000000001776 ) ;
#5398 = CARTESIAN_POINT ( 'NONE',  ( 0.0000000000000000000, 12.50000000000000000, -35.00000000000000000 ) ) ;
#5399 = DIRECTION ( 'NONE',  ( -0.0000000000000000000, 1.000000000000000000, -0.0000000000000000000 ) ) ;
#5400 = B_SPLINE_CURVE_WITH_KNOTS ( 'NONE', 3,
 ( #1340, #8518, #5676, #6444, #2064, #4188, #9255, #7782, #5548, #7165, #4158, #7104, #4908, #4221, #3516, #4839 ),
 .UNSPECIFIED., .F., .F.,
 ( 4, 2, 2, 2, 2, 2, 2, 4 ),
 ( -1.332798976245376830E-05, 0.002327002042438676595, 0.003497167058539242274, 0.004082249566589524897, 0.004374790820614673365, 0.004521061447627244996, 0.004594196761133527776, 0.004667332074639810556 ),
 .UNSPECIFIED. ) ;
#5401 = CARTESIAN_POINT ( 'NONE',  ( 133.2081325936653968, -2.347986922947937316, -2.792324660195237396 ) ) ;
#5402 = EDGE_CURVE ( 'NONE', #8893, #7004, #2301, .T. ) ;
#5403 = CARTESIAN_POINT ( 'NONE',  ( 12.53700147777826501, 4.042296414261336679, 35.00000000000000711 ) ) ;
#5404 = CARTESIAN_POINT ( 'NONE',  ( 21.67474356507915445, -5.365638503732157005, -22.06580949791643320 ) ) ;
#5405 = AXIS2_PLACEMENT_3D ( 'NONE', #7211, #709, #2829 ) ;
#5406 = CARTESIAN_POINT ( 'NONE',  ( 133.2429235855697982, 2.500127399235408721, -2.622435769287748464 ) ) ;
#5407 = ADVANCED_FACE ( 'NONE', ( #3792 ), #9098, .T. ) ;
#5408 = APPLICATION_CONTEXT ( 'automotive_design' ) ;
#5409 = CARTESIAN_POINT ( 'NONE',  ( 112.4844846552711033, 4.223782794819996411, -11.25830215893335229 ) ) ;
#5410 = CIRCLE ( 'NONE', #2961, 30.00000000000000000 ) ;
#5411 = DIRECTION ( 'NONE',  ( -1.000000000000000000, 0.0000000000000000000, 0.0000000000000000000 ) ) ;
#5412 = CARTESIAN_POINT ( 'NONE',  ( 33.35338580610287096, -1.500000000000000444, -10.41213391093756435 ) ) ;
#5413 = B_SPLINE_CURVE_WITH_KNOTS ( 'NONE', 3,
 ( #6635, #3663, #3598, #742 ),
 .UNSPECIFIED., .F., .F.,
 ( 4, 4 ),
 ( 0.5000036373259247879, 0.5001831054808936194 ),
 .UNSPECIFIED. ) ;
#5414 = CIRCLE ( 'NONE', #2351, 2.000000000000000000 ) ;
#5415 = EDGE_LOOP ( 'NONE', ( #5848, #7892, #3334, #2105 ) ) ;
#5416 = EDGE_CURVE ( 'NONE', #7423, #7798, #6866, .T. ) ;
#5417 = CARTESIAN_POINT ( 'NONE',  ( 29.40561067194816403, 2.525807218415777822, 15.52100262008009324 ) ) ;
#5418 = CARTESIAN_POINT ( 'NONE',  ( 32.26669731352149739, -5.203044844030999094, -4.112161967340382418 ) ) ;
#5419 = AXIS2_PLACEMENT_3D ( 'NONE', #8691, #7173, #5067 ) ;
#5420 = CARTESIAN_POINT ( 'NONE',  ( 131.9060534012403707, -1.581734141204020672, -1.223432565785043113 ) ) ;
#5421 = CARTESIAN_POINT ( 'NONE',  ( 133.0046566568098569, -1.107687701101052857, -3.623450574173072702 ) ) ;
#5422 = CARTESIAN_POINT ( 'NONE',  ( 132.0811005506772062, 1.983804941585032733, 0.2587411415435402762 ) ) ;
#5423 = DIRECTION ( 'NONE',  ( 1.000000000000000000, 0.0000000000000000000, 0.0000000000000000000 ) ) ;
#5424 = CARTESIAN_POINT ( 'NONE',  ( 21.21346465631639688, 6.796400696776191630, -23.77861252659467795 ) ) ;
#5425 = ORIENTED_EDGE ( 'NONE', *, *, #8149, .T. ) ;
#5426 = EDGE_CURVE ( 'NONE', #5089, #3664, #834, .T. ) ;
#5427 = CARTESIAN_POINT ( 'NONE',  ( 34.64101615137754919, 7.000000000000002665, 3.000000000000000444 ) ) ;
#5428 = CARTESIAN_POINT ( 'NONE',  ( 32.61291028858705943, -1.540718945147003360, 11.40755299021490821 ) ) ;
#5429 = VERTEX_POINT ( 'NONE', #6167 ) ;
#5430 = EDGE_CURVE ( 'NONE', #6680, #8108, #5597, .T. ) ;
#5431 = DIRECTION ( 'NONE',  ( -0.0000000000000000000, 1.000000000000000000, -0.0000000000000000000 ) ) ;
#5432 = CARTESIAN_POINT ( 'NONE',  ( 133.0351777217202311, -1.365335000503277607, 3.512089370853494152 ) ) ;
#5433 = CIRCLE ( 'NONE', #4747, 2.000000000000001776 ) ;
#5434 = AXIS2_PLACEMENT_3D ( 'NONE', #2964, #1475, #8823 ) ;
#5435 = ORIENTED_EDGE ( 'NONE', *, *, #1499, .F. ) ;
#5436 = AXIS2_PLACEMENT_3D ( 'NONE', #3529, #5593, #1281 ) ;
#5437 = ORIENTED_EDGE ( 'NONE', *, *, #4936, .T. ) ;
#5438 = CARTESIAN_POINT ( 'NONE',  ( 131.6559031295870454, -0.7070720878355476469, -1.869438612886278550 ) ) ;
#5439 = CARTESIAN_POINT ( 'NONE',  ( 49.32399612951925860, -5.000000000000000888, 6.000000000000000888 ) ) ;
#5440 = CARTESIAN_POINT ( 'NONE',  ( 21.00412590757733255, -6.527510870931803488, 23.37302750546726315 ) ) ;
#5441 = ORIENTED_EDGE ( 'NONE', *, *, #2646, .T. ) ;
#5442 = ADVANCED_FACE ( 'NONE', ( #7534 ), #605, .F. ) ;
#5443 = FACE_OUTER_BOUND ( 'NONE', #2298, .T. ) ;
#5444 =( BOUNDED_CURVE ( )  B_SPLINE_CURVE ( 3, ( #7611, #1079, #3251, #433 ),
 .UNSPECIFIED., .F., .T. ) 
 B_SPLINE_CURVE_WITH_KNOTS ( ( 4, 4 ),
 ( 1.315247190375579800, 1.505535450373608031 ),
 .UNSPECIFIED. ) 
 CURVE ( )  GEOMETRIC_REPRESENTATION_ITEM ( )  RATIONAL_B_SPLINE_CURVE ( ( 1.000000000000000000, 0.9969848071011849777, 0.9969848071011849777, 1.000000000000000000 ) ) 
 REPRESENTATION_ITEM ( '' )  );
#5445 = VERTEX_POINT ( 'NONE', #382 ) ;
#5446 = ORIENTED_EDGE ( 'NONE', *, *, #2473, .T. ) ;
#5447 = CARTESIAN_POINT ( 'NONE',  ( 128.7983555840365852, -0.6475667977217866023, 1.895139945342494636 ) ) ;
#5448 = ORIENTED_EDGE ( 'NONE', *, *, #4462, .T. ) ;
#5449 = DIRECTION ( 'NONE',  ( 0.0000000000000000000, 0.0000000000000000000, 1.000000000000000000 ) ) ;
#5450 = CARTESIAN_POINT ( 'NONE',  ( 32.70305919841969455, -4.579657570579692027, -4.420044354922771923 ) ) ;
#5451 = CIRCLE ( 'NONE', #4212, 2.000000000000001776 ) ;
#5452 = CARTESIAN_POINT ( 'NONE',  ( 132.0198129752081400, -1.851379915592792136, -0.7523618933912973317 ) ) ;
#5453 = EDGE_LOOP ( 'NONE', ( #3704, #1051, #7341, #7596 ) ) ;
#5454 = CARTESIAN_POINT ( 'NONE',  ( 132.0869577788110973, 1.995997097146315458, 0.1286275225493909435 ) ) ;
#5455 = ADVANCED_FACE ( 'NONE', ( #2751 ), #6647, .F. ) ;
#5456 = DIRECTION ( 'NONE',  ( -0.0000000000000000000, 1.000000000000000000, -0.0000000000000000000 ) ) ;
#5457 = CARTESIAN_POINT ( 'NONE',  ( 21.29265927178764528, 6.850984917769593174, -23.86913984060295846 ) ) ;
#5458 = CARTESIAN_POINT ( 'NONE',  ( 70.00000000000000000, -5.000000000000000888, 64.02475001521551690 ) ) ;
#5459 = ORIENTED_EDGE ( 'NONE', *, *, #7700, .T. ) ;
#5460 = CARTESIAN_POINT ( 'NONE',  ( 101.0263340389897166, -1.500000000000000888, 33.50000000000000000 ) ) ;
#5461 = CARTESIAN_POINT ( 'NONE',  ( 27.56087795320585698, -4.533404694221480291, 21.40695011115003865 ) ) ;
#5462 = VECTOR ( 'NONE', #1263, 1000.000000000000000 ) ;
#5463 = EDGE_LOOP ( 'NONE', ( #5905, #5674, #831, #7232 ) ) ;
#5464 = AXIS2_PLACEMENT_3D ( 'NONE', #2669, #2631, #8461 ) ;
#5465 = CARTESIAN_POINT ( 'NONE',  ( 133.4977977871811561, -3.422476495748434377, 0.2517605927046709380 ) ) ;
#5466 = CARTESIAN_POINT ( 'NONE',  ( 131.7785802647565561, -1.219559322041567695, 1.585879854200009431 ) ) ;
#5467 = ORIENTED_EDGE ( 'NONE', *, *, #6385, .F. ) ;
#5468 = DIRECTION ( 'NONE',  ( -0.0000000000000000000, -1.000000000000000000, 0.0000000000000000000 ) ) ;
#5469 = ORIENTED_EDGE ( 'NONE', *, *, #2164, .F. ) ;
#5470 = FACE_OUTER_BOUND ( 'NONE', #8610, .T. ) ;
#5471 = ORIENTED_EDGE ( 'NONE', *, *, #6171, .F. ) ;
#5472 = VERTEX_POINT ( 'NONE', #9035 ) ;
#5473 = CARTESIAN_POINT ( 'NONE',  ( 101.0263340389897166, 5.000000000000000888, -33.50000000000000000 ) ) ;
#5474 = CARTESIAN_POINT ( 'NONE',  ( 131.8598351573090497, -1.460958158291638664, -1.367362100372768952 ) ) ;
#5475 = DIRECTION ( 'NONE',  ( 0.0000000000000000000, 0.0000000000000000000, 1.000000000000000000 ) ) ;
#5476 = DIRECTION ( 'NONE',  ( -0.0000000000000000000, 1.000000000000000000, -0.0000000000000000000 ) ) ;
#5477 = CARTESIAN_POINT ( 'NONE',  ( 21.28358725078026481, -5.626767190569447408, 22.31025462967302886 ) ) ;
#5478 = EDGE_CURVE ( 'NONE', #3524, #8886, #4451, .T. ) ;
#5479 = CARTESIAN_POINT ( 'NONE',  ( 15.08460647348984907, -5.000000000000001776, -34.00000000000000000 ) ) ;
#5480 = B_SPLINE_CURVE_WITH_KNOTS ( 'NONE', 3,
 ( #4589, #3252, #8359, #3319, #4053, #6120, #6910, #407, #3354, #5479 ),
 .UNSPECIFIED., .F., .F.,
 ( 4, 2, 2, 2, 4 ),
 ( 0.0000000000000000000, 0.001095063925557153992, 0.002190127851114307984, 0.003285191776671462192, 0.004380255702228615967 ),
 .UNSPECIFIED. ) ;
#5481 = LINE ( 'NONE', #5007, #3555 ) ;
#5482 = ORIENTED_EDGE ( 'NONE', *, *, #5979, .F. ) ;
#5483 = AXIS2_PLACEMENT_3D ( 'NONE', #4823, #4169, #4040 ) ;
#5484 = ORIENTED_EDGE ( 'NONE', *, *, #4648, .T. ) ;
#5485 = VERTEX_POINT ( 'NONE', #9007 ) ;
#5486 = CARTESIAN_POINT ( 'NONE',  ( 128.9880297120390082, -1.946213751862993391, -0.5241160643449440659 ) ) ;
#5487 = CARTESIAN_POINT ( 'NONE',  ( 14.40106209202366827, -7.000000000000002665, -32.10006176782744092 ) ) ;
#5488 = CARTESIAN_POINT ( 'NONE',  ( 49.32399612951925860, 1.500000000000000888, 18.50000000000000355 ) ) ;
#5489 = LINE ( 'NONE', #6494, #3568 ) ;
#5490 = DIRECTION ( 'NONE',  ( 0.0000000000000000000, -1.000000000000000000, 0.0000000000000000000 ) ) ;
#5491 = CARTESIAN_POINT ( 'NONE',  ( 32.60712885353455448, -4.500000000000002665, -5.076923076923077538 ) ) ;
#5492 = VERTEX_POINT ( 'NONE', #3261 ) ;
#5493 = CARTESIAN_POINT ( 'NONE',  ( 132.0671269935323267, -1.954144190669687697, 0.4203164753506489770 ) ) ;
#5494 = CIRCLE ( 'NONE', #2073, 1.000000000000000888 ) ;
#5495 = CARTESIAN_POINT ( 'NONE',  ( 132.9835787202280244, -0.8932994327103097598, -3.698396822282388641 ) ) ;
#5496 = EDGE_CURVE ( 'NONE', #2223, #677, #2523, .T. ) ;
#5497 = ORIENTED_EDGE ( 'NONE', *, *, #5066, .T. ) ;
#5498 = CARTESIAN_POINT ( 'NONE',  ( 131.9231885823349728, 1.624961520971978768, 1.166582987107104286 ) ) ;
#5499 = VERTEX_POINT ( 'NONE', #5527 ) ;
#5500 = DIRECTION ( 'NONE',  ( 0.4135200774096209342, 0.0000000000000000000, 0.9104950003043076334 ) ) ;
#5501 = CARTESIAN_POINT ( 'NONE',  ( 104.3332982843102030, -2.155078171014176647, -5.178311063605548270 ) ) ;
#5502 = ADVANCED_FACE ( 'NONE', ( #1285 ), #3437, .F. ) ;
#5503 = DIRECTION ( 'NONE',  ( 0.0000000000000000000, 0.0000000000000000000, -1.000000000000000000 ) ) ;
#5504 = DIRECTION ( 'NONE',  ( 0.0000000000000000000, -1.000000000000000000, 0.0000000000000000000 ) ) ;
#5505 = CIRCLE ( 'NONE', #3326, 62.50000000000000000 ) ;
#5507 = DIRECTION ( 'NONE',  ( -1.541976423090494844E-15, 0.0000000000000000000, 1.000000000000000000 ) ) ;
#5506 = CARTESIAN_POINT ( 'NONE',  ( 32.26548303774547577, -5.199183758713248338, -4.120177895282050251 ) ) ;
#5508 = AXIS2_PLACEMENT_3D ( 'NONE', #5297, #2510, #8342 ) ;
#5509 = VERTEX_POINT ( 'NONE', #7657 ) ;
#5510 = CARTESIAN_POINT ( 'NONE',  ( 14.40106209202366827, 12.50000000000000000, -32.10006176782744092 ) ) ;
#5511 = CARTESIAN_POINT ( 'NONE',  ( 133.4995535913439824, -3.428177590781804618, 0.1264173342567694314 ) ) ;
#5512 = EDGE_CURVE ( 'NONE', #3526, #6922, #2380, .T. ) ;
#5513 = EDGE_CURVE ( 'NONE', #2851, #820, #8770, .T. ) ;
#5514 = CARTESIAN_POINT ( 'NONE',  ( 35.25243927554219425, -0.8168097859500716984, 11.47364277420412115 ) ) ;
#5515 = LINE ( 'NONE', #4743, #7676 ) ;
#5516 = CARTESIAN_POINT ( 'NONE',  ( 132.0385327893442309, -1.892285626322486980, 0.6439309059958902015 ) ) ;
#5517 = ADVANCED_FACE ( 'NONE', ( #8098 ), #392, .T. ) ;
#5518 = CARTESIAN_POINT ( 'NONE',  ( 101.0263340389897166, 3.500000000000000888, 33.50000000000000000 ) ) ;
#5519 = ORIENTED_EDGE ( 'NONE', *, *, #2236, .F. ) ;
#5520 = CARTESIAN_POINT ( 'NONE',  ( 21.32660404501843487, 7.000000000000002665, -21.09919334730603779 ) ) ;
#5521 = AXIS2_PLACEMENT_3D ( 'NONE', #1634, #6757, #1018 ) ;
#5522 = LINE ( 'NONE', #8346, #7023 ) ;
#5523 = CARTESIAN_POINT ( 'NONE',  ( 128.9971111778228021, -1.986410879522255035, 0.2615542629704746269 ) ) ;
#5524 = CARTESIAN_POINT ( 'NONE',  ( 10.71751771055746616, 4.000000000000000888, 34.00000000000000000 ) ) ;
#5525 = EDGE_CURVE ( 'NONE', #5847, #4377, #8986, .T. ) ;
#5526 = CARTESIAN_POINT ( 'NONE',  ( 101.0263340389897166, -4.500000000000000888, 33.50000000000000000 ) ) ;
#5527 = CARTESIAN_POINT ( 'NONE',  ( 35.89435657813280756, -1.255456670603508471E-12, 14.66074403129596249 ) ) ;
#5528 = CARTESIAN_POINT ( 'NONE',  ( 32.84020341943736554, -5.988149822984967230, -3.269403525718036274 ) ) ;
#5529 = CARTESIAN_POINT ( 'NONE',  ( 131.6305997431677213, -0.5467733829028912362, -1.922695863236329794 ) ) ;
#5530 = FACE_OUTER_BOUND ( 'NONE', #2753, .T. ) ;
#5531 = AXIS2_PLACEMENT_3D ( 'NONE', #9359, #3430, #520 ) ;
#5532 = CARTESIAN_POINT ( 'NONE',  ( 29.20759979190561495, 0.7282329318738109958, -20.02491626306992600 ) ) ;
#5533 = VERTEX_POINT ( 'NONE', #4655 ) ;
#5534 = DIRECTION ( 'NONE',  ( 0.0000000000000000000, 0.0000000000000000000, 1.000000000000000000 ) ) ;
#5535 = CARTESIAN_POINT ( 'NONE',  ( 15.40106209202367005, 7.000000000000000888, 33.83211257539631589 ) ) ;
#5536 = CARTESIAN_POINT ( 'NONE',  ( 101.0263340389897166, 5.000000000000000000, 8.500000000000000000 ) ) ;
#5537 = CARTESIAN_POINT ( 'NONE',  ( 131.5987157863071104, 0.2227606911774186182, -1.987278779615061719 ) ) ;
#5538 = CARTESIAN_POINT ( 'NONE',  ( 12.90106209202365761, 23.43849360530937176, -29.50198555647411780 ) ) ;
#5539 = CARTESIAN_POINT ( 'NONE',  ( 133.4437657320806920, -3.245460532991409242, 1.236757016433315703 ) ) ;
#5540 = VECTOR ( 'NONE', #4701, 1000.000000000000000 ) ;
#5541 = CARTESIAN_POINT ( 'NONE',  ( 132.0885087797286133, -1.999212922555006156, -0.06373495694611656937 ) ) ;
#5542 = DIRECTION ( 'NONE',  ( 0.0000000000000000000, 0.0000000000000000000, -1.000000000000000000 ) ) ;
#5543 = CARTESIAN_POINT ( 'NONE',  ( 8.116411109992025530, -7.000000000000002665, -30.95357605663032174 ) ) ;
#5544 = B_SPLINE_CURVE_WITH_KNOTS ( 'NONE', 3,
 ( #8577, #1364, #8029, #3613 ),
 .UNSPECIFIED., .F., .F.,
 ( 4, 4 ),
 ( 0.0000000000000000000, 0.0002914170252885114431 ),
 .UNSPECIFIED. ) ;
#5545 = ADVANCED_FACE ( 'NONE', ( #6166 ), #4233, .F. ) ;
#5546 = ORIENTED_EDGE ( 'NONE', *, *, #8527, .T. ) ;
#5547 = ORIENTED_EDGE ( 'NONE', *, *, #210, .T. ) ;
#5548 = CARTESIAN_POINT ( 'NONE',  ( 28.31790527369684796, -4.718347890966348324, -16.84951155546796642 ) ) ;
#5549 = VECTOR ( 'NONE', #593, 1000.000000000000000 ) ;
#5550 = DIRECTION ( 'NONE',  ( 0.0000000000000000000, 0.0000000000000000000, -1.000000000000000000 ) ) ;
#5551 = DIRECTION ( 'NONE',  ( 0.0000000000000000000, -1.000000000000000000, 0.0000000000000000000 ) ) ;
#5552 = CARTESIAN_POINT ( 'NONE',  ( 32.81134428587565566, -5.013792236381007683, 3.526350214565694419 ) ) ;
#5553 = ORIENTED_EDGE ( 'NONE', *, *, #3859, .T. ) ;
#5554 = CARTESIAN_POINT ( 'NONE',  ( 14.40106209202366827, -13.43849360530937176, -32.10006176782744092 ) ) ;
#5555 = ADVANCED_FACE ( 'NONE', ( #3676 ), #1742, .F. ) ;
#5556 = ORIENTED_EDGE ( 'NONE', *, *, #2954, .T. ) ;
#5557 = CARTESIAN_POINT ( 'NONE',  ( 28.42591226045707486, 3.425183264596279642, -20.76239113974368777 ) ) ;
#5558 = CARTESIAN_POINT ( 'NONE',  ( 38.00000000000000000, 19.73542744538947247, -3.000000000000000000 ) ) ;
#5559 = LINE ( 'NONE', #2289, #4315 ) ;
#5560 = DIRECTION ( 'NONE',  ( -0.0000000000000000000, 1.000000000000000000, -0.0000000000000000000 ) ) ;
#5561 = EDGE_CURVE ( 'NONE', #903, #7663, #5133, .T. ) ;
#5562 = EDGE_CURVE ( 'NONE', #119, #4326, #1000, .T. ) ;
#5563 = CARTESIAN_POINT ( 'NONE',  ( 21.29265927178764883, 6.850984917769558535, 23.86913984060295846 ) ) ;
#5564 = DIRECTION ( 'NONE',  ( 0.0000000000000000000, -1.000000000000000000, 0.0000000000000000000 ) ) ;
#5565 = ORIENTED_EDGE ( 'NONE', *, *, #6189, .F. ) ;
#5566 = CARTESIAN_POINT ( 'NONE',  ( 131.6897014671754960, 0.8785052213209570970, -1.795445752079511736 ) ) ;
#5567 = ORIENTED_EDGE ( 'NONE', *, *, #2288, .F. ) ;
#5568 = AXIS2_PLACEMENT_3D ( 'NONE', #2685, #6437, #5702 ) ;
#5569 = LINE ( 'NONE', #5554, #3522 ) ;
#5570 =( BOUNDED_SURFACE ( )  B_SPLINE_SURFACE ( 3, 2, ( 
 ( #372, #4677, #6229 ),
 ( #4773, #7713, #6161 ),
 ( #2533, #8417, #2624 ),
 ( #4740, #1839, #4711 ) ),
 .UNSPECIFIED., .F., .F., .T. ) 
 B_SPLINE_SURFACE_WITH_KNOTS ( ( 4, 4 ),
 ( 3, 3 ),
 ( -1.084202172485504434E-19, 0.0003620482687149089536 ),
 ( 0.0000000000000000000, 1.000000000000000000 ),
 .UNSPECIFIED. ) 
 GEOMETRIC_REPRESENTATION_ITEM ( )  RATIONAL_B_SPLINE_SURFACE ( (
 ( 1.000000000000000000, 0.7071067811865475727, 1.000000000000000000),
 ( 1.000000000000000000, 0.7097077631426670363, 1.000000000000000000),
 ( 1.000000000000000000, 0.7120971517424145025, 1.000000000000000000),
 ( 1.000000000000000000, 0.7142857142857140795, 1.000000000000000000) ) ) 
 REPRESENTATION_ITEM ( '' )  SURFACE ( )  );
#5571 = DIRECTION ( 'NONE',  ( 0.0000000000000000000, 1.000000000000000000, 0.0000000000000000000 ) ) ;
#5572 = CARTESIAN_POINT ( 'NONE',  ( 8.116411109992025530, 7.000000000000002665, -28.95357605663032174 ) ) ;
#5573 = ORIENTED_EDGE ( 'NONE', *, *, #4044, .T. ) ;
#5574 = CARTESIAN_POINT ( 'NONE',  ( 131.6057102680473179, -0.3234952261712752963, 1.973308903913569390 ) ) ;
#5575 = CARTESIAN_POINT ( 'NONE',  ( 29.10140112573438032, 1.447602693010976882, 20.12361218643960825 ) ) ;
#5576 = CARTESIAN_POINT ( 'NONE',  ( 23.46742184199850456, 5.000000000000000888, 21.75500200160163899 ) ) ;
#5577 = VERTEX_POINT ( 'NONE', #7322 ) ;
#5578 = DIRECTION ( 'NONE',  ( -0.0000000000000000000, 1.000000000000000000, -0.0000000000000000000 ) ) ;
#5579 = ORIENTED_EDGE ( 'NONE', *, *, #5187, .T. ) ;
#5580 = CYLINDRICAL_SURFACE ( 'NONE', #1107, 1.000000000000000888 ) ;
#5581 = EDGE_CURVE ( 'NONE', #1420, #2596, #7805, .T. ) ;
#5582 = ORIENTED_EDGE ( 'NONE', *, *, #7356, .T. ) ;
#5583 = CARTESIAN_POINT ( 'NONE',  ( 33.02506795496191216, 5.384051803586556773, 3.779443202785522704 ) ) ;
#5584 = EDGE_LOOP ( 'NONE', ( #5789, #5002, #6861, #2770 ) ) ;
#5585 = AXIS2_PLACEMENT_3D ( 'NONE', #5301, #5961, #7432 ) ;
#5586 = DIRECTION ( 'NONE',  ( 0.0000000000000000000, 1.000000000000000000, 0.0000000000000000000 ) ) ;
#5587 = CARTESIAN_POINT ( 'NONE',  ( 32.86198070556388728, -6.479699801937809589, 3.050295754624741562 ) ) ;
#5588 = CARTESIAN_POINT ( 'NONE',  ( 12.17310579132643866, 4.033782048134933795, 35.00000000000000000 ) ) ;
#5589 = VERTEX_POINT ( 'NONE', #8003 ) ;
#5590 = CARTESIAN_POINT ( 'NONE',  ( 131.8831923678600049, -1.522110857718234289, 1.297312300270189178 ) ) ;
#5591 = EDGE_CURVE ( 'NONE', #5758, #8697, #7963, .T. ) ;
#5592 = CARTESIAN_POINT ( 'NONE',  ( 6.142831187652824987, 2.500000000000000444, -21.12499999999999289 ) ) ;
#5593 = DIRECTION ( 'NONE',  ( 1.000000000000000000, -0.0000000000000000000, 1.209068259567990048E-15 ) ) ;
#5594 = ADVANCED_FACE ( 'NONE', ( #2000, #969 ), #5743, .F. ) ;
#5595 = VECTOR ( 'NONE', #9315, 1000.000000000000000 ) ;
#5596 = EDGE_LOOP ( 'NONE', ( #2443, #3760, #4994, #9230 ) ) ;
#5597 = CIRCLE ( 'NONE', #5220, 3.000000000000002665 ) ;
#5598 = ORIENTED_EDGE ( 'NONE', *, *, #9097, .F. ) ;
#5599 = ORIENTED_EDGE ( 'NONE', *, *, #7283, .T. ) ;
#5600 = CARTESIAN_POINT ( 'NONE',  ( 133.4264825202970144, 3.188156705578533590, 1.408194886143485647 ) ) ;
#5601 = TOROIDAL_SURFACE ( 'NONE', #1650, 27.50000000000000000, 0.5000000000000000000 ) ;
#5602 = ORIENTED_EDGE ( 'NONE', *, *, #8289, .F. ) ;
#5603 = CIRCLE ( 'NONE', #4499, 3.000000000000002665 ) ;
#5604 = DIRECTION ( 'NONE',  ( 1.000000000000000000, -0.0000000000000000000, 0.0000000000000000000 ) ) ;
#5605 = DIRECTION ( 'NONE',  ( 4.405646923115700682E-15, 0.0000000000000000000, -1.000000000000000000 ) ) ;
#5606 = CARTESIAN_POINT ( 'NONE',  ( 131.6261043821382657, -0.5164321836746614824, 1.932063121563015962 ) ) ;
#5607 = ORIENTED_EDGE ( 'NONE', *, *, #200, .T. ) ;
#5608 = ADVANCED_FACE ( 'NONE', ( #8878 ), #8756, .T. ) ;
#5609 = ORIENTED_EDGE ( 'NONE', *, *, #7835, .F. ) ;
#5610 = CARTESIAN_POINT ( 'NONE',  ( 19.09893790797643121, 23.43849360530937176, -25.92364028572990620 ) ) ;
#5611 = CIRCLE ( 'NONE', #1769, 16.50000000000000355 ) ;
#5612 = AXIS2_PLACEMENT_3D ( 'NONE', #3015, #8090, #1582 ) ;
#5613 = EDGE_LOOP ( 'NONE', ( #4001, #7435, #5295 ) ) ;
#5614 = VERTEX_POINT ( 'NONE', #9383 ) ;
#5615 = CARTESIAN_POINT ( 'NONE',  ( 49.32399612951925860, -3.500000000000000888, -5.500000000000005329 ) ) ;
#5616 = DIRECTION ( 'NONE',  ( 0.0000000000000000000, 0.0000000000000000000, 1.000000000000000000 ) ) ;
#5617 = CARTESIAN_POINT ( 'NONE',  ( 8.116411109992025530, -7.000000000000000888, -30.95357605663032174 ) ) ;
#5618 = CARTESIAN_POINT ( 'NONE',  ( 32.80729287727923094, -4.982086250467645527, 3.564494108499233871 ) ) ;
#5619 = CARTESIAN_POINT ( 'NONE',  ( 32.81495936757255549, -5.660316736670866433, 3.508605565362775458 ) ) ;
#5620 = CARTESIAN_POINT ( 'NONE',  ( 32.79329440456444189, -5.472109308465402222, -3.701895928302630701 ) ) ;
#5621 = CARTESIAN_POINT ( 'NONE',  ( 13.63203386352579471, -5.022927870565768060, 34.15161828975421798 ) ) ;
#5622 = EDGE_CURVE ( 'NONE', #4759, #8153, #6314, .T. ) ;
#5623 = CIRCLE ( 'NONE', #1448, 27.50000000000000000 ) ;
#5624 = EDGE_CURVE ( 'NONE', #1420, #2322, #8880, .T. ) ;
#5625 = ORIENTED_EDGE ( 'NONE', *, *, #460, .F. ) ;
#5626 = CARTESIAN_POINT ( 'NONE',  ( 45.18879535542310322, -4.000000000000000888, 9.395049996956901239 ) ) ;
#5627 = CARTESIAN_POINT ( 'NONE',  ( 101.0263340389897166, -1.500000000000000888, -33.50000000000000000 ) ) ;
#5628 = AXIS2_PLACEMENT_3D ( 'NONE', #8732, #4384, #807 ) ;
#5629 = AXIS2_PLACEMENT_3D ( 'NONE', #8002, #93, #9382 ) ;
#5630 = VECTOR ( 'NONE', #5731, 1000.000000000000000 ) ;
#5631 = CARTESIAN_POINT ( 'NONE',  ( 131.5921761247522568, 0.06215244177763010192, -2.000027339234462076 ) ) ;
#5632 = CARTESIAN_POINT ( 'NONE',  ( 133.4981441717146708, 3.423670371014981395, -0.2562610141368762973 ) ) ;
#5633 = ORIENTED_EDGE ( 'NONE', *, *, #2956, .T. ) ;
#5634 = EDGE_CURVE ( 'NONE', #6458, #4420, #3142, .T. ) ;
#5635 = CARTESIAN_POINT ( 'NONE',  ( 34.64101615137754919, 3.500000000000000888, -5.000000000000000888 ) ) ;
#5636 = CARTESIAN_POINT ( 'NONE',  ( 0.0000000000000000000, 1.500000000000000888, 0.0000000000000000000 ) ) ;
#5637 = CARTESIAN_POINT ( 'NONE',  ( 32.85250197501833469, -5.396006301026682550, -3.118871955988842704 ) ) ;
#5638 = CARTESIAN_POINT ( 'NONE',  ( 131.7785802647565561, -1.219559322041567695, 1.585879854200009431 ) ) ;
#5639 = DIRECTION ( 'NONE',  ( 0.0000000000000000000, -1.000000000000000000, 0.0000000000000000000 ) ) ;
#5640 = CIRCLE ( 'NONE', #3932, 2.000000000000000000 ) ;
#5641 = CARTESIAN_POINT ( 'NONE',  ( 10.71751771055746616, 5.000000000000000888, -34.00000000000000000 ) ) ;
#5642 = DIRECTION ( 'NONE',  ( -8.881784197001252323E-16, 0.0000000000000000000, -1.000000000000000000 ) ) ;
#5643 = ADVANCED_FACE ( 'NONE', ( #7100 ), #2890, .F. ) ;
#5644 = AXIS2_PLACEMENT_3D ( 'NONE', #8997, #4836, #6340 ) ;
#5645 = CARTESIAN_POINT ( 'NONE',  ( 32.86335345030996535, -5.562601063559831083, -3.000000000000000888 ) ) ;
#5646 = CIRCLE ( 'NONE', #9270, 60.00000000000000000 ) ;
#5647 = CARTESIAN_POINT ( 'NONE',  ( 132.9991011263889504, -1.054300543080344044, -3.643313586401125903 ) ) ;
#5648 = CARTESIAN_POINT ( 'NONE',  ( 22.74837764801966600, 7.000000000000002665, 22.50580623712643913 ) ) ;
#5649 = CARTESIAN_POINT ( 'NONE',  ( 32.86335345030996535, -5.562601063559827530, 3.000000000000000888 ) ) ;
#5650 = CARTESIAN_POINT ( 'NONE',  ( 32.88198452605690392, -5.904412824377960334, 2.789101767758579875 ) ) ;
#5651 = CARTESIAN_POINT ( 'NONE',  ( 32.32776704620290786, -5.496288859045852071, -3.674806318467447319 ) ) ;
#5652 = CARTESIAN_POINT ( 'NONE',  ( 111.3392208866926296, -4.753135590357549844, 10.36173859108302331 ) ) ;
#5653 = CARTESIAN_POINT ( 'NONE',  ( 132.0872272282078654, 1.996573956336041400, -0.1321832443997639772 ) ) ;
#5654 = ADVANCED_FACE ( 'NONE', ( #5530 ), #8891, .F. ) ;
#5655 = CYLINDRICAL_SURFACE ( 'NONE', #897, 2.000000000000000000 ) ;
#5656 = CARTESIAN_POINT ( 'NONE',  ( 32.53524146699297148, 0.4312944412413809991, 13.37504457714727124 ) ) ;
#5657 = CARTESIAN_POINT ( 'NONE',  ( 22.14648506759957058, 5.188057535505778084, -21.91033178175674578 ) ) ;
#5658 = ORIENTED_EDGE ( 'NONE', *, *, #523, .T. ) ;
#5659 = DIRECTION ( 'NONE',  ( 1.000000000000000000, 0.0000000000000000000, 8.388032079972216237E-17 ) ) ;
#5660 = CARTESIAN_POINT ( 'NONE',  ( 32.31292084486801031, -5.403851387936190243, -3.787844408742053748 ) ) ;
#5661 = CARTESIAN_POINT ( 'NONE',  ( 131.7939789416542737, 1.268762459415010868, -1.545488476475691320 ) ) ;
#5662 = CARTESIAN_POINT ( 'NONE',  ( 133.4641169345737239, 3.313427801052295063, 0.9909617834246804424 ) ) ;
#5663 = LINE ( 'NONE', #629, #4062 ) ;
#5664 = ORIENTED_EDGE ( 'NONE', *, *, #9308, .T. ) ;
#5665 = DIRECTION ( 'NONE',  ( 0.0000000000000000000, -1.000000000000000000, 0.0000000000000000000 ) ) ;
#5666 = ORIENTED_EDGE ( 'NONE', *, *, #2742, .T. ) ;
#5667 = AXIS2_PLACEMENT_3D ( 'NONE', #5689, #2049, #2800 ) ;
#5668 = CARTESIAN_POINT ( 'NONE',  ( 131.9231885823349728, 1.624961520971978768, 1.166582987107104286 ) ) ;
#5669 = CARTESIAN_POINT ( 'NONE',  ( 11.44539935986007961, -4.012368230248060108, 35.00000000000000000 ) ) ;
#5670 = DIRECTION ( 'NONE',  ( -0.0000000000000000000, -1.000000000000000000, -0.0000000000000000000 ) ) ;
#5671 = EDGE_LOOP ( 'NONE', ( #2752, #8283, #8055, #6262 ) ) ;
#5672 = CARTESIAN_POINT ( 'NONE',  ( 22.57756402448509192, 5.086267607158116100, 21.82491318340514042 ) ) ;
#5673 = LINE ( 'NONE', #7285, #6006 ) ;
#5674 = ORIENTED_EDGE ( 'NONE', *, *, #2586, .T. ) ;
#5675 = EDGE_CURVE ( 'NONE', #6499, #2949, #5725, .T. ) ;
#5676 = CARTESIAN_POINT ( 'NONE',  ( 26.57019048136331207, -4.996792190126214450, -18.92067317677963345 ) ) ;
#5677 = DIRECTION ( 'NONE',  ( 0.0000000000000000000, -1.000000000000000000, 0.0000000000000000000 ) ) ;
#5678 = DIRECTION ( 'NONE',  ( 0.0000000000000000000, -1.000000000000000000, 0.0000000000000000000 ) ) ;
#5679 = CARTESIAN_POINT ( 'NONE',  ( 15.08460647348984729, 5.000000000000002665, -35.00000000000000000 ) ) ;
#5680 = CIRCLE ( 'NONE', #5419, 1.999999999999999556 ) ;
#5681 = CARTESIAN_POINT ( 'NONE',  ( 113.3468963513340384, -4.000000000000000888, 11.74675324675324539 ) ) ;
#5682 = ORIENTED_EDGE ( 'NONE', *, *, #2473, .F. ) ;
#5683 = DIRECTION ( 'NONE',  ( 0.0000000000000000000, -1.000000000000000000, 0.0000000000000000000 ) ) ;
#5684 = DIRECTION ( 'NONE',  ( 0.5000000000000012212, -0.0000000000000000000, 0.8660254037844379305 ) ) ;
#5685 = ADVANCED_FACE ( 'NONE', ( #2102 ), #6359, .F. ) ;
#5686 = ORIENTED_EDGE ( 'NONE', *, *, #5245, .F. ) ;
#5687 = EDGE_CURVE ( 'NONE', #7766, #2311, #6879, .T. ) ;
#5688 = EDGE_CURVE ( 'NONE', #7780, #5367, #6532, .T. ) ;
#5689 = CARTESIAN_POINT ( 'NONE',  ( 22.74837764801966244, 7.000000000000002665, -22.50580623712644268 ) ) ;
#5690 = SPHERICAL_SURFACE ( 'NONE', #308, 2.000000000000000000 ) ;
#5691 = EDGE_CURVE ( 'NONE', #613, #4904, #8248, .T. ) ;
#5692 =( BOUNDED_SURFACE ( )  B_SPLINE_SURFACE ( 3, 2, ( 
 ( #827, #2951, #5900 ),
 ( #1562, #5772, #6663 ),
 ( #1494, #765, #26 ),
 ( #3694, #3721, #7383 ),
 ( #4376, #8753, #2226 ),
 ( #7959, #67, #5842 ),
 ( #2284, #9412, #3018 ),
 ( #3591, #3619, #8065 ),
 ( #5095, #3657, #8648 ),
 ( #4402, #1437, #7320 ) ),
 .UNSPECIFIED., .F., .F., .F. ) 
 B_SPLINE_SURFACE_WITH_KNOTS ( ( 4, 2, 2, 2, 4 ),
 ( 3, 3 ),
 ( 0.001401595101553586558, 0.003040777057810975341, 0.003860368035939669516, 0.004679959014068363690, 0.007958322926583140389 ),
 ( 0.0000000000000000000, 1.000000000000000000 ),
 .UNSPECIFIED. ) 
 GEOMETRIC_REPRESENTATION_ITEM ( )  RATIONAL_B_SPLINE_SURFACE ( (
 ( 1.000000000000000000, 0.7071067811865521247, 1.000000000000000000),
 ( 1.000000000000000000, 0.7542680480913334096, 1.000000000000000000),
 ( 1.000000000000000000, 0.7965020839756409288, 1.000000000000000000),
 ( 1.000000000000000000, 0.8517225926734819375, 1.000000000000000000),
 ( 1.000000000000000000, 0.8687802906668105063, 1.000000000000000000),
 ( 1.000000000000000000, 0.8996113966033856268, 1.000000000000000000),
 ( 1.000000000000000000, 0.9134656721041346517, 1.000000000000000000),
 ( 1.000000000000000000, 0.9750843991580478987, 1.000000000000000000),
 ( 1.000000000000000000, 1.000000000000000000, 1.000000000000000000),
 ( 1.000000000000000000, 1.000000000000000000, 1.000000000000000000) ) ) 
 REPRESENTATION_ITEM ( '' )  SURFACE ( )  );
#5693 = ORIENTED_EDGE ( 'NONE', *, *, #8659, .T. ) ;
#5694 = CARTESIAN_POINT ( 'NONE',  ( 131.9031731213627552, 1.574521526110158165, -1.232979011685398474 ) ) ;
#5695 = CARTESIAN_POINT ( 'NONE',  ( 133.0045325152207454, 1.110183209581130370, 3.624030312789698449 ) ) ;
#5696 = AXIS2_PLACEMENT_3D ( 'NONE', #5255, #921, #8905 ) ;
#5697 = ORIENTED_EDGE ( 'NONE', *, *, #447, .F. ) ;
#5698 = CARTESIAN_POINT ( 'NONE',  ( 32.86335345030996535, -3.344321605354966476, 3.000000000000001332 ) ) ;
#5699 = FACE_OUTER_BOUND ( 'NONE', #8874, .T. ) ;
#5700 = CARTESIAN_POINT ( 'NONE',  ( 131.7790960454059928, 1.225234515618137676, 1.585472401889485017 ) ) ;
#5701 = DIRECTION ( 'NONE',  ( 8.388032079972216237E-17, 0.0000000000000000000, -1.000000000000000000 ) ) ;
#5702 = DIRECTION ( 'NONE',  ( -0.9569301964063262611, 0.0000000000000000000, 0.2903181000312414217 ) ) ;
#5703 = ORIENTED_EDGE ( 'NONE', *, *, #6330, .F. ) ;
#5704 = ORIENTED_EDGE ( 'NONE', *, *, #2766, .T. ) ;
#5705 = ORIENTED_EDGE ( 'NONE', *, *, #8114, .T. ) ;
#5706 = EDGE_CURVE ( 'NONE', #6458, #1754, #7334, .T. ) ;
#5707 = VECTOR ( 'NONE', #8159, 1000.000000000000000 ) ;
#5708 = AXIS2_PLACEMENT_3D ( 'NONE', #4174, #3479, #8543 ) ;
#5709 = CARTESIAN_POINT ( 'NONE',  ( 19.09893790797643121, 7.000000000000002665, 25.92364028572990620 ) ) ;
#5710 = PLANE ( 'NONE',  #1457 ) ;
#5711 = DIRECTION ( 'NONE',  ( -0.0000000000000000000, 1.000000000000000000, -0.0000000000000000000 ) ) ;
#5712 = CYLINDRICAL_SURFACE ( 'NONE', #7018, 63.00000000000000000 ) ;
#5713 = CARTESIAN_POINT ( 'NONE',  ( 128.8694925116954835, -1.782767475745094643, 1.045578587811935245 ) ) ;
#5714 = CARTESIAN_POINT ( 'NONE',  ( 22.36017226241120071, 5.132601442201155884, -21.86308628455594771 ) ) ;
#5715 = ORIENTED_EDGE ( 'NONE', *, *, #4754, .T. ) ;
#5716 = DIRECTION ( 'NONE',  ( 0.0000000000000000000, 0.0000000000000000000, -1.000000000000000000 ) ) ;
#5717 = VECTOR ( 'NONE', #263, 1000.000000000000000 ) ;
#5718 = ORIENTED_EDGE ( 'NONE', *, *, #4370, .F. ) ;
#5719 = CARTESIAN_POINT ( 'NONE',  ( 131.6185565325567950, 0.4497477534459681792, -1.947451822976548730 ) ) ;
#5720 = EDGE_LOOP ( 'NONE', ( #6012, #6978, #862, #8973 ) ) ;
#5721 = EDGE_CURVE ( 'NONE', #7496, #3511, #6743, .T. ) ;
#5722 = CARTESIAN_POINT ( 'NONE',  ( 32.56826197627749053, 0.5320186383909414340, 13.35061634820075405 ) ) ;
#5723 = CARTESIAN_POINT ( 'NONE',  ( 28.10675701869502419, 4.000000000000006217, -21.07179676972446458 ) ) ;
#5724 = DIRECTION ( 'NONE',  ( -0.0000000000000000000, -1.000000000000000000, -0.0000000000000000000 ) ) ;
#5725 = CIRCLE ( 'NONE', #7030, 32.00000000000000000 ) ;
#5726 = DIRECTION ( 'NONE',  ( 0.0000000000000000000, 0.0000000000000000000, 1.000000000000000000 ) ) ;
#5727 = ORIENTED_EDGE ( 'NONE', *, *, #7154, .T. ) ;
#5728 = CARTESIAN_POINT ( 'NONE',  ( 132.0644487495296744, 1.948693082477530147, 0.4498514336288367832 ) ) ;
#5729 = CARTESIAN_POINT ( 'NONE',  ( 133.0566381164526888, 1.522976632342721626, 3.431899371677239241 ) ) ;
#5730 = VERTEX_POINT ( 'NONE', #68 ) ;
#5731 = DIRECTION ( 'NONE',  ( -0.0000000000000000000, 1.000000000000000000, -0.0000000000000000000 ) ) ;
#5732 = DIRECTION ( 'NONE',  ( 0.4135200774096138288, 0.0000000000000000000, -0.9104950003043107420 ) ) ;
#5733 = CYLINDRICAL_SURFACE ( 'NONE', #3144, 1.000000000000000888 ) ;
#5734 = CARTESIAN_POINT ( 'NONE',  ( 131.8746952416026659, 1.500394797796587687, -1.322619191300083541 ) ) ;
#5735 = DIRECTION ( 'NONE',  ( -0.0000000000000000000, -1.000000000000000000, -0.0000000000000000000 ) ) ;
#5736 = DIRECTION ( 'NONE',  ( 0.0000000000000000000, 1.000000000000000000, -0.0000000000000000000 ) ) ;
#5737 = ADVANCED_FACE ( 'NONE', ( #2070 ), #5929, .F. ) ;
#5738 = EDGE_CURVE ( 'NONE', #7663, #5150, #3420, .T. ) ;
#5739 = AXIS2_PLACEMENT_3D ( 'NONE', #495, #1258, #6362 ) ;
#5740 = LINE ( 'NONE', #5820, #4707 ) ;
#5741 = CARTESIAN_POINT ( 'NONE',  ( 7.609135415617524600, -7.000000000000002665, 29.01897755309092375 ) ) ;
#5742 = CARTESIAN_POINT ( 'NONE',  ( 109.0837000562858066, 6.000000000000000888, -7.942568573129571874 ) ) ;
#5743 = PLANE ( 'NONE',  #6029 ) ;
#5744 = CARTESIAN_POINT ( 'NONE',  ( 8.116411109992025530, -7.000000000000002665, -30.95357605663032174 ) ) ;
#5745 = EDGE_CURVE ( 'NONE', #3968, #7398, #8041, .T. ) ;
#5746 = EDGE_CURVE ( 'NONE', #9130, #7721, #7523, .T. ) ;
#5747 = EDGE_CURVE ( 'NONE', #8640, #8201, #6282, .T. ) ;
#5748 = LINE ( 'NONE', #2006, #1209 ) ;
#5749 = DIRECTION ( 'NONE',  ( -0.0000000000000000000, -1.000000000000000000, -0.0000000000000000000 ) ) ;
#5750 = CARTESIAN_POINT ( 'NONE',  ( 12.14506863688896132, -4.892820080638736968, -35.00000000000000000 ) ) ;
#5751 = DIRECTION ( 'NONE',  ( 1.209068259567990048E-15, 0.0000000000000000000, 1.000000000000000000 ) ) ;
#5752 = DIRECTION ( 'NONE',  ( -0.0000000000000000000, -1.000000000000000000, -0.0000000000000000000 ) ) ;
#5753 = CARTESIAN_POINT ( 'NONE',  ( 32.40370349203930544, -7.000000000000002665, -3.000000000000000888 ) ) ;
#5754 = CARTESIAN_POINT ( 'NONE',  ( 131.8782503539602544, 1.509788579715365398, 1.311845598849428418 ) ) ;
#5755 = CARTESIAN_POINT ( 'NONE',  ( 133.2697069187881027, 2.611266307428870448, -2.483400150871867051 ) ) ;
#5756 = DIRECTION ( 'NONE',  ( 0.9880948137434715228, 0.0000000000000000000, -0.1538461538461539102 ) ) ;
#5757 = CIRCLE ( 'NONE', #7823, 2.000000000000001776 ) ;
#5758 = VERTEX_POINT ( 'NONE', #1078 ) ;
#5759 = EDGE_CURVE ( 'NONE', #3770, #1274, #5227, .T. ) ;
#5760 = CARTESIAN_POINT ( 'NONE',  ( 103.9364577020790250, -1.500000000000001110, 3.772460574313138082 ) ) ;
#5761 = DIRECTION ( 'NONE',  ( 0.0000000000000000000, 0.0000000000000000000, -1.000000000000000000 ) ) ;
#5762 = CARTESIAN_POINT ( 'NONE',  ( 131.7124229282837575, 0.9762831799165414548, 1.744218419913554197 ) ) ;
#5763 = DIRECTION ( 'NONE',  ( -0.0000000000000000000, -1.000000000000000000, -0.0000000000000000000 ) ) ;
#5764 = VECTOR ( 'NONE', #2405, 1000.000000000000000 ) ;
#5765 = ORIENTED_EDGE ( 'NONE', *, *, #1865, .F. ) ;
#5766 = AXIS2_PLACEMENT_3D ( 'NONE', #8896, #5399, #8321 ) ;
#5767 = CARTESIAN_POINT ( 'NONE',  ( 38.66751746943079127, 0.9876360327224771307, 12.85534216551300091 ) ) ;
#5768 = VECTOR ( 'NONE', #4718, 1000.000000000000000 ) ;
#5769 = CARTESIAN_POINT ( 'NONE',  ( 133.1900755940354770, -2.264981735264118612, -2.876414571663042263 ) ) ;
#5770 = EDGE_CURVE ( 'NONE', #7281, #2163, #139, .T. ) ;
#5771 = CARTESIAN_POINT ( 'NONE',  ( 0.0000000000000000000, 7.000000000000000888, 0.0000000000000000000 ) ) ;
#5772 = CARTESIAN_POINT ( 'NONE',  ( 109.3106081904879403, 5.125587209889385321, 8.254432084250730384 ) ) ;
#5773 = EDGE_LOOP ( 'NONE', ( #1529, #6883, #5850 ) ) ;
#5774 = DIRECTION ( 'NONE',  ( 0.0000000000000000000, -1.000000000000000000, 0.0000000000000000000 ) ) ;
#5775 = CARTESIAN_POINT ( 'NONE',  ( 131.7327592386111235, 1.058242712411004760, -1.696507513195991468 ) ) ;
#5776 = AXIS2_PLACEMENT_3D ( 'NONE', #979, #235, #8921 ) ;
#5777 = ORIENTED_EDGE ( 'NONE', *, *, #4044, .F. ) ;
#5778 = CARTESIAN_POINT ( 'NONE',  ( 101.0263340389897166, -5.000000000000000888, -7.500000000000000888 ) ) ;
#5779 = CARTESIAN_POINT ( 'NONE',  ( 15.08460647348984907, -4.000000000000003553, -35.00000000000000000 ) ) ;
#5780 = ADVANCED_FACE ( 'NONE', ( #4329 ), #2517, .F. ) ;
#5781 = LINE ( 'NONE', #399, #5549 ) ;
#5782 = CARTESIAN_POINT ( 'NONE',  ( 32.77957992945412968, 5.510851022461497273, -3.643889533503376743 ) ) ;
#5783 = CARTESIAN_POINT ( 'NONE',  ( 21.36574923912889901, 6.901361561509985698, 23.95268893526025877 ) ) ;
#5784 = ORIENTED_EDGE ( 'NONE', *, *, #3863, .T. ) ;
#5785 = ORIENTED_EDGE ( 'NONE', *, *, #6007, .F. ) ;
#5786 = CARTESIAN_POINT ( 'NONE',  ( 132.0199629557844503, 1.851789226367612784, 0.7514197762306050743 ) ) ;
#5787 = CARTESIAN_POINT ( 'NONE',  ( 132.9884319043655694, 0.9413260165304661031, -3.681168796121070397 ) ) ;
#5788 = CARTESIAN_POINT ( 'NONE',  ( 38.00000000000000000, -12.50000000000000000, -3.000000000000000000 ) ) ;
#5789 = ORIENTED_EDGE ( 'NONE', *, *, #5189, .T. ) ;
#5790 = CYLINDRICAL_SURFACE ( 'NONE', #5793, 3.000000000000002665 ) ;
#5791 = CARTESIAN_POINT ( 'NONE',  ( 44.15499516189907325, -5.000000000000000888, 7.118812496196120776 ) ) ;
#5792 = VERTEX_POINT ( 'NONE', #4676 ) ;
#5793 = AXIS2_PLACEMENT_3D ( 'NONE', #5610, #6368, #7134 ) ;
#5794 = CARTESIAN_POINT ( 'NONE',  ( 131.8515731666861939, 1.437809545527848787, 1.390594985112609372 ) ) ;
#5795 = DIRECTION ( 'NONE',  ( -0.0000000000000000000, -1.000000000000000000, 0.0000000000000000000 ) ) ;
#5796 = CARTESIAN_POINT ( 'NONE',  ( 21.29265927178764528, 6.850984917769593174, -23.86913984060295846 ) ) ;
#5797 = CIRCLE ( 'NONE', #7101, 3.000000000000002665 ) ;
#5798 = EDGE_LOOP ( 'NONE', ( #7760, #7385, #8768, #448 ) ) ;
#5799 = EDGE_CURVE ( 'NONE', #2819, #7766, #6034, .T. ) ;
#5800 = ORIENTED_EDGE ( 'NONE', *, *, #6156, .F. ) ;
#5801 = CARTESIAN_POINT ( 'NONE',  ( 133.0871883958439810, -1.721151657721009753, -3.313487124419927099 ) ) ;
#5802 = CARTESIAN_POINT ( 'NONE',  ( 32.66767042921463826, -4.523509067050761168, -4.675698576403013895 ) ) ;
#5803 = CARTESIAN_POINT ( 'NONE',  ( 27.87202611205209735, 4.297158428450773116, -21.25059303351403628 ) ) ;
#5804 = CARTESIAN_POINT ( 'NONE',  ( 14.38836633717171232, 5.008245486696118576, -34.09026589720549083 ) ) ;
#5805 = EDGE_LOOP ( 'NONE', ( #5006, #362, #2598, #7048 ) ) ;
#5806 = CARTESIAN_POINT ( 'NONE',  ( 28.10675701869497800, 4.000000000000000888, 21.07179676972451787 ) ) ;
#5807 = CIRCLE ( 'NONE', #4385, 2.000000000000000000 ) ;
#5808 = STYLED_ITEM ( 'NONE', ( #2151 ), #7955 ) ;
#5809 = ORIENTED_EDGE ( 'NONE', *, *, #7872, .F. ) ;
#5810 = DIRECTION ( 'NONE',  ( 0.0000000000000000000, -1.000000000000000000, 0.0000000000000000000 ) ) ;
#5811 = CARTESIAN_POINT ( 'NONE',  ( 12.53494023032787652, 5.028197609507557786, 34.16732851882471067 ) ) ;
#5812 = EDGE_LOOP ( 'NONE', ( #327, #3737, #1878, #4008 ) ) ;
#5813 = CARTESIAN_POINT ( 'NONE',  ( 33.02506795496452696, 5.384051803585976792, -3.779443202786018752 ) ) ;
#5814 = B_SPLINE_SURFACE_WITH_KNOTS ( 'NONE', 3, 1, ( 
 ( #8904, #3844 ),
 ( #7528, #3902 ),
 ( #6024, #9026 ),
 ( #1685, #6785 ),
 ( #3161, #2406 ),
 ( #3927, #8207 ),
 ( #8961, #3870 ),
 ( #8261, #8238 ),
 ( #4613, #5343 ),
 ( #1012, #7558 ),
 ( #6091, #3188 ),
 ( #6118, #9182 ) ),
 .UNSPECIFIED., .F., .F., .F.,
 ( 4, 2, 2, 2, 2, 4 ),
 ( 2, 2 ),
 ( 0.4969918790203084469, 0.4999999999999998890, 0.6249999999999998890, 0.7499999999999997780, 0.8749999999999998890, 1.000000000187573068 ),
 ( 0.0000000000000000000, 1.000000000000000000 ),
 .UNSPECIFIED. ) ;
#5815 = CARTESIAN_POINT ( 'NONE',  ( 131.6611646431613849, -0.7355917237400538822, 1.858197501661606799 ) ) ;
#5816 = ORIENTED_EDGE ( 'NONE', *, *, #6249, .T. ) ;
#5817 = EDGE_CURVE ( 'NONE', #5485, #4649, #3539, .T. ) ;
#5818 = CARTESIAN_POINT ( 'NONE',  ( 131.7559225462342454, 1.141417264202637671, 1.641299139369458260 ) ) ;
#5819 = CARTESIAN_POINT ( 'NONE',  ( 131.5943350020582159, -0.1312294602226734275, -1.995820304005646362 ) ) ;
#5820 = CARTESIAN_POINT ( 'NONE',  ( 28.51304367304957665, 1.500000000000000888, -16.61343855132847835 ) ) ;
#5821 = CYLINDRICAL_SURFACE ( 'NONE', #181, 25.00000000000000000 ) ;
#5822 = EDGE_LOOP ( 'NONE', ( #4316, #8859, #274, #5785, #5217 ) ) ;
#5823 = CARTESIAN_POINT ( 'NONE',  ( 104.1696741605567809, -1.753970710340118311, 4.654506717633695168 ) ) ;
#5824 = FACE_OUTER_BOUND ( 'NONE', #6271, .T. ) ;
#5825 = DIRECTION ( 'NONE',  ( 0.0000000000000000000, 1.000000000000000000, 0.0000000000000000000 ) ) ;
#5826 = ORIENTED_EDGE ( 'NONE', *, *, #9207, .F. ) ;
#5827 = ORIENTED_EDGE ( 'NONE', *, *, #2784, .T. ) ;
#5828 = CARTESIAN_POINT ( 'NONE',  ( 28.48483931705814243, 4.586332775634230252, 16.64761908778578103 ) ) ;
#5829 = ADVANCED_FACE ( 'NONE', ( #2178 ), #472, .T. ) ;
#5830 = ADVANCED_FACE ( 'NONE', ( #2627 ), #5814, .T. ) ;
#5831 = CARTESIAN_POINT ( 'NONE',  ( 13.26512270626904666, 4.042296414261336679, -35.00000000000000711 ) ) ;
#5832 = EDGE_CURVE ( 'NONE', #2570, #3588, #7854, .T. ) ;
#5833 = FACE_OUTER_BOUND ( 'NONE', #4996, .T. ) ;
#5834 = TOROIDAL_SURFACE ( 'NONE', #7146, 65.00000000000000000, 2.000000000000000000 ) ;
#5835 = EDGE_LOOP ( 'NONE', ( #4435, #3086, #9303, #1260, #963, #8100 ) ) ;
#5836 = ORIENTED_EDGE ( 'NONE', *, *, #1681, .T. ) ;
#5837 = CARTESIAN_POINT ( 'NONE',  ( 8.116411109992025530, 12.50000000000000000, 30.95357605663032174 ) ) ;
#5838 = CARTESIAN_POINT ( 'NONE',  ( 37.08245595313918841, 1.471882083896568716, 13.86021649849692672 ) ) ;
#5839 = AXIS2_PLACEMENT_3D ( 'NONE', #2211, #3609, #6459 ) ;
#5840 = CARTESIAN_POINT ( 'NONE',  ( 133.4723236535635635, -3.340125573554936889, -0.8729320494201718850 ) ) ;
#5841 = DIRECTION ( 'NONE',  ( -0.0000000000000000000, -1.000000000000000000, -0.0000000000000000000 ) ) ;
#5842 = CARTESIAN_POINT ( 'NONE',  ( 110.2784225820255557, 4.748017048400531515, 9.915644318979436989 ) ) ;
#5843 = CARTESIAN_POINT ( 'NONE',  ( 109.7080566559956623, 5.917282828564220054, -8.750615206483264075 ) ) ;
#5844 = CARTESIAN_POINT ( 'NONE',  ( 0.0000000000000000000, -1.500000000000000888, 0.0000000000000000000 ) ) ;
#5845 = LINE ( 'NONE', #6185, #52 ) ;
#5846 = DIRECTION ( 'NONE',  ( -0.0000000000000000000, -1.000000000000000000, -0.0000000000000000000 ) ) ;
#5847 = VERTEX_POINT ( 'NONE', #3382 ) ;
#5848 = ORIENTED_EDGE ( 'NONE', *, *, #5478, .F. ) ;
#5849 = CARTESIAN_POINT ( 'NONE',  ( 14.35962191775895391, 5.008857987695152225, 34.09323539580162077 ) ) ;
#5850 = ORIENTED_EDGE ( 'NONE', *, *, #5745, .F. ) ;
#5851 = CARTESIAN_POINT ( 'NONE',  ( 11.41147449096653688, -4.925272861343048980, -35.00000000000000000 ) ) ;
#5852 = CARTESIAN_POINT ( 'NONE',  ( 34.37336112848426239, 6.732344977103613459, -3.000000000001552536 ) ) ;
#5853 = CARTESIAN_POINT ( 'NONE',  ( 131.8197205700564041, -1.346946659619272735, 1.478429357616592998 ) ) ;
#5854 = CARTESIAN_POINT ( 'NONE',  ( 31.60696125855821847, -5.000000000000000888, -5.000000000000000888 ) ) ;
#5855 = CYLINDRICAL_SURFACE ( 'NONE', #4598, 9.000000000000008882 ) ;
#5856 = AXIS2_PLACEMENT_3D ( 'NONE', #5049, #2017, #8627 ) ;
#5857 = CARTESIAN_POINT ( 'NONE',  ( 132.9453149601569635, 0.05499988886399660715, -3.829989636607592285 ) ) ;
#5858 = CARTESIAN_POINT ( 'NONE',  ( 34.64101615137754919, 7.000000000000000888, -3.000000000000000444 ) ) ;
#5859 = VECTOR ( 'NONE', #5122, 1000.000000000000000 ) ;
#5860 = ORIENTED_EDGE ( 'NONE', *, *, #6598, .F. ) ;
#5861 =( BOUNDED_CURVE ( )  B_SPLINE_CURVE ( 3, ( #1561, #5162, #8001, #2156 ),
 .UNSPECIFIED., .F., .F. ) 
 B_SPLINE_CURVE_WITH_KNOTS ( ( 4, 4 ),
 ( 4.712388980384692339, 6.283185307179586232 ),
 .UNSPECIFIED. ) 
 CURVE ( )  GEOMETRIC_REPRESENTATION_ITEM ( )  RATIONAL_B_SPLINE_CURVE ( ( 1.000000000000000000, 0.8047378541243654926, 0.8047378541243654926, 1.000000000000000000 ) ) 
 REPRESENTATION_ITEM ( '' )  );
#5862 = CARTESIAN_POINT ( 'NONE',  ( 22.14648506759957058, -5.188057535505776308, -21.91033178175674223 ) ) ;
#5863 = VECTOR ( 'NONE', #4615, 1000.000000000000000 ) ;
#5864 = CARTESIAN_POINT ( 'NONE',  ( 133.1361315892054336, -1.998579162459899194, 3.114011695037629757 ) ) ;
#5865 = CARTESIAN_POINT ( 'NONE',  ( 49.32399612951925860, -4.000000000000000888, -18.50000000000000355 ) ) ;
#5866 = DIRECTION ( 'NONE',  ( -0.0000000000000000000, -1.000000000000000000, 0.0000000000000000000 ) ) ;
#5867 = ORIENTED_EDGE ( 'NONE', *, *, #1556, .F. ) ;
#5868 = DIRECTION ( 'NONE',  ( -0.0000000000000000000, 1.000000000000000000, 1.740523610644402991E-16 ) ) ;
#5869 = CARTESIAN_POINT ( 'NONE',  ( 111.7967677824224495, 4.928911604787943546, -10.76363819581587222 ) ) ;
#5870 = EDGE_CURVE ( 'NONE', #2439, #8282, #7206, .T. ) ;
#5871 = DIRECTION ( 'NONE',  ( -0.0000000000000000000, 1.000000000000000000, -0.0000000000000000000 ) ) ;
#5872 = EDGE_CURVE ( 'NONE', #5150, #9221, #9321, .T. ) ;
#5873 = CIRCLE ( 'NONE', #9203, 32.00000000000000000 ) ;
#5874 = CARTESIAN_POINT ( 'NONE',  ( 18.50000000000004974, 7.000000000000000888, -32.04293994002421186 ) ) ;
#5875 = ADVANCED_FACE ( 'NONE', ( #5699 ), #5580, .T. ) ;
#5876 = CIRCLE ( 'NONE', #530, 2.000000000000000888 ) ;
#5877 = ADVANCED_FACE ( 'NONE', ( #933 ), #7422, .T. ) ;
#5878 = ORIENTED_EDGE ( 'NONE', *, *, #2160, .F. ) ;
#5879 = CARTESIAN_POINT ( 'NONE',  ( 17.99999999999996447, 0.0000000000000000000, 28.00000000000002487 ) ) ;
#5880 = AXIS2_PLACEMENT_3D ( 'NONE', #2377, #7559, #1687 ) ;
#5881 = CARTESIAN_POINT ( 'NONE',  ( 131.5939221931375869, 0.1306237464312777485, 1.996670689906078655 ) ) ;
#5882 = CARTESIAN_POINT ( 'NONE',  ( 131.6056299485715329, -0.3266378342894126208, -1.973527365283569868 ) ) ;
#5883 = DIRECTION ( 'NONE',  ( -1.209068259567990048E-15, 0.0000000000000000000, 1.000000000000000000 ) ) ;
#5884 = TOROIDAL_SURFACE ( 'NONE', #5260, 27.50000000000000000, 0.5000000000000000000 ) ;
#5885 = EDGE_LOOP ( 'NONE', ( #8729, #9398, #3170, #6063 ) ) ;
#5886 = EDGE_CURVE ( 'NONE', #2618, #8109, #3725, .T. ) ;
#5887 = CARTESIAN_POINT ( 'NONE',  ( 131.6553640429581264, 0.7042965078526254308, -1.870570793319731751 ) ) ;
#5888 = CARTESIAN_POINT ( 'NONE',  ( 133.2978049930197244, 2.723780522915077995, 2.329855514881464362 ) ) ;
#5889 = CARTESIAN_POINT ( 'NONE',  ( 31.75795664029582710, 1.683726884255816403, -12.53380763973519763 ) ) ;
#5890 = CARTESIAN_POINT ( 'NONE',  ( 21.36574923912890256, -6.901361561509987474, 23.95268893526025877 ) ) ;
#5891 = AXIS2_PLACEMENT_3D ( 'NONE', #4373, #663, #9378 ) ;
#5892 = CIRCLE ( 'NONE', #3563, 12.99999999999999822 ) ;
#5893 = ORIENTED_EDGE ( 'NONE', *, *, #7112, .T. ) ;
#5894 = DIRECTION ( 'NONE',  ( 0.0000000000000000000, 1.000000000000000000, 0.0000000000000000000 ) ) ;
#5895 = CARTESIAN_POINT ( 'NONE',  ( 49.32399612951925860, -1.500000000000000888, 18.50000000000000355 ) ) ;
#5896 = ORIENTED_EDGE ( 'NONE', *, *, #8174, .F. ) ;
#5897 = CARTESIAN_POINT ( 'NONE',  ( 133.5000053800509079, -3.429646812183605231, -0.06143584440392337032 ) ) ;
#5898 = EDGE_CURVE ( 'NONE', #3524, #6279, #2398, .T. ) ;
#5899 = CARTESIAN_POINT ( 'NONE',  ( 29.20792425074318288, -0.7254188007089328316, -20.02461533937643878 ) ) ;
#5900 = CARTESIAN_POINT ( 'NONE',  ( 108.2750852456403123, 5.000000000000001776, 8.530906985953990329 ) ) ;
#5901 = CARTESIAN_POINT ( 'NONE',  ( 12.90106209202365761, -7.000000000000002665, -29.50198555647411780 ) ) ;
#5902 = CARTESIAN_POINT ( 'NONE',  ( 49.32399612951925860, 4.000000000000000888, -18.50000000000000355 ) ) ;
#5903 = CIRCLE ( 'NONE', #1675, 62.50000000000000000 ) ;
#5904 = DIRECTION ( 'NONE',  ( 0.3420201433256689905, 0.0000000000000000000, -0.9396926207859083169 ) ) ;
#5905 = ORIENTED_EDGE ( 'NONE', *, *, #5581, .T. ) ;
#5906 = AXIS2_PLACEMENT_3D ( 'NONE', #2234, #901, #8133 ) ;
#5907 = CARTESIAN_POINT ( 'NONE',  ( 28.60849032978484985, 3.179896636185572500, 16.49762648865782566 ) ) ;
#5908 = DIRECTION ( 'NONE',  ( -1.000000000000000000, 0.0000000000000000000, -8.388032079972216237E-17 ) ) ;
#5909 = DIRECTION ( 'NONE',  ( 0.0000000000000000000, -1.000000000000000000, 0.0000000000000000000 ) ) ;
#5910 = VECTOR ( 'NONE', #8222, 1000.000000000000000 ) ;
#5911 = ORIENTED_EDGE ( 'NONE', *, *, #5634, .F. ) ;
#5912 = CARTESIAN_POINT ( 'NONE',  ( 104.5474711712031564, -4.776632211314960408, -5.786284124970749509 ) ) ;
#5913 = CARTESIAN_POINT ( 'NONE',  ( 131.8356294192824123, -1.393180654478821889, -1.435297271768876115 ) ) ;
#5914 = EDGE_CURVE ( 'NONE', #1255, #8181, #3307, .T. ) ;
#5915 = VERTEX_POINT ( 'NONE', #9054 ) ;
#5916 = ORIENTED_EDGE ( 'NONE', *, *, #6245, .T. ) ;
#5917 = DIRECTION ( 'NONE',  ( 0.0000000000000000000, 0.0000000000000000000, 1.000000000000000000 ) ) ;
#5918 = DIRECTION ( 'NONE',  ( 0.0000000000000000000, 0.0000000000000000000, 1.000000000000000000 ) ) ;
#5919 = AXIS2_PLACEMENT_3D ( 'NONE', #4334, #9404, #4962 ) ;
#5920 = VECTOR ( 'NONE', #1894, 1000.000000000000000 ) ;
#5921 = DIRECTION ( 'NONE',  ( 0.0000000000000000000, 0.0000000000000000000, 1.000000000000000000 ) ) ;
#5922 = CARTESIAN_POINT ( 'NONE',  ( 70.00000000000000000, 1.500000000000000888, -64.02475001521551690 ) ) ;
#5923 = CARTESIAN_POINT ( 'NONE',  ( 32.63719173599083945, 4.999798187792135806, -4.881110064771099211 ) ) ;
#5924 = EDGE_LOOP ( 'NONE', ( #5437, #585, #377, #4237 ) ) ;
#5925 = DIRECTION ( 'NONE',  ( -1.776356839400250465E-15, 0.0000000000000000000, 1.000000000000000000 ) ) ;
#5926 = ADVANCED_FACE ( 'NONE', ( #8637 ), #7964, .T. ) ;
#5927 = ORIENTED_EDGE ( 'NONE', *, *, #1881, .T. ) ;
#5928 = EDGE_CURVE ( 'NONE', #2361, #837, #703, .T. ) ;
#5929 = TOROIDAL_SURFACE ( 'NONE', #7849, 5.000000000000004441, 2.000000000000000000 ) ;
#5930 = DIRECTION ( 'NONE',  ( 0.0000000000000000000, 0.0000000000000000000, -1.000000000000000000 ) ) ;
#5931 = CARTESIAN_POINT ( 'NONE',  ( 21.28548516706538152, -8.001335134993814435, -27.98908799557248628 ) ) ;
#5932 = VERTEX_POINT ( 'NONE', #1963 ) ;
#5933 = CARTESIAN_POINT ( 'NONE',  ( 133.1540454754412792, 2.097161686974730710, 3.039971255101290737 ) ) ;
#5934 = DIRECTION ( 'NONE',  ( 0.0000000000000000000, 0.0000000000000000000, 1.000000000000000000 ) ) ;
#5935 = CARTESIAN_POINT ( 'NONE',  ( 14.40106209202366827, 12.50000000000000000, 32.10006176782744092 ) ) ;
#5936 = ORIENTED_EDGE ( 'NONE', *, *, #758, .F. ) ;
#5937 = CARTESIAN_POINT ( 'NONE',  ( 32.13845436848480830, -5.000000000000000888, 4.869631567198537070 ) ) ;
#5938 = CARTESIAN_POINT ( 'NONE',  ( 101.0263340389897166, -4.500000000000000888, 5.500000000000001776 ) ) ;
#5939 = LINE ( 'NONE', #101, #4671 ) ;
#5940 = ORIENTED_EDGE ( 'NONE', *, *, #6021, .T. ) ;
#5941 = AXIS2_PLACEMENT_3D ( 'NONE', #3229, #2541, #4441 ) ;
#5942 = DIRECTION ( 'NONE',  ( -0.0000000000000000000, 1.000000000000000000, -0.0000000000000000000 ) ) ;
#5943 = CARTESIAN_POINT ( 'NONE',  ( 33.46008042938468208, 1.500000000000000888, 10.26757116649835844 ) ) ;
#5944 = CARTESIAN_POINT ( 'NONE',  ( 32.16665785485058393, 5.020513362778428856, 4.714285714285716189 ) ) ;
#5945 = CIRCLE ( 'NONE', #2129, 2.000000000000000000 ) ;
#5946 = DIRECTION ( 'NONE',  ( -1.356728424568866558E-16, 0.0000000000000000000, -1.000000000000000000 ) ) ;
#5947 = EDGE_LOOP ( 'NONE', ( #2874, #6336, #4186, #9312, #1052 ) ) ;
#5948 = LINE ( 'NONE', #2512, #4560 ) ;
#5949 = CARTESIAN_POINT ( 'NONE',  ( 132.0826960242654309, -1.987117689079840543, -0.2254885408115838152 ) ) ;
#5950 = EDGE_LOOP ( 'NONE', ( #9020, #2864, #3583, #9241 ) ) ;
#5951 = ORIENTED_EDGE ( 'NONE', *, *, #2410, .F. ) ;
#5952 = AXIS2_PLACEMENT_3D ( 'NONE', #4383, #5909, #2263 ) ;
#5953 = DIRECTION ( 'NONE',  ( -0.0000000000000000000, 1.000000000000000000, -0.0000000000000000000 ) ) ;
#5954 = VECTOR ( 'NONE', #8520, 1000.000000000000000 ) ;
#5955 = CARTESIAN_POINT ( 'NONE',  ( 49.32399612951925860, 5.000000000000000888, -18.50000000000000355 ) ) ;
#5956 = ORIENTED_EDGE ( 'NONE', *, *, #8101, .F. ) ;
#5957 = CARTESIAN_POINT ( 'NONE',  ( 43.12119496837503618, 3.500000000000000888, 4.842574995435347418 ) ) ;
#5958 = ORIENTED_EDGE ( 'NONE', *, *, #9308, .F. ) ;
#5959 = CARTESIAN_POINT ( 'NONE',  ( 32.60712885353456159, 4.499999999999985789, -5.076923076923074873 ) ) ;
#5960 = VERTEX_POINT ( 'NONE', #5439 ) ;
#5961 = DIRECTION ( 'NONE',  ( -0.0000000000000000000, 1.000000000000000000, -0.0000000000000000000 ) ) ;
#5962 = LINE ( 'NONE', #9210, #4026 ) ;
#5963 = CARTESIAN_POINT ( 'NONE',  ( 12.90106209202365761, 12.50000000000000000, -29.50198555647411780 ) ) ;
#5964 = CARTESIAN_POINT ( 'NONE',  ( 25.80052759655019656, 4.999477651487105767, -19.80230113189960051 ) ) ;
#5965 = ORIENTED_EDGE ( 'NONE', *, *, #2126, .F. ) ;
#5966 = AXIS2_PLACEMENT_3D ( 'NONE', #6989, #1862, #9140 ) ;
#5967 = CARTESIAN_POINT ( 'NONE',  ( 133.4981441717146708, 3.423670371014981395, -0.2562610141368762973 ) ) ;
#5968 = CARTESIAN_POINT ( 'NONE',  ( 109.6491370532881007, 4.866075706568405934, -9.506098401931597053 ) ) ;
#5969 = CARTESIAN_POINT ( 'NONE',  ( 12.90106209202365761, 7.000000000000002665, 29.50198555647411780 ) ) ;
#5970 = CARTESIAN_POINT ( 'NONE',  ( 128.7982501282994861, 0.6457910806565591022, 1.895635701173271404 ) ) ;
#5971 = CIRCLE ( 'NONE', #4184, 4.500000000000003553 ) ;
#5972 = PLANE ( 'NONE',  #3038 ) ;
#5973 = CARTESIAN_POINT ( 'NONE',  ( 20.59893790797642765, -13.43849360530937176, -28.52171649708322576 ) ) ;
#5974 = DIRECTION ( 'NONE',  ( -0.0000000000000000000, -1.000000000000000000, -0.0000000000000000000 ) ) ;
#5975 = LINE ( 'NONE', #726, #5859 ) ;
#5976 = CARTESIAN_POINT ( 'NONE',  ( 12.90106209202365761, -7.000000000000002665, 29.50198555647411780 ) ) ;
#5977 = CARTESIAN_POINT ( 'NONE',  ( 32.62602597207702360, 4.499999999999991118, 4.955554135550817918 ) ) ;
#5978 = CARTESIAN_POINT ( 'NONE',  ( 32.40370349203930544, -7.000000000000000888, 3.000000000000000888 ) ) ;
#5979 = EDGE_CURVE ( 'NONE', #5758, #7543, #1160, .T. ) ;
#5980 = CARTESIAN_POINT ( 'NONE',  ( 132.9453226799689958, -0.001418748314766481167, -3.829963539184011445 ) ) ;
#5981 = FACE_OUTER_BOUND ( 'NONE', #2287, .T. ) ;
#5982 = CARTESIAN_POINT ( 'NONE',  ( 133.1032771457235242, -1.816697300960711470, -3.249490809252360890 ) ) ;
#5983 = CARTESIAN_POINT ( 'NONE',  ( 131.8265702926199765, -1.367119838968639867, 1.460103280113199897 ) ) ;
#5984 = CARTESIAN_POINT ( 'NONE',  ( 133.0561922696557531, -1.520238666824981877, 3.433589411982491679 ) ) ;
#5985 = AXIS2_PLACEMENT_3D ( 'NONE', #390, #1860, #8372 ) ;
#5986 = DIRECTION ( 'NONE',  ( 0.9569301964063262611, 0.0000000000000000000, 0.2903181000312413107 ) ) ;
#5987 = VECTOR ( 'NONE', #5184, 1000.000000000000000 ) ;
#5988 = CARTESIAN_POINT ( 'NONE',  ( 133.4492678501871978, 3.264386711501069183, 1.170822822388816409 ) ) ;
#5989 = DIRECTION ( 'NONE',  ( 0.0000000000000000000, 0.0000000000000000000, 1.000000000000000000 ) ) ;
#5990 = DIRECTION ( 'NONE',  ( 0.0000000000000000000, 1.000000000000000000, 0.0000000000000000000 ) ) ;
#5991 = ORIENTED_EDGE ( 'NONE', *, *, #774, .T. ) ;
#5992 = CARTESIAN_POINT ( 'NONE',  ( 21.28548516706538152, 8.001335134993814435, -27.98908799557248628 ) ) ;
#5993 = EDGE_CURVE ( 'NONE', #4649, #364, #6975, .T. ) ;
#5994 = EDGE_CURVE ( 'NONE', #4326, #7536, #8187, .T. ) ;
#5995 = CARTESIAN_POINT ( 'NONE',  ( 103.9061816775918459, -1.500000000000000888, 3.638545286968392745 ) ) ;
#5996 = CIRCLE ( 'NONE', #8406, 12.99999999999999289 ) ;
#5997 = CARTESIAN_POINT ( 'NONE',  ( 104.5472911564093863, -4.776429841225692030, 5.785821562964338582 ) ) ;
#5998 = CARTESIAN_POINT ( 'NONE',  ( 11.07975761066654385, -4.999999999999859668, 34.05065744603047051 ) ) ;
#5999 = ORIENTED_EDGE ( 'NONE', *, *, #6123, .T. ) ;
#6000 = AXIS2_PLACEMENT_3D ( 'NONE', #8015, #3027, #8728 ) ;
#6001 = ORIENTED_EDGE ( 'NONE', *, *, #2318, .T. ) ;
#6002 = DIRECTION ( 'NONE',  ( 0.0000000000000000000, -1.000000000000000000, 0.0000000000000000000 ) ) ;
#6003 = CARTESIAN_POINT ( 'NONE',  ( 131.9073503571336516, -1.585418887876534955, -1.220144495112689631 ) ) ;
#6004 = CARTESIAN_POINT ( 'NONE',  ( 131.8265442670950165, -1.367038886519489571, 1.460024732164912686 ) ) ;
#6005 = ORIENTED_EDGE ( 'NONE', *, *, #7283, .F. ) ;
#6006 = VECTOR ( 'NONE', #2247, 1000.000000000000000 ) ;
#6007 = EDGE_CURVE ( 'NONE', #5340, #5847, #4776, .T. ) ;
#6008 = ORIENTED_EDGE ( 'NONE', *, *, #2674, .T. ) ;
#6009 = DIRECTION ( 'NONE',  ( -1.000000000000000000, -0.0000000000000000000, -0.0000000000000000000 ) ) ;
#6010 = CARTESIAN_POINT ( 'NONE',  ( 133.3926991507690332, 3.072657892963619464, -1.702326460123934515 ) ) ;
#6011 = CARTESIAN_POINT ( 'NONE',  ( 21.62106196434097072, -7.088485851613516964, 24.28694529430718774 ) ) ;
#6012 = ORIENTED_EDGE ( 'NONE', *, *, #3625, .T. ) ;
#6013 = AXIS2_PLACEMENT_3D ( 'NONE', #9070, #1154, #1091 ) ;
#6014 = B_SPLINE_CURVE_WITH_KNOTS ( 'NONE', 3,
 ( #1122, #7667, #7049, #4921, #2676, #3501, #4822, #554, #4852, #2765 ),
 .UNSPECIFIED., .F., .F.,
 ( 4, 2, 2, 2, 4 ),
 ( -0.0005473171427149768446, 7.646554250663418692E-05, 0.0007002482277282452185, 0.001324030912949856250, 0.001947813598171467282 ),
 .UNSPECIFIED. ) ;
#6015 = CARTESIAN_POINT ( 'NONE',  ( 133.4965479820500605, -3.418502057369654512, -0.3116074379805853778 ) ) ;
#6016 = CIRCLE ( 'NONE', #7567, 30.00000000000000000 ) ;
#6017 = ORIENTED_EDGE ( 'NONE', *, *, #4754, .F. ) ;
#6018 = CARTESIAN_POINT ( 'NONE',  ( 133.4637061886215861, -3.311500457817158516, 0.9965060661526197183 ) ) ;
#6019 = CARTESIAN_POINT ( 'NONE',  ( 20.95624907685346372, -6.290477504247195206, -23.05559135959189732 ) ) ;
#6020 = CARTESIAN_POINT ( 'NONE',  ( 133.4325584928296564, 3.208620780098862646, 1.349047573502180519 ) ) ;
#6021 = EDGE_CURVE ( 'NONE', #5577, #311, #8405, .T. ) ;
#6022 = CARTESIAN_POINT ( 'NONE',  ( 28.82381168906293567, -2.472884197444881860, -20.38371192704892465 ) ) ;
#6023 = DIRECTION ( 'NONE',  ( 0.0000000000000000000, 1.000000000000000000, 0.0000000000000000000 ) ) ;
#6024 = CARTESIAN_POINT ( 'NONE',  ( 131.9589924816126540, -0.01334073933090089426, -1.999995022584667215 ) ) ;
#6025 = ORIENTED_EDGE ( 'NONE', *, *, #344, .F. ) ;
#6026 = DIRECTION ( 'NONE',  ( -0.0000000000000000000, 1.000000000000000000, -0.0000000000000000000 ) ) ;
#6027 = FACE_OUTER_BOUND ( 'NONE', #5822, .T. ) ;
#6028 = ORIENTED_EDGE ( 'NONE', *, *, #3126, .T. ) ;
#6029 = AXIS2_PLACEMENT_3D ( 'NONE', #4970, #1495, #1406 ) ;
#6030 = CARTESIAN_POINT ( 'NONE',  ( -5.871622455980550503E-17, 1.500000000000000888, 3.499999999999999556 ) ) ;
#6031 = CARTESIAN_POINT ( 'NONE',  ( 49.32399612951925860, 4.000000000000000888, -8.500000000000000000 ) ) ;
#6032 = VERTEX_POINT ( 'NONE', #6968 ) ;
#6033 = CARTESIAN_POINT ( 'NONE',  ( 120.0000000000000000, 12.50000000000000000, 0.0000000000000000000 ) ) ;
#6034 = LINE ( 'NONE', #1042, #595 ) ;
#6035 = CARTESIAN_POINT ( 'NONE',  ( 131.8767148717234647, -1.505151880048950952, 1.316776141334570660 ) ) ;
#6036 = ORIENTED_EDGE ( 'NONE', *, *, #6385, .T. ) ;
#6037 = EDGE_CURVE ( 'NONE', #6066, #2989, #3782, .T. ) ;
#6038 = ORIENTED_EDGE ( 'NONE', *, *, #8050, .T. ) ;
#6039 = CARTESIAN_POINT ( 'NONE',  ( 38.18704312706247350, -1.338059351037878875, 13.15254733239691554 ) ) ;
#6040 = DIRECTION ( 'NONE',  ( 0.0000000000000000000, 0.0000000000000000000, -1.000000000000000000 ) ) ;
#6041 = AXIS2_PLACEMENT_3D ( 'NONE', #5473, #6221, #1871 ) ;
#6042 = ORIENTED_EDGE ( 'NONE', *, *, #9082, .F. ) ;
#6043 = CARTESIAN_POINT ( 'NONE',  ( 21.50146647703950720, 7.000000000000001776, -24.12701665379256610 ) ) ;
#6044 = CARTESIAN_POINT ( 'NONE',  ( 128.7749643873921173, 2.168404344971008868E-16, 2.000000000000000000 ) ) ;
#6045 = CARTESIAN_POINT ( 'NONE',  ( 133.3475227341163531, -2.910857983370883861, -2.024008683667163133 ) ) ;
#6046 = ORIENTED_EDGE ( 'NONE', *, *, #31, .T. ) ;
#6047 = FACE_OUTER_BOUND ( 'NONE', #1142, .T. ) ;
#6048 = EDGE_CURVE ( 'NONE', #4360, #908, #6518, .T. ) ;
#6049 = CIRCLE ( 'NONE', #2373, 7.999999999999996447 ) ;
#6050 = EDGE_CURVE ( 'NONE', #1671, #1810, #9202, .T. ) ;
#6051 = ORIENTED_EDGE ( 'NONE', *, *, #435, .F. ) ;
#6052 = EDGE_CURVE ( 'NONE', #376, #3588, #7742, .T. ) ;
#6053 = ORIENTED_EDGE ( 'NONE', *, *, #3233, .F. ) ;
#6054 = PLANE ( 'NONE',  #6238 ) ;
#6055 = CARTESIAN_POINT ( 'NONE',  ( 102.1132885754978759, 1.509683359434244254, -3.745416905058686297 ) ) ;
#6056 = CARTESIAN_POINT ( 'NONE',  ( 133.3932427865524630, 3.074101537634354564, 1.695376122995516877 ) ) ;
#6057 = DIRECTION ( 'NONE',  ( 0.0000000000000000000, 0.0000000000000000000, 1.000000000000000000 ) ) ;
#6058 = DIRECTION ( 'NONE',  ( 0.0000000000000000000, 1.000000000000000000, -0.0000000000000000000 ) ) ;
#6059 = CARTESIAN_POINT ( 'NONE',  ( 113.3468963513340526, 4.000000000000000888, -11.74675324675324894 ) ) ;
#6060 = DIRECTION ( 'NONE',  ( 0.5000000000000000000, 0.0000000000000000000, 0.8660254037844385966 ) ) ;
#6061 = CARTESIAN_POINT ( 'NONE',  ( 128.9466237993356970, 1.745142208802048289, -1.008564864251003002 ) ) ;
#6062 = CIRCLE ( 'NONE', #3889, 62.99999999999998579 ) ;
#6063 = ORIENTED_EDGE ( 'NONE', *, *, #3125, .T. ) ;
#6064 = CIRCLE ( 'NONE', #4609, 2.000000000000001776 ) ;
#6065 = VERTEX_POINT ( 'NONE', #6399 ) ;
#6066 = VERTEX_POINT ( 'NONE', #9343 ) ;
#6067 = CARTESIAN_POINT ( 'NONE',  ( 12.90106209202365761, 5.028197609507557786, 34.16732851882471067 ) ) ;
#6068 = CIRCLE ( 'NONE', #4306, 30.00000000000000000 ) ;
#6069 = DIRECTION ( 'NONE',  ( 0.0000000000000000000, -1.000000000000000000, 0.0000000000000000000 ) ) ;
#6070 = ORIENTED_EDGE ( 'NONE', *, *, #8595, .F. ) ;
#6071 = CARTESIAN_POINT ( 'NONE',  ( 132.0826008189247602, -1.986935801283901570, -0.2270483381572798998 ) ) ;
#6072 = ORIENTED_EDGE ( 'NONE', *, *, #6951, .T. ) ;
#6073 = AXIS2_PLACEMENT_3D ( 'NONE', #6409, #9188, #608 ) ;
#6074 = CARTESIAN_POINT ( 'NONE',  ( 21.28548516706537086, 8.001335134993816212, 27.98908799557250049 ) ) ;
#6075 = DIRECTION ( 'NONE',  ( 0.0000000000000000000, -1.000000000000000000, 0.0000000000000000000 ) ) ;
#6076 = DIRECTION ( 'NONE',  ( 0.0000000000000000000, -1.000000000000000000, 0.0000000000000000000 ) ) ;
#6077 = CIRCLE ( 'NONE', #6128, 2.000000000000000000 ) ;
#6078 = CARTESIAN_POINT ( 'NONE',  ( 17.99999999999996447, 7.000000000000002665, 30.02221399786057887 ) ) ;
#6079 = AXIS2_PLACEMENT_3D ( 'NONE', #1667, #6002, #996 ) ;
#6080 = VERTEX_POINT ( 'NONE', #7092 ) ;
#6081 = CARTESIAN_POINT ( 'NONE',  ( 133.4857238445884207, -3.383581602837515412, -0.6238260650060530876 ) ) ;
#6082 = EDGE_CURVE ( 'NONE', #1844, #153, #5807, .T. ) ;
#6083 = CARTESIAN_POINT ( 'NONE',  ( 18.00000000000000000, -5.000000000000000888, -30.01666203960729362 ) ) ;
#6084 = CARTESIAN_POINT ( 'NONE',  ( 33.26549668766406143, -1.344143200906901869, 12.84252811934469207 ) ) ;
#6085 = CIRCLE ( 'NONE', #284, 9.000000000000008882 ) ;
#6086 = AXIS2_PLACEMENT_3D ( 'NONE', #3695, #2253, #1536 ) ;
#6087 = CARTESIAN_POINT ( 'NONE',  ( 131.7192273179570350, -1.005300632680385498, -1.728782599491410332 ) ) ;
#6088 = CARTESIAN_POINT ( 'NONE',  ( 23.46742184199856851, -5.000000000000000888, -21.75500200160157860 ) ) ;
#6089 = CARTESIAN_POINT ( 'NONE',  ( 110.7850230944737149, 4.987219105081192261, -9.870062149759732506 ) ) ;
#6090 = ORIENTED_EDGE ( 'NONE', *, *, #3922, .T. ) ;
#6091 = CARTESIAN_POINT ( 'NONE',  ( 131.9589917359900255, 0.5292992845126180956, 2.000000000000000000 ) ) ;
#6092 = EDGE_LOOP ( 'NONE', ( #2205, #6522, #7907, #5765, #8826, #835, #6970, #8749, #6005, #8941, #5364, #3900 ) ) ;
#6093 = CARTESIAN_POINT ( 'NONE',  ( 21.42870989811431670, 8.000132299552726423, -27.82633284630850667 ) ) ;
#6094 = LINE ( 'NONE', #6938, #3030 ) ;
#6095 = DIRECTION ( 'NONE',  ( 0.0000000000000000000, 0.0000000000000000000, 1.000000000000000000 ) ) ;
#6096 = EDGE_CURVE ( 'NONE', #4715, #6838, #4437, .T. ) ;
#6097 = DIRECTION ( 'NONE',  ( 0.0000000000000000000, 0.0000000000000000000, -1.000000000000000000 ) ) ;
#6098 = AXIS2_PLACEMENT_3D ( 'NONE', #7075, #6984, #2607 ) ;
#6099 = CARTESIAN_POINT ( 'NONE',  ( 131.6784795166442734, -0.8245056992068678925, -1.820475473701626212 ) ) ;
#6100 = LINE ( 'NONE', #893, #5987 ) ;
#6101 = TOROIDAL_SURFACE ( 'NONE', #713, 32.50000000000000000, 0.5000000000000000000 ) ;
#6102 = VERTEX_POINT ( 'NONE', #656 ) ;
#6103 = CARTESIAN_POINT ( 'NONE',  ( 0.0000000000000000000, 12.50000000000000000, 0.0000000000000000000 ) ) ;
#6104 = EDGE_CURVE ( 'NONE', #259, #6762, #1843, .T. ) ;
#6105 = DIRECTION ( 'NONE',  ( 0.0000000000000000000, 0.0000000000000000000, -1.000000000000000000 ) ) ;
#6106 = CARTESIAN_POINT ( 'NONE',  ( 28.51304367304957665, -3.500000000000000888, -16.61343855132847835 ) ) ;
#6107 = EDGE_CURVE ( 'NONE', #3614, #9130, #3660, .T. ) ;
#6108 = DIRECTION ( 'NONE',  ( 0.0000000000000000000, 0.0000000000000000000, 1.000000000000000000 ) ) ;
#6109 = VECTOR ( 'NONE', #3629, 1000.000000000000000 ) ;
#6110 = CARTESIAN_POINT ( 'NONE',  ( 133.4326856919755357, -3.209205961633680992, -1.351438572884800848 ) ) ;
#6111 = ORIENTED_EDGE ( 'NONE', *, *, #5478, .T. ) ;
#6112 = AXIS2_PLACEMENT_3D ( 'NONE', #1535, #6568, #2920 ) ;
#6113 = CARTESIAN_POINT ( 'NONE',  ( 103.5840533915045540, 2.019880302336181987, -4.964427724386128560 ) ) ;
#6114 = ORIENTED_EDGE ( 'NONE', *, *, #2913, .T. ) ;
#6115 = CARTESIAN_POINT ( 'NONE',  ( 133.3134554824604834, 2.783519979320213000, -2.237079217270670384 ) ) ;
#6116 = DIRECTION ( 'NONE',  ( 1.000000000000000000, 0.0000000000000000000, 1.356728424568866558E-16 ) ) ;
#6117 = DIRECTION ( 'NONE',  ( 1.000000000000000000, 0.0000000000000000000, 0.0000000000000000000 ) ) ;
#6118 = CARTESIAN_POINT ( 'NONE',  ( 131.9589917359900255, 2.168404344971008868E-16, 2.000000000000000000 ) ) ;
#6119 = FACE_OUTER_BOUND ( 'NONE', #2967, .T. ) ;
#6120 = CARTESIAN_POINT ( 'NONE',  ( 13.26718395371943693, -5.028197609507558674, -34.16732851882470356 ) ) ;
#6121 = ADVANCED_FACE ( 'NONE', ( #3879 ), #7308, .T. ) ;
#6122 = VERTEX_POINT ( 'NONE', #6436 ) ;
#6123 = EDGE_CURVE ( 'NONE', #2292, #1389, #1955, .T. ) ;
#6124 = ORIENTED_EDGE ( 'NONE', *, *, #7240, .F. ) ;
#6125 = EDGE_CURVE ( 'NONE', #837, #1614, #1392, .T. ) ;
#6126 = ORIENTED_EDGE ( 'NONE', *, *, #2695, .F. ) ;
#6127 = CARTESIAN_POINT ( 'NONE',  ( 34.34359437442176244, 6.762062578437346261, 3.000000000000001332 ) ) ;
#6128 = AXIS2_PLACEMENT_3D ( 'NONE', #3935, #6818, #4532 ) ;
#6129 = CIRCLE ( 'NONE', #3851, 2.000000000000001776 ) ;
#6130 = CARTESIAN_POINT ( 'NONE',  ( 33.24864958025978723, 1.502606261410338817, 10.55356681029307531 ) ) ;
#6131 = DIRECTION ( 'NONE',  ( 0.0000000000000000000, -1.000000000000000000, 0.0000000000000000000 ) ) ;
#6132 = ORIENTED_EDGE ( 'NONE', *, *, #4465, .F. ) ;
#6133 = CARTESIAN_POINT ( 'NONE',  ( 131.8066576281893845, -1.307560852266024032, -1.513260659444785938 ) ) ;
#6134 = AXIS2_PLACEMENT_3D ( 'NONE', #6033, #7421, #931 ) ;
#6135 = CARTESIAN_POINT ( 'NONE',  ( 131.6182005990882260, -0.4526522774106980784, 1.948173088646347084 ) ) ;
#6136 = ADVANCED_FACE ( 'NONE', ( #1727 ), #4151, .F. ) ;
#6137 = EDGE_LOOP ( 'NONE', ( #2397, #915, #6527, #8299 ) ) ;
#6138 = CARTESIAN_POINT ( 'NONE',  ( 20.59893790797642765, 7.982970117485794326, 28.52171649708322576 ) ) ;
#6139 = CYLINDRICAL_SURFACE ( 'NONE', #3358, 2.000000000000001776 ) ;
#6140 = CARTESIAN_POINT ( 'NONE',  ( 11.07975761066654385, 4.999999999999857003, -34.05065744603047051 ) ) ;
#6141 = CARTESIAN_POINT ( 'NONE',  ( 31.60696125855821847, -9.735427445389468915, -5.000000000000000888 ) ) ;
#6142 = DIRECTION ( 'NONE',  ( 0.0000000000000000000, 0.0000000000000000000, 1.000000000000000000 ) ) ;
#6143 = ORIENTED_EDGE ( 'NONE', *, *, #2644, .F. ) ;
#6144 = CARTESIAN_POINT ( 'NONE',  ( 29.63152617989832649, 19.73542744538947247, 4.687500000000000000 ) ) ;
#6145 = AXIS2_PLACEMENT_3D ( 'NONE', #7450, #8875, #4531 ) ;
#6146 = B_SPLINE_CURVE_WITH_KNOTS ( 'NONE', 3,
 ( #2981, #2280, #4522, #5931, #8748, #6659, #7379, #8063, #3750, #823, #1531, #6690, #184, #1655, #3064, #6746, #3691, #3096 ),
 .UNSPECIFIED., .F., .F.,
 ( 4, 2, 2, 2, 2, 2, 2, 2, 4 ),
 ( 0.002684650894143604440, 0.003334584406966083041, 0.003984517919788562075, 0.004634451432611041109, 0.005284384945433519276, 0.005934318458255998310, 0.006584251971078477345, 0.007234185483900956379, 0.007884118996723435413 ),
 .UNSPECIFIED. ) ;
#6147 = CARTESIAN_POINT ( 'NONE',  ( 133.4638408927759770, -3.312468811410732350, -0.9946878505126892644 ) ) ;
#6148 = ORIENTED_EDGE ( 'NONE', *, *, #435, .T. ) ;
#6149 = VERTEX_POINT ( 'NONE', #597 ) ;
#6150 = ORIENTED_EDGE ( 'NONE', *, *, #5870, .T. ) ;
#6151 = FACE_OUTER_BOUND ( 'NONE', #4859, .T. ) ;
#6152 = CARTESIAN_POINT ( 'NONE',  ( 14.35672482418723916, 4.012368230248058332, 35.00000000000000000 ) ) ;
#6153 = CARTESIAN_POINT ( 'NONE',  ( 101.9737817402825755, 1.500000000000001332, -3.627610479352038286 ) ) ;
#6154 = ORIENTED_EDGE ( 'NONE', *, *, #3758, .F. ) ;
#6155 = CARTESIAN_POINT ( 'NONE',  ( 133.0418376164921597, 1.416276082794255986, -3.487538979988089149 ) ) ;
#6156 = EDGE_CURVE ( 'NONE', #2209, #4667, #3995, .T. ) ;
#6157 = CARTESIAN_POINT ( 'NONE',  ( 49.32399612951925860, -3.500000000000000888, -18.50000000000000355 ) ) ;
#6158 = APPLICATION_PROTOCOL_DEFINITION ( 'draft international standard', 'automotive_design', 1998, #5408 ) ;
#6159 = CARTESIAN_POINT ( 'NONE',  ( 38.00000000000000000, -3.500000000000000888, 5.000000000000000000 ) ) ;
#6160 = CARTESIAN_POINT ( 'NONE',  ( 18.00000000000000000, 4.000000000000000888, -35.00000000000000000 ) ) ;
#6161 = CARTESIAN_POINT ( 'NONE',  ( 32.13169435859213507, 5.000000000000002665, 4.904365126388021245 ) ) ;
#6162 = B_SPLINE_CURVE_WITH_KNOTS ( 'NONE', 3,
 ( #7235, #4875, #2791, #2816, #7140, #2013, #5618, #6413, #3519, #5649 ),
 .UNSPECIFIED., .F., .F.,
 ( 4, 2, 2, 2, 4 ),
 ( 0.0000000000000000000, 0.0006061648539626495824, 0.001212329707925299165, 0.001818494561887948856, 0.002424659415850598330 ),
 .UNSPECIFIED. ) ;
#6163 = EDGE_LOOP ( 'NONE', ( #5936, #2862, #9095, #7650 ) ) ;
#6164 = VECTOR ( 'NONE', #1429, 1000.000000000000000 ) ;
#6165 = VERTEX_POINT ( 'NONE', #2748 ) ;
#6166 = FACE_OUTER_BOUND ( 'NONE', #4653, .T. ) ;
#6167 = CARTESIAN_POINT ( 'NONE',  ( 21.28860175200237137, 12.50000000000000000, 23.87293985656782880 ) ) ;
#6168 = CARTESIAN_POINT ( 'NONE',  ( -11.24998758554091083, 0.0000000000000000000, -4.094660617001203207 ) ) ;
#6169 = ORIENTED_EDGE ( 'NONE', *, *, #752, .F. ) ;
#6170 = CARTESIAN_POINT ( 'NONE',  ( 132.0118930936579602, -1.832943645720994441, 0.7944872034720864562 ) ) ;
#6171 = EDGE_CURVE ( 'NONE', #7940, #3664, #4226, .T. ) ;
#6172 = CARTESIAN_POINT ( 'NONE',  ( 131.5937822170705829, -0.1273123385863307033, 1.996916236876261630 ) ) ;
#6173 = PLANE ( 'NONE',  #2609 ) ;
#6174 = CARTESIAN_POINT ( 'NONE',  ( 0.0000000000000000000, 12.50000000000000000, 35.00000000000000000 ) ) ;
#6175 = ADVANCED_FACE ( 'NONE', ( #5337 ), #9372, .T. ) ;
#6176 = FACE_OUTER_BOUND ( 'NONE', #2619, .T. ) ;
#6177 = DIRECTION ( 'NONE',  ( -1.000000000000000000, -0.0000000000000000000, -1.209068259567990245E-15 ) ) ;
#6178 = EDGE_LOOP ( 'NONE', ( #8642, #2402, #8847, #8011, #2188 ) ) ;
#6179 = LINE ( 'NONE', #4269, #2085 ) ;
#6180 = CARTESIAN_POINT ( 'NONE',  ( 23.24002542929024528, -5.000000000000000888, 21.75500200160163899 ) ) ;
#6181 = CARTESIAN_POINT ( 'NONE',  ( 31.32873628710492042, -1.785923045301915923, 13.09113519969677419 ) ) ;
#6182 = ORIENTED_EDGE ( 'NONE', *, *, #7989, .T. ) ;
#6183 = ORIENTED_EDGE ( 'NONE', *, *, #6208, .F. ) ;
#6184 = DIRECTION ( 'NONE',  ( 0.0000000000000000000, 1.000000000000000000, 0.0000000000000000000 ) ) ;
#6185 = CARTESIAN_POINT ( 'NONE',  ( 38.00000000000000000, -12.50000000000000000, 3.000000000000000000 ) ) ;
#6186 = EDGE_CURVE ( 'NONE', #2996, #3179, #8082, .T. ) ;
#6187 = EDGE_CURVE ( 'NONE', #473, #4091, #4321, .T. ) ;
#6188 = TOROIDAL_SURFACE ( 'NONE', #2186, 5.000000000000000888, 2.000000000000000000 ) ;
#6189 = EDGE_CURVE ( 'NONE', #4759, #1487, #8936, .T. ) ;
#6190 = ORIENTED_EDGE ( 'NONE', *, *, #200, .F. ) ;
#6191 = CARTESIAN_POINT ( 'NONE',  ( -1.006563849596666047E-16, -5.000000000000000888, 6.000000000000000000 ) ) ;
#6192 = CARTESIAN_POINT ( 'NONE',  ( 18.00000000000000000, -4.000000000000000888, -34.00000000000000000 ) ) ;
#6193 = EDGE_LOOP ( 'NONE', ( #7956, #5375, #449, #5024 ) ) ;
#6194 = CARTESIAN_POINT ( 'NONE',  ( 131.6792267538579040, -0.8302501948304136237, -1.818993986239165972 ) ) ;
#6195 = ADVANCED_FACE ( 'NONE', ( #8516 ), #1150, .F. ) ;
#6196 = CARTESIAN_POINT ( 'NONE',  ( 0.0000000000000000000, 0.0000000000000000000, 0.0000000000000000000 ) ) ;
#6197 = ORIENTED_EDGE ( 'NONE', *, *, #9030, .F. ) ;
#6198 = CARTESIAN_POINT ( 'NONE',  ( 35.00000000000007816, 5.000000000000000888, -21.75500200160156439 ) ) ;
#6199 = ORIENTED_EDGE ( 'NONE', *, *, #3116, .T. ) ;
#6200 = AXIS2_PLACEMENT_3D ( 'NONE', #8262, #2463, #305 ) ;
#6201 = VECTOR ( 'NONE', #8484, 1000.000000000000000 ) ;
#6202 = ORIENTED_EDGE ( 'NONE', *, *, #2288, .T. ) ;
#6203 = CARTESIAN_POINT ( 'NONE',  ( 128.9999873027284139, -1.999934334706306549, -0.2645272609796553986 ) ) ;
#6204 = DIRECTION ( 'NONE',  ( 1.209068259567990048E-15, 0.0000000000000000000, -1.000000000000000000 ) ) ;
#6205 = EDGE_CURVE ( 'NONE', #9180, #4640, #3775, .T. ) ;
#6206 = DIRECTION ( 'NONE',  ( 0.0000000000000000000, 1.000000000000000000, 0.0000000000000000000 ) ) ;
#6207 = DIRECTION ( 'NONE',  ( -1.000000000000000000, -0.0000000000000000000, -1.209068259567990048E-15 ) ) ;
#6208 = EDGE_CURVE ( 'NONE', #9276, #820, #8628, .T. ) ;
#6209 = CARTESIAN_POINT ( 'NONE',  ( 132.0143205674709179, -1.838405261456785844, 0.7817814877174410482 ) ) ;
#6210 = CYLINDRICAL_SURFACE ( 'NONE', #108, 3.000000000000002665 ) ;
#6211 = CARTESIAN_POINT ( 'NONE',  ( 131.5987220882298061, -0.2254001513489955200, 1.987188805126403945 ) ) ;
#6212 = AXIS2_PLACEMENT_3D ( 'NONE', #7887, #8636, #12 ) ;
#6213 = CARTESIAN_POINT ( 'NONE',  ( 29.02305921671313982, 1.796962846982928408, -20.19657494565892009 ) ) ;
#6214 = CARTESIAN_POINT ( 'NONE',  ( 104.5228874831234549, -3.362186720291790110, -5.719177225785477603 ) ) ;
#6215 = ORIENTED_EDGE ( 'NONE', *, *, #1499, .T. ) ;
#6216 = DIRECTION ( 'NONE',  ( -0.0000000000000000000, -1.000000000000000000, -0.0000000000000000000 ) ) ;
#6217 = DIRECTION ( 'NONE',  ( -1.209068259567990048E-15, 0.0000000000000000000, 1.000000000000000000 ) ) ;
#6218 = DIRECTION ( 'NONE',  ( 0.8660254037844379305, 0.0000000000000000000, -0.5000000000000013323 ) ) ;
#6219 = FACE_OUTER_BOUND ( 'NONE', #684, .T. ) ;
#6220 = EDGE_CURVE ( 'NONE', #2618, #1656, #1840, .T. ) ;
#6221 = DIRECTION ( 'NONE',  ( 0.0000000000000000000, 1.000000000000000000, 0.0000000000000000000 ) ) ;
#6222 = CARTESIAN_POINT ( 'NONE',  ( 49.32399612951925860, -1.500000000000000888, -3.500000000000004885 ) ) ;
#6223 = AXIS2_PLACEMENT_3D ( 'NONE', #2108, #8662, #2899 ) ;
#6224 = CARTESIAN_POINT ( 'NONE',  ( 133.2873735037535994, 2.682122788990775053, -2.387069993852539262 ) ) ;
#6225 = CARTESIAN_POINT ( 'NONE',  ( 113.3468963513340526, 4.000000000000000888, -11.74675324675325072 ) ) ;
#6226 = CARTESIAN_POINT ( 'NONE',  ( 133.3510299449263812, -0.0007683224586532549092, -1.999999852420144997 ) ) ;
#6227 = FACE_OUTER_BOUND ( 'NONE', #3848, .T. ) ;
#6228 = DIRECTION ( 'NONE',  ( -1.677606415994443309E-17, 0.0000000000000000000, 1.000000000000000000 ) ) ;
#6229 = CARTESIAN_POINT ( 'NONE',  ( 32.11308144666281805, 5.000000000000002665, 5.000000000000000888 ) ) ;
#6230 = B_SPLINE_CURVE_WITH_KNOTS ( 'NONE', 3,
 ( #9385, #2132, #701, #3523, #2892, #5003, #670, #2101, #7205, #4344, #4225, #7144, #8559, #9286 ),
 .UNSPECIFIED., .F., .F.,
 ( 4, 2, 2, 2, 2, 2, 4 ),
 ( 0.0000000000000000000, 0.001531142529129049697, 0.002296713793693585821, 0.003062285058258122378, 0.004593427587387195928, 0.005358998851951735087, 0.006124570116516273380 ),
 .UNSPECIFIED. ) ;
#6231 = FACE_OUTER_BOUND ( 'NONE', #3083, .T. ) ;
#6232 = CARTESIAN_POINT ( 'NONE',  ( 34.64101615137754919, 7.000000000000002665, 3.000000000000001332 ) ) ;
#6233 = EDGE_LOOP ( 'NONE', ( #3435, #1067, #8292, #6111, #2700, #2895, #2804 ) ) ;
#6234 = EDGE_CURVE ( 'NONE', #1390, #7973, #693, .T. ) ;
#6235 = DIRECTION ( 'NONE',  ( 0.0000000000000000000, 0.0000000000000000000, -1.000000000000000000 ) ) ;
#6236 = DIRECTION ( 'NONE',  ( 0.0000000000000000000, 1.000000000000000000, 0.0000000000000000000 ) ) ;
#6237 = CARTESIAN_POINT ( 'NONE',  ( 32.20755830163491851, -5.063726056053673652, -4.482459188663721505 ) ) ;
#6238 = AXIS2_PLACEMENT_3D ( 'NONE', #6083, #297, #5249 ) ;
#6239 = CARTESIAN_POINT ( 'NONE',  ( 131.6057102680473179, -0.3234952261712752963, 1.973308903913569390 ) ) ;
#6240 = ADVANCED_FACE ( 'NONE', ( #5218 ), #6850, .T. ) ;
#6241 = LINE ( 'NONE', #2334, #788 ) ;
#6242 = VERTEX_POINT ( 'NONE', #2304 ) ;
#6243 = CARTESIAN_POINT ( 'NONE',  ( 8.116411109992025530, 23.43849360530937176, 30.95357605663032174 ) ) ;
#6244 = EDGE_CURVE ( 'NONE', #364, #3445, #924, .T. ) ;
#6245 = EDGE_CURVE ( 'NONE', #691, #5028, #3182, .T. ) ;
#6246 = DIRECTION ( 'NONE',  ( 0.0000000000000000000, 0.0000000000000000000, -1.000000000000000000 ) ) ;
#6247 = CARTESIAN_POINT ( 'NONE',  ( 7.609135415617524600, 12.50000000000000000, 29.01897755309092375 ) ) ;
#6248 = ORIENTED_EDGE ( 'NONE', *, *, #4578, .T. ) ;
#6249 = EDGE_CURVE ( 'NONE', #4284, #5445, #6734, .T. ) ;
#6250 = DIRECTION ( 'NONE',  ( 0.0000000000000000000, 0.0000000000000000000, -1.000000000000000000 ) ) ;
#6251 = CARTESIAN_POINT ( 'NONE',  ( 133.5000053800509079, -3.429646812183605231, -0.06143584440392337032 ) ) ;
#6252 = CIRCLE ( 'NONE', #3810, 3.000000000000000000 ) ;
#6253 = ORIENTED_EDGE ( 'NONE', *, *, #80, .T. ) ;
#6254 =( LENGTH_UNIT ( ) NAMED_UNIT ( * ) SI_UNIT ( .MILLI., .METRE. ) );
#6255 = AXIS2_PLACEMENT_3D ( 'NONE', #4919, #4850, #7148 ) ;
#6256 = CARTESIAN_POINT ( 'NONE',  ( 3.627204778703961663E-15, 5.000000000000000888, 32.00000000000000000 ) ) ;
#6257 = CARTESIAN_POINT ( 'NONE',  ( 132.0641056445244601, -1.947920761584866600, -0.4532991717485000960 ) ) ;
#6258 = CARTESIAN_POINT ( 'NONE',  ( 28.42557491005471704, 3.425822229712168099, 20.76271624398596671 ) ) ;
#6259 = CARTESIAN_POINT ( 'NONE',  ( 21.67474356507917932, -5.365638503732128584, 22.06580949791646162 ) ) ;
#6260 = CARTESIAN_POINT ( 'NONE',  ( 28.53857891154702031, -3.323751077950058974, -16.58249193573365332 ) ) ;
#6261 = FACE_OUTER_BOUND ( 'NONE', #4011, .T. ) ;
#6262 = ORIENTED_EDGE ( 'NONE', *, *, #6915, .F. ) ;
#6263 = CARTESIAN_POINT ( 'NONE',  ( 128.9027396007931543, -1.505672650690152770, -1.322839215909628718 ) ) ;
#6264 = AXIS2_PLACEMENT_3D ( 'NONE', #3187, #6116, #3281 ) ;
#6265 = CARTESIAN_POINT ( 'NONE',  ( 103.2029119285969045, 1.795091885616068250, 4.653147908201057170 ) ) ;
#6266 = CARTESIAN_POINT ( 'NONE',  ( 29.63152617989832649, -9.735427445389468915, 4.687500000000000000 ) ) ;
#6267 = DIRECTION ( 'NONE',  ( 0.0000000000000000000, 0.0000000000000000000, 1.000000000000000000 ) ) ;
#6268 = CARTESIAN_POINT ( 'NONE',  ( 32.86198070556388728, -6.479699801937782055, -3.050295754624611888 ) ) ;
#6269 = CYLINDRICAL_SURFACE ( 'NONE', #2566, 28.00000000000000000 ) ;
#6270 = DIRECTION ( 'NONE',  ( 0.0000000000000000000, 1.000000000000000000, -0.0000000000000000000 ) ) ;
#6271 = EDGE_LOOP ( 'NONE', ( #2427, #5705, #6443, #7772 ) ) ;
#6272 = CARTESIAN_POINT ( 'NONE',  ( 132.0762411189331544, 1.973668205353251714, -0.3261897196059463933 ) ) ;
#6273 = CARTESIAN_POINT ( 'NONE',  ( 108.2750852456403123, 5.000000000000000888, -8.530906985953985000 ) ) ;
#6274 = PLANE ( 'NONE',  #6754 ) ;
#6275 = ADVANCED_FACE ( 'NONE', ( #583 ), #5690, .F. ) ;
#6276 = ORIENTED_EDGE ( 'NONE', *, *, #1444, .F. ) ;
#6277 = ORIENTED_EDGE ( 'NONE', *, *, #1673, .T. ) ;
#6278 = CARTESIAN_POINT ( 'NONE',  ( 22.74837764801966600, -12.50000000000000000, 22.50580623712643913 ) ) ;
#6279 = VERTEX_POINT ( 'NONE', #3860 ) ;
#6280 = DIRECTION ( 'NONE',  ( -1.000000000000000000, 0.0000000000000000000, 0.0000000000000000000 ) ) ;
#6281 = DIRECTION ( 'NONE',  ( 0.0000000000000000000, -2.891205793294675861E-16, 1.000000000000000000 ) ) ;
#6282 = LINE ( 'NONE', #4502, #5004 ) ;
#6283 = ORIENTED_EDGE ( 'NONE', *, *, #6125, .F. ) ;
#6284 = CARTESIAN_POINT ( 'NONE',  ( 131.6566174239846703, 0.7091776229179209690, -1.867722614204753384 ) ) ;
#6285 = CARTESIAN_POINT ( 'NONE',  ( 0.0000000000000000000, -5.000000000000000888, 0.0000000000000000000 ) ) ;
#6286 = AXIS2_PLACEMENT_3D ( 'NONE', #15, #4421, #7430 ) ;
#6287 = CARTESIAN_POINT ( 'NONE',  ( 133.2967235828409116, -2.719290256036148268, 2.335959347864508207 ) ) ;
#6288 = DIRECTION ( 'NONE',  ( 0.0000000000000000000, 0.0000000000000000000, -1.000000000000000000 ) ) ;
#6289 = EDGE_LOOP ( 'NONE', ( #3674, #5303, #3, #7342 ) ) ;
#6290 = CARTESIAN_POINT ( 'NONE',  ( 31.60696125855821847, 5.000000000000000888, 5.000000000000000888 ) ) ;
#6291 = CARTESIAN_POINT ( 'NONE',  ( 43.12119496837503618, 1.500000000000000888, 4.842574995435345642 ) ) ;
#6292 = CARTESIAN_POINT ( 'NONE',  ( 132.0884893258046304, -1.999172773366332034, 0.06460479254687170880 ) ) ;
#6293 = ADVANCED_FACE ( 'NONE', ( #6151 ), #8180, .T. ) ;
#6294 = CARTESIAN_POINT ( 'NONE',  ( 29.20798124869501322, 0.7248694426161725879, 20.02456253001902198 ) ) ;
#6295 = DIRECTION ( 'NONE',  ( -1.000000000000000000, 0.0000000000000000000, -1.356728424568866558E-16 ) ) ;
#6296 = CARTESIAN_POINT ( 'NONE',  ( 21.29265927178764883, -6.850984917769558535, 23.86913984060295846 ) ) ;
#6297 = DIRECTION ( 'NONE',  ( -0.0000000000000000000, 1.000000000000000000, -0.0000000000000000000 ) ) ;
#6298 = B_SPLINE_CURVE_WITH_KNOTS ( 'NONE', 3,
 ( #7749, #3394, #9193, #8464, #4129, #4846 ),
 .UNSPECIFIED., .F., .F.,
 ( 4, 2, 4 ),
 ( -8.944272024186343241E-06, 0.0007523160029710451203, 0.001513576277966276716 ),
 .UNSPECIFIED. ) ;
#6299 = ORIENTED_EDGE ( 'NONE', *, *, #6816, .T. ) ;
#6300 = LINE ( 'NONE', #4599, #1966 ) ;
#6301 = ORIENTED_EDGE ( 'NONE', *, *, #2341, .F. ) ;
#6302 = FACE_OUTER_BOUND ( 'NONE', #6401, .T. ) ;
#6303 = AXIS2_PLACEMENT_3D ( 'NONE', #8777, #5154, #8087 ) ;
#6304 = VERTEX_POINT ( 'NONE', #5300 ) ;
#6305 = ORIENTED_EDGE ( 'NONE', *, *, #7564, .F. ) ;
#6306 = DIRECTION ( 'NONE',  ( 0.0000000000000000000, -1.000000000000000000, 0.0000000000000000000 ) ) ;
#6307 = PLANE ( 'NONE',  #8562 ) ;
#6308 = DIRECTION ( 'NONE',  ( 0.0000000000000000000, 0.0000000000000000000, 1.000000000000000000 ) ) ;
#6309 = LINE ( 'NONE', #2363, #9227 ) ;
#6310 = CARTESIAN_POINT ( 'NONE',  ( 32.20755830163491851, -5.063726056053685198, 4.482459188663653116 ) ) ;
#6311 = CARTESIAN_POINT ( 'NONE',  ( 6.045341297839941364E-15, -5.000000000000000888, 29.99999999999999645 ) ) ;
#6312 = ORIENTED_EDGE ( 'NONE', *, *, #315, .F. ) ;
#6313 = CARTESIAN_POINT ( 'NONE',  ( 14.35962191775895924, -5.008857987695155778, 34.09323539580162787 ) ) ;
#6314 = CIRCLE ( 'NONE', #6427, 0.4999999999999997224 ) ;
#6315 = EDGE_CURVE ( 'NONE', #688, #6773, #4218, .T. ) ;
#6316 = EDGE_LOOP ( 'NONE', ( #7076, #4573, #152, #1738 ) ) ;
#6317 = ORIENTED_EDGE ( 'NONE', *, *, #1926, .T. ) ;
#6318 = CARTESIAN_POINT ( 'NONE',  ( 132.0563205775779352, 1.931415467351652593, -0.5188999793022169849 ) ) ;
#6319 = EDGE_CURVE ( 'NONE', #5589, #613, #4764, .T. ) ;
#6320 = VERTEX_POINT ( 'NONE', #8922 ) ;
#6321 = CARTESIAN_POINT ( 'NONE',  ( 104.5228874831234407, -4.500000000000000888, -5.719177225785468721 ) ) ;
#6322 = CARTESIAN_POINT ( 'NONE',  ( 104.4958086988132635, -2.959015386090408040, -5.645442420190939892 ) ) ;
#6323 = DIRECTION ( 'NONE',  ( 0.0000000000000000000, -1.000000000000000000, 0.0000000000000000000 ) ) ;
#6324 = SPHERICAL_SURFACE ( 'NONE', #7377, 2.000000000000000000 ) ;
#6325 = DIRECTION ( 'NONE',  ( -0.0000000000000000000, -1.000000000000000000, -0.0000000000000000000 ) ) ;
#6326 = VERTEX_POINT ( 'NONE', #236 ) ;
#6327 = ORIENTED_EDGE ( 'NONE', *, *, #3741, .F. ) ;
#6328 = CARTESIAN_POINT ( 'NONE',  ( 34.44059871561920261, -1.500000000000000222, -4.768597539781694650 ) ) ;
#6329 = ORIENTED_EDGE ( 'NONE', *, *, #280, .T. ) ;
#6330 = EDGE_CURVE ( 'NONE', #7325, #7420, #7682, .T. ) ;
#6331 = CARTESIAN_POINT ( 'NONE',  ( 38.00000000000000000, 1.500000000000000888, 0.0000000000000000000 ) ) ;
#6332 = CARTESIAN_POINT ( 'NONE',  ( 49.32399612951925860, 3.500000000000000888, 5.500000000000000888 ) ) ;
#6333 = FACE_OUTER_BOUND ( 'NONE', #5352, .T. ) ;
#6334 = CARTESIAN_POINT ( 'NONE',  ( 131.6005967268911832, 0.2608585544883603169, 1.983507719674882486 ) ) ;
#6335 = DIRECTION ( 'NONE',  ( 0.0000000000000000000, 0.0000000000000000000, 1.000000000000000000 ) ) ;
#6336 = ORIENTED_EDGE ( 'NONE', *, *, #8397, .T. ) ;
#6337 = DIRECTION ( 'NONE',  ( -0.0000000000000000000, 1.000000000000000000, -0.0000000000000000000 ) ) ;
#6338 = ADVANCED_FACE ( 'NONE', ( #6631 ), #2392, .T. ) ;
#6339 = ORIENTED_EDGE ( 'NONE', *, *, #1926, .F. ) ;
#6340 = DIRECTION ( 'NONE',  ( 0.0000000000000000000, 0.0000000000000000000, 1.000000000000000000 ) ) ;
#6341 = AXIS2_PLACEMENT_3D ( 'NONE', #8269, #3827, #5289 ) ;
#6342 = FACE_OUTER_BOUND ( 'NONE', #3689, .T. ) ;
#6343 = CARTESIAN_POINT ( 'NONE',  ( 101.0263340389897166, -5.000000000000000888, 33.50000000000000000 ) ) ;
#6344 = CARTESIAN_POINT ( 'NONE',  ( 104.2607701631401653, 2.667817717044699499, 5.510432749579777578 ) ) ;
#6345 = EDGE_CURVE ( 'NONE', #3171, #4463, #4869, .T. ) ;
#6346 = CARTESIAN_POINT ( 'NONE',  ( 104.5228874831234407, -1.500000000000000888, -5.719177225785468721 ) ) ;
#6347 = CARTESIAN_POINT ( 'NONE',  ( 32.63318738391755858, -4.500000004003159582, 4.909559135209117464 ) ) ;
#6348 = CARTESIAN_POINT ( 'NONE',  ( 32.81495936757255549, -5.660316736670788273, -3.508605565362712841 ) ) ;
#6349 = EDGE_CURVE ( 'NONE', #7081, #5124, #6405, .T. ) ;
#6350 = CARTESIAN_POINT ( 'NONE',  ( 21.28860175200237137, -12.50000000000000000, 23.87293985656782880 ) ) ;
#6351 = ADVANCED_FACE ( 'NONE', ( #1500 ), #7621, .F. ) ;
#6352 = LINE ( 'NONE', #9183, #4388 ) ;
#6353 = AXIS2_PLACEMENT_3D ( 'NONE', #779, #7253, #7945 ) ;
#6354 = CARTESIAN_POINT ( 'NONE',  ( 35.05120377647956076, 1.044498002486532018, 11.60729555826912041 ) ) ;
#6355 = DIRECTION ( 'NONE',  ( -1.209068259567990442E-15, 0.0000000000000000000, 1.000000000000000000 ) ) ;
#6356 = CARTESIAN_POINT ( 'NONE',  ( 12.90106209202365761, 23.43849360530937176, -29.50198555647411780 ) ) ;
#6357 = CARTESIAN_POINT ( 'NONE',  ( 131.6609899625188120, 0.7332088042411248896, -1.858285183865799217 ) ) ;
#6358 = CYLINDRICAL_SURFACE ( 'NONE', #9151, 2.000000000000000000 ) ;
#6359 = CYLINDRICAL_SURFACE ( 'NONE', #7497, 4.500000000000003553 ) ;
#6360 = ORIENTED_EDGE ( 'NONE', *, *, #5116, .T. ) ;
#6361 = CARTESIAN_POINT ( 'NONE',  ( 32.86335345030996535, -5.562601063559827530, 3.000000000000000888 ) ) ;
#6362 = DIRECTION ( 'NONE',  ( 0.0000000000000000000, 0.0000000000000000000, 1.000000000000000000 ) ) ;
#6363 = AXIS2_PLACEMENT_3D ( 'NONE', #8663, #4235, #1381 ) ;
#6364 = CARTESIAN_POINT ( 'NONE',  ( 131.5922284557136948, 0.06667928892510419092, 1.999925964616892982 ) ) ;
#6365 = CARTESIAN_POINT ( 'NONE',  ( 49.32399612951925860, 4.000000000000000888, -18.50000000000000355 ) ) ;
#6366 = DIRECTION ( 'NONE',  ( -0.0000000000000000000, 1.000000000000000000, -0.0000000000000000000 ) ) ;
#6367 = LINE ( 'NONE', #4726, #8715 ) ;
#6368 = DIRECTION ( 'NONE',  ( 0.0000000000000000000, -1.000000000000000000, 0.0000000000000000000 ) ) ;
#6369 = B_SPLINE_CURVE_WITH_KNOTS ( 'NONE', 3,
 ( #4113, #3486, #3455, #5672, #4807, #2663 ),
 .UNSPECIFIED., .F., .F.,
 ( 4, 2, 4 ),
 ( 0.0000000000000000000, 0.0006716702414191143798, 0.001343340482838228760 ),
 .UNSPECIFIED. ) ;
#6370 = ORIENTED_EDGE ( 'NONE', *, *, #6171, .T. ) ;
#6371 = CARTESIAN_POINT ( 'NONE',  ( 0.0000000000000000000, -5.000000000000000888, 0.0000000000000000000 ) ) ;
#6372 = CARTESIAN_POINT ( 'NONE',  ( 110.0390811933892223, -5.000000000000000000, 9.112085191003643558 ) ) ;
#6373 = CARTESIAN_POINT ( 'NONE',  ( 49.32399612951925860, 3.500000000000000888, -18.50000000000000355 ) ) ;
#6374 = CARTESIAN_POINT ( 'NONE',  ( 32.85850909671091102, -5.480630114998152891, 3.054031308856519189 ) ) ;
#6375 = VERTEX_POINT ( 'NONE', #5427 ) ;
#6376 = CARTESIAN_POINT ( 'NONE',  ( 44.77527527801348839, -5.000000000000000888, 8.484554996652592607 ) ) ;
#6377 = CARTESIAN_POINT ( 'NONE',  ( 49.32399612951925860, 4.000000000000000888, 8.500000000000000000 ) ) ;
#6378 = ORIENTED_EDGE ( 'NONE', *, *, #8596, .T. ) ;
#6379 = ORIENTED_EDGE ( 'NONE', *, *, #4116, .T. ) ;
#6380 = CARTESIAN_POINT ( 'NONE',  ( 35.11935187655580393, 0.9720039171538050748, 11.56194532578513190 ) ) ;
#6381 = CARTESIAN_POINT ( 'NONE',  ( 14.40106209202366827, -13.43849360530937176, 32.10006176782744092 ) ) ;
#6382 = ADVANCED_FACE ( 'NONE', ( #6962 ), #2617, .F. ) ;
#6383 = CIRCLE ( 'NONE', #5291, 25.00000000000000000 ) ;
#6384 = EDGE_CURVE ( 'NONE', #3968, #4597, #6508, .T. ) ;
#6385 = EDGE_CURVE ( 'NONE', #2257, #7997, #4542, .T. ) ;
#6386 = CARTESIAN_POINT ( 'NONE',  ( 38.00000000000000000, 1.500000000000000888, -5.000000000000000000 ) ) ;
#6387 = ORIENTED_EDGE ( 'NONE', *, *, #8805, .F. ) ;
#6388 = CARTESIAN_POINT ( 'NONE',  ( 131.9396808517686850, 1.665148433935505601, 1.106166115843685294 ) ) ;
#6389 = CARTESIAN_POINT ( 'NONE',  ( 15.40106209202367182, 5.000000000000000888, 33.83211257539631589 ) ) ;
#6390 = CARTESIAN_POINT ( 'NONE',  ( 133.4721426316303621, 3.339653510804467818, -0.8755277861807289064 ) ) ;
#6391 = CYLINDRICAL_SURFACE ( 'NONE', #1854, 33.00000000000000000 ) ;
#6392 = CARTESIAN_POINT ( 'NONE',  ( 32.94220504128742277, -2.899011246875422110, 3.086464949003091984 ) ) ;
#6393 = CARTESIAN_POINT ( 'NONE',  ( 0.0000000000000000000, 4.000000000000000888, -34.00000000000000000 ) ) ;
#6394 =( GEOMETRIC_REPRESENTATION_CONTEXT ( 3 ) GLOBAL_UNCERTAINTY_ASSIGNED_CONTEXT ( ( #6594 ) ) GLOBAL_UNIT_ASSIGNED_CONTEXT ( ( #3989, #4709, #370 ) ) REPRESENTATION_CONTEXT ( 'NONE', 'WORKASPACE' ) );
#6395 = ORIENTED_EDGE ( 'NONE', *, *, #7673, .F. ) ;
#6396 = CARTESIAN_POINT ( 'NONE',  ( 132.0857978830378556, -1.993585109354517160, -0.1606569843334662018 ) ) ;
#6397 = ADVANCED_FACE ( 'NONE', ( #2848 ), #8288, .T. ) ;
#6398 = DIRECTION ( 'NONE',  ( 0.0000000000000000000, 0.0000000000000000000, -1.000000000000000000 ) ) ;
#6399 = CARTESIAN_POINT ( 'NONE',  ( 32.40370349203930544, -7.000000000000000888, 3.000000000000000888 ) ) ;
#6400 = CARTESIAN_POINT ( 'NONE',  ( 17.99999999999995737, 5.000000000000000888, 32.33161507461908002 ) ) ;
#6401 = EDGE_LOOP ( 'NONE', ( #8319, #3181, #1057, #5372 ) ) ;
#6402 = CARTESIAN_POINT ( 'NONE',  ( 2.204364238465235033E-15, 2.500000000000000444, 12.00000000000000355 ) ) ;
#6403 = EDGE_LOOP ( 'NONE', ( #8517, #6042, #3905, #2218 ) ) ;
#6404 = EDGE_CURVE ( 'NONE', #2996, #153, #7083, .T. ) ;
#6405 = LINE ( 'NONE', #355, #2291 ) ;
#6406 = ORIENTED_EDGE ( 'NONE', *, *, #5898, .F. ) ;
#6407 = EDGE_CURVE ( 'NONE', #8375, #6990, #1608, .T. ) ;
#6408 = ORIENTED_EDGE ( 'NONE', *, *, #7989, .F. ) ;
#6409 = CARTESIAN_POINT ( 'NONE',  ( 120.0000000000000000, -5.000000000000000888, 0.0000000000000000000 ) ) ;
#6410 = AXIS2_PLACEMENT_3D ( 'NONE', #2316, #2344, #5986 ) ;
#6411 = DIRECTION ( 'NONE',  ( 1.000000000000000000, 0.0000000000000000000, -1.356728424568866558E-16 ) ) ;
#6412 = PLANE ( 'NONE',  #1153 ) ;
#6413 = CARTESIAN_POINT ( 'NONE',  ( 32.83936690474894249, -5.246779014516655515, 3.255774175274140259 ) ) ;
#6414 = CARTESIAN_POINT ( 'NONE',  ( 0.0000000000000000000, -3.500000000000000888, 0.0000000000000000000 ) ) ;
#6415 = CARTESIAN_POINT ( 'NONE',  ( 15.08460647348984729, 5.000000000000002665, 35.00000000000000000 ) ) ;
#6416 = ORIENTED_EDGE ( 'NONE', *, *, #9277, .F. ) ;
#6417 = DIRECTION ( 'NONE',  ( 0.0000000000000000000, 1.000000000000000000, 0.0000000000000000000 ) ) ;
#6418 = CARTESIAN_POINT ( 'NONE',  ( 132.0382693074191423, 1.892332282186486303, -0.6462712728691722974 ) ) ;
#6419 = ORIENTED_EDGE ( 'NONE', *, *, #1547, .T. ) ;
#6420 = EDGE_CURVE ( 'NONE', #6102, #3421, #4657, .T. ) ;
#6421 = CARTESIAN_POINT ( 'NONE',  ( 28.51304367304962994, -4.500000000000000888, 16.61343855132842151 ) ) ;
#6422 = VERTEX_POINT ( 'NONE', #4728 ) ;
#6423 = CARTESIAN_POINT ( 'NONE',  ( 32.65163208096986835, 5.010615929592319162, -4.782857142857142030 ) ) ;
#6424 = LINE ( 'NONE', #4749, #7212 ) ;
#6425 = VERTEX_POINT ( 'NONE', #394 ) ;
#6426 = CARTESIAN_POINT ( 'NONE',  ( 131.9105789464444740, 1.593281620573461010, -1.208410653318437111 ) ) ;
#6427 = AXIS2_PLACEMENT_3D ( 'NONE', #3592, #3620, #4341 ) ;
#6428 = CARTESIAN_POINT ( 'NONE',  ( 133.4995918349408157, 3.428313030199571010, 0.1226733160216069013 ) ) ;
#6429 = FACE_OUTER_BOUND ( 'NONE', #3331, .T. ) ;
#6430 = DIRECTION ( 'NONE',  ( -0.0000000000000000000, -1.000000000000000000, -0.0000000000000000000 ) ) ;
#6431 = FACE_OUTER_BOUND ( 'NONE', #5453, .T. ) ;
#6432 = CARTESIAN_POINT ( 'NONE',  ( 10.03027150280467339, 23.43849360530937176, -30.37293985656784301 ) ) ;
#6433 = CARTESIAN_POINT ( 'NONE',  ( 131.6557742201254939, 0.7078863019432812820, 1.869894689036276203 ) ) ;
#6434 = VERTEX_POINT ( 'NONE', #8280 ) ;
#6435 = ORIENTED_EDGE ( 'NONE', *, *, #7833, .F. ) ;
#6436 = CARTESIAN_POINT ( 'NONE',  ( 12.90106209202365761, 12.50000000000000000, 32.50198555647411780 ) ) ;
#6437 = DIRECTION ( 'NONE',  ( -0.2903181000312410331, 0.0000000000000000000, -0.9569301964063264831 ) ) ;
#6438 = ADVANCED_FACE ( 'NONE', ( #2970 ), #6269, .T. ) ;
#6439 = AXIS2_PLACEMENT_3D ( 'NONE', #6830, #1796, #6900 ) ;
#6440 = VECTOR ( 'NONE', #4550, 1000.000000000000000 ) ;
#6441 = AXIS2_PLACEMENT_3D ( 'NONE', #2794, #8654, #5716 ) ;
#6442 = ORIENTED_EDGE ( 'NONE', *, *, #3438, .T. ) ;
#6443 = ORIENTED_EDGE ( 'NONE', *, *, #3656, .F. ) ;
#6444 = CARTESIAN_POINT ( 'NONE',  ( 27.32801192892256026, -4.941937439210523308, -18.03159928022531489 ) ) ;
#6445 = DIRECTION ( 'NONE',  ( -0.0000000000000000000, -1.000000000000000000, 0.0000000000000000000 ) ) ;
#6446 = CARTESIAN_POINT ( 'NONE',  ( 32.65753250605236246, -4.516144955204912215, 4.744727984928180931 ) ) ;
#6447 = CARTESIAN_POINT ( 'NONE',  ( 12.17310579132643866, 4.033782048134933795, -35.00000000000000000 ) ) ;
#6448 = EDGE_CURVE ( 'NONE', #8198, #3633, #1268, .T. ) ;
#6449 = FACE_OUTER_BOUND ( 'NONE', #8326, .T. ) ;
#6450 = CARTESIAN_POINT ( 'NONE',  ( 49.32399612951925860, -4.000000000000000888, 7.500000000000000888 ) ) ;
#6451 = CARTESIAN_POINT ( 'NONE',  ( 17.99999999999996447, 0.0000000000000000000, 28.00000000000002132 ) ) ;
#6452 = DIRECTION ( 'NONE',  ( 0.0000000000000000000, 1.000000000000000000, -0.0000000000000000000 ) ) ;
#6453 = AXIS2_PLACEMENT_3D ( 'NONE', #7687, #4843, #2572 ) ;
#6454 = FACE_OUTER_BOUND ( 'NONE', #3557, .T. ) ;
#6455 = CARTESIAN_POINT ( 'NONE',  ( 132.0069318360456805, 1.822693070542181770, 0.8215726092820636595 ) ) ;
#6456 = CARTESIAN_POINT ( 'NONE',  ( 133.3149576352198267, 2.789671596144387866, 2.230000848200085706 ) ) ;
#6457 = ORIENTED_EDGE ( 'NONE', *, *, #2984, .T. ) ;
#6458 = VERTEX_POINT ( 'NONE', #4665 ) ;
#6459 = DIRECTION ( 'NONE',  ( 0.0000000000000000000, 0.0000000000000000000, -1.000000000000000000 ) ) ;
#6460 = CARTESIAN_POINT ( 'NONE',  ( 131.6266397132629891, 0.5200124878470708811, 1.930968773818610540 ) ) ;
#6461 = DIRECTION ( 'NONE',  ( 0.0000000000000000000, 0.0000000000000000000, -1.000000000000000000 ) ) ;
#6462 = LINE ( 'NONE', #1718, #7368 ) ;
#6463 = CARTESIAN_POINT ( 'NONE',  ( 104.5228874831234407, 3.500000000000000888, -5.719177225785468721 ) ) ;
#6464 = LINE ( 'NONE', #6928, #2246 ) ;
#6465 = CARTESIAN_POINT ( 'NONE',  ( 132.9491454697852646, -0.2847495935503416287, -3.817024324761137066 ) ) ;
#6466 = CARTESIAN_POINT ( 'NONE',  ( 49.32399612951925860, 4.500000000000000888, -6.000000000000005329 ) ) ;
#6467 = CARTESIAN_POINT ( 'NONE',  ( 27.02727119099147046, 4.799145003874219384, -21.59853086262585009 ) ) ;
#6468 = DIRECTION ( 'NONE',  ( 0.0000000000000000000, 0.0000000000000000000, -1.000000000000000000 ) ) ;
#6469 = CARTESIAN_POINT ( 'NONE',  ( 131.7553762017040526, 1.140304727026322462, -1.642034264901372387 ) ) ;
#6470 = AXIS2_PLACEMENT_3D ( 'NONE', #6243, #1094, #5503 ) ;
#6471 = FACE_OUTER_BOUND ( 'NONE', #7533, .T. ) ;
#6472 = CARTESIAN_POINT ( 'NONE',  ( 28.40487454993199634, -4.663631872873279072, 16.74441413874824747 ) ) ;
#6473 = CARTESIAN_POINT ( 'NONE',  ( 21.56782950090908813, 5.426550321499562735, -22.12114131338064738 ) ) ;
#6474 = ADVANCED_FACE ( 'NONE', ( #3296 ), #130, .F. ) ;
#6475 = VERTEX_POINT ( 'NONE', #4066 ) ;
#6476 = CARTESIAN_POINT ( 'NONE',  ( 34.64101615137754209, 6.999999999999996447, -3.000000000000001332 ) ) ;
#6477 = CARTESIAN_POINT ( 'NONE',  ( 131.9260381486915037, 1.631837547566811208, -1.155240042848631354 ) ) ;
#6478 = CARTESIAN_POINT ( 'NONE',  ( 131.6559031295870454, -0.7070720878355476469, -1.869438612886278550 ) ) ;
#6479 = VECTOR ( 'NONE', #7825, 1000.000000000000000 ) ;
#6480 = EDGE_LOOP ( 'NONE', ( #6844, #240, #9091, #8911, #2787, #1568, #471, #4927, #2415, #3535, #912, #8741, #7638, #6277, #2769, #4771 ) ) ;
#6481 = DIRECTION ( 'NONE',  ( -0.0000000000000000000, -1.000000000000000000, -0.0000000000000000000 ) ) ;
#6482 = CARTESIAN_POINT ( 'NONE',  ( 18.00000000000003908, 5.000000000000000888, -34.00000000000000000 ) ) ;
#6483 = AXIS2_PLACEMENT_3D ( 'NONE', #8404, #5504, #6246 ) ;
#6484 = CARTESIAN_POINT ( 'NONE',  ( 131.8345609535949734, 1.390208419402514384, -1.438167978045886253 ) ) ;
#6485 = DIRECTION ( 'NONE',  ( -1.000000000000000000, 0.0000000000000000000, 0.0000000000000000000 ) ) ;
#6486 = DIRECTION ( 'NONE',  ( 0.0000000000000000000, 0.0000000000000000000, 1.000000000000000000 ) ) ;
#6487 = CARTESIAN_POINT ( 'NONE',  ( 17.99999999999997158, 5.510910596163091528E-16, 23.50000000000002487 ) ) ;
#6488 = LINE ( 'NONE', #6870, #3965 ) ;
#6489 = EDGE_LOOP ( 'NONE', ( #7176, #6526, #5497, #2710, #8537, #9236, #5425, #3854, #3419, #5248, #7863, #1891, #7218, #238, #824, #7981 ) ) ;
#6490 = EDGE_CURVE ( 'NONE', #1844, #1030, #4888, .T. ) ;
#6491 = ORIENTED_EDGE ( 'NONE', *, *, #6052, .F. ) ;
#6492 = DIRECTION ( 'NONE',  ( -0.0000000000000000000, 1.000000000000000000, -0.0000000000000000000 ) ) ;
#6493 = CARTESIAN_POINT ( 'NONE',  ( 45.18879535542310322, 5.000000000000000000, 9.395049996956901239 ) ) ;
#6494 = CARTESIAN_POINT ( 'NONE',  ( 49.32399612951925860, -1.500000000000000888, 3.500000000000000444 ) ) ;
#6495 = CARTESIAN_POINT ( 'NONE',  ( 26.43593320509993561, 4.967838409175845626, -21.72906304604714123 ) ) ;
#6496 = CARTESIAN_POINT ( 'NONE',  ( 11.41147449096652977, 4.925272861343207964, -35.00000000000000000 ) ) ;
#6497 = VECTOR ( 'NONE', #8264, 1000.000000000000000 ) ;
#6498 = DIRECTION ( 'NONE',  ( 0.0000000000000000000, 1.000000000000000000, 0.0000000000000000000 ) ) ;
#6499 = VERTEX_POINT ( 'NONE', #7668 ) ;
#6500 = AXIS2_PLACEMENT_3D ( 'NONE', #7046, #6924, #2549 ) ;
#6501 = CARTESIAN_POINT ( 'NONE',  ( 49.32399612951925860, -3.500000000000000888, -18.50000000000000355 ) ) ;
#6502 = DIRECTION ( 'NONE',  ( -0.0000000000000000000, -1.000000000000000000, -0.0000000000000000000 ) ) ;
#6503 = CARTESIAN_POINT ( 'NONE',  ( 38.00000000000000000, 19.73542744538947247, 3.000000000000000000 ) ) ;
#6504 = VERTEX_POINT ( 'NONE', #1866 ) ;
#6505 = EDGE_CURVE ( 'NONE', #2322, #2667, #7846, .T. ) ;
#6506 = CARTESIAN_POINT ( 'NONE',  ( 0.0000000000000000000, 3.500000000000000888, 0.0000000000000000000 ) ) ;
#6507 = DIRECTION ( 'NONE',  ( 0.0000000000000000000, 0.0000000000000000000, -1.000000000000000000 ) ) ;
#6508 = CIRCLE ( 'NONE', #8389, 0.9999999999999987788 ) ;
#6509 = EDGE_CURVE ( 'NONE', #3793, #2292, #3982, .T. ) ;
#6510 = ORIENTED_EDGE ( 'NONE', *, *, #1006, .T. ) ;
#6511 = CARTESIAN_POINT ( 'NONE',  ( 131.8535236199036262, 1.443259233768679595, 1.385127745887908546 ) ) ;
#6512 = CARTESIAN_POINT ( 'NONE',  ( 133.1801682526097466, 2.218015609837196589, -2.921437871961741095 ) ) ;
#6513 = CARTESIAN_POINT ( 'NONE',  ( 21.00686250028176616, 6.038560876695167501, 22.75106345769255611 ) ) ;
#6514 = AXIS2_PLACEMENT_3D ( 'NONE', #582, #2050, #7910 ) ;
#6515 = ORIENTED_EDGE ( 'NONE', *, *, #2885, .T. ) ;
#6516 = CARTESIAN_POINT ( 'NONE',  ( 44.77527527801350260, 4.000000000000000888, -8.484554996652590830 ) ) ;
#6517 = DIRECTION ( 'NONE',  ( 0.0000000000000000000, 0.0000000000000000000, 1.000000000000000000 ) ) ;
#6518 = CIRCLE ( 'NONE', #4863, 2.000000000000000000 ) ;
#6519 = CARTESIAN_POINT ( 'NONE',  ( 131.7340380410190903, 1.061745131075992887, 1.693866949873533478 ) ) ;
#6520 = CARTESIAN_POINT ( 'NONE',  ( 44.77527527801348839, -4.000000000000000888, 8.484554996652592607 ) ) ;
#6521 = CARTESIAN_POINT ( 'NONE',  ( 101.0263340389897166, -4.000000000000000888, -33.50000000000000000 ) ) ;
#6522 = ORIENTED_EDGE ( 'NONE', *, *, #147, .T. ) ;
#6523 = CARTESIAN_POINT ( 'NONE',  ( 26.57019048136338313, 4.996792190126211786, 18.92067317677953397 ) ) ;
#6524 = ADVANCED_FACE ( 'NONE', ( #1382 ), #814, .T. ) ;
#6525 = EDGE_CURVE ( 'NONE', #2912, #5577, #2736, .T. ) ;
#6526 = ORIENTED_EDGE ( 'NONE', *, *, #1444, .T. ) ;
#6527 = ORIENTED_EDGE ( 'NONE', *, *, #3979, .F. ) ;
#6528 = DIRECTION ( 'NONE',  ( 0.0000000000000000000, 1.000000000000000000, 0.0000000000000000000 ) ) ;
#6529 = AXIS2_PLACEMENT_3D ( 'NONE', #5635, #1927, #4895 ) ;
#6530 = CARTESIAN_POINT ( 'NONE',  ( 133.4857238445884207, -3.383581602837515412, -0.6238260650060530876 ) ) ;
#6531 = DIRECTION ( 'NONE',  ( 0.0000000000000000000, 0.0000000000000000000, 1.000000000000000000 ) ) ;
#6532 = CIRCLE ( 'NONE', #6086, 30.00000000000000000 ) ;
#6533 = CARTESIAN_POINT ( 'NONE',  ( 13.65705554715836101, 4.892820080638579761, -35.00000000000000000 ) ) ;
#6534 = VERTEX_POINT ( 'NONE', #1919 ) ;
#6535 = CARTESIAN_POINT ( 'NONE',  ( 110.5428369186561923, -4.959306111323607880, 9.640576585164794210 ) ) ;
#6536 = EDGE_LOOP ( 'NONE', ( #8494, #9204 ) ) ;
#6537 = CARTESIAN_POINT ( 'NONE',  ( 131.7631056160328740, 1.167291780483092234, -1.623144776677508005 ) ) ;
#6538 = EDGE_LOOP ( 'NONE', ( #227, #976, #7950, #9403 ) ) ;
#6539 = EDGE_CURVE ( 'NONE', #219, #5960, #1036, .T. ) ;
#6540 = VERTEX_POINT ( 'NONE', #5563 ) ;
#6541 = CARTESIAN_POINT ( 'NONE',  ( 120.0000000000000000, 12.50000000000000000, -9.000000000000008882 ) ) ;
#6542 = DIRECTION ( 'NONE',  ( 0.0000000000000000000, 0.0000000000000000000, -1.000000000000000000 ) ) ;
#6543 = CARTESIAN_POINT ( 'NONE',  ( 18.00000000000000000, 4.000000000000000888, 35.00000000000000000 ) ) ;
#6544 = CARTESIAN_POINT ( 'NONE',  ( 131.6396323414452354, -0.6087536422894140875, 1.903940949149378614 ) ) ;
#6545 = VECTOR ( 'NONE', #5665, 1000.000000000000000 ) ;
#6546 = CIRCLE ( 'NONE', #1714, 1.000000000000000888 ) ;
#6547 = VERTEX_POINT ( 'NONE', #525 ) ;
#6548 = CARTESIAN_POINT ( 'NONE',  ( 131.8124260292183010, 1.325134551320517273, 1.497902872885297443 ) ) ;
#6549 = CARTESIAN_POINT ( 'NONE',  ( 133.1624341953898636, 2.131500281985250655, -3.000326752425591881 ) ) ;
#6550 = ORIENTED_EDGE ( 'NONE', *, *, #7478, .T. ) ;
#6551 = ORIENTED_EDGE ( 'NONE', *, *, #3174, .T. ) ;
#6552 = CARTESIAN_POINT ( 'NONE',  ( 132.9453226799689958, -0.001418748314766481167, -3.829963539184011445 ) ) ;
#6553 = CARTESIAN_POINT ( 'NONE',  ( 104.5228874831234407, -3.500000000000000888, 5.719177225785473162 ) ) ;
#6554 = CARTESIAN_POINT ( 'NONE',  ( 32.86335345030996535, -5.562601063559831083, -3.000000000000000888 ) ) ;
#6555 = CYLINDRICAL_SURFACE ( 'NONE', #8809, 2.000000000000000444 ) ;
#6556 = CARTESIAN_POINT ( 'NONE',  ( 131.6791033036116403, 0.8293448441461468423, 1.819273786721852915 ) ) ;
#6557 = EDGE_LOOP ( 'NONE', ( #2340, #4914, #7243, #4444 ) ) ;
#6558 = EDGE_CURVE ( 'NONE', #7222, #6637, #1831, .T. ) ;
#6559 = CARTESIAN_POINT ( 'NONE',  ( 133.3947894213492020, 3.080427143447553195, 1.698225307955499197 ) ) ;
#6560 = ORIENTED_EDGE ( 'NONE', *, *, #1533, .T. ) ;
#6561 = CARTESIAN_POINT ( 'NONE',  ( 49.32399612951925860, 5.000000000000000888, -6.000000000000009770 ) ) ;
#6562 = CARTESIAN_POINT ( 'NONE',  ( 8.116411109992025530, 7.000000000000002665, -30.95357605663032174 ) ) ;
#6563 = ORIENTED_EDGE ( 'NONE', *, *, #8496, .T. ) ;
#6564 = EDGE_CURVE ( 'NONE', #8375, #7651, #5451, .T. ) ;
#6565 = AXIS2_PLACEMENT_3D ( 'NONE', #2776, #1199, #1297 ) ;
#6566 = FACE_OUTER_BOUND ( 'NONE', #5242, .T. ) ;
#6567 = CARTESIAN_POINT ( 'NONE',  ( 133.4075024848723103, -3.123630992171771759, -1.581869905846478908 ) ) ;
#6568 = DIRECTION ( 'NONE',  ( -0.0000000000000000000, 1.000000000000000000, -0.0000000000000000000 ) ) ;
#6569 = CARTESIAN_POINT ( 'NONE',  ( 28.10675701869502419, 4.000000000000006217, -21.07179676972446458 ) ) ;
#6570 = CARTESIAN_POINT ( 'NONE',  ( 13.26512257322379185, 4.042296414261334903, -35.00000000000000000 ) ) ;
#6571 = EDGE_CURVE ( 'NONE', #6922, #9234, #3534, .T. ) ;
#6572 = EDGE_CURVE ( 'NONE', #3700, #2057, #2062, .T. ) ;
#6573 = EDGE_CURVE ( 'NONE', #4420, #2856, #9081, .T. ) ;
#6574 = CYLINDRICAL_SURFACE ( 'NONE', #1757, 30.00000000000000000 ) ;
#6575 = DIRECTION ( 'NONE',  ( 0.0000000000000000000, 0.0000000000000000000, -1.000000000000000000 ) ) ;
#6576 = CARTESIAN_POINT ( 'NONE',  ( 11.44539935979833878, -4.012368233432360931, -35.00000000000000000 ) ) ;
#6577 = ADVANCED_FACE ( 'NONE', ( #6623 ), #4099, .F. ) ;
#6578 = ADVANCED_FACE ( 'NONE', ( #7196 ), #8438, .T. ) ;
#6579 = CARTESIAN_POINT ( 'NONE',  ( 34.16526381392011302, 6.405309578177925900, -3.042894998125260209 ) ) ;
#6580 = CARTESIAN_POINT ( 'NONE',  ( 131.8646819462023529, -1.473313715065210028, 1.352785488433409400 ) ) ;
#6581 = CARTESIAN_POINT ( 'NONE',  ( 34.64101615137754919, 7.000000000000002665, 3.000000000000000444 ) ) ;
#6582 = CARTESIAN_POINT ( 'NONE',  ( 104.5228874831234407, -4.500000000000000888, -5.719177225785468721 ) ) ;
#6583 = CARTESIAN_POINT ( 'NONE',  ( 133.1361885165669889, 1.996751816451548533, -3.113200762271113753 ) ) ;
#6584 = CARTESIAN_POINT ( 'NONE',  ( 21.00412590757732545, 6.527510870931799936, 23.37302750546725605 ) ) ;
#6585 = VECTOR ( 'NONE', #7893, 1000.000000000000000 ) ;
#6586 = CARTESIAN_POINT ( 'NONE',  ( 103.9061816775918459, -1.500000000000000888, 3.638545286968392745 ) ) ;
#6587 = CARTESIAN_POINT ( 'NONE',  ( 13.65577711147264317, -5.022521367682083238, 34.15033017895672884 ) ) ;
#6588 = EDGE_CURVE ( 'NONE', #6540, #6326, #4741, .T. ) ;
#6589 = CARTESIAN_POINT ( 'NONE',  ( 32.11308144666281805, 4.500000000000000888, -5.000000000000000000 ) ) ;
#6590 = FACE_OUTER_BOUND ( 'NONE', #5143, .T. ) ;
#6591 = CARTESIAN_POINT ( 'NONE',  ( 0.0000000000000000000, 5.000000000000000888, 0.0000000000000000000 ) ) ;
#6592 = ORIENTED_EDGE ( 'NONE', *, *, #104, .F. ) ;
#6593 = AXIS2_PLACEMENT_3D ( 'NONE', #6371, #4873, #1270 ) ;
#6594 = UNCERTAINTY_MEASURE_WITH_UNIT (LENGTH_MEASURE( 1.000000000000000082E-05 ), #3989, 'distance_accuracy_value', 'NONE');
#6595 = CARTESIAN_POINT ( 'NONE',  ( 18.00000000000003197, -7.000000000000000888, -30.02221399786052913 ) ) ;
#6596 = LINE ( 'NONE', #5973, #548 ) ;
#6597 = CARTESIAN_POINT ( 'NONE',  ( 133.3475227341163531, -2.910857983370883861, -2.024008683667163133 ) ) ;
#6598 = EDGE_CURVE ( 'NONE', #3664, #1138, #118, .T. ) ;
#6599 = ORIENTED_EDGE ( 'NONE', *, *, #5691, .T. ) ;
#6600 = DIRECTION ( 'NONE',  ( 1.000000000000000000, 0.0000000000000000000, 0.0000000000000000000 ) ) ;
#6601 = CARTESIAN_POINT ( 'NONE',  ( 13.62901839278261740, -4.033782051319231066, -35.00000000000000000 ) ) ;
#6602 = AXIS2_PLACEMENT_3D ( 'NONE', #829, #7354, #2376 ) ;
#6603 = CARTESIAN_POINT ( 'NONE',  ( 6.783642122844339693E-16, 5.000000000000000888, 5.000000000000005329 ) ) ;
#6604 = CIRCLE ( 'NONE', #2104, 2.000000000000000888 ) ;
#6605 = CARTESIAN_POINT ( 'NONE',  ( 32.66933226838616378, 5.028316117009503650, -4.604026603769195702 ) ) ;
#6606 = CARTESIAN_POINT ( 'NONE',  ( 131.8802823767090047, -1.514482419034087091, 1.305925757946017285 ) ) ;
#6607 = CARTESIAN_POINT ( 'NONE',  ( 49.32399612951925860, -1.500000000000000888, -18.50000000000000355 ) ) ;
#6608 = ORIENTED_EDGE ( 'NONE', *, *, #8460, .T. ) ;
#6609 = ORIENTED_EDGE ( 'NONE', *, *, #2342, .T. ) ;
#6610 = CARTESIAN_POINT ( 'NONE',  ( 133.1022998695062256, 1.810094772567650390, -3.253430433158984947 ) ) ;
#6611 = CARTESIAN_POINT ( 'NONE',  ( 21.29265927178764883, 6.850984917769558535, 23.86913984060295846 ) ) ;
#6612 = EDGE_CURVE ( 'NONE', #2046, #5915, #3873, .T. ) ;
#6613 = FACE_OUTER_BOUND ( 'NONE', #962, .T. ) ;
#6614 = PLANE ( 'NONE',  #1923 ) ;
#6615 = ORIENTED_EDGE ( 'NONE', *, *, #9263, .T. ) ;
#6616 = AXIS2_PLACEMENT_3D ( 'NONE', #7840, #5042, #4973 ) ;
#6617 = CARTESIAN_POINT ( 'NONE',  ( 131.6185565325567950, 0.4497477534459681792, -1.947451822976548730 ) ) ;
#6618 = CARTESIAN_POINT ( 'NONE',  ( 32.66152951415597983, 4.525641703473033850, -4.714285714285716189 ) ) ;
#6619 = DIRECTION ( 'NONE',  ( 0.0000000000000000000, -1.000000000000000000, 0.0000000000000000000 ) ) ;
#6620 = EDGE_LOOP ( 'NONE', ( #4693, #2384, #922, #1301 ) ) ;
#6621 = ADVANCED_FACE ( 'NONE', ( #3767 ), #5209, .F. ) ;
#6622 = ADVANCED_FACE ( 'NONE', ( #7954 ), #4204, .F. ) ;
#6623 = FACE_OUTER_BOUND ( 'NONE', #5812, .T. ) ;
#6624 = EDGE_CURVE ( 'NONE', #5340, #7420, #7401, .T. ) ;
#6625 = EDGE_LOOP ( 'NONE', ( #140, #3804, #1175, #313 ) ) ;
#6626 = DIRECTION ( 'NONE',  ( 0.0000000000000000000, 1.000000000000000000, 0.0000000000000000000 ) ) ;
#6627 = CARTESIAN_POINT ( 'NONE',  ( 31.60696125855821847, 12.50000000000000000, 3.000000000000000888 ) ) ;
#6628 = CARTESIAN_POINT ( 'NONE',  ( 133.1027067210266068, -1.813395692778574153, 3.251784730352222930 ) ) ;
#6629 = CARTESIAN_POINT ( 'NONE',  ( 32.78855241221399552, -4.869170933243572641, -3.734084723912783677 ) ) ;
#6630 = ORIENTED_EDGE ( 'NONE', *, *, #7696, .T. ) ;
#6631 = FACE_OUTER_BOUND ( 'NONE', #4068, .T. ) ;
#6632 = AXIS2_PLACEMENT_3D ( 'NONE', #5526, #413, #3425 ) ;
#6633 = ORIENTED_EDGE ( 'NONE', *, *, #1191, .T. ) ;
#6634 = CARTESIAN_POINT ( 'NONE',  ( 25.86480664389696571, -4.999136396607791966, 19.72897977732953123 ) ) ;
#6635 = CARTESIAN_POINT ( 'NONE',  ( 131.5921909113547201, 0.002176896479736009377, 1.999998769418139144 ) ) ;
#6636 = CARTESIAN_POINT ( 'NONE',  ( 19.09893790797643121, -12.50000000000000000, -25.92364028572990620 ) ) ;
#6637 = VERTEX_POINT ( 'NONE', #4270 ) ;
#6638 = EDGE_CURVE ( 'NONE', #8735, #8860, #4208, .T. ) ;
#6639 = CARTESIAN_POINT ( 'NONE',  ( 131.6186632782532229, 0.4527201377530948867, 1.947212475848289381 ) ) ;
#6640 = CARTESIAN_POINT ( 'NONE',  ( 131.9519308578813082, -1.693955812998941379, 1.062290715198614288 ) ) ;
#6641 = DIRECTION ( 'NONE',  ( 0.9880948137434715228, 0.0000000000000000000, -0.1538461538461539102 ) ) ;
#6642 = ORIENTED_EDGE ( 'NONE', *, *, #1658, .T. ) ;
#6643 = ORIENTED_EDGE ( 'NONE', *, *, #49, .T. ) ;
#6644 = AXIS2_PLACEMENT_3D ( 'NONE', #2569, #3228, #8360 ) ;
#6645 = ORIENTED_EDGE ( 'NONE', *, *, #9264, .F. ) ;
#6646 = DIRECTION ( 'NONE',  ( 0.0000000000000000000, 0.0000000000000000000, -1.000000000000000000 ) ) ;
#6647 = CYLINDRICAL_SURFACE ( 'NONE', #7086, 7.999999999999996447 ) ;
#6648 = CARTESIAN_POINT ( 'NONE',  ( 49.32399612951925860, -5.000000000000000888, -18.50000000000000355 ) ) ;
#6649 = ORIENTED_EDGE ( 'NONE', *, *, #3191, .T. ) ;
#6650 = DIRECTION ( 'NONE',  ( 0.0000000000000000000, -1.740523610644402991E-16, 1.000000000000000000 ) ) ;
#6651 = CARTESIAN_POINT ( 'NONE',  ( 21.28548516706536375, -8.001335134993814435, 27.98908799557249338 ) ) ;
#6652 = DIRECTION ( 'NONE',  ( 0.0000000000000000000, -1.000000000000000000, 0.0000000000000000000 ) ) ;
#6653 = CARTESIAN_POINT ( 'NONE',  ( 13.62901839278261917, 4.033782051319229289, -35.00000000000000000 ) ) ;
#6654 = TOROIDAL_SURFACE ( 'NONE', #5036, 60.99999999999999289, 1.000000000000000000 ) ;
#6655 = VERTEX_POINT ( 'NONE', #3567 ) ;
#6656 = CIRCLE ( 'NONE', #5966, 30.00000000000000000 ) ;
#6657 = ORIENTED_EDGE ( 'NONE', *, *, #4045, .T. ) ;
#6658 = ORIENTED_EDGE ( 'NONE', *, *, #5299, .F. ) ;
#6659 = CARTESIAN_POINT ( 'NONE',  ( 21.68060124781833409, -7.984270708231275826, -27.46736659107957834 ) ) ;
#6660 = AXIS2_PLACEMENT_3D ( 'NONE', #7138, #5677, #8556 ) ;
#6661 = CARTESIAN_POINT ( 'NONE',  ( 133.1367901899831736, -2.002071283257427670, -3.111237625257164296 ) ) ;
#6662 = CARTESIAN_POINT ( 'NONE',  ( 29.10131523572513856, -1.448022057737226698, -20.12369216944651740 ) ) ;
#6663 = CARTESIAN_POINT ( 'NONE',  ( 108.6462886193108517, 5.000000000000000888, 8.814379904055462234 ) ) ;
#6664 = CARTESIAN_POINT ( 'NONE',  ( 0.0000000000000000000, -3.500000000000000888, 0.0000000000000000000 ) ) ;
#6665 = CARTESIAN_POINT ( 'NONE',  ( 110.3841219434421248, 5.654907255572429570, -9.478599482409039823 ) ) ;
#6666 = CARTESIAN_POINT ( 'NONE',  ( 128.7749643873921173, 2.168404344971008868E-16, 2.000000000000000000 ) ) ;
#6667 = FACE_OUTER_BOUND ( 'NONE', #1411, .T. ) ;
#6668 = ORIENTED_EDGE ( 'NONE', *, *, #2175, .T. ) ;
#6669 = ORIENTED_EDGE ( 'NONE', *, *, #6448, .T. ) ;
#6670 = ORIENTED_EDGE ( 'NONE', *, *, #7195, .T. ) ;
#6671 = DIRECTION ( 'NONE',  ( -0.0000000000000000000, -1.000000000000000000, -0.0000000000000000000 ) ) ;
#6672 = EDGE_LOOP ( 'NONE', ( #4670, #8956, #5435, #8793 ) ) ;
#6673 = CARTESIAN_POINT ( 'NONE',  ( 30.04340952465769377, 2.208024606454899175, 14.72813076439807389 ) ) ;
#6674 = ADVANCED_FACE ( 'NONE', ( #2054 ), #6, .T. ) ;
#6675 = CARTESIAN_POINT ( 'NONE',  ( 8.116411109992025530, 5.000000000000000888, -30.95357605663032174 ) ) ;
#6676 = FACE_OUTER_BOUND ( 'NONE', #3771, .T. ) ;
#6677 = DIRECTION ( 'NONE',  ( -0.0000000000000000000, -1.000000000000000000, -0.0000000000000000000 ) ) ;
#6678 = AXIS2_PLACEMENT_3D ( 'NONE', #3207, #323, #6896 ) ;
#6679 = CARTESIAN_POINT ( 'NONE',  ( 132.0113248884752011, -1.831686420773661172, 0.7979067584893247966 ) ) ;
#6680 = VERTEX_POINT ( 'NONE', #675 ) ;
#6681 = CARTESIAN_POINT ( 'NONE',  ( 120.0000000000000000, 12.50000000000000000, -9.000000000000008882 ) ) ;
#6682 = CARTESIAN_POINT ( 'NONE',  ( 18.00000000000003553, 7.740197061241842924, -30.02221399786052913 ) ) ;
#6683 = CARTESIAN_POINT ( 'NONE',  ( 15.08460647348984907, -4.000000000000003553, 35.00000000000000000 ) ) ;
#6684 = EDGE_CURVE ( 'NONE', #908, #8500, #1486, .T. ) ;
#6685 = DIRECTION ( 'NONE',  ( 0.0000000000000000000, 0.0000000000000000000, 1.000000000000000000 ) ) ;
#6686 = LINE ( 'NONE', #1144, #1202 ) ;
#6687 = DIRECTION ( 'NONE',  ( 1.000000000000000000, 0.0000000000000000000, 0.0000000000000000000 ) ) ;
#6688 = AXIS2_PLACEMENT_3D ( 'NONE', #1957, #8443, #4855 ) ;
#6689 = ORIENTED_EDGE ( 'NONE', *, *, #9393, .T. ) ;
#6690 = CARTESIAN_POINT ( 'NONE',  ( 22.09056242439637785, -7.639617213635125026, -25.61581853935930653 ) ) ;
#6691 = CIRCLE ( 'NONE', #2774, 0.4999999999999993894 ) ;
#6692 = CARTESIAN_POINT ( 'NONE',  ( 133.4999572452002212, 3.429494680397096040, -0.1306646684060792374 ) ) ;
#6693 = DIRECTION ( 'NONE',  ( -0.0000000000000000000, 1.000000000000000000, 1.740523610644402991E-16 ) ) ;
#6694 = CARTESIAN_POINT ( 'NONE',  ( 108.2750852456403123, 5.000000000000001776, -8.530906985953990329 ) ) ;
#6695 = CARTESIAN_POINT ( 'NONE',  ( 108.6804978868493237, 5.000000000000000888, -8.840504132052995345 ) ) ;
#6696 = EDGE_CURVE ( 'NONE', #6762, #6534, #805, .T. ) ;
#6697 = DIRECTION ( 'NONE',  ( 0.0000000000000000000, 0.0000000000000000000, -1.000000000000000000 ) ) ;
#6698 = EDGE_CURVE ( 'NONE', #8735, #3199, #576, .T. ) ;
#6699 = EDGE_CURVE ( 'NONE', #6425, #7099, #8278, .T. ) ;
#6700 = DIRECTION ( 'NONE',  ( 0.0000000000000000000, 1.000000000000000000, -1.740523610644402991E-16 ) ) ;
#6701 = CARTESIAN_POINT ( 'NONE',  ( 28.65132891149031380, 3.120275620367429337, 16.44556973756191809 ) ) ;
#6702 = CIRCLE ( 'NONE', #877, 25.00000000000000000 ) ;
#6703 = DIRECTION ( 'NONE',  ( 0.0000000000000000000, 1.000000000000000000, 0.0000000000000000000 ) ) ;
#6704 = AXIS2_PLACEMENT_3D ( 'NONE', #8039, #3019, #4434 ) ;
#6705 = DIRECTION ( 'NONE',  ( -0.0000000000000000000, -1.000000000000000000, -0.0000000000000000000 ) ) ;
#6706 = VECTOR ( 'NONE', #1112, 1000.000000000000000 ) ;
#6707 = VECTOR ( 'NONE', #8252, 1000.000000000000000 ) ;
#6708 = EDGE_CURVE ( 'NONE', #5150, #7415, #1600, .T. ) ;
#6709 = CARTESIAN_POINT ( 'NONE',  ( 20.59893790797642765, 7.982970117485794326, 28.52171649708322576 ) ) ;
#6710 = CARTESIAN_POINT ( 'NONE',  ( 14.39064969308077835, -4.925272861343048980, 35.00000000000000000 ) ) ;
#6711 = CARTESIAN_POINT ( 'NONE',  ( 32.14954798634528288, 5.006825467917502159, -4.809118231676851707 ) ) ;
#6712 = ADVANCED_FACE ( 'NONE', ( #5110 ), #5329, .F. ) ;
#6713 = AXIS2_PLACEMENT_3D ( 'NONE', #3917, #5357, #1025 ) ;
#6714 = CIRCLE ( 'NONE', #201, 2.000000000000000444 ) ;
#6715 = EDGE_LOOP ( 'NONE', ( #4346, #2313, #2195, #3748 ) ) ;
#6716 = CARTESIAN_POINT ( 'NONE',  ( 132.9748378640627493, -0.7863032604385759017, -3.728843381346393038 ) ) ;
#6717 = CARTESIAN_POINT ( 'NONE',  ( 18.00000000000003908, -4.000000000000000888, -34.00000000000000000 ) ) ;
#6718 = CARTESIAN_POINT ( 'NONE',  ( 132.9472705157382961, 0.2281897290736339401, 3.823396465098325425 ) ) ;
#6719 = EDGE_CURVE ( 'NONE', #5146, #2773, #1374, .T. ) ;
#6720 = DIRECTION ( 'NONE',  ( 1.000000000000000000, 0.0000000000000000000, 1.209068259567990048E-15 ) ) ;
#6721 = CARTESIAN_POINT ( 'NONE',  ( 104.7297295151357019, -5.000000000000000888, -6.250507124952557447 ) ) ;
#6722 = CARTESIAN_POINT ( 'NONE',  ( 19.09893790797643121, 7.000000000000002665, 25.92364028572990620 ) ) ;
#6723 = ORIENTED_EDGE ( 'NONE', *, *, #8983, .F. ) ;
#6724 = DIRECTION ( 'NONE',  ( -1.209068259567986301E-15, 0.0000000000000000000, 1.000000000000000000 ) ) ;
#6725 = DIRECTION ( 'NONE',  ( 0.0000000000000000000, 0.0000000000000000000, -1.000000000000000000 ) ) ;
#6726 = VECTOR ( 'NONE', #980, 1000.000000000000000 ) ;
#6727 = ORIENTED_EDGE ( 'NONE', *, *, #887, .T. ) ;
#6728 = CARTESIAN_POINT ( 'NONE',  ( 131.6726531498075303, -0.7961285149277930184, 1.833346071325144155 ) ) ;
#6729 = AXIS2_PLACEMENT_3D ( 'NONE', #1031, #2484, #9044 ) ;
#6730 = ORIENTED_EDGE ( 'NONE', *, *, #491, .F. ) ;
#6731 = CARTESIAN_POINT ( 'NONE',  ( 44.15499516189905904, 5.000000000000000888, -7.118812496196138540 ) ) ;
#6732 = DIRECTION ( 'NONE',  ( 0.0000000000000000000, 0.0000000000000000000, -1.000000000000000000 ) ) ;
#6733 = AXIS2_PLACEMENT_3D ( 'NONE', #3642, #851, #5918 ) ;
#6734 = CIRCLE ( 'NONE', #8937, 4.500000000000003553 ) ;
#6735 = CARTESIAN_POINT ( 'NONE',  ( 29.63152617989832649, 12.50000000000000000, -4.687500000000003553 ) ) ;
#6736 = ORIENTED_EDGE ( 'NONE', *, *, #315, .T. ) ;
#6737 = ORIENTED_EDGE ( 'NONE', *, *, #1339, .T. ) ;
#6738 = CARTESIAN_POINT ( 'NONE',  ( 10.71751771055746616, 4.000000000000000888, 35.00000000000000000 ) ) ;
#6739 = CARTESIAN_POINT ( 'NONE',  ( 133.1542000494245883, -2.091820922690021067, -3.037049143573846255 ) ) ;
#6740 = ORIENTED_EDGE ( 'NONE', *, *, #8656, .F. ) ;
#6741 = EDGE_CURVE ( 'NONE', #2856, #8099, #8075, .T. ) ;
#6742 = EDGE_CURVE ( 'NONE', #1250, #1255, #1906, .T. ) ;
#6743 = CIRCLE ( 'NONE', #7388, 2.000000000000000000 ) ;
#6744 = EDGE_CURVE ( 'NONE', #9217, #6834, #2565, .T. ) ;
#6745 = CARTESIAN_POINT ( 'NONE',  ( 132.9471135797401757, -0.2218692547518684166, 3.823927071333327543 ) ) ;
#6746 = CARTESIAN_POINT ( 'NONE',  ( 21.72376286396166023, -7.175531552849838235, -24.45716919357203878 ) ) ;
#6747 = ORIENTED_EDGE ( 'NONE', *, *, #6037, .F. ) ;
#6748 = CARTESIAN_POINT ( 'NONE',  ( 132.9453652200328975, 0.1161099828786982674, 3.829819812241667787 ) ) ;
#6749 = CARTESIAN_POINT ( 'NONE',  ( 18.00000000000003553, -7.740197061241842924, -30.02221399786052913 ) ) ;
#6750 = CARTESIAN_POINT ( 'NONE',  ( 18.00000000000003197, -5.828427124746182741, -30.02221399786052913 ) ) ;
#6751 = DIRECTION ( 'NONE',  ( 0.7298879480086474247, 0.0000000000000000000, -0.6835668097206931693 ) ) ;
#6752 = CARTESIAN_POINT ( 'NONE',  ( 128.8736661498849116, 1.322935212413780093, 1.505557590788563660 ) ) ;
#6753 = ORIENTED_EDGE ( 'NONE', *, *, #1735, .T. ) ;
#6754 = AXIS2_PLACEMENT_3D ( 'NONE', #5558, #4750, #1219 ) ;
#6755 = CARTESIAN_POINT ( 'NONE',  ( 12.90106209202365761, -7.000000000000003553, 32.50198555647411780 ) ) ;
#6756 = VECTOR ( 'NONE', #6724, 1000.000000000000000 ) ;
#6757 = DIRECTION ( 'NONE',  ( 0.0000000000000000000, 1.000000000000000000, -0.0000000000000000000 ) ) ;
#6758 = ORIENTED_EDGE ( 'NONE', *, *, #7925, .T. ) ;
#6759 = CYLINDRICAL_SURFACE ( 'NONE', #6470, 2.000000000000001776 ) ;
#6760 = DIRECTION ( 'NONE',  ( 0.0000000000000000000, 0.0000000000000000000, 1.000000000000000000 ) ) ;
#6761 = CARTESIAN_POINT ( 'NONE',  ( 132.0283414324688351, -1.869845614073338824, 0.7061685187829904731 ) ) ;
#6762 = VERTEX_POINT ( 'NONE', #6377 ) ;
#6763 = ORIENTED_EDGE ( 'NONE', *, *, #226, .F. ) ;
#6764 = AXIS2_PLACEMENT_3D ( 'NONE', #594, #1259, #7800 ) ;
#6765 = CARTESIAN_POINT ( 'NONE',  ( 22.08892827196817521, 7.808829271016675122, 26.24843672938077788 ) ) ;
#6766 = CARTESIAN_POINT ( 'NONE',  ( 19.09893790797643121, -7.000000000000002665, 25.92364028572990620 ) ) ;
#6767 = CIRCLE ( 'NONE', #2430, 2.000000000000001776 ) ;
#6768 = CARTESIAN_POINT ( 'NONE',  ( 101.0263340389897166, -4.500000000000000888, 6.000000000000001776 ) ) ;
#6769 = CIRCLE ( 'NONE', #2197, 33.00000000000000000 ) ;
#6770 = CARTESIAN_POINT ( 'NONE',  ( 133.3629158766467810, 2.967131782024499120, -1.922182403808103457 ) ) ;
#6771 = VERTEX_POINT ( 'NONE', #1275 ) ;
#6772 = DIRECTION ( 'NONE',  ( 0.0000000000000000000, 0.0000000000000000000, 1.000000000000000000 ) ) ;
#6773 = VERTEX_POINT ( 'NONE', #6350 ) ;
#6774 = CARTESIAN_POINT ( 'NONE',  ( 44.77527527801350260, 5.000000000000000888, -8.484554996652585501 ) ) ;
#6775 = B_SPLINE_CURVE_WITH_KNOTS ( 'NONE', 3,
 ( #2444, #169, #1666, #967, #5998, #224 ),
 .UNSPECIFIED., .F., .F.,
 ( 4, 2, 4 ),
 ( 0.002190127851114308851, 0.003285191776671462192, 0.004380255702228615967 ),
 .UNSPECIFIED. ) ;
#6776 = CARTESIAN_POINT ( 'NONE',  ( 133.2621391678545137, -2.581038940131919368, -2.524915806880379865 ) ) ;
#6777 = CIRCLE ( 'NONE', #5766, 2.000000000000001776 ) ;
#6778 = CARTESIAN_POINT ( 'NONE',  ( 133.4999781650066950, -3.429565837990677046, 0.2523709745883355726 ) ) ;
#6779 = CARTESIAN_POINT ( 'NONE',  ( 32.48977500516894423, -0.2188864161449326218, 13.40870696029551468 ) ) ;
#6780 = ORIENTED_EDGE ( 'NONE', *, *, #9141, .T. ) ;
#6781 = AXIS2_PLACEMENT_3D ( 'NONE', #3497, #5683, #646 ) ;
#6782 = CARTESIAN_POINT ( 'NONE',  ( 133.0637717541264919, -1.569427408863346196, 3.404232819179219049 ) ) ;
#6783 = DIRECTION ( 'NONE',  ( 0.0000000000000000000, -1.000000000000000000, 0.0000000000000000000 ) ) ;
#6784 = DIRECTION ( 'NONE',  ( 0.0000000000000000000, 0.0000000000000000000, -1.000000000000000000 ) ) ;
#6785 = CARTESIAN_POINT ( 'NONE',  ( 128.7559415625291592, 0.5216681485612010283, -2.000200552271906851 ) ) ;
#6786 = CARTESIAN_POINT ( 'NONE',  ( 120.0000000000000000, 12.50000000000000000, 9.000000000000008882 ) ) ;
#6787 = CARTESIAN_POINT ( 'NONE',  ( 128.8588523716338727, 1.220152256486321640, 1.589382268351207772 ) ) ;
#6788 = ORIENTED_EDGE ( 'NONE', *, *, #1991, .F. ) ;
#6789 = FACE_OUTER_BOUND ( 'NONE', #9219, .T. ) ;
#6790 = DIRECTION ( 'NONE',  ( 1.000000000000000000, 0.0000000000000000000, 1.677606415994443309E-17 ) ) ;
#6791 = CARTESIAN_POINT ( 'NONE',  ( 2.935811227990283510E-16, 1.500000000000000888, -3.500000000000009326 ) ) ;
#6792 = CARTESIAN_POINT ( 'NONE',  ( 32.11308144666281805, -5.000000000000000888, -5.000000000000000888 ) ) ;
#6793 = AXIS2_PLACEMENT_3D ( 'NONE', #88, #1488, #5930 ) ;
#6794 = CARTESIAN_POINT ( 'NONE',  ( 131.8904043324529596, -1.540731695882475494, 1.274567335627331266 ) ) ;
#6795 = SPHERICAL_SURFACE ( 'NONE', #9033, 2.000000000000000000 ) ;
#6796 = EDGE_LOOP ( 'NONE', ( #6017, #2884, #173, #2276, #4632, #1284, #7538 ) ) ;
#6797 = CARTESIAN_POINT ( 'NONE',  ( 21.50146647703954272, 7.000000000000003553, 24.12701665379261584 ) ) ;
#6798 = CARTESIAN_POINT ( 'NONE',  ( 22.74837764801966600, -7.000000000000002665, -22.50580623712643913 ) ) ;
#6799 = CARTESIAN_POINT ( 'NONE',  ( 11.05050034582571961, -4.953434042252323977, 35.00000000000000711 ) ) ;
#6800 = EDGE_CURVE ( 'NONE', #5124, #8879, #1822, .T. ) ;
#6801 = DIRECTION ( 'NONE',  ( 0.0000000000000000000, 0.0000000000000000000, 1.000000000000000000 ) ) ;
#6802 = CARTESIAN_POINT ( 'NONE',  ( 32.16665785485058393, 5.020513362778427080, -4.714285714285716189 ) ) ;
#6803 = EDGE_CURVE ( 'NONE', #8860, #387, #7074, .T. ) ;
#6804 = LINE ( 'NONE', #2407, #2238 ) ;
#6805 = CARTESIAN_POINT ( 'NONE',  ( 101.0263340389897166, -5.000000000000000888, -6.000000000000000000 ) ) ;
#6806 = CARTESIAN_POINT ( 'NONE',  ( 133.4913293079473249, -3.401728306017862913, -0.4996611919397639934 ) ) ;
#6807 = AXIS2_PLACEMENT_3D ( 'NONE', #562, #2713, #1226 ) ;
#6808 = CARTESIAN_POINT ( 'NONE',  ( 104.2607701631402080, 2.667817717044701720, -5.510432749579774914 ) ) ;
#6809 = CYLINDRICAL_SURFACE ( 'NONE', #6112, 16.50000000000000355 ) ;
#6810 = CARTESIAN_POINT ( 'NONE',  ( 133.4264825202970144, 3.188156705578533590, 1.408194886143485647 ) ) ;
#6811 = CARTESIAN_POINT ( 'NONE',  ( 29.02310829967693451, -1.796893610704698663, -20.19652810500620888 ) ) ;
#6812 = DIRECTION ( 'NONE',  ( 0.0000000000000000000, 0.0000000000000000000, 1.000000000000000000 ) ) ;
#6813 = ORIENTED_EDGE ( 'NONE', *, *, #2342, .F. ) ;
#6814 = DIRECTION ( 'NONE',  ( 0.0000000000000000000, 1.000000000000000000, 0.0000000000000000000 ) ) ;
#6815 = CARTESIAN_POINT ( 'NONE',  ( 128.7781130967174761, 0.2624601879723574838, -1.986316325499188462 ) ) ;
#6816 = EDGE_CURVE ( 'NONE', #3359, #822, #1945, .T. ) ;
#6817 = CIRCLE ( 'NONE', #5941, 30.00000000000000000 ) ;
#6818 = DIRECTION ( 'NONE',  ( -1.000000000000000000, 0.0000000000000000000, -0.0000000000000000000 ) ) ;
#6819 = EDGE_LOOP ( 'NONE', ( #4403, #5565, #8237 ) ) ;
#6820 = AXIS2_PLACEMENT_3D ( 'NONE', #5365, #3242, #1029 ) ;
#6821 = CARTESIAN_POINT ( 'NONE',  ( 131.7519907529762975, -1.127433944122946841, -1.650970185091991560 ) ) ;
#6822 = ORIENTED_EDGE ( 'NONE', *, *, #7639, .F. ) ;
#6823 = LINE ( 'NONE', #4301, #205 ) ;
#6824 = CARTESIAN_POINT ( 'NONE',  ( 38.79400828406943447, -0.8190874452737110234, 12.77836509496156481 ) ) ;
#6825 = ORIENTED_EDGE ( 'NONE', *, *, #5029, .T. ) ;
#6826 = ORIENTED_EDGE ( 'NONE', *, *, #9377, .T. ) ;
#6827 = CARTESIAN_POINT ( 'NONE',  ( 12.52539970135020475, -4.886875450365800511, 35.00000000000000000 ) ) ;
#6828 = CARTESIAN_POINT ( 'NONE',  ( 29.19250043978220788, -2.644545340588158933, 15.78394777082692890 ) ) ;
#6829 = EDGE_LOOP ( 'NONE', ( #1491, #5471, #6813, #4429 ) ) ;
#6830 = CARTESIAN_POINT ( 'NONE',  ( 6.783642122844339693E-16, 3.500000000000000888, 5.000000000000005329 ) ) ;
#6831 = AXIS2_PLACEMENT_3D ( 'NONE', #3738, #1548, #6646 ) ;
#6832 = VERTEX_POINT ( 'NONE', #9169 ) ;
#6833 = CIRCLE ( 'NONE', #5118, 2.000000000000000000 ) ;
#6834 = VERTEX_POINT ( 'NONE', #4060 ) ;
#6835 = DIRECTION ( 'NONE',  ( 0.0000000000000000000, 0.0000000000000000000, 1.000000000000000000 ) ) ;
#6836 = CARTESIAN_POINT ( 'NONE',  ( 32.69722499519709658, -0.8213623247954073836, 13.25552307043535372 ) ) ;
#6837 = CARTESIAN_POINT ( 'NONE',  ( 131.9227682586138712, -1.623961393676641940, -1.168025816713679443 ) ) ;
#6838 = VERTEX_POINT ( 'NONE', #9136 ) ;
#6839 = CARTESIAN_POINT ( 'NONE',  ( 112.4494504009957438, 4.232873631163656114, -11.23845952496876421 ) ) ;
#6840 = DIRECTION ( 'NONE',  ( -1.000000000000000000, 0.0000000000000000000, 0.0000000000000000000 ) ) ;
#6841 = CARTESIAN_POINT ( 'NONE',  ( 0.0000000000000000000, 4.000000000000000888, -34.00000000000000000 ) ) ;
#6842 = B_SPLINE_CURVE_WITH_KNOTS ( 'NONE', 3,
 ( #8044, #8696, #8072, #7362, #5811, #2861 ),
 .UNSPECIFIED., .F., .F.,
 ( 4, 2, 4 ),
 ( 0.0000000000000000000, 0.001095063925557154426, 0.002190127851114308851 ),
 .UNSPECIFIED. ) ;
#6843 = FACE_OUTER_BOUND ( 'NONE', #429, .T. ) ;
#6844 = ORIENTED_EDGE ( 'NONE', *, *, #8483, .F. ) ;
#6845 = AXIS2_PLACEMENT_3D ( 'NONE', #7223, #755, #8678 ) ;
#6846 = PLANE ( 'NONE',  #5521 ) ;
#6847 = ORIENTED_EDGE ( 'NONE', *, *, #5243, .T. ) ;
#6848 = CARTESIAN_POINT ( 'NONE',  ( 111.0681063978582443, -4.836541594062216731, -10.12916234809706673 ) ) ;
#6849 = DIRECTION ( 'NONE',  ( 0.9396926207859082059, -0.0000000000000000000, 0.3420201433256694346 ) ) ;
#6850 = CYLINDRICAL_SURFACE ( 'NONE', #3227, 3.000000000000000000 ) ;
#6851 = CARTESIAN_POINT ( 'NONE',  ( 131.6551679348970652, -0.7050152922398748023, -1.871170464268815836 ) ) ;
#6852 = ORIENTED_EDGE ( 'NONE', *, *, #1914, .F. ) ;
#6853 = CARTESIAN_POINT ( 'NONE',  ( 131.6550894884534557, -0.7043901963642482666, 1.871393569001186474 ) ) ;
#6854 = VERTEX_POINT ( 'NONE', #515 ) ;
#6855 = CARTESIAN_POINT ( 'NONE',  ( 49.32399612951925860, -4.000000000000000888, 18.50000000000000355 ) ) ;
#6856 = DIRECTION ( 'NONE',  ( 0.0000000000000000000, 0.0000000000000000000, -1.000000000000000000 ) ) ;
#6857 = ADVANCED_FACE ( 'NONE', ( #5443 ), #3468, .F. ) ;
#6858 = DIRECTION ( 'NONE',  ( -1.067522139062650277E-15, 0.0000000000000000000, -1.000000000000000000 ) ) ;
#6859 = ORIENTED_EDGE ( 'NONE', *, *, #2028, .T. ) ;
#6860 = CARTESIAN_POINT ( 'NONE',  ( 30.04343681435936020, -2.208013004086129438, 14.72809659459329268 ) ) ;
#6861 = ORIENTED_EDGE ( 'NONE', *, *, #7050, .T. ) ;
#6862 = DIRECTION ( 'NONE',  ( 1.000000000000000000, -0.0000000000000000000, -0.0000000000000000000 ) ) ;
#6863 = EDGE_LOOP ( 'NONE', ( #1357, #2511, #4851, #5826 ) ) ;
#6864 = VERTEX_POINT ( 'NONE', #9257 ) ;
#6865 = EDGE_CURVE ( 'NONE', #5124, #9172, #9072, .T. ) ;
#6866 = CIRCLE ( 'NONE', #2490, 13.50000000000000178 ) ;
#6867 = EDGE_CURVE ( 'NONE', #6680, #3215, #5569, .T. ) ;
#6868 = EDGE_LOOP ( 'NONE', ( #7809, #3407, #3993, #3768 ) ) ;
#6869 = EDGE_CURVE ( 'NONE', #9269, #4359, #4878, .T. ) ;
#6870 = CARTESIAN_POINT ( 'NONE',  ( 38.00000000000000000, -1.500000000000000888, 5.000000000000000000 ) ) ;
#6871 = CARTESIAN_POINT ( 'NONE',  ( 25.60820421675892788, 5.000000000000000888, -20.02104092163651217 ) ) ;
#6872 = CARTESIAN_POINT ( 'NONE',  ( 131.6056299485715329, -0.3266378342894126208, -1.973527365283569868 ) ) ;
#6873 = ADVANCED_FACE ( 'NONE', ( #234 ), #7512, .T. ) ;
#6874 = DIRECTION ( 'NONE',  ( 0.9877175393299443273, 0.0000000000000000000, 0.1562500000000001388 ) ) ;
#6875 = CARTESIAN_POINT ( 'NONE',  ( 0.0000000000000000000, 5.000000000000000888, -30.00000000000000000 ) ) ;
#6876 = CYLINDRICAL_SURFACE ( 'NONE', #6353, 3.000000000000002665 ) ;
#6877 = AXIS2_PLACEMENT_3D ( 'NONE', #248, #5312, #6060 ) ;
#6878 = ORIENTED_EDGE ( 'NONE', *, *, #208, .T. ) ;
#6879 =( BOUNDED_CURVE ( )  B_SPLINE_CURVE ( 3, ( #3753, #6750, #920, #8841 ),
 .UNSPECIFIED., .F., .F. ) 
 B_SPLINE_CURVE_WITH_KNOTS ( ( 4, 4 ),
 ( 3.141592653589793116, 4.712388980384698556 ),
 .UNSPECIFIED. ) 
 CURVE ( )  GEOMETRIC_REPRESENTATION_ITEM ( )  RATIONAL_B_SPLINE_CURVE ( ( 1.000000000000000000, 0.8047378541243628280, 0.8047378541243628280, 1.000000000000000000 ) ) 
 REPRESENTATION_ITEM ( '' )  );
#6880 = LINE ( 'NONE', #4939, #4913 ) ;
#6881 = PRODUCT_RELATED_PRODUCT_CATEGORY ( 'part', '', ( #4808 ) ) ;
#6882 = ORIENTED_EDGE ( 'NONE', *, *, #6571, .F. ) ;
#6883 = ORIENTED_EDGE ( 'NONE', *, *, #591, .F. ) ;
#6884 = DIRECTION ( 'NONE',  ( -1.000000000000000000, -0.0000000000000000000, -1.356728424568866558E-16 ) ) ;
#6885 = EDGE_CURVE ( 'NONE', #4368, #8190, #6298, .T. ) ;
#6886 = DIRECTION ( 'NONE',  ( -1.000000000000000000, -0.0000000000000000000, -0.0000000000000000000 ) ) ;
#6887 = TOROIDAL_SURFACE ( 'NONE', #9164, 11.00000000000000000, 1.000000000000000000 ) ;
#6888 = CARTESIAN_POINT ( 'NONE',  ( 120.0000000000000000, -12.50000000000000000, 0.0000000000000000000 ) ) ;
#6889 = EDGE_CURVE ( 'NONE', #7415, #903, #1256, .T. ) ;
#6890 = CARTESIAN_POINT ( 'NONE',  ( 132.0524396243716581, -1.922587574111174646, 0.5449535241520878648 ) ) ;
#6891 = ORIENTED_EDGE ( 'NONE', *, *, #8138, .T. ) ;
#6892 = CARTESIAN_POINT ( 'NONE',  ( 131.6266397132629891, 0.5200124878470708811, 1.930968773818610540 ) ) ;
#6893 = AXIS2_PLACEMENT_3D ( 'NONE', #8989, #1010, #7029 ) ;
#6894 = CARTESIAN_POINT ( 'NONE',  ( 21.95092887502210388, 7.923591657189717807, 26.87893301822192171 ) ) ;
#6895 = DIRECTION ( 'NONE',  ( -1.541976423090494056E-15, 0.0000000000000000000, 1.000000000000000000 ) ) ;
#6896 = DIRECTION ( 'NONE',  ( 0.0000000000000000000, 0.0000000000000000000, -1.000000000000000000 ) ) ;
#6897 = CIRCLE ( 'NONE', #2476, 2.000000000000001776 ) ;
#6898 = CARTESIAN_POINT ( 'NONE',  ( 43.94823512319426584, 3.500000000000000888, 6.663564996043966460 ) ) ;
#6899 = ORIENTED_EDGE ( 'NONE', *, *, #2318, .F. ) ;
#6900 = DIRECTION ( 'NONE',  ( 1.356728424568866805E-16, 0.0000000000000000000, 1.000000000000000000 ) ) ;
#6901 = B_SPLINE_CURVE_WITH_KNOTS ( 'NONE', 3,
 ( #6421, #7117, #8529, #7177, #1378, #1246, #6472, #2797, #7877, #3528, #8591, #2106, #7210, #5103, #4408, #2258, #4381, #6634, #801, #7361, #38, #7265 ),
 .UNSPECIFIED., .F., .F.,
 ( 4, 2, 2, 2, 2, 2, 2, 2, 2, 2, 4 ),
 ( 0.0000000000000000000, 7.422690899086633232E-05, 0.0001484538179817326646, 0.0002969076359634597998, 0.0005938152719269119018, 0.001187630543853815347, 0.002375261087707622020, 0.003562891631561429344, 0.004156706903488335825, 0.004453614539451797305, 0.004750522175415257918 ),
 .UNSPECIFIED. ) ;
#6902 = CARTESIAN_POINT ( 'NONE',  ( 133.2070612931110531, -2.343145702963983279, 2.797387736107778355 ) ) ;
#6903 = DIRECTION ( 'NONE',  ( 0.0000000000000000000, 1.000000000000000000, 0.0000000000000000000 ) ) ;
#6904 = CARTESIAN_POINT ( 'NONE',  ( 32.53505952209651042, -0.4307531034103500023, 13.37517915141141600 ) ) ;
#6905 = FACE_OUTER_BOUND ( 'NONE', #6193, .T. ) ;
#6906 = AXIS2_PLACEMENT_3D ( 'NONE', #5901, #3041, #126 ) ;
#6907 = CARTESIAN_POINT ( 'NONE',  ( 133.0040703251112006, 1.104013667787000941, -3.625691077771763027 ) ) ;
#6908 = CARTESIAN_POINT ( 'NONE',  ( 110.7225386908359894, 5.496034097833176091, -9.810073811849267855 ) ) ;
#6909 = CARTESIAN_POINT ( 'NONE',  ( 26.23078244116780766, -5.000000000000002665, -21.75500200160157860 ) ) ;
#6910 = CARTESIAN_POINT ( 'NONE',  ( 13.63203386352579294, -5.022927870565768060, -34.15161828975422509 ) ) ;
#6911 = ORIENTED_EDGE ( 'NONE', *, *, #9097, .T. ) ;
#6912 = ORIENTED_EDGE ( 'NONE', *, *, #474, .T. ) ;
#6913 = FACE_OUTER_BOUND ( 'NONE', #6620, .T. ) ;
#6914 = CARTESIAN_POINT ( 'NONE',  ( 128.8298145634169600, -1.008393297810257438, 1.744947093178585984 ) ) ;
#6915 = EDGE_CURVE ( 'NONE', #3549, #7721, #3287, .T. ) ;
#6916 = DIRECTION ( 'NONE',  ( 0.0000000000000000000, 0.0000000000000000000, 1.000000000000000000 ) ) ;
#6917 = CARTESIAN_POINT ( 'NONE',  ( 32.78075299611042226, -5.386420494318572061, -3.809984713049630045 ) ) ;
#6918 = AXIS2_PLACEMENT_3D ( 'NONE', #2069, #5099, #797 ) ;
#6919 = CARTESIAN_POINT ( 'NONE',  ( 132.0229545528123367, -1.858368136890188094, -0.7349752919757833736 ) ) ;
#6920 = CARTESIAN_POINT ( 'NONE',  ( 131.8111734900997192, 1.324810042100448504, 1.503703947582165190 ) ) ;
#6921 = ADVANCED_FACE ( 'NONE', ( #7731 ), #2161, .T. ) ;
#6922 = VERTEX_POINT ( 'NONE', #7962 ) ;
#6923 = CIRCLE ( 'NONE', #8350, 32.00000000000000000 ) ;
#6924 = DIRECTION ( 'NONE',  ( 0.0000000000000000000, 1.000000000000000000, -0.0000000000000000000 ) ) ;
#6925 = DIRECTION ( 'NONE',  ( -0.0000000000000000000, 1.000000000000000000, -0.0000000000000000000 ) ) ;
#6926 = EDGE_CURVE ( 'NONE', #1869, #9269, #5680, .T. ) ;
#6927 = DIRECTION ( 'NONE',  ( 0.0000000000000000000, 1.000000000000000000, 0.0000000000000000000 ) ) ;
#6928 = CARTESIAN_POINT ( 'NONE',  ( 1.571788737438387200E-14, 12.50000000000000000, -22.00000000000000000 ) ) ;
#6929 = CYLINDRICAL_SURFACE ( 'NONE', #2833, 30.00000000000000000 ) ;
#6930 = CARTESIAN_POINT ( 'NONE',  ( 133.3139362189732537, -2.785414335191531698, 2.236089109155875221 ) ) ;
#6931 = VERTEX_POINT ( 'NONE', #1979 ) ;
#6932 = DIRECTION ( 'NONE',  ( -1.209068259567987878E-15, 0.0000000000000000000, -1.000000000000000000 ) ) ;
#6933 = AXIS2_PLACEMENT_3D ( 'NONE', #2798, #521, #1247 ) ;
#6934 = DIRECTION ( 'NONE',  ( -1.000000000000000000, 0.0000000000000000000, 0.0000000000000000000 ) ) ;
#6935 = CARTESIAN_POINT ( 'NONE',  ( 131.8275296136247903, -1.369888774358589245, -1.457510468820583105 ) ) ;
#6936 = FILL_AREA_STYLE ('',( #2531 ) ) ;
#6937 = CARTESIAN_POINT ( 'NONE',  ( 101.0263340389897166, 1.500000000000000888, -5.500000000000000888 ) ) ;
#6938 = CARTESIAN_POINT ( 'NONE',  ( 18.00000000000000000, -5.000000000000000888, -30.01666203960729362 ) ) ;
#6939 = VECTOR ( 'NONE', #7429, 1000.000000000000000 ) ;
#6940 = ORIENTED_EDGE ( 'NONE', *, *, #9017, .F. ) ;
#6941 = CARTESIAN_POINT ( 'NONE',  ( -3.929471843595968000E-14, 0.0000000000000000000, 32.50000000000000000 ) ) ;
#6942 = AXIS2_PLACEMENT_3D ( 'NONE', #2850, #6528, #4338 ) ;
#6943 = COLOUR_RGB ( '',0.7764705882352941346, 0.7568627450980391913, 0.7372549019607843590 ) ;
#6944 = CARTESIAN_POINT ( 'NONE',  ( 102.9328972498781383, 1.685086072281930303, 4.430554437829723469 ) ) ;
#6945 = DIRECTION ( 'NONE',  ( 0.0000000000000000000, 0.0000000000000000000, 1.000000000000000000 ) ) ;
#6946 = CARTESIAN_POINT ( 'NONE',  ( 44.15499516189905904, 4.500000000000000888, -7.118812496196138540 ) ) ;
#6947 = ORIENTED_EDGE ( 'NONE', *, *, #4828, .T. ) ;
#6948 = CARTESIAN_POINT ( 'NONE',  ( 0.0000000000000000000, 5.000000000000000888, 0.0000000000000000000 ) ) ;
#6949 = CARTESIAN_POINT ( 'NONE',  ( 131.6727972701957867, -0.7964239468194393989, -1.832915111616080894 ) ) ;
#6950 = CARTESIAN_POINT ( 'NONE',  ( 131.5921533673529495, -0.06232549578828439074, 2.000071574219184356 ) ) ;
#6951 = EDGE_CURVE ( 'NONE', #2733, #4621, #2625, .T. ) ;
#6952 = ADVANCED_FACE ( 'NONE', ( #461 ), #3408, .F. ) ;
#6953 = LINE ( 'NONE', #6875, #2719 ) ;
#6954 = CARTESIAN_POINT ( 'NONE',  ( 11.44250226628836131, 5.008857987695152225, -34.09323539580162077 ) ) ;
#6955 = CARTESIAN_POINT ( 'NONE',  ( 5.032819247983337384E-16, 4.500000000000000888, -6.000000000000008882 ) ) ;
#6956 = EDGE_LOOP ( 'NONE', ( #7781, #3877, #2038, #5219, #7012 ) ) ;
#6957 = CARTESIAN_POINT ( 'NONE',  ( 101.0263340389897166, -4.000000000000000888, 33.50000000000000000 ) ) ;
#6958 = AXIS2_PLACEMENT_3D ( 'NONE', #5458, #353, #3270 ) ;
#6959 = CARTESIAN_POINT ( 'NONE',  ( 133.3927787956088764, -3.071730349693763795, 1.699049103019354856 ) ) ;
#6960 = ORIENTED_EDGE ( 'NONE', *, *, #627, .F. ) ;
#6961 = EDGE_LOOP ( 'NONE', ( #781, #1225, #8895, #1408 ) ) ;
#6962 = FACE_OUTER_BOUND ( 'NONE', #4934, .T. ) ;
#6963 = FILL_AREA_STYLE_COLOUR ( '', #6943 ) ;
#6964 = ORIENTED_EDGE ( 'NONE', *, *, #6509, .F. ) ;
#6965 = CARTESIAN_POINT ( 'NONE',  ( 133.2159846908864438, 2.383156977872971538, -2.754949805608863045 ) ) ;
#6966 = ADVANCED_FACE ( 'NONE', ( #3652 ), #6139, .F. ) ;
#6967 = ORIENTED_EDGE ( 'NONE', *, *, #9004, .T. ) ;
#6968 = CARTESIAN_POINT ( 'NONE',  ( 20.59893790797642765, 12.50000000000000000, -28.52171649708322576 ) ) ;
#6969 = CARTESIAN_POINT ( 'NONE',  ( 17.99999999999995737, 0.0000000000000000000, 32.50000000000002842 ) ) ;
#6970 = ORIENTED_EDGE ( 'NONE', *, *, #2180, .T. ) ;
#6971 = CARTESIAN_POINT ( 'NONE',  ( 26.01968164206193279, -5.000000000000000888, 21.75500200160164255 ) ) ;
#6972 = B_SPLINE_CURVE_WITH_KNOTS ( 'NONE', 3,
 ( #3744, #7374, #5890, #3716 ),
 .UNSPECIFIED., .F., .F.,
 ( 4, 4 ),
 ( 0.001278283314245930126, 0.001638660320615950138 ),
 .UNSPECIFIED. ) ;
#6973 = ORIENTED_EDGE ( 'NONE', *, *, #6050, .F. ) ;
#6974 = AXIS2_PLACEMENT_3D ( 'NONE', #4755, #7758, #6992 ) ;
#6975 = LINE ( 'NONE', #7680, #4101 ) ;
#6976 = EDGE_LOOP ( 'NONE', ( #2656, #2741, #1933, #4777, #1635, #2233, #3910, #5349, #6515, #7985, #44, #5225, #7259, #3257, #7998, #5800 ) ) ;
#6977 = CARTESIAN_POINT ( 'NONE',  ( 34.40307872981146176, 6.702578223046959494, 3.000000000000001332 ) ) ;
#6978 = ORIENTED_EDGE ( 'NONE', *, *, #4630, .F. ) ;
#6979 = DIRECTION ( 'NONE',  ( -1.000000000000000000, 0.0000000000000000000, 1.356728424568866558E-16 ) ) ;
#6980 = ORIENTED_EDGE ( 'NONE', *, *, #3495, .T. ) ;
#6981 = CARTESIAN_POINT ( 'NONE',  ( 31.60696125855821847, 19.73542744538947247, 3.000000000000000888 ) ) ;
#6982 = CARTESIAN_POINT ( 'NONE',  ( 32.70445297194729051, -5.082948237605926067, -4.411110240237539060 ) ) ;
#6983 = EDGE_LOOP ( 'NONE', ( #8160, #264, #6199, #2982 ) ) ;
#6984 = DIRECTION ( 'NONE',  ( -0.0000000000000000000, 1.000000000000000000, 1.740523610644402991E-16 ) ) ;
#6985 = EDGE_CURVE ( 'NONE', #2163, #2464, #6230, .T. ) ;
#6986 = CARTESIAN_POINT ( 'NONE',  ( 131.9932908423699871, 1.791608913852239082, 0.8860335882676027008 ) ) ;
#6987 = DIRECTION ( 'NONE',  ( 0.0000000000000000000, 0.0000000000000000000, -1.000000000000000000 ) ) ;
#6988 = LINE ( 'NONE', #8012, #9334 ) ;
#6989 = CARTESIAN_POINT ( 'NONE',  ( 0.0000000000000000000, 7.000000000000000888, 0.0000000000000000000 ) ) ;
#6990 = VERTEX_POINT ( 'NONE', #1409 ) ;
#6991 = FACE_OUTER_BOUND ( 'NONE', #5584, .T. ) ;
#6992 = DIRECTION ( 'NONE',  ( 0.0000000000000000000, 0.0000000000000000000, 1.000000000000000000 ) ) ;
#6993 = EDGE_LOOP ( 'NONE', ( #4449, #6036, #6912, #3154 ) ) ;
#6994 = VERTEX_POINT ( 'NONE', #1345 ) ;
#6995 = AXIS2_PLACEMENT_3D ( 'NONE', #3247, #1130, #3347 ) ;
#6996 = CARTESIAN_POINT ( 'NONE',  ( 131.7099161510845988, 0.9657520682331469652, -1.749446861795860730 ) ) ;
#6997 = CARTESIAN_POINT ( 'NONE',  ( 133.3470549369339437, -2.909043104490633969, 2.029066290666082573 ) ) ;
#6998 = ORIENTED_EDGE ( 'NONE', *, *, #4082, .T. ) ;
#6999 = EDGE_CURVE ( 'NONE', #822, #3700, #5797, .T. ) ;
#7000 = CIRCLE ( 'NONE', #294, 4.500000000000000888 ) ;
#7001 = ORIENTED_EDGE ( 'NONE', *, *, #2754, .F. ) ;
#7002 = FACE_OUTER_BOUND ( 'NONE', #4476, .T. ) ;
#7003 = DIRECTION ( 'NONE',  ( 0.0000000000000000000, 1.000000000000000000, 0.0000000000000000000 ) ) ;
#7004 = VERTEX_POINT ( 'NONE', #3493 ) ;
#7005 = CARTESIAN_POINT ( 'NONE',  ( 132.0060600209793904, -1.820674269835465431, -0.8263861657499518287 ) ) ;
#7006 = CARTESIAN_POINT ( 'NONE',  ( 29.02319934114933275, 1.796534666104480538, 20.19644297889293938 ) ) ;
#7007 = VERTEX_POINT ( 'NONE', #3594 ) ;
#7008 = CARTESIAN_POINT ( 'NONE',  ( 21.28860175200237137, -13.43849360530937176, -23.87293985656782880 ) ) ;
#7009 = ADVANCED_FACE ( 'NONE', ( #2962, #4647 ), #340, .T. ) ;
#7010 = AXIS2_PLACEMENT_3D ( 'NONE', #6589, #8832, #6641 ) ;
#7011 = VECTOR ( 'NONE', #8546, 1000.000000000000000 ) ;
#7012 = ORIENTED_EDGE ( 'NONE', *, *, #8790, .F. ) ;
#7013 = EDGE_CURVE ( 'NONE', #8185, #811, #7806, .T. ) ;
#7014 = DIRECTION ( 'NONE',  ( 0.0000000000000000000, 0.0000000000000000000, 1.000000000000000000 ) ) ;
#7015 = DIRECTION ( 'NONE',  ( 0.7108868015006146734, 0.0000000000000000000, 0.7033064449102011118 ) ) ;
#7016 = CIRCLE ( 'NONE', #968, 2.000000000000001776 ) ;
#7017 = ADVANCED_FACE ( 'NONE', ( #6027 ), #4089, .T. ) ;
#7018 = AXIS2_PLACEMENT_3D ( 'NONE', #4725, #5456, #1118 ) ;
#7019 = CARTESIAN_POINT ( 'NONE',  ( 43.94823512319426584, 1.500000000000000888, 6.663564996043966460 ) ) ;
#7020 = EDGE_LOOP ( 'NONE', ( #2428, #2513, #1598, #806, #5361 ) ) ;
#7021 = DIRECTION ( 'NONE',  ( -0.0000000000000000000, -1.000000000000000000, -0.0000000000000000000 ) ) ;
#7022 = DIRECTION ( 'NONE',  ( 0.0000000000000000000, 0.0000000000000000000, -1.000000000000000000 ) ) ;
#7023 = VECTOR ( 'NONE', #6218, 1000.000000000000000 ) ;
#7024 = DIRECTION ( 'NONE',  ( 0.0000000000000000000, -1.000000000000000000, 0.0000000000000000000 ) ) ;
#7025 = CARTESIAN_POINT ( 'NONE',  ( 133.1534694889136290, -2.088085252654882318, 3.040190571885037052 ) ) ;
#7026 = EDGE_CURVE ( 'NONE', #3780, #8657, #1721, .T. ) ;
#7027 = CARTESIAN_POINT ( 'NONE',  ( 14.40106209202366827, 23.43849360530937176, 32.10006176782744092 ) ) ;
#7028 = CARTESIAN_POINT ( 'NONE',  ( 120.0000000000000000, 5.000000000000000888, 0.0000000000000000000 ) ) ;
#7029 = DIRECTION ( 'NONE',  ( -8.388032079972210074E-17, 0.0000000000000000000, 1.000000000000000000 ) ) ;
#7030 = AXIS2_PLACEMENT_3D ( 'NONE', #3067, #5868, #7409 ) ;
#7031 = CARTESIAN_POINT ( 'NONE',  ( 131.9222739313948978, -1.621690037297714104, 1.170654215981569601 ) ) ;
#7032 = CYLINDRICAL_SURFACE ( 'NONE', #3136, 4.500000000000000888 ) ;
#7033 = CARTESIAN_POINT ( 'NONE',  ( 0.0000000000000000000, -6.999999999999995559, 0.0000000000000000000 ) ) ;
#7034 = CARTESIAN_POINT ( 'NONE',  ( 0.0000000000000000000, -6.999999999999995559, 0.0000000000000000000 ) ) ;
#7035 = CIRCLE ( 'NONE', #3313, 28.00000000000000000 ) ;
#7036 = DIRECTION ( 'NONE',  ( 6.938893903907228378E-15, 0.0000000000000000000, 1.000000000000000000 ) ) ;
#7037 = FACE_OUTER_BOUND ( 'NONE', #1546, .T. ) ;
#7038 = EDGE_CURVE ( 'NONE', #3342, #3886, #2169, .T. ) ;
#7039 = CARTESIAN_POINT ( 'NONE',  ( 23.46742184199850456, -5.000000000000000888, 21.75500200160163899 ) ) ;
#7040 = CARTESIAN_POINT ( 'NONE',  ( 32.35090226893015597, -5.682708360936087111, 3.489361649283404088 ) ) ;
#7041 = CARTESIAN_POINT ( 'NONE',  ( 32.38377263894396663, -6.123530259512436125, -3.197474120053353186 ) ) ;
#7042 = AXIS2_PLACEMENT_3D ( 'NONE', #4930, #4107, #4957 ) ;
#7043 = CARTESIAN_POINT ( 'NONE',  ( 131.9661986490782510, 1.728976270720767650, -1.004985208551252507 ) ) ;
#7044 = CIRCLE ( 'NONE', #3020, 27.99999999999999645 ) ;
#7045 = DIRECTION ( 'NONE',  ( 0.0000000000000000000, 0.0000000000000000000, -1.000000000000000000 ) ) ;
#7046 = CARTESIAN_POINT ( 'NONE',  ( 0.0000000000000000000, 1.500000000000000888, 0.0000000000000000000 ) ) ;
#7047 = ADVANCED_FACE ( 'NONE', ( #6843 ), #6391, .T. ) ;
#7048 = ORIENTED_EDGE ( 'NONE', *, *, #2160, .T. ) ;
#7049 = CARTESIAN_POINT ( 'NONE',  ( 27.87146803184797150, 4.297599377406942089, 21.25088249747364344 ) ) ;
#7050 = EDGE_CURVE ( 'NONE', #1754, #7727, #1027, .T. ) ;
#7051 = EDGE_CURVE ( 'NONE', #4414, #6990, #3172, .T. ) ;
#7052 = DIRECTION ( 'NONE',  ( 0.0000000000000000000, 1.740523610644402991E-16, 1.000000000000000000 ) ) ;
#7053 = CARTESIAN_POINT ( 'NONE',  ( 17.99999999999995737, 5.000000000000000888, 34.00000000000000000 ) ) ;
#7054 = CARTESIAN_POINT ( 'NONE',  ( 32.94220582905452943, -2.899008301738430493, -3.086465813704559746 ) ) ;
#7055 = CARTESIAN_POINT ( 'NONE',  ( 132.9453652200328975, 0.1161099828786982674, 3.829819812241667787 ) ) ;
#7056 = CIRCLE ( 'NONE', #7934, 2.000000000000001776 ) ;
#7057 = VERTEX_POINT ( 'NONE', #5938 ) ;
#7058 = AXIS2_PLACEMENT_3D ( 'NONE', #7355, #7446, #8815 ) ;
#7059 = CARTESIAN_POINT ( 'NONE',  ( 43.12119496837501487, -3.500000000000000888, -4.842574995435365182 ) ) ;
#7060 = DIRECTION ( 'NONE',  ( 0.0000000000000000000, 0.0000000000000000000, 1.000000000000000000 ) ) ;
#7061 = EDGE_LOOP ( 'NONE', ( #7625, #5155, #6491, #3820 ) ) ;
#7062 = CARTESIAN_POINT ( 'NONE',  ( 131.5987220882298061, -0.2254001513489955200, 1.987188805126403945 ) ) ;
#7063 = ADVANCED_FACE ( 'NONE', ( #4425 ), #7357, .T. ) ;
#7064 = CARTESIAN_POINT ( 'NONE',  ( 70.00000000000000000, 4.500000000000000888, -64.02475001521551690 ) ) ;
#7065 = DIRECTION ( 'NONE',  ( 0.0000000000000000000, 0.0000000000000000000, -1.000000000000000000 ) ) ;
#7066 = CIRCLE ( 'NONE', #384, 32.00000000000000000 ) ;
#7067 = ORIENTED_EDGE ( 'NONE', *, *, #8301, .F. ) ;
#7068 = DIRECTION ( 'NONE',  ( 0.0000000000000000000, 0.0000000000000000000, -1.000000000000000000 ) ) ;
#7069 = AXIS2_PLACEMENT_3D ( 'NONE', #3752, #214, #7407 ) ;
#7070 = CARTESIAN_POINT ( 'NONE',  ( 101.8362078475247898, 1.500000000000000888, 3.510933585484048436 ) ) ;
#7071 = DIRECTION ( 'NONE',  ( -0.0000000000000000000, -1.000000000000000000, -0.0000000000000000000 ) ) ;
#7072 = CARTESIAN_POINT ( 'NONE',  ( 32.78035895408724087, -4.831025485282788523, 3.803620186509791612 ) ) ;
#7073 = CARTESIAN_POINT ( 'NONE',  ( 11.44539935979833878, 4.012368233432360043, 35.00000000000000000 ) ) ;
#7074 = LINE ( 'NONE', #7719, #8965 ) ;
#7075 = CARTESIAN_POINT ( 'NONE',  ( 18.00000000000000000, -5.000000000000000888, 30.01666203960729362 ) ) ;
#7076 = ORIENTED_EDGE ( 'NONE', *, *, #3786, .F. ) ;
#7077 = CARTESIAN_POINT ( 'NONE',  ( 132.0052903619970266, 1.819110097922693514, -0.8300596702374328784 ) ) ;
#7078 = EDGE_CURVE ( 'NONE', #2949, #2257, #2496, .T. ) ;
#7079 = CARTESIAN_POINT ( 'NONE',  ( 44.77527527801350260, -4.000000000000000888, -8.484554996652590830 ) ) ;
#7080 = DIRECTION ( 'NONE',  ( 0.0000000000000000000, 0.0000000000000000000, 1.000000000000000000 ) ) ;
#7081 = VERTEX_POINT ( 'NONE', #96 ) ;
#7082 = CARTESIAN_POINT ( 'NONE',  ( 32.22756799330205979, -5.100133086125392623, -4.361617841417033681 ) ) ;
#7083 = CIRCLE ( 'NONE', #9370, 63.00000000000000000 ) ;
#7084 = ORIENTED_EDGE ( 'NONE', *, *, #3756, .T. ) ;
#7085 = CARTESIAN_POINT ( 'NONE',  ( 131.7397959271201557, 1.083387818087038434, -1.679470502724542014 ) ) ;
#7086 = AXIS2_PLACEMENT_3D ( 'NONE', #8303, #6207, #1853 ) ;
#7087 = CARTESIAN_POINT ( 'NONE',  ( 133.4137462674116250, 3.144867354441864382, 1.524741973636690506 ) ) ;
#7088 = ORIENTED_EDGE ( 'NONE', *, *, #8801, .T. ) ;
#7089 = DIRECTION ( 'NONE',  ( 0.0000000000000000000, 0.0000000000000000000, 1.000000000000000000 ) ) ;
#7090 = CARTESIAN_POINT ( 'NONE',  ( 131.9936538294038826, -1.792555320429836341, -0.8859174458783909412 ) ) ;
#7091 = CARTESIAN_POINT ( 'NONE',  ( 28.70205762425247187, -2.800969590546664278, 20.49870707498450884 ) ) ;
#7092 = CARTESIAN_POINT ( 'NONE',  ( 18.00000000000000000, -4.000000000000000888, -35.00000000000000000 ) ) ;
#7093 = ORIENTED_EDGE ( 'NONE', *, *, #1432, .F. ) ;
#7094 = PLANE ( 'NONE',  #8052 ) ;
#7095 = B_SPLINE_CURVE_WITH_KNOTS ( 'NONE', 3,
 ( #2654, #3378, #1959, #4860 ),
 .UNSPECIFIED., .F., .F.,
 ( 4, 4 ),
 ( 0.0000000000000000000, 0.0002914170252885115516 ),
 .UNSPECIFIED. ) ;
#7096 = ADVANCED_FACE ( 'NONE', ( #2278 ), #328, .F. ) ;
#7097 = EDGE_CURVE ( 'NONE', #4152, #6304, #8387, .T. ) ;
#7098 = ORIENTED_EDGE ( 'NONE', *, *, #9263, .F. ) ;
#7099 = VERTEX_POINT ( 'NONE', #7387 ) ;
#7100 = FACE_OUTER_BOUND ( 'NONE', #8076, .T. ) ;
#7101 = AXIS2_PLACEMENT_3D ( 'NONE', #7870, #6498, #2857 ) ;
#7102 = ORIENTED_EDGE ( 'NONE', *, *, #8411, .T. ) ;
#7103 = EDGE_LOOP ( 'NONE', ( #63, #6882, #128 ) ) ;
#7104 = CARTESIAN_POINT ( 'NONE',  ( 28.47243545590239577, -4.601768336561914197, -16.66264451650231848 ) ) ;
#7105 = CARTESIAN_POINT ( 'NONE',  ( 6.142831187652826763, 7.500000000000000888, -21.12499999999999289 ) ) ;
#7106 = DIRECTION ( 'NONE',  ( 0.0000000000000000000, 0.0000000000000000000, 1.000000000000000000 ) ) ;
#7107 = LINE ( 'NONE', #7027, #6545 ) ;
#7108 = CARTESIAN_POINT ( 'NONE',  ( 32.84020341943736554, -5.988149822984966342, 3.269403525718071357 ) ) ;
#7109 = CARTESIAN_POINT ( 'NONE',  ( 14.72054813725533329, 4.000000008605690383, 35.00000000000000000 ) ) ;
#7110 = ORIENTED_EDGE ( 'NONE', *, *, #6865, .F. ) ;
#7111 = FACE_OUTER_BOUND ( 'NONE', #8463, .T. ) ;
#7112 = EDGE_CURVE ( 'NONE', #1388, #8181, #3418, .T. ) ;
#7113 = ORIENTED_EDGE ( 'NONE', *, *, #3964, .F. ) ;
#7114 = ORIENTED_EDGE ( 'NONE', *, *, #4945, .T. ) ;
#7115 = EDGE_CURVE ( 'NONE', #9350, #7325, #7739, .T. ) ;
#7116 = ORIENTED_EDGE ( 'NONE', *, *, #7329, .T. ) ;
#7117 = CARTESIAN_POINT ( 'NONE',  ( 28.51304367304962994, -4.525153186016959594, 16.61343855132841796 ) ) ;
#7118 = DIRECTION ( 'NONE',  ( 0.0000000000000000000, 0.0000000000000000000, -1.000000000000000000 ) ) ;
#7119 = DIRECTION ( 'NONE',  ( 1.301042606982605912E-15, 0.0000000000000000000, -1.000000000000000000 ) ) ;
#7120 = DIRECTION ( 'NONE',  ( -0.5000000000000006661, 0.0000000000000000000, -0.8660254037844382635 ) ) ;
#7121 = CIRCLE ( 'NONE', #1024, 0.4999999999999993894 ) ;
#7122 = DIRECTION ( 'NONE',  ( 0.0000000000000000000, 0.0000000000000000000, 1.000000000000000000 ) ) ;
#7123 = AXIS2_PLACEMENT_3D ( 'NONE', #2692, #4812, #6945 ) ;
#7124 = ORIENTED_EDGE ( 'NONE', *, *, #3246, .F. ) ;
#7125 = CARTESIAN_POINT ( 'NONE',  ( 131.8926556724876775, 1.547294403519454020, 1.266741866350504342 ) ) ;
#7126 = CARTESIAN_POINT ( 'NONE',  ( 28.51304367304962994, 4.500000000000000888, 16.61343855132842151 ) ) ;
#7127 = CARTESIAN_POINT ( 'NONE',  ( 133.4911022811940313, 3.401018963789433691, -0.5056943022409121635 ) ) ;
#7128 = VERTEX_POINT ( 'NONE', #5806 ) ;
#7129 = EDGE_CURVE ( 'NONE', #5792, #4343, #5559, .T. ) ;
#7130 = DIRECTION ( 'NONE',  ( -0.0000000000000000000, -1.000000000000000000, 0.0000000000000000000 ) ) ;
#7131 = FACE_OUTER_BOUND ( 'NONE', #3218, .T. ) ;
#7132 = CARTESIAN_POINT ( 'NONE',  ( 131.6550894884534557, -0.7043901963642482666, 1.871393569001186474 ) ) ;
#7133 = ORIENTED_EDGE ( 'NONE', *, *, #6404, .F. ) ;
#7134 = DIRECTION ( 'NONE',  ( 0.0000000000000000000, 0.0000000000000000000, -1.000000000000000000 ) ) ;
#7135 = AXIS2_PLACEMENT_3D ( 'NONE', #1396, #5795, #6486 ) ;
#7136 = CIRCLE ( 'NONE', #4362, 63.00000000000000000 ) ;
#7137 = CARTESIAN_POINT ( 'NONE',  ( 17.99999999999996447, 0.0000000000000000000, 28.00000000000002487 ) ) ;
#7138 = CARTESIAN_POINT ( 'NONE',  ( 0.0000000000000000000, -7.000000000000000888, 0.0000000000000000000 ) ) ;
#7139 = CARTESIAN_POINT ( 'NONE',  ( 38.00000000000000000, -3.499999999999999556, 0.0000000000000000000 ) ) ;
#7140 = CARTESIAN_POINT ( 'NONE',  ( 32.74575844028586857, -4.687142122575648884, 4.092415201847048323 ) ) ;
#7141 = ORIENTED_EDGE ( 'NONE', *, *, #8609, .T. ) ;
#7142 = CARTESIAN_POINT ( 'NONE',  ( 32.82426576220360204, -5.763533694487689374, 3.421941115803551536 ) ) ;
#7143 = CARTESIAN_POINT ( 'NONE',  ( 32.88198452605690392, -5.904412824377961222, -2.789101767758580319 ) ) ;
#7144 = CARTESIAN_POINT ( 'NONE',  ( 112.9511566187055962, 4.231450116773221914, 11.51592425837112543 ) ) ;
#7145 = VECTOR ( 'NONE', #6600, 1000.000000000000000 ) ;
#7146 = AXIS2_PLACEMENT_3D ( 'NONE', #3835, #5298, #3885 ) ;
#7147 = DIRECTION ( 'NONE',  ( -1.000000000000000000, 0.0000000000000000000, 0.0000000000000000000 ) ) ;
#7148 = DIRECTION ( 'NONE',  ( 0.0000000000000000000, 0.0000000000000000000, -1.000000000000000000 ) ) ;
#7149 = ADVANCED_FACE ( 'NONE', ( #6613 ), #9414, .F. ) ;
#7150 = DIRECTION ( 'NONE',  ( 0.0000000000000000000, -1.000000000000000000, 0.0000000000000000000 ) ) ;
#7151 = CARTESIAN_POINT ( 'NONE',  ( 49.32399612951925860, 5.000000000000000000, 8.500000000000000000 ) ) ;
#7152 = DIRECTION ( 'NONE',  ( 0.0000000000000000000, -1.000000000000000000, 0.0000000000000000000 ) ) ;
#7153 = CARTESIAN_POINT ( 'NONE',  ( 131.9339507318268261, 1.651278117991426653, -1.126961804463106231 ) ) ;
#7154 = EDGE_CURVE ( 'NONE', #4343, #4018, #9185, .T. ) ;
#7155 = CYLINDRICAL_SURFACE ( 'NONE', #1198, 9.000000000000008882 ) ;
#7156 = DIRECTION ( 'NONE',  ( 0.0000000000000000000, 0.0000000000000000000, 1.000000000000000000 ) ) ;
#7157 = DIRECTION ( 'NONE',  ( 0.0000000000000000000, 0.0000000000000000000, -1.000000000000000000 ) ) ;
#7158 = AXIS2_PLACEMENT_3D ( 'NONE', #1325, #7247, #7938 ) ;
#7159 = CARTESIAN_POINT ( 'NONE',  ( 132.0386844687569408, 1.893109229267608162, 0.6412070369875323417 ) ) ;
#7160 = CARTESIAN_POINT ( 'NONE',  ( 34.64101615137754919, 3.500000000000000888, -5.000000000000000888 ) ) ;
#7161 = DIRECTION ( 'NONE',  ( 1.000000000000000000, 0.0000000000000000000, 0.0000000000000000000 ) ) ;
#7162 = VECTOR ( 'NONE', #6206, 1000.000000000000000 ) ;
#7163 = ORIENTED_EDGE ( 'NONE', *, *, #4917, .T. ) ;
#7164 = EDGE_CURVE ( 'NONE', #848, #2046, #1937, .T. ) ;
#7165 = CARTESIAN_POINT ( 'NONE',  ( 28.40486860695899907, -4.663636174768001297, -16.74442132632420766 ) ) ;
#7166 = VECTOR ( 'NONE', #5825, 1000.000000000000000 ) ;
#7167 = CARTESIAN_POINT ( 'NONE',  ( 104.6761038923171441, 5.000000000000000000, -6.119497312630393537 ) ) ;
#7168 = CARTESIAN_POINT ( 'NONE',  ( 38.00000000000000000, 12.50000000000000000, 3.000000000000000000 ) ) ;
#7169 = CARTESIAN_POINT ( 'NONE',  ( 32.13874514715962505, -5.000000000000000888, 4.868137517544330883 ) ) ;
#7170 = ORIENTED_EDGE ( 'NONE', *, *, #8641, .F. ) ;
#7171 = CARTESIAN_POINT ( 'NONE',  ( 10.71751771055746616, 5.000000000000002665, -34.00000000000000000 ) ) ;
#7172 =( BOUNDED_CURVE ( )  B_SPLINE_CURVE ( 3, ( #5226, #7504, #970, #3828 ),
 .UNSPECIFIED., .F., .T. ) 
 B_SPLINE_CURVE_WITH_KNOTS ( ( 4, 4 ),
 ( 1.315247190375579800, 1.505535450373608031 ),
 .UNSPECIFIED. ) 
 CURVE ( )  GEOMETRIC_REPRESENTATION_ITEM ( )  RATIONAL_B_SPLINE_CURVE ( ( 1.000000000000000000, 0.9969848071011849777, 0.9969848071011849777, 1.000000000000000000 ) ) 
 REPRESENTATION_ITEM ( '' )  );
#7173 = DIRECTION ( 'NONE',  ( 0.1562499999999984457, 0.0000000000000000000, 0.9877175393299446604 ) ) ;
#7174 = ORIENTED_EDGE ( 'NONE', *, *, #6742, .T. ) ;
#7175 = CARTESIAN_POINT ( 'NONE',  ( 131.8104810839667778, 1.319884956009107269, -1.502715152647085883 ) ) ;
#7176 = ORIENTED_EDGE ( 'NONE', *, *, #4462, .F. ) ;
#7177 = CARTESIAN_POINT ( 'NONE',  ( 28.48484122707374411, -4.586329917895414887, 16.64761677372560555 ) ) ;
#7178 = CARTESIAN_POINT ( 'NONE',  ( 33.48902738835467829, 6.078408989581893351, -3.209114664620928092 ) ) ;
#7179 = EDGE_CURVE ( 'NONE', #8879, #4360, #7502, .T. ) ;
#7180 = CARTESIAN_POINT ( 'NONE',  ( 32.28243228701278156, -5.259940400014929018, -4.005412569096653996 ) ) ;
#7181 = ORIENTED_EDGE ( 'NONE', *, *, #4337, .T. ) ;
#7182 = EDGE_CURVE ( 'NONE', #3794, #3424, #7944, .T. ) ;
#7183 = CARTESIAN_POINT ( 'NONE',  ( 131.9752576097897077, 1.749985939441187632, 0.9659671126202324931 ) ) ;
#7184 = CARTESIAN_POINT ( 'NONE',  ( 133.0875225387987371, 1.720909200660663885, 3.311777257483056403 ) ) ;
#7185 = AXIS2_PLACEMENT_3D ( 'NONE', #3510, #5670, #9306 ) ;
#7186 = VECTOR ( 'NONE', #4781, 1000.000000000000000 ) ;
#7187 = CARTESIAN_POINT ( 'NONE',  ( 32.11308144666281805, -5.000000000000000888, 5.000000000000000888 ) ) ;
#7188 = EDGE_LOOP ( 'NONE', ( #1761, #7549, #5025, #7296 ) ) ;
#7189 = CARTESIAN_POINT ( 'NONE',  ( 131.9077491731388818, 1.586376601441550349, 1.218893418713555832 ) ) ;
#7190 = CARTESIAN_POINT ( 'NONE',  ( 31.60696125855821847, 19.73542744538947247, -3.000000000000000888 ) ) ;
#7191 = CARTESIAN_POINT ( 'NONE',  ( 22.74837764801966600, 12.50000000000000000, 22.50580623712643913 ) ) ;
#7192 = VERTEX_POINT ( 'NONE', #6971 ) ;
#7193 = CARTESIAN_POINT ( 'NONE',  ( 10.71751771055746616, 4.000000000000002665, -35.00000000000000000 ) ) ;
#7194 = ADVANCED_FACE ( 'NONE', ( #8270 ), #5570, .T. ) ;
#7195 = EDGE_CURVE ( 'NONE', #1968, #2209, #452, .T. ) ;
#7196 = FACE_OUTER_BOUND ( 'NONE', #5805, .T. ) ;
#7197 = EDGE_CURVE ( 'NONE', #8314, #6149, #5480, .T. ) ;
#7198 = ORIENTED_EDGE ( 'NONE', *, *, #9004, .F. ) ;
#7199 = CARTESIAN_POINT ( 'NONE',  ( 36.12874456435739745, 0.8288190757509428241, 14.49949988147799296 ) ) ;
#7200 = AXIS2_PLACEMENT_3D ( 'NONE', #5976, #1640, #8828 ) ;
#7201 = CARTESIAN_POINT ( 'NONE',  ( 132.9453304037199928, -0.05783738548428533910, -3.829937428446527292 ) ) ;
#7202 = DIRECTION ( 'NONE',  ( 0.0000000000000000000, 1.000000000000000000, 0.0000000000000000000 ) ) ;
#7203 = CARTESIAN_POINT ( 'NONE',  ( 12.53700161082352338, 4.042296414261334903, -35.00000000000000000 ) ) ;
#7204 = ORIENTED_EDGE ( 'NONE', *, *, #752, .T. ) ;
#7205 = CARTESIAN_POINT ( 'NONE',  ( 111.8063132115125740, 4.906948977436081272, 10.73907776769066302 ) ) ;
#7206 = LINE ( 'NONE', #5379, #241 ) ;
#7207 = CARTESIAN_POINT ( 'NONE',  ( 131.5955100169819616, 0.1599952902613355488, -1.993552597773020851 ) ) ;
#7208 = ORIENTED_EDGE ( 'NONE', *, *, #4098, .T. ) ;
#7209 = EDGE_CURVE ( 'NONE', #2088, #1349, #6129, .T. ) ;
#7210 = CARTESIAN_POINT ( 'NONE',  ( 27.32806471010540861, -4.941932032210248238, 18.03153692911520523 ) ) ;
#7211 = CARTESIAN_POINT ( 'NONE',  ( 8.116411109992025530, 7.000000000000002665, -30.95357605663032174 ) ) ;
#7212 = VECTOR ( 'NONE', #7744, 1000.000000000000000 ) ;
#7213 = DIRECTION ( 'NONE',  ( 1.000000000000000000, 0.0000000000000000000, -0.0000000000000000000 ) ) ;
#7214 = ORIENTED_EDGE ( 'NONE', *, *, #5402, .T. ) ;
#7215 = CARTESIAN_POINT ( 'NONE',  ( 132.0136867778693954, 1.837864342844625298, -0.7851004636422481697 ) ) ;
#7216 = CARTESIAN_POINT ( 'NONE',  ( 133.3134554824604834, 2.783519979320213000, -2.237079217270670384 ) ) ;
#7217 = SPHERICAL_SURFACE ( 'NONE', #3088, 2.000000000000000000 ) ;
#7218 = ORIENTED_EDGE ( 'NONE', *, *, #7816, .T. ) ;
#7219 = FACE_OUTER_BOUND ( 'NONE', #1992, .T. ) ;
#7220 = DIRECTION ( 'NONE',  ( 0.7298879480086474247, 0.0000000000000000000, -0.6835668097206931693 ) ) ;
#7221 = CARTESIAN_POINT ( 'NONE',  ( 131.9868552268093538, 1.776835211010341142, 0.9154013549137089978 ) ) ;
#7222 = VERTEX_POINT ( 'NONE', #1139 ) ;
#7223 = CARTESIAN_POINT ( 'NONE',  ( 14.40106209202366827, 23.43849360530937176, -32.10006176782744092 ) ) ;
#7224 = CARTESIAN_POINT ( 'NONE',  ( 70.00000000000000000, 3.500000000000000888, 64.02475001521551690 ) ) ;
#7225 = ORIENTED_EDGE ( 'NONE', *, *, #31, .F. ) ;
#7226 = CARTESIAN_POINT ( 'NONE',  ( 1.571788737438387200E-14, 12.50000000000000000, 22.00000000000000000 ) ) ;
#7227 = EDGE_CURVE ( 'NONE', #1420, #3342, #4617, .T. ) ;
#7228 = LINE ( 'NONE', #4389, #3904 ) ;
#7229 = AXIS2_PLACEMENT_3D ( 'NONE', #4512, #8803, #8771 ) ;
#7230 = FACE_OUTER_BOUND ( 'NONE', #1530, .T. ) ;
#7231 = ORIENTED_EDGE ( 'NONE', *, *, #6539, .F. ) ;
#7232 = ORIENTED_EDGE ( 'NONE', *, *, #8409, .T. ) ;
#7233 = DIRECTION ( 'NONE',  ( -0.0000000000000000000, -1.000000000000000000, 0.0000000000000000000 ) ) ;
#7234 = CARTESIAN_POINT ( 'NONE',  ( 104.5472911564093863, 4.776429841225692030, -5.785821562964338582 ) ) ;
#7235 = CARTESIAN_POINT ( 'NONE',  ( 32.60712885353455448, -4.500000000000000888, 5.076923076923076650 ) ) ;
#7236 = CARTESIAN_POINT ( 'NONE',  ( 26.23145579113123915, 5.000000000000000888, -21.75500200160157505 ) ) ;
#7237 = DIRECTION ( 'NONE',  ( -0.0000000000000000000, 1.000000000000000000, -0.0000000000000000000 ) ) ;
#7238 = EDGE_CURVE ( 'NONE', #7663, #5082, #6953, .T. ) ;
#7239 = CARTESIAN_POINT ( 'NONE',  ( 111.8928209815200461, -4.563273893975999584, 10.80038748572286167 ) ) ;
#7240 = EDGE_CURVE ( 'NONE', #1672, #9276, #6016, .T. ) ;
#7241 = CARTESIAN_POINT ( 'NONE',  ( 131.9295205005230684, 1.640477923604030108, -1.143182815502624017 ) ) ;
#7242 = EDGE_CURVE ( 'NONE', #6854, #9407, #4202, .T. ) ;
#7243 = ORIENTED_EDGE ( 'NONE', *, *, #8791, .F. ) ;
#7244 = DIRECTION ( 'NONE',  ( 1.000000000000000000, -0.0000000000000000000, -0.0000000000000000000 ) ) ;
#7245 = DIRECTION ( 'NONE',  ( 0.0000000000000000000, 1.000000000000000000, 0.0000000000000000000 ) ) ;
#7246 = ADVANCED_FACE ( 'NONE', ( #6261, #4636 ), #7094, .T. ) ;
#7247 = DIRECTION ( 'NONE',  ( -1.677606415994443309E-17, 0.0000000000000000000, 1.000000000000000000 ) ) ;
#7248 = AXIS2_PLACEMENT_3D ( 'NONE', #8393, #3999, #9166 ) ;
#7249 = FACE_OUTER_BOUND ( 'NONE', #8184, .T. ) ;
#7250 = CARTESIAN_POINT ( 'NONE',  ( 131.8401710493684504, 1.405882465220867461, -1.422527935693493006 ) ) ;
#7251 = CARTESIAN_POINT ( 'NONE',  ( 132.9747665186337144, 0.7772881226607634142, -3.729033483631503998 ) ) ;
#7252 = VERTEX_POINT ( 'NONE', #1080 ) ;
#7253 = DIRECTION ( 'NONE',  ( 0.0000000000000000000, 1.000000000000000000, 0.0000000000000000000 ) ) ;
#7254 = DIRECTION ( 'NONE',  ( -0.0000000000000000000, -1.000000000000000000, -0.0000000000000000000 ) ) ;
#7255 = CARTESIAN_POINT ( 'NONE',  ( 131.6055495491112026, 0.3257768322973164099, 1.973699075920108958 ) ) ;
#7256 = DIRECTION ( 'NONE',  ( 0.0000000000000000000, 0.0000000000000000000, 1.000000000000000000 ) ) ;
#7257 = CIRCLE ( 'NONE', #7365, 35.00000000000000000 ) ;
#7258 = DIRECTION ( 'NONE',  ( -0.0000000000000000000, 1.000000000000000000, -0.0000000000000000000 ) ) ;
#7259 = ORIENTED_EDGE ( 'NONE', *, *, #7404, .F. ) ;
#7260 = AXIS2_PLACEMENT_3D ( 'NONE', #8478, #4110, #5542 ) ;
#7261 = ORIENTED_EDGE ( 'NONE', *, *, #4336, .T. ) ;
#7262 = FACE_OUTER_BOUND ( 'NONE', #7834, .T. ) ;
#7263 = CARTESIAN_POINT ( 'NONE',  ( 133.4964806087812121, -3.418203722066744721, 0.3144950575811620852 ) ) ;
#7264 = CARTESIAN_POINT ( 'NONE',  ( 31.60696125855821847, 7.000000000000000888, -3.000000000000000888 ) ) ;
#7265 = CARTESIAN_POINT ( 'NONE',  ( 25.54272524794512478, -5.000000000000000888, 20.09525284508729115 ) ) ;
#7266 = CARTESIAN_POINT ( 'NONE',  ( 13.62901839272119453, -4.033782048134934684, -35.00000000000000000 ) ) ;
#7267 = VERTEX_POINT ( 'NONE', #470 ) ;
#7268 = CARTESIAN_POINT ( 'NONE',  ( 33.38674506622353277, 5.745728914846924162, -3.416596003875272292 ) ) ;
#7269 = CARTESIAN_POINT ( 'NONE',  ( 131.7413701015558729, -1.088818417214477918, 1.676550571763879116 ) ) ;
#7270 = CARTESIAN_POINT ( 'NONE',  ( 131.7324892300603949, 1.057183143575553208, 1.697875889531559324 ) ) ;
#7271 = CARTESIAN_POINT ( 'NONE',  ( 15.08460647348984907, 4.000000000000000888, -35.00000000000000000 ) ) ;
#7272 = CYLINDRICAL_SURFACE ( 'NONE', #1746, 27.99999999999999645 ) ;
#7273 = ORIENTED_EDGE ( 'NONE', *, *, #6330, .T. ) ;
#7274 = AXIS2_PLACEMENT_3D ( 'NONE', #5837, #6626, #8062 ) ;
#7275 = CARTESIAN_POINT ( 'NONE',  ( 132.0809214035140258, 1.983445467366293569, -0.2616423515096113483 ) ) ;
#7276 = CARTESIAN_POINT ( 'NONE',  ( 133.5001558168630424, 3.430153745537267262, 0.4992470921090169100 ) ) ;
#7277 = CARTESIAN_POINT ( 'NONE',  ( 20.59893790797642765, -12.50000000000000000, 28.52171649708322576 ) ) ;
#7278 = CARTESIAN_POINT ( 'NONE',  ( 28.07545010501342730, 4.812226627982279403, 17.14146595382468519 ) ) ;
#7279 = ADVANCED_FACE ( 'NONE', ( #4080 ), #3060, .F. ) ;
#7280 = FACE_OUTER_BOUND ( 'NONE', #4571, .T. ) ;
#7281 = VERTEX_POINT ( 'NONE', #1965 ) ;
#7282 = UNCERTAINTY_MEASURE_WITH_UNIT (LENGTH_MEASURE( 1.000000000000000082E-05 ), #6254, 'distance_accuracy_value', 'NONE');
#7283 = EDGE_CURVE ( 'NONE', #9180, #2585, #1019, .T. ) ;
#7284 = ORIENTED_EDGE ( 'NONE', *, *, #5386, .T. ) ;
#7285 = CARTESIAN_POINT ( 'NONE',  ( 6.045341297839941364E-15, -5.000000000000000888, 29.99999999999999645 ) ) ;
#7286 = CARTESIAN_POINT ( 'NONE',  ( 38.09674869092842187, 1.370120058062491708, 13.20946033327478553 ) ) ;
#7287 = CARTESIAN_POINT ( 'NONE',  ( 133.0046566568098569, -1.107687701101052857, -3.623450574173072702 ) ) ;
#7288 = DIRECTION ( 'NONE',  ( 0.0000000000000000000, 0.0000000000000000000, 1.000000000000000000 ) ) ;
#7289 = DIRECTION ( 'NONE',  ( -0.0000000000000000000, -1.000000000000000000, -0.0000000000000000000 ) ) ;
#7290 = CARTESIAN_POINT ( 'NONE',  ( 49.32399612951925860, -4.000000000000000888, -18.50000000000000355 ) ) ;
#7291 = CARTESIAN_POINT ( 'NONE',  ( 14.39064969308078723, 4.925272861343207964, -35.00000000000000000 ) ) ;
#7292 = CIRCLE ( 'NONE', #5919, 5.000000000000004441 ) ;
#7293 = DIRECTION ( 'NONE',  ( 0.2536378471872512419, 0.0000000000000000000, 0.9672992517696975545 ) ) ;
#7294 = ORIENTED_EDGE ( 'NONE', *, *, #5688, .F. ) ;
#7295 = AXIS2_PLACEMENT_3D ( 'NONE', #9401, #722, #8023 ) ;
#7296 = ORIENTED_EDGE ( 'NONE', *, *, #1178, .F. ) ;
#7297 = DIRECTION ( 'NONE',  ( 0.8660254037844379305, -0.0000000000000000000, 0.5000000000000013323 ) ) ;
#7298 = CARTESIAN_POINT ( 'NONE',  ( 12.53700161082352338, -4.042296414261335791, -35.00000000000000000 ) ) ;
#7299 = CARTESIAN_POINT ( 'NONE',  ( 34.40307872981502868, 6.702578223044129757, -3.000000000000002220 ) ) ;
#7300 = CARTESIAN_POINT ( 'NONE',  ( 131.9354430647276502, -1.653781471675759063, 1.122543735570107337 ) ) ;
#7301 = DIRECTION ( 'NONE',  ( 1.000000000000000000, 0.0000000000000000000, 1.677606415994443309E-17 ) ) ;
#7302 = VECTOR ( 'NONE', #2110, 1000.000000000000000 ) ;
#7303 = ORIENTED_EDGE ( 'NONE', *, *, #7835, .T. ) ;
#7304 = CARTESIAN_POINT ( 'NONE',  ( 120.0000000000000000, 12.50000000000000000, 0.0000000000000000000 ) ) ;
#7305 = AXIS2_PLACEMENT_3D ( 'NONE', #5350, #4506, #5224 ) ;
#7306 = ORIENTED_EDGE ( 'NONE', *, *, #4889, .T. ) ;
#7307 = CARTESIAN_POINT ( 'NONE',  ( 101.0263340389897166, 3.500000000000000888, -3.500000000000003997 ) ) ;
#7308 = CYLINDRICAL_SURFACE ( 'NONE', #9249, 30.00000000000000000 ) ;
#7309 = CARTESIAN_POINT ( 'NONE',  ( 131.6264626206655350, 0.5139724509811850472, -1.931229779728059093 ) ) ;
#7310 = DIRECTION ( 'NONE',  ( 0.4135200774096138288, 0.0000000000000000000, 0.9104950003043107420 ) ) ;
#7311 = CARTESIAN_POINT ( 'NONE',  ( 12.90106209202365761, 7.000000000000002665, 29.50198555647411780 ) ) ;
#7312 = ORIENTED_EDGE ( 'NONE', *, *, #6315, .F. ) ;
#7313 = CARTESIAN_POINT ( 'NONE',  ( 19.09893790797643121, 7.000000000000002665, -25.92364028572990620 ) ) ;
#7314 = CARTESIAN_POINT ( 'NONE',  ( 133.1810281002367162, -2.222274195700064237, -2.917563006034245454 ) ) ;
#7315 = VERTEX_POINT ( 'NONE', #7776 ) ;
#7316 = DIRECTION ( 'NONE',  ( 0.0000000000000000000, 0.0000000000000000000, 1.000000000000000000 ) ) ;
#7317 = DIRECTION ( 'NONE',  ( 0.0000000000000000000, 0.0000000000000000000, -1.000000000000000000 ) ) ;
#7318 = AXIS2_PLACEMENT_3D ( 'NONE', #1449, #4486, #5917 ) ;
#7319 = CARTESIAN_POINT ( 'NONE',  ( 133.2070612931110531, -2.343145702963983279, 2.797387736107778355 ) ) ;
#7320 = CARTESIAN_POINT ( 'NONE',  ( 113.3468963513340526, 4.000000000000000888, 11.74675324675325072 ) ) ;
#7321 = LINE ( 'NONE', #1550, #4797 ) ;
#7322 = CARTESIAN_POINT ( 'NONE',  ( 7.609135415617524600, -12.50000000000000000, 29.01897755309092375 ) ) ;
#7323 = DIRECTION ( 'NONE',  ( -0.9880948137434715228, 0.0000000000000000000, -0.1538461538461539102 ) ) ;
#7324 = ORIENTED_EDGE ( 'NONE', *, *, #5061, .T. ) ;
#7325 = VERTEX_POINT ( 'NONE', #2686 ) ;
#7326 = VECTOR ( 'NONE', #2543, 1000.000000000000000 ) ;
#7327 = ORIENTED_EDGE ( 'NONE', *, *, #7637, .F. ) ;
#7328 = ORIENTED_EDGE ( 'NONE', *, *, #8791, .T. ) ;
#7329 = EDGE_CURVE ( 'NONE', #1815, #6304, #6383, .T. ) ;
#7330 = DIRECTION ( 'NONE',  ( 1.000000000000000000, 0.0000000000000000000, -0.0000000000000000000 ) ) ;
#7331 = CARTESIAN_POINT ( 'NONE',  ( 10.71751771055746616, -5.000000000000003553, -34.00000000000000000 ) ) ;
#7332 = ADVANCED_FACE ( 'NONE', ( #5321 ), #5790, .T. ) ;
#7333 = CARTESIAN_POINT ( 'NONE',  ( 33.33788974286661499, 5.957498873191259925, 3.000000000000001332 ) ) ;
#7334 = LINE ( 'NONE', #2985, #2297 ) ;
#7335 = DIRECTION ( 'NONE',  ( 0.0000000000000000000, 1.000000000000000000, 0.0000000000000000000 ) ) ;
#7336 = ORIENTED_EDGE ( 'NONE', *, *, #8805, .T. ) ;
#7337 = CYLINDRICAL_SURFACE ( 'NONE', #5280, 11.00000000000000178 ) ;
#7338 = CARTESIAN_POINT ( 'NONE',  ( 131.7510342991914456, 1.124056872092404236, 1.653159349666517342 ) ) ;
#7339 = AXIS2_PLACEMENT_3D ( 'NONE', #6506, #6452, #2139 ) ;
#7340 = CARTESIAN_POINT ( 'NONE',  ( 133.0418376164921597, 1.416276082794255986, -3.487538979988089149 ) ) ;
#7341 = ORIENTED_EDGE ( 'NONE', *, *, #4580, .F. ) ;
#7342 = ORIENTED_EDGE ( 'NONE', *, *, #6699, .F. ) ;
#7343 = CARTESIAN_POINT ( 'NONE',  ( 21.56782950090911655, 5.426550321499530760, 22.12114131338067224 ) ) ;
#7344 = DIRECTION ( 'NONE',  ( -1.000000000000000000, 0.0000000000000000000, -1.209068259567990048E-15 ) ) ;
#7345 = CIRCLE ( 'NONE', #541, 32.00000000000000000 ) ;
#7346 = DIRECTION ( 'NONE',  ( -0.0000000000000000000, -1.000000000000000000, -0.0000000000000000000 ) ) ;
#7347 = VERTEX_POINT ( 'NONE', #7830 ) ;
#7348 = CARTESIAN_POINT ( 'NONE',  ( 49.32399612951925860, -3.500000000000000888, 18.50000000000000355 ) ) ;
#7349 = CIRCLE ( 'NONE', #411, 1.000000000000000888 ) ;
#7350 = DIRECTION ( 'NONE',  ( -0.0000000000000000000, 1.000000000000000000, -0.0000000000000000000 ) ) ;
#7351 = CARTESIAN_POINT ( 'NONE',  ( 28.48484122707371569, 4.586329917895412223, -16.64761677372565529 ) ) ;
#7352 = CARTESIAN_POINT ( 'NONE',  ( 133.0227550996553134, -1.266528087206583608, -3.557876005328018731 ) ) ;
#7353 = CARTESIAN_POINT ( 'NONE',  ( 15.08460647348984907, -5.000000000000001776, 34.00000000000000000 ) ) ;
#7354 = DIRECTION ( 'NONE',  ( -0.0000000000000000000, -1.000000000000000000, -0.0000000000000000000 ) ) ;
#7355 = CARTESIAN_POINT ( 'NONE',  ( 14.40106209202366827, -13.43849360530937176, -32.10006176782744092 ) ) ;
#7356 = EDGE_CURVE ( 'NONE', #1981, #8893, #2953, .T. ) ;
#7357 = PLANE ( 'NONE',  #9009 ) ;
#7358 = EDGE_CURVE ( 'NONE', #6066, #3621, #2159, .T. ) ;
#7359 = EDGE_CURVE ( 'NONE', #1047, #3675, #6369, .T. ) ;
#7360 = TOROIDAL_SURFACE ( 'NONE', #1574, 60.99999999999999289, 1.000000000000000000 ) ;
#7361 = CARTESIAN_POINT ( 'NONE',  ( 25.67181024901587705, -4.999909411773292511, 19.94880685993857838 ) ) ;
#7362 = CARTESIAN_POINT ( 'NONE',  ( 12.17009032052152051, 5.022927870565766284, 34.15161828975421798 ) ) ;
#7363 = DIRECTION ( 'NONE',  ( 1.000000000000000000, 0.0000000000000000000, 0.0000000000000000000 ) ) ;
#7364 = ORIENTED_EDGE ( 'NONE', *, *, #4406, .T. ) ;
#7365 = AXIS2_PLACEMENT_3D ( 'NONE', #3584, #7949, #7988 ) ;
#7366 = CARTESIAN_POINT ( 'NONE',  ( 104.6762038286829863, -5.000000000000000000, -6.119741461674083283 ) ) ;
#7367 = CARTESIAN_POINT ( 'NONE',  ( 132.0387587078094498, -1.893254222355633898, -0.6431162406006618593 ) ) ;
#7368 = VECTOR ( 'NONE', #6814, 1000.000000000000000 ) ;
#7369 = EDGE_CURVE ( 'NONE', #7252, #9288, #8498, .T. ) ;
#7370 = CARTESIAN_POINT ( 'NONE',  ( 1.209068259567987287E-15, 5.000000000000000888, 34.00000000000000000 ) ) ;
#7371 = CARTESIAN_POINT ( 'NONE',  ( 38.00000000000000000, 7.000000000000002665, 5.000000000000000000 ) ) ;
#7372 = CARTESIAN_POINT ( 'NONE',  ( 133.2610655041968641, 2.580502594589519028, -2.535045239441485965 ) ) ;
#7373 = CARTESIAN_POINT ( 'NONE',  ( 30.47208456077073890, 2.049540406834494899, -14.18750746989102041 ) ) ;
#7374 = CARTESIAN_POINT ( 'NONE',  ( 21.43535984825537000, -6.951089280396214320, 24.03861579930359227 ) ) ;
#7375 = ADVANCED_FACE ( 'NONE', ( #8849 ), #3864, .F. ) ;
#7376 = TOROIDAL_SURFACE ( 'NONE', #1001, 26.00000000000000355, 1.000000000000000000 ) ;
#7377 = AXIS2_PLACEMENT_3D ( 'NONE', #2919, #2251, #8037 ) ;
#7378 = CARTESIAN_POINT ( 'NONE',  ( 20.59893790797642765, -7.982970117485801431, 28.52171649708322576 ) ) ;
#7379 = CARTESIAN_POINT ( 'NONE',  ( 21.78511551902308696, -7.969755015572503432, -27.27674284014843309 ) ) ;
#7380 = FACE_OUTER_BOUND ( 'NONE', #2998, .T. ) ;
#7381 = CARTESIAN_POINT ( 'NONE',  ( 133.4636281381773983, -3.311213236397780868, 0.9975561019079162151 ) ) ;
#7382 = EDGE_CURVE ( 'NONE', #5034, #6434, #5544, .T. ) ;
#7383 = CARTESIAN_POINT ( 'NONE',  ( 109.6491370532881007, 4.866075706568405934, 9.506098401931597053 ) ) ;
#7384 = CARTESIAN_POINT ( 'NONE',  ( 18.00000000000000000, 5.000000000000000000, -35.00000000000000000 ) ) ;
#7385 = ORIENTED_EDGE ( 'NONE', *, *, #4648, .F. ) ;
#7386 = DIRECTION ( 'NONE',  ( 1.000000000000000000, 0.0000000000000000000, 0.0000000000000000000 ) ) ;
#7387 = CARTESIAN_POINT ( 'NONE',  ( 49.32399612951925860, 5.000000000000000888, 7.500000000000000888 ) ) ;
#7388 = AXIS2_PLACEMENT_3D ( 'NONE', #3722, #1588, #94 ) ;
#7389 = DIRECTION ( 'NONE',  ( 0.0000000000000000000, 1.734723475976805615E-16, 1.000000000000000000 ) ) ;
#7390 = CARTESIAN_POINT ( 'NONE',  ( 32.39910718279131174, 1.576480256083174547, 11.68920226135544738 ) ) ;
#7391 = CIRCLE ( 'NONE', #5063, 3.000000000000002665 ) ;
#7392 = VERTEX_POINT ( 'NONE', #3384 ) ;
#7393 = ORIENTED_EDGE ( 'NONE', *, *, #7356, .F. ) ;
#7394 = CARTESIAN_POINT ( 'NONE',  ( 131.6444559236732630, 0.6412573326775308225, 1.893877522805031743 ) ) ;
#7395 = CARTESIAN_POINT ( 'NONE',  ( 131.9450523653029848, -1.678254561570201808, -1.086550396635754367 ) ) ;
#7396 = LINE ( 'NONE', #1900, #9293 ) ;
#7397 = DIRECTION ( 'NONE',  ( 0.0000000000000000000, 1.000000000000000000, 0.0000000000000000000 ) ) ;
#7398 = VERTEX_POINT ( 'NONE', #2214 ) ;
#7399 = AXIS2_PLACEMENT_3D ( 'NONE', #2229, #8006, #129 ) ;
#7400 = CARTESIAN_POINT ( 'NONE',  ( 20.59893790797642765, 12.50000000000000000, 28.52171649708322576 ) ) ;
#7401 = CIRCLE ( 'NONE', #5667, 1.999999999999998002 ) ;
#7402 = EDGE_CURVE ( 'NONE', #6065, #3524, #3400, .T. ) ;
#7403 = ORIENTED_EDGE ( 'NONE', *, *, #3245, .T. ) ;
#7404 = EDGE_CURVE ( 'NONE', #2585, #3424, #7723, .T. ) ;
#7405 = CARTESIAN_POINT ( 'NONE',  ( 28.51304367304958376, 4.525153186016953377, -16.61343855132848191 ) ) ;
#7406 = CARTESIAN_POINT ( 'NONE',  ( 133.4066429851945941, 3.120777980380616601, -1.589155415794790471 ) ) ;
#7407 = DIRECTION ( 'NONE',  ( 0.0000000000000000000, 0.0000000000000000000, -1.000000000000000000 ) ) ;
#7408 = CARTESIAN_POINT ( 'NONE',  ( 109.0837000562857924, 5.000000000000015099, -7.942568573129583420 ) ) ;
#7409 = DIRECTION ( 'NONE',  ( 0.0000000000000000000, -1.626303258728256651E-16, 1.000000000000000000 ) ) ;
#7410 = CARTESIAN_POINT ( 'NONE',  ( 34.64101615137754919, -1.500000000000000888, 5.000000000000000888 ) ) ;
#7411 = ORIENTED_EDGE ( 'NONE', *, *, #4514, .F. ) ;
#7412 = CARTESIAN_POINT ( 'NONE',  ( 31.60696125855821847, -12.50000000000000000, 5.000000000000000888 ) ) ;
#7413 = VECTOR ( 'NONE', #6280, 1000.000000000000000 ) ;
#7414 = AXIS2_PLACEMENT_3D ( 'NONE', #5488, #442, #9316 ) ;
#7415 = VERTEX_POINT ( 'NONE', #7193 ) ;
#7416 = CARTESIAN_POINT ( 'NONE',  ( -9.226835287969437737E-17, -4.500000000000000888, 5.500000000000000000 ) ) ;
#7417 = ADVANCED_FACE ( 'NONE', ( #4533 ), #2091, .T. ) ;
#7418 = ADVANCED_FACE ( 'NONE', ( #3640 ), #796, .F. ) ;
#7419 = CARTESIAN_POINT ( 'NONE',  ( 32.35281877035213682, 5.169442095179677565, 3.682477189382546534 ) ) ;
#7420 = VERTEX_POINT ( 'NONE', #5796 ) ;
#7421 = DIRECTION ( 'NONE',  ( 0.0000000000000000000, 1.000000000000000000, 0.0000000000000000000 ) ) ;
#7422 = TOROIDAL_SURFACE ( 'NONE', #4027, 62.49999999999998579, 0.5000000000000000000 ) ;
#7423 = VERTEX_POINT ( 'NONE', #4369 ) ;
#7424 = ORIENTED_EDGE ( 'NONE', *, *, #1050, .T. ) ;
#7425 = ORIENTED_EDGE ( 'NONE', *, *, #1466, .F. ) ;
#7426 = AXIS2_PLACEMENT_3D ( 'NONE', #5252, #5934, #8126 ) ;
#7427 = CARTESIAN_POINT ( 'NONE',  ( 39.05687522811109602, 6.498384763969565064E-16, 12.61927336776758857 ) ) ;
#7428 = CYLINDRICAL_SURFACE ( 'NONE', #3106, 9.999999999999998224 ) ;
#7429 = DIRECTION ( 'NONE',  ( -0.0000000000000000000, 1.000000000000000000, -0.0000000000000000000 ) ) ;
#7430 = DIRECTION ( 'NONE',  ( 0.0000000000000000000, 0.0000000000000000000, 1.000000000000000000 ) ) ;
#7431 = CARTESIAN_POINT ( 'NONE',  ( 32.62602812850509082, 4.500000001088915624, -4.955540285640791076 ) ) ;
#7432 = DIRECTION ( 'NONE',  ( 0.0000000000000000000, 0.0000000000000000000, -1.000000000000000000 ) ) ;
#7433 = B_SPLINE_CURVE_WITH_KNOTS ( 'NONE', 3,
 ( #3576, #8672, #2143, #7977, #7343, #1424, #5016, #6513, #3638, #1513, #1478, #6584, #2210, #2933, #8020, #6611 ),
 .UNSPECIFIED., .F., .F.,
 ( 4, 2, 2, 2, 2, 2, 2, 4 ),
 ( 0.0000000000000000000, 0.0003954540358560175895, 0.0007909080717120351789, 0.001581816143424077947, 0.001977270179280094832, 0.002372724215136111717, 0.002768178250992128601, 0.003163632286848145486 ),
 .UNSPECIFIED. ) ;
#7434 = CIRCLE ( 'NONE', #5102, 2.000000000000000000 ) ;
#7435 = ORIENTED_EDGE ( 'NONE', *, *, #3494, .T. ) ;
#7436 = FACE_OUTER_BOUND ( 'NONE', #1619, .T. ) ;
#7437 = ORIENTED_EDGE ( 'NONE', *, *, #9145, .T. ) ;
#7438 = ORIENTED_EDGE ( 'NONE', *, *, #3741, .T. ) ;
#7439 = CARTESIAN_POINT ( 'NONE',  ( 133.5000108413520081, -3.429662197283606329, -0.1244293956231613263 ) ) ;
#7440 = DIRECTION ( 'NONE',  ( 1.000000000000000000, -0.0000000000000000000, 1.209068259567990048E-15 ) ) ;
#7441 = AXIS2_PLACEMENT_3D ( 'NONE', #3472, #9173, #3401 ) ;
#7442 = CARTESIAN_POINT ( 'NONE',  ( 132.9748452088902866, 0.7862854118892841360, 3.728818326389553572 ) ) ;
#7443 = CARTESIAN_POINT ( 'NONE',  ( 35.00000000000002132, 5.000000000000000888, 21.75500200160165321 ) ) ;
#7444 = CARTESIAN_POINT ( 'NONE',  ( 110.2045495022386916, 5.732151414499184305, -9.293034504829677189 ) ) ;
#7445 = DIRECTION ( 'NONE',  ( 0.0000000000000000000, 0.0000000000000000000, 1.000000000000000000 ) ) ;
#7446 = DIRECTION ( 'NONE',  ( -0.5000000000000012212, 0.0000000000000000000, 0.8660254037844379305 ) ) ;
#7447 = CARTESIAN_POINT ( 'NONE',  ( 21.78511551902308696, 7.969755015572503432, -27.27674284014843309 ) ) ;
#7448 = FACE_OUTER_BOUND ( 'NONE', #838, .T. ) ;
#7449 = ORIENTED_EDGE ( 'NONE', *, *, #4633, .T. ) ;
#7450 = CARTESIAN_POINT ( 'NONE',  ( 0.0000000000000000000, -12.50000000000000000, 0.0000000000000000000 ) ) ;
#7451 = ORIENTED_EDGE ( 'NONE', *, *, #4232, .T. ) ;
#7452 = CIRCLE ( 'NONE', #5891, 26.00000000000000355 ) ;
#7453 = CARTESIAN_POINT ( 'NONE',  ( 1.571788737438387200E-14, 7.500000000000000888, 22.00000000000000000 ) ) ;
#7454 = AXIS2_PLACEMENT_3D ( 'NONE', #7737, #5476, #4111 ) ;
#7455 = CARTESIAN_POINT ( 'NONE',  ( 131.8598351573090497, -1.460958158291638664, -1.367362100372768952 ) ) ;
#7456 = CARTESIAN_POINT ( 'NONE',  ( 131.9976153213615646, -1.800628008326283114, 0.8662858536111845975 ) ) ;
#7457 = EDGE_LOOP ( 'NONE', ( #7486, #5347, #7328, #4862 ) ) ;
#7458 = CARTESIAN_POINT ( 'NONE',  ( 21.28860175200237137, 7.000000000000002665, -23.87293985656782880 ) ) ;
#7459 = CARTESIAN_POINT ( 'NONE',  ( 0.0000000000000000000, 5.000000000000000888, 0.0000000000000000000 ) ) ;
#7460 = EDGE_CURVE ( 'NONE', #2849, #3199, #3286, .T. ) ;
#7461 = DIRECTION ( 'NONE',  ( 1.541976423090494056E-15, 0.0000000000000000000, -1.000000000000000000 ) ) ;
#7462 = CARTESIAN_POINT ( 'NONE',  ( 32.60712885353456159, 4.999999999999984901, -5.076923076923075762 ) ) ;
#7463 = EDGE_LOOP ( 'NONE', ( #6329, #6615 ) ) ;
#7464 = CARTESIAN_POINT ( 'NONE',  ( 133.4075024848723103, -3.123630992171771759, -1.581869905846478908 ) ) ;
#7465 = CARTESIAN_POINT ( 'NONE',  ( 120.0000000000000000, -12.50000000000000000, -13.50000000000000178 ) ) ;
#7466 = CIRCLE ( 'NONE', #4837, 1.000000000000000000 ) ;
#7467 = CARTESIAN_POINT ( 'NONE',  ( 133.4913023398402743, 3.401630632162003565, 0.5003830074693856877 ) ) ;
#7468 = DIRECTION ( 'NONE',  ( 0.0000000000000000000, -1.000000000000000000, 0.0000000000000000000 ) ) ;
#7469 = CARTESIAN_POINT ( 'NONE',  ( 22.09056242439637785, 7.639617213635125026, -25.61581853935930653 ) ) ;
#7470 = EDGE_CURVE ( 'NONE', #8314, #3621, #7292, .T. ) ;
#7471 = EDGE_CURVE ( 'NONE', #8108, #2546, #8953, .T. ) ;
#7472 = CARTESIAN_POINT ( 'NONE',  ( 38.00000000000000000, -3.499999999999999556, 5.000000000000000000 ) ) ;
#7473 = VECTOR ( 'NONE', #6705, 1000.000000000000000 ) ;
#7474 = CARTESIAN_POINT ( 'NONE',  ( 17.99999999999996092, -5.000000000000012434, 30.97879924481296499 ) ) ;
#7475 = AXIS2_PLACEMENT_3D ( 'NONE', #3165, #1756, #6095 ) ;
#7476 = CARTESIAN_POINT ( 'NONE',  ( 131.7980527055659650, -1.281201118953959606, 1.535762627035521133 ) ) ;
#7477 = LINE ( 'NONE', #3211, #6707 ) ;
#7478 = EDGE_CURVE ( 'NONE', #4667, #5509, #682, .T. ) ;
#7479 = CARTESIAN_POINT ( 'NONE',  ( 36.26345431476135417, -0.9848620534975907059, 14.40770443614966290 ) ) ;
#7480 = DIRECTION ( 'NONE',  ( 0.0000000000000000000, 0.0000000000000000000, 1.000000000000000000 ) ) ;
#7481 = CARTESIAN_POINT ( 'NONE',  ( 12.53700161082352338, -4.042296414261335791, 35.00000000000000000 ) ) ;
#7482 = CARTESIAN_POINT ( 'NONE',  ( 22.01285227611681705, -7.891297630613934189, 26.66838061746756239 ) ) ;
#7483 = AXIS2_PLACEMENT_3D ( 'NONE', #4291, #9238, #1319 ) ;
#7484 = FACE_BOUND ( 'NONE', #4244, .T. ) ;
#7485 = B_SPLINE_CURVE_WITH_KNOTS ( 'NONE', 3,
 ( #5114, #2966, #603, #661, #1399, #5831, #6653, #1485, #3035, #8231 ),
 .UNSPECIFIED., .F., .F.,
 ( 4, 2, 2, 2, 4 ),
 ( 0.0000000000000000000, 0.001091976997524665878, 0.002183953995049331756, 0.003275930992573997634, 0.004367907990098663512 ),
 .UNSPECIFIED. ) ;
#7486 = ORIENTED_EDGE ( 'NONE', *, *, #5745, .T. ) ;
#7487 = DIRECTION ( 'NONE',  ( 0.0000000000000000000, -1.740523610644402991E-16, 1.000000000000000000 ) ) ;
#7488 = CARTESIAN_POINT ( 'NONE',  ( 25.67181024901579178, 4.999909411773291623, -19.94880685993864589 ) ) ;
#7489 = CARTESIAN_POINT ( 'NONE',  ( 133.2349827007112424, 2.466257553213746956, 2.662203791775365147 ) ) ;
#7490 = CARTESIAN_POINT ( 'NONE',  ( 28.10675701869502063, -4.000000000000004441, -21.07179676972446458 ) ) ;
#7491 = DIRECTION ( 'NONE',  ( 0.9396926207859082059, -0.0000000000000000000, 0.3420201433256694346 ) ) ;
#7492 = DIRECTION ( 'NONE',  ( 0.0000000000000000000, 0.0000000000000000000, 1.000000000000000000 ) ) ;
#7493 = DIRECTION ( 'NONE',  ( 1.000000000000000000, -0.0000000000000000000, 8.388032079972216237E-17 ) ) ;
#7494 = SPHERICAL_SURFACE ( 'NONE', #5612, 2.000000000000000000 ) ;
#7495 = DIRECTION ( 'NONE',  ( 0.0000000000000000000, 0.0000000000000000000, -1.000000000000000000 ) ) ;
#7496 = VERTEX_POINT ( 'NONE', #2122 ) ;
#7497 = AXIS2_PLACEMENT_3D ( 'NONE', #190, #5215, #8038 ) ;
#7498 = CARTESIAN_POINT ( 'NONE',  ( 0.0000000000000000000, 7.500000000000000888, 0.0000000000000000000 ) ) ;
#7499 = DIRECTION ( 'NONE',  ( -0.0000000000000000000, -1.000000000000000000, 0.0000000000000000000 ) ) ;
#7500 = ORIENTED_EDGE ( 'NONE', *, *, #7164, .T. ) ;
#7501 = CARTESIAN_POINT ( 'NONE',  ( 35.00000000000001421, 0.0000000000000000000, 28.00000000000004263 ) ) ;
#7502 = LINE ( 'NONE', #250, #6497 ) ;
#7503 = ORIENTED_EDGE ( 'NONE', *, *, #1913, .F. ) ;
#7504 = CARTESIAN_POINT ( 'NONE',  ( 18.85164659090051487, 7.868658824696290743, -29.53051560934970254 ) ) ;
#7505 = CARTESIAN_POINT ( 'NONE',  ( 131.8871522861699077, -1.532329981160007737, 1.284744975353546925 ) ) ;
#7506 = CARTESIAN_POINT ( 'NONE',  ( 131.7331235632775872, -1.059243911026198859, 1.696469930096735634 ) ) ;
#7507 = AXIS2_PLACEMENT_3D ( 'NONE', #8981, #3888, #4730 ) ;
#7508 = ORIENTED_EDGE ( 'NONE', *, *, #2180, .F. ) ;
#7509 = CARTESIAN_POINT ( 'NONE',  ( 21.96480662198342770, 7.424624507255217054, 25.01339782507223575 ) ) ;
#7510 = CARTESIAN_POINT ( 'NONE',  ( 38.00000000000000000, 1.500000000000000888, -5.000000000000000000 ) ) ;
#7511 = AXIS2_PLACEMENT_3D ( 'NONE', #7307, #4275, #51 ) ;
#7512 = CYLINDRICAL_SURFACE ( 'NONE', #570, 3.000000000000000000 ) ;
#7513 = CARTESIAN_POINT ( 'NONE',  ( 11.05821137337277094, -5.000000000000003553, 34.04764431590728435 ) ) ;
#7514 = DIRECTION ( 'NONE',  ( 0.0000000000000000000, 1.000000000000000000, 0.0000000000000000000 ) ) ;
#7515 = CARTESIAN_POINT ( 'NONE',  ( 33.03842881262463749, -1.500000000000001776, 10.83887563378305607 ) ) ;
#7516 = ORIENTED_EDGE ( 'NONE', *, *, #2134, .T. ) ;
#7517 = VERTEX_POINT ( 'NONE', #4993 ) ;
#7518 = DIRECTION ( 'NONE',  ( 0.0000000000000000000, 1.000000000000000000, 0.0000000000000000000 ) ) ;
#7519 = CARTESIAN_POINT ( 'NONE',  ( 133.3634564172674573, -2.968690330393177756, -1.915990399370760100 ) ) ;
#7520 = EDGE_LOOP ( 'NONE', ( #7779, #812, #9368, #5547 ) ) ;
#7521 = EDGE_CURVE ( 'NONE', #7392, #4904, #1708, .T. ) ;
#7522 = EDGE_CURVE ( 'NONE', #7543, #9269, #7066, .T. ) ;
#7523 = CIRCLE ( 'NONE', #8816, 2.000000000000000000 ) ;
#7524 = CARTESIAN_POINT ( 'NONE',  ( 133.4720583071859608, -3.338778152892257101, 0.8770560898756692980 ) ) ;
#7525 = CARTESIAN_POINT ( 'NONE',  ( 104.5132915121738648, 3.317534753127429958, -5.711561460045903260 ) ) ;
#7526 = ORIENTED_EDGE ( 'NONE', *, *, #4287, .F. ) ;
#7527 = CARTESIAN_POINT ( 'NONE',  ( 133.4725196699753269, 3.340816630316822078, 0.8696524553710840433 ) ) ;
#7528 = CARTESIAN_POINT ( 'NONE',  ( 131.9590137134644010, -0.02591105689866017928, -1.999866874685255924 ) ) ;
#7529 = CARTESIAN_POINT ( 'NONE',  ( 10.03027150280468227, 7.000000000000002665, 30.37293985656783946 ) ) ;
#7530 = AXIS2_PLACEMENT_3D ( 'NONE', #2286, #7386, #2228 ) ;
#7531 = EDGE_LOOP ( 'NONE', ( #500, #1017, #4354, #741, #2635, #2196 ) ) ;
#7532 = CIRCLE ( 'NONE', #3841, 3.000000000000002665 ) ;
#7533 = EDGE_LOOP ( 'NONE', ( #8256, #6126, #3323, #7965 ) ) ;
#7534 = FACE_OUTER_BOUND ( 'NONE', #5835, .T. ) ;
#7535 = CARTESIAN_POINT ( 'NONE',  ( 2.204364238465235033E-15, 7.500000000000000888, -12.00000000000000355 ) ) ;
#7536 = VERTEX_POINT ( 'NONE', #785 ) ;
#7537 = CARTESIAN_POINT ( 'NONE',  ( 131.9414718363838688, -1.669515054587743741, -1.099568507682191720 ) ) ;
#7538 = ORIENTED_EDGE ( 'NONE', *, *, #6885, .T. ) ;
#7539 = AXIS2_PLACEMENT_3D ( 'NONE', #4643, #1876, #301 ) ;
#7540 = CARTESIAN_POINT ( 'NONE',  ( 22.06175577363059404, 7.572226491139429250, 25.41036149397173105 ) ) ;
#7541 = FACE_OUTER_BOUND ( 'NONE', #2355, .T. ) ;
#7542 = CARTESIAN_POINT ( 'NONE',  ( 11.41375784687528494, -5.008245486696107918, 34.09026589720551215 ) ) ;
#7543 = VERTEX_POINT ( 'NONE', #8057 ) ;
#7544 = FACE_OUTER_BOUND ( 'NONE', #6976, .T. ) ;
#7545 = DIRECTION ( 'NONE',  ( 0.0000000000000000000, 0.0000000000000000000, 1.000000000000000000 ) ) ;
#7546 = ORIENTED_EDGE ( 'NONE', *, *, #5721, .F. ) ;
#7547 = CARTESIAN_POINT ( 'NONE',  ( 31.60696125855821847, -7.000000000000000888, -5.000000000000000888 ) ) ;
#7548 = VERTEX_POINT ( 'NONE', #6487 ) ;
#7549 = ORIENTED_EDGE ( 'NONE', *, *, #1326, .F. ) ;
#7550 = ORIENTED_EDGE ( 'NONE', *, *, #2766, .F. ) ;
#7551 = DIRECTION ( 'NONE',  ( -1.356728424568866558E-16, 0.0000000000000000000, 1.000000000000000000 ) ) ;
#7552 = B_SPLINE_CURVE_WITH_KNOTS ( 'NONE', 3,
 ( #7699, #7913, #1159, #9075, #4729, #3341, #5461, #4067, #9144, #454 ),
 .UNSPECIFIED., .F., .F.,
 ( 4, 2, 2, 2, 4 ),
 ( 0.0000000000000000000, 0.0006256403360727768193, 0.001251280672145553639, 0.001876921008218330458, 0.002502561344291107277 ),
 .UNSPECIFIED. ) ;
#7553 = EDGE_CURVE ( 'NONE', #465, #2487, #6972, .T. ) ;
#7554 = VECTOR ( 'NONE', #1898, 999.9999999999997726 ) ;
#7555 = CARTESIAN_POINT ( 'NONE',  ( 15.08460647348984907, 4.000000000000000888, 35.00000000000000000 ) ) ;
#7556 = CARTESIAN_POINT ( 'NONE',  ( 21.56782950090909168, -5.426550321499562735, -22.12114131338064382 ) ) ;
#7557 = CARTESIAN_POINT ( 'NONE',  ( 133.1022998695062256, 1.810094772567650390, -3.253430433158984947 ) ) ;
#7558 = CARTESIAN_POINT ( 'NONE',  ( 128.7919805587409314, 1.047260398068162068, 1.781729544381216224 ) ) ;
#7559 = DIRECTION ( 'NONE',  ( -1.000000000000000000, 0.0000000000000000000, 0.0000000000000000000 ) ) ;
#7560 = CARTESIAN_POINT ( 'NONE',  ( 128.8193203880796034, 0.8877790194469611373, 1.795056523925545600 ) ) ;
#7561 = FACE_OUTER_BOUND ( 'NONE', #1267, .T. ) ;
#7562 = ORIENTED_EDGE ( 'NONE', *, *, #9253, .T. ) ;
#7563 = DIRECTION ( 'NONE',  ( 0.0000000000000000000, -1.000000000000000000, 0.0000000000000000000 ) ) ;
#7564 = EDGE_CURVE ( 'NONE', #9234, #4988, #5098, .T. ) ;
#7565 = CARTESIAN_POINT ( 'NONE',  ( 112.1747116528556631, -4.456936620155465434, -11.00615513956752167 ) ) ;
#7566 = DIRECTION ( 'NONE',  ( -0.0000000000000000000, -1.000000000000000000, -0.0000000000000000000 ) ) ;
#7567 = AXIS2_PLACEMENT_3D ( 'NONE', #7034, #4215, #8481 ) ;
#7568 = CARTESIAN_POINT ( 'NONE',  ( 132.0568612990848578, -1.932487837426556609, -0.5143608554431642332 ) ) ;
#7569 = FACE_OUTER_BOUND ( 'NONE', #4028, .T. ) ;
#7570 = CARTESIAN_POINT ( 'NONE',  ( 131.5922284557136948, 0.06667928892510419092, 1.999925964616892982 ) ) ;
#7571 = ADVANCED_FACE ( 'NONE', ( #2611 ), #8738, .F. ) ;
#7572 = DIRECTION ( 'NONE',  ( 0.0000000000000000000, 0.0000000000000000000, -1.000000000000000000 ) ) ;
#7573 = CARTESIAN_POINT ( 'NONE',  ( 49.32399612951925860, 5.000000000000000000, -8.500000000000000000 ) ) ;
#7574 = EDGE_CURVE ( 'NONE', #5472, #6375, #3166, .T. ) ;
#7575 = CARTESIAN_POINT ( 'NONE',  ( 49.32399612951925860, 4.500000000000000888, -18.50000000000000355 ) ) ;
#7576 = CIRCLE ( 'NONE', #1689, 4.500000000000003553 ) ;
#7577 = DIRECTION ( 'NONE',  ( -1.000000000000000000, 0.0000000000000000000, -1.356728424568866558E-16 ) ) ;
#7578 = DIRECTION ( 'NONE',  ( -0.0000000000000000000, 1.000000000000000000, -0.0000000000000000000 ) ) ;
#7579 = CARTESIAN_POINT ( 'NONE',  ( 104.0586805369449621, 2.414121105229400932, -5.348384627694519722 ) ) ;
#7580 = LINE ( 'NONE', #3282, #999 ) ;
#7581 = CARTESIAN_POINT ( 'NONE',  ( 133.1361885165669889, 1.996751816451548533, -3.113200762271113753 ) ) ;
#7582 = DIRECTION ( 'NONE',  ( 0.0000000000000000000, 1.000000000000000000, 0.0000000000000000000 ) ) ;
#7583 = CARTESIAN_POINT ( 'NONE',  ( 0.0000000000000000000, 3.500000000000000888, 0.0000000000000000000 ) ) ;
#7584 = VECTOR ( 'NONE', #1097, 1000.000000000000000 ) ;
#7585 = DIRECTION ( 'NONE',  ( 1.541976423090494056E-15, 0.0000000000000000000, -1.000000000000000000 ) ) ;
#7586 = CARTESIAN_POINT ( 'NONE',  ( 30.04340952465766890, -2.208024606454900507, -14.72813076439810231 ) ) ;
#7587 = CIRCLE ( 'NONE', #2704, 30.00000000000000000 ) ;
#7588 = ORIENTED_EDGE ( 'NONE', *, *, #2615, .T. ) ;
#7589 = CARTESIAN_POINT ( 'NONE',  ( 10.71751771055746616, -4.000000000000003553, -35.00000000000000000 ) ) ;
#7590 = DIRECTION ( 'NONE',  ( -0.0000000000000000000, -1.000000000000000000, -0.0000000000000000000 ) ) ;
#7591 = DIRECTION ( 'NONE',  ( 0.0000000000000000000, 0.0000000000000000000, 1.000000000000000000 ) ) ;
#7592 = CARTESIAN_POINT ( 'NONE',  ( 131.9948393593779770, -1.795308553060503742, -0.8803001852881967570 ) ) ;
#7593 = LINE ( 'NONE', #8829, #6939 ) ;
#7594 = DIRECTION ( 'NONE',  ( 1.000000000000000000, -0.0000000000000000000, 0.0000000000000000000 ) ) ;
#7595 = CARTESIAN_POINT ( 'NONE',  ( 103.9061816775918459, -1.500000000000000888, -3.638545286968392745 ) ) ;
#7596 = ORIENTED_EDGE ( 'NONE', *, *, #1991, .T. ) ;
#7597 = ORIENTED_EDGE ( 'NONE', *, *, #3550, .T. ) ;
#7598 = DIRECTION ( 'NONE',  ( -1.000000000000000000, 0.0000000000000000000, 0.0000000000000000000 ) ) ;
#7599 = ORIENTED_EDGE ( 'NONE', *, *, #2455, .F. ) ;
#7600 = AXIS2_PLACEMENT_3D ( 'NONE', #3597, #740, #8762 ) ;
#7601 = B_SPLINE_CURVE_WITH_KNOTS ( 'NONE', 3,
 ( #72, #7966, #5136, #5849, #1503, #3628 ),
 .UNSPECIFIED., .F., .F.,
 ( 4, 2, 4 ),
 ( 0.002190127851114308851, 0.003285191776671462192, 0.004380255702228615967 ),
 .UNSPECIFIED. ) ;
#7602 = ORIENTED_EDGE ( 'NONE', *, *, #4717, .T. ) ;
#7603 = CARTESIAN_POINT ( 'NONE',  ( 133.0637717541264919, -1.569427408863346196, 3.404232819179219049 ) ) ;
#7604 = VECTOR ( 'NONE', #9083, 1000.000000000000000 ) ;
#7605 = ORIENTED_EDGE ( 'NONE', *, *, #8954, .T. ) ;
#7606 = CARTESIAN_POINT ( 'NONE',  ( 21.29265927178764528, -6.850984917769593174, -23.86913984060295846 ) ) ;
#7607 = CARTESIAN_POINT ( 'NONE',  ( 132.9453226819384781, -0.001418748310144364675, -3.829963532527060011 ) ) ;
#7608 = ADVANCED_FACE ( 'NONE', ( #2838 ), #4418, .F. ) ;
#7609 = CARTESIAN_POINT ( 'NONE',  ( 111.5602471222670715, 4.466897218262384506, -10.71683513538550514 ) ) ;
#7610 = CARTESIAN_POINT ( 'NONE',  ( 0.0000000000000000000, 12.50000000000000000, -35.00000000000000000 ) ) ;
#7611 = CARTESIAN_POINT ( 'NONE',  ( 18.00000000000003553, -7.740197061241842924, -30.02221399786052913 ) ) ;
#7612 = EDGE_CURVE ( 'NONE', #7192, #4463, #4985, .T. ) ;
#7613 = CARTESIAN_POINT ( 'NONE',  ( 28.51304367304957665, -3.500000000000000888, -16.61343855132847835 ) ) ;
#7614 = VECTOR ( 'NONE', #1350, 1000.000000000000000 ) ;
#7615 = ORIENTED_EDGE ( 'NONE', *, *, #4448, .F. ) ;
#7616 = AXIS2_PLACEMENT_3D ( 'NONE', #9330, #5724, #3473 ) ;
#7617 = EDGE_LOOP ( 'NONE', ( #1093, #8553, #1264, #8046 ) ) ;
#7618 = CARTESIAN_POINT ( 'NONE',  ( 128.9570653713626882, -1.795005596536190851, 0.8863786018103316788 ) ) ;
#7619 = CARTESIAN_POINT ( 'NONE',  ( 28.51304367304962639, 3.408647376087039049, 16.61343855132841796 ) ) ;
#7620 = CARTESIAN_POINT ( 'NONE',  ( 21.36574923912888835, -6.901361561510010567, -23.95268893526024101 ) ) ;
#7621 = CYLINDRICAL_SURFACE ( 'NONE', #6678, 22.00000000000000000 ) ;
#7622 = CARTESIAN_POINT ( 'NONE',  ( 131.8244395262570379, -1.360862180958144041, -1.465923141306501698 ) ) ;
#7623 = CARTESIAN_POINT ( 'NONE',  ( 133.0227550996553134, -1.266528087206583608, -3.557876005328018731 ) ) ;
#7624 = EDGE_CURVE ( 'NONE', #8886, #2369, #8170, .T. ) ;
#7625 = ORIENTED_EDGE ( 'NONE', *, *, #6319, .T. ) ;
#7626 = CARTESIAN_POINT ( 'NONE',  ( 132.0284970062216701, 1.870733166318411911, 0.7036145463001336475 ) ) ;
#7627 = CARTESIAN_POINT ( 'NONE',  ( 32.60712885353455448, 4.500000000000000888, -5.076923076923076650 ) ) ;
#7628 = CARTESIAN_POINT ( 'NONE',  ( 17.99999999999996447, -7.000000000000002665, 30.02221399786057887 ) ) ;
#7629 = EDGE_LOOP ( 'NONE', ( #3907, #6822, #8710, #1521 ) ) ;
#7630 = DIRECTION ( 'NONE',  ( 0.0000000000000000000, -1.000000000000000000, 0.0000000000000000000 ) ) ;
#7631 = VECTOR ( 'NONE', #1136, 1000.000000000000000 ) ;
#7632 = EDGE_LOOP ( 'NONE', ( #8652, #4349, #4519, #4453, #8524, #5999 ) ) ;
#7633 = DIRECTION ( 'NONE',  ( 0.0000000000000000000, 0.0000000000000000000, 1.000000000000000000 ) ) ;
#7634 = CARTESIAN_POINT ( 'NONE',  ( 133.0037894967063039, -1.103659724005453091, 3.626692362135914394 ) ) ;
#7635 = CIRCLE ( 'NONE', #1167, 15.00000000000000000 ) ;
#7636 = ORIENTED_EDGE ( 'NONE', *, *, #3625, .F. ) ;
#7637 = EDGE_CURVE ( 'NONE', #8879, #8500, #6833, .T. ) ;
#7638 = ORIENTED_EDGE ( 'NONE', *, *, #7359, .T. ) ;
#7639 = EDGE_CURVE ( 'NONE', #8212, #5960, #2270, .T. ) ;
#7640 = DIRECTION ( 'NONE',  ( 1.000000000000000000, 0.0000000000000000000, -1.209068259567990048E-15 ) ) ;
#7641 = CARTESIAN_POINT ( 'NONE',  ( 131.6185236659590316, -0.4550939712838510953, -1.947504287100949805 ) ) ;
#7642 = CARTESIAN_POINT ( 'NONE',  ( 21.28860175200237137, 23.43849360530937176, -23.87293985656782880 ) ) ;
#7643 = DIRECTION ( 'NONE',  ( -1.000000000000000000, 0.0000000000000000000, 0.0000000000000000000 ) ) ;
#7644 = CARTESIAN_POINT ( 'NONE',  ( 27.02896299931625990, -4.798549047962356262, -21.59807379929785753 ) ) ;
#7645 = CARTESIAN_POINT ( 'NONE',  ( 22.74837764801966600, 7.000000000000002665, 22.50580623712643913 ) ) ;
#7646 = ADVANCED_FACE ( 'NONE', ( #4871 ), #1248, .T. ) ;
#7647 = FACE_OUTER_BOUND ( 'NONE', #8885, .T. ) ;
#7648 = AXIS2_PLACEMENT_3D ( 'NONE', #9273, #4960, #3542 ) ;
#7649 = CIRCLE ( 'NONE', #4555, 30.00000000000000000 ) ;
#7650 = ORIENTED_EDGE ( 'NONE', *, *, #1799, .F. ) ;
#7651 = VERTEX_POINT ( 'NONE', #5158 ) ;
#7652 = CARTESIAN_POINT ( 'NONE',  ( 128.7780648937657588, -0.2630712289472394438, 1.986528182085006256 ) ) ;
#7653 = EDGE_CURVE ( 'NONE', #4518, #2051, #3480, .T. ) ;
#7654 = DIRECTION ( 'NONE',  ( 0.0000000000000000000, 1.000000000000000000, -0.0000000000000000000 ) ) ;
#7655 = CARTESIAN_POINT ( 'NONE',  ( 132.9453226799689958, -0.001418748314766481167, -3.829963539184011445 ) ) ;
#7656 = FACE_OUTER_BOUND ( 'NONE', #5088, .T. ) ;
#7657 = CARTESIAN_POINT ( 'NONE',  ( 6.142831187652824987, 7.500000000000000888, 21.12499999999999289 ) ) ;
#7658 = DIRECTION ( 'NONE',  ( -0.0000000000000000000, -1.000000000000000000, -0.0000000000000000000 ) ) ;
#7659 = CARTESIAN_POINT ( 'NONE',  ( 132.0731718285197474, -1.967120599471358089, -0.3579819725491107385 ) ) ;
#7660 = ORIENTED_EDGE ( 'NONE', *, *, #8711, .F. ) ;
#7661 = CARTESIAN_POINT ( 'NONE',  ( 131.6007934888311581, -0.2582642365309810173, 1.983094618271532772 ) ) ;
#7662 = ADVANCED_FACE ( 'NONE', ( #914 ), #2048, .F. ) ;
#7663 = VERTEX_POINT ( 'NONE', #8032 ) ;
#7664 = AXIS2_PLACEMENT_3D ( 'NONE', #4063, #3336, #4093 ) ;
#7665 = DIRECTION ( 'NONE',  ( -0.9104950003043079665, -1.434685972140428505E-15, 0.4135200774096202680 ) ) ;
#7666 = CARTESIAN_POINT ( 'NONE',  ( 18.00000000000000000, -4.000000000000000888, 35.00000000000000000 ) ) ;
#7667 = CARTESIAN_POINT ( 'NONE',  ( 28.01112218787006469, 4.161557704075285358, 21.16507215366205585 ) ) ;
#7668 = CARTESIAN_POINT ( 'NONE',  ( 3.627204778703961663E-15, -5.000000000000000888, 32.00000000000000000 ) ) ;
#7669 = VECTOR ( 'NONE', #9411, 1000.000000000000000 ) ;
#7670 = DIRECTION ( 'NONE',  ( -1.000000000000000000, 0.0000000000000000000, -1.209068259567990048E-15 ) ) ;
#7671 = DIRECTION ( 'NONE',  ( 0.0000000000000000000, 1.000000000000000000, 0.0000000000000000000 ) ) ;
#7672 = CARTESIAN_POINT ( 'NONE',  ( 133.2702927456572866, -2.613519697513447149, 2.480266676377923307 ) ) ;
#7673 = EDGE_CURVE ( 'NONE', #6499, #1152, #5673, .T. ) ;
#7674 = SURFACE_SIDE_STYLE ('',( #8165 ) ) ;
#7675 = CARTESIAN_POINT ( 'NONE',  ( 120.0000000000000000, 12.50000000000000000, 0.0000000000000000000 ) ) ;
#7676 = VECTOR ( 'NONE', #6884, 1000.000000000000000 ) ;
#7677 = AXIS2_PLACEMENT_3D ( 'NONE', #3730, #8821, #1632 ) ;
#7678 = CARTESIAN_POINT ( 'NONE',  ( 133.0862234561448076, 1.714063571339860870, -3.317289056957367865 ) ) ;
#7679 = CARTESIAN_POINT ( 'NONE',  ( 28.51304367304962994, -3.500000000000000888, 16.61343855132842151 ) ) ;
#7680 = CARTESIAN_POINT ( 'NONE',  ( 32.86335345030996535, -3.499999999999999556, 3.000000000000000888 ) ) ;
#7681 = CARTESIAN_POINT ( 'NONE',  ( 28.51304367304958731, -3.408647376087027947, -16.61343855132848191 ) ) ;
#7682 = B_SPLINE_CURVE_WITH_KNOTS ( 'NONE', 3,
 ( #6043, #178, #5176, #855 ),
 .UNSPECIFIED., .F., .F.,
 ( 4, 4 ),
 ( 0.001278283314245968290, 0.001638660320615908288 ),
 .UNSPECIFIED. ) ;
#7683 = TOROIDAL_SURFACE ( 'NONE', #3876, 5.000000000000004441, 2.000000000000000000 ) ;
#7684 = CARTESIAN_POINT ( 'NONE',  ( 21.28860175200237137, 7.000000000000002665, 23.87293985656782880 ) ) ;
#7685 = AXIS2_PLACEMENT_3D ( 'NONE', #5398, #2429, #2519 ) ;
#7686 = CARTESIAN_POINT ( 'NONE',  ( 12.90106209202365761, -7.000000000000002665, 29.50198555647411780 ) ) ;
#7687 = CARTESIAN_POINT ( 'NONE',  ( 70.00000000000000000, -4.500000000000000888, 64.02475001521551690 ) ) ;
#7688 = CARTESIAN_POINT ( 'NONE',  ( 32.60712885353455448, -5.000000000000002665, -5.076923076923077538 ) ) ;
#7689 = AXIS2_PLACEMENT_3D ( 'NONE', #5358, #3118, #6856 ) ;
#7690 = DIRECTION ( 'NONE',  ( 0.2903181000312399229, 0.0000000000000000000, 0.9569301964063268162 ) ) ;
#7691 = CARTESIAN_POINT ( 'NONE',  ( 131.9868552268093538, 1.776835211010341142, 0.9154013549137089978 ) ) ;
#7692 = FACE_OUTER_BOUND ( 'NONE', #1740, .T. ) ;
#7693 = DIRECTION ( 'NONE',  ( -0.0000000000000000000, 1.000000000000000000, -0.0000000000000000000 ) ) ;
#7694 = PLANE ( 'NONE',  #6500 ) ;
#7695 = ADVANCED_FACE ( 'NONE', ( #4307 ), #7494, .F. ) ;
#7696 = EDGE_CURVE ( 'NONE', #1874, #4901, #6252, .T. ) ;
#7697 = EDGE_CURVE ( 'NONE', #8495, #1593, #4978, .T. ) ;
#7698 = DIRECTION ( 'NONE',  ( 8.388032079972210074E-17, 0.0000000000000000000, -1.000000000000000000 ) ) ;
#7699 = CARTESIAN_POINT ( 'NONE',  ( 26.01968164206193279, -5.000000000000000888, 21.75500200160164255 ) ) ;
#7700 = EDGE_CURVE ( 'NONE', #2464, #259, #2378, .T. ) ;
#7701 = CARTESIAN_POINT ( 'NONE',  ( 131.7547249351869993, 1.137941781008291686, -1.643601248402588588 ) ) ;
#7702 = CARTESIAN_POINT ( 'NONE',  ( 28.51304367304957665, 4.500000000000000888, -16.61343855132847835 ) ) ;
#7703 = CIRCLE ( 'NONE', #584, 13.50000000000000178 ) ;
#7704 = EDGE_LOOP ( 'NONE', ( #3185, #6758, #3303 ) ) ;
#7705 = AXIS2_PLACEMENT_3D ( 'NONE', #3292, #475, #4031 ) ;
#7706 = CARTESIAN_POINT ( 'NONE',  ( 132.0869170501187568, -1.995902058866899642, 0.1289998795889828465 ) ) ;
#7707 = ADVANCED_FACE ( 'NONE', ( #3630 ), #109, .F. ) ;
#7708 = DIRECTION ( 'NONE',  ( 0.0000000000000000000, 0.0000000000000000000, 1.000000000000000000 ) ) ;
#7709 = APPLICATION_CONTEXT ( 'automotive_design' ) ;
#7710 = DIRECTION ( 'NONE',  ( 0.0000000000000000000, -1.000000000000000000, 0.0000000000000000000 ) ) ;
#7711 = CARTESIAN_POINT ( 'NONE',  ( 22.02001496625536348, -5.220879051771967205, 21.93829388226687627 ) ) ;
#7712 = CYLINDRICAL_SURFACE ( 'NONE', #2894, 2.000000000000000000 ) ;
#7713 = CARTESIAN_POINT ( 'NONE',  ( 32.62233775500146038, 4.996335203463027064, 4.979242138716318600 ) ) ;
#7714 = ORIENTED_EDGE ( 'NONE', *, *, #2125, .F. ) ;
#7715 = ORIENTED_EDGE ( 'NONE', *, *, #1050, .F. ) ;
#7716 = CARTESIAN_POINT ( 'NONE',  ( 34.04632572955561898, 6.524247662542430604, 3.042894998125310835 ) ) ;
#7717 = AXIS2_PLACEMENT_3D ( 'NONE', #5895, #8146, #3016 ) ;
#7718 = ORIENTED_EDGE ( 'NONE', *, *, #1751, .F. ) ;
#7719 = CARTESIAN_POINT ( 'NONE',  ( 32.66152951415597983, 1.500000000000000888, 4.714285714285716189 ) ) ;
#7720 = ORIENTED_EDGE ( 'NONE', *, *, #3859, .F. ) ;
#7721 = VERTEX_POINT ( 'NONE', #22 ) ;
#7722 = CARTESIAN_POINT ( 'NONE',  ( 104.3627184315734837, -2.253773368563700696, -5.266142092127441110 ) ) ;
#7723 = LINE ( 'NONE', #7226, #1479 ) ;
#7724 = CARTESIAN_POINT ( 'NONE',  ( 18.00000000000003197, 0.0000000000000000000, -27.99999999999997868 ) ) ;
#7725 = DIRECTION ( 'NONE',  ( 0.0000000000000000000, 0.0000000000000000000, 1.000000000000000000 ) ) ;
#7726 = CARTESIAN_POINT ( 'NONE',  ( 34.64101615137754919, 7.000000000000000888, -3.000000000000000444 ) ) ;
#7727 = VERTEX_POINT ( 'NONE', #8784 ) ;
#7728 = CARTESIAN_POINT ( 'NONE',  ( 43.94823512319426584, -3.500000000000000888, 6.663564996043966460 ) ) ;
#7729 = AXIS2_PLACEMENT_3D ( 'NONE', #98, #8938, #3022 ) ;
#7730 = CARTESIAN_POINT ( 'NONE',  ( 133.4859138549719262, -3.383950263782647294, 0.6289232218685483211 ) ) ;
#7731 = FACE_OUTER_BOUND ( 'NONE', #2626, .T. ) ;
#7732 = DIRECTION ( 'NONE',  ( -1.000000000000000000, 0.0000000000000000000, 0.0000000000000000000 ) ) ;
#7733 =( NAMED_UNIT ( * ) PLANE_ANGLE_UNIT ( ) SI_UNIT ( $, .RADIAN. ) );
#7734 = CARTESIAN_POINT ( 'NONE',  ( 35.38879076084201358, -0.5319818783015037855, 11.38382337878297079 ) ) ;
#7735 = VERTEX_POINT ( 'NONE', #4372 ) ;
#7736 = CARTESIAN_POINT ( 'NONE',  ( 131.6788152878680762, -0.8265335071514320342, 1.819855689076597782 ) ) ;
#7737 = CARTESIAN_POINT ( 'NONE',  ( 31.60696125855821847, -7.000000000000002665, 5.000000000000000888 ) ) ;
#7738 = DIRECTION ( 'NONE',  ( 0.0000000000000000000, 0.0000000000000000000, 1.000000000000000000 ) ) ;
#7739 = B_SPLINE_CURVE_WITH_KNOTS ( 'NONE', 3,
 ( #923, #2440, #8155, #5992, #6093, #3163, #7447, #1661, #956, #279, #5314, #7469, #991, #2408, #8179, #4646, #5345, #8239 ),
 .UNSPECIFIED., .F., .F.,
 ( 4, 2, 2, 2, 2, 2, 2, 2, 4 ),
 ( 0.002684650894143604440, 0.003334584406966083041, 0.003984517919788562075, 0.004634451432611041109, 0.005284384945433519276, 0.005934318458255998310, 0.006584251971078477345, 0.007234185483900956379, 0.007884118996723435413 ),
 .UNSPECIFIED. ) ;
#7740 = ADVANCED_FACE ( 'NONE', ( #673 ), #2600, .F. ) ;
#7741 = VERTEX_POINT ( 'NONE', #5090 ) ;
#7742 = CIRCLE ( 'NONE', #498, 0.4999999999999995559 ) ;
#7743 = ORIENTED_EDGE ( 'NONE', *, *, #9265, .T. ) ;
#7744 = DIRECTION ( 'NONE',  ( 1.000000000000000000, -0.0000000000000000000, 1.677606415994443309E-17 ) ) ;
#7745 = CARTESIAN_POINT ( 'NONE',  ( 21.32660404501843487, 23.43849360530937176, -21.09919334730603779 ) ) ;
#7746 = CARTESIAN_POINT ( 'NONE',  ( 32.28368684831580282, -5.264820389034503556, 3.996791662603241591 ) ) ;
#7747 = CARTESIAN_POINT ( 'NONE',  ( 12.52345837150051366, 5.028197609507556898, 34.16732851882471067 ) ) ;
#7748 = ORIENTED_EDGE ( 'NONE', *, *, #700, .T. ) ;
#7749 = CARTESIAN_POINT ( 'NONE',  ( 32.40370349203930544, -7.000000000000002665, -3.000000000000000888 ) ) ;
#7750 = EDGE_CURVE ( 'NONE', #103, #6655, #3755, .T. ) ;
#7751 = ADVANCED_FACE ( 'NONE', ( #3276 ), #4071, .F. ) ;
#7752 = EDGE_CURVE ( 'NONE', #3215, #103, #217, .T. ) ;
#7753 = CARTESIAN_POINT ( 'NONE',  ( 0.0000000000000000000, 5.000000000000000888, 0.0000000000000000000 ) ) ;
#7754 = DIRECTION ( 'NONE',  ( 0.0000000000000000000, -1.000000000000000000, 0.0000000000000000000 ) ) ;
#7755 = CYLINDRICAL_SURFACE ( 'NONE', #3527, 1.000000000000000000 ) ;
#7756 = ORIENTED_EDGE ( 'NONE', *, *, #6885, .F. ) ;
#7757 = FACE_OUTER_BOUND ( 'NONE', #2943, .T. ) ;
#7758 = DIRECTION ( 'NONE',  ( -1.000000000000000000, 0.0000000000000000000, 0.0000000000000000000 ) ) ;
#7759 = DIRECTION ( 'NONE',  ( 0.0000000000000000000, -1.000000000000000000, -1.740523610644402991E-16 ) ) ;
#7760 = ORIENTED_EDGE ( 'NONE', *, *, #2885, .F. ) ;
#7761 = EDGE_LOOP ( 'NONE', ( #4308, #937, #7088, #5308, #5893 ) ) ;
#7762 = CARTESIAN_POINT ( 'NONE',  ( 34.23743932364399001, -1.540139046007493961, -4.536061417836658727 ) ) ;
#7763 = CARTESIAN_POINT ( 'NONE',  ( 132.9452813667636804, -0.1085236922814571542, 3.830103119328718275 ) ) ;
#7764 = ORIENTED_EDGE ( 'NONE', *, *, #2041, .F. ) ;
#7765 = CIRCLE ( 'NONE', #982, 3.000000000000002665 ) ;
#7766 = VERTEX_POINT ( 'NONE', #6595 ) ;
#7767 = DIRECTION ( 'NONE',  ( -1.677606415994443001E-17, 0.0000000000000000000, 1.000000000000000000 ) ) ;
#7768 = CIRCLE ( 'NONE', #8092, 30.00000000000000000 ) ;
#7769 = CARTESIAN_POINT ( 'NONE',  ( 70.00000000000000000, -4.500000000000000888, -64.02475001521551690 ) ) ;
#7770 = ORIENTED_EDGE ( 'NONE', *, *, #1644, .F. ) ;
#7771 = CARTESIAN_POINT ( 'NONE',  ( 131.7187063522901553, -1.003116425042460680, 1.730069907945921193 ) ) ;
#7772 = ORIENTED_EDGE ( 'NONE', *, *, #9131, .T. ) ;
#7773 = CARTESIAN_POINT ( 'NONE',  ( 28.42586654265170765, -3.425271014682368165, 20.76243516989094928 ) ) ;
#7774 = ORIENTED_EDGE ( 'NONE', *, *, #7953, .F. ) ;
#7775 = DIRECTION ( 'NONE',  ( 0.0000000000000000000, 0.0000000000000000000, 1.000000000000000000 ) ) ;
#7776 = CARTESIAN_POINT ( 'NONE',  ( 110.0390811933892223, -5.000000000000000000, -9.112085191003643558 ) ) ;
#7777 = AXIS2_PLACEMENT_3D ( 'NONE', #3847, #7563, #3076 ) ;
#7778 = TOROIDAL_SURFACE ( 'NONE', #8191, 11.00000000000000000, 1.000000000000000000 ) ;
#7779 = ORIENTED_EDGE ( 'NONE', *, *, #4234, .T. ) ;
#7780 = VERTEX_POINT ( 'NONE', #8864 ) ;
#7781 = ORIENTED_EDGE ( 'NONE', *, *, #7382, .T. ) ;
#7782 = CARTESIAN_POINT ( 'NONE',  ( 28.25724203317113847, -4.744586878980864064, -16.92267634218188732 ) ) ;
#7783 = CARTESIAN_POINT ( 'NONE',  ( 43.94823512319425163, 3.500000000000000888, -6.663564996043986888 ) ) ;
#7784 = LINE ( 'NONE', #6432, #7011 ) ;
#7785 = CARTESIAN_POINT ( 'NONE',  ( 131.9519702086429334, 1.695254797613310549, -1.061219167440355715 ) ) ;
#7786 = EDGE_LOOP ( 'NONE', ( #6551, #858, #4581, #2299 ) ) ;
#7787 = AXIS2_PLACEMENT_3D ( 'NONE', #8887, #8051, #1607 ) ;
#7788 = CARTESIAN_POINT ( 'NONE',  ( 32.81909580534647830, 0.9860000925841932995, 13.16601199807501565 ) ) ;
#7789 = DIRECTION ( 'NONE',  ( 0.0000000000000000000, 1.000000000000000000, 0.0000000000000000000 ) ) ;
#7790 = ADVANCED_FACE ( 'NONE', ( #8725 ), #6054, .F. ) ;
#7791 = DIRECTION ( 'NONE',  ( -0.0000000000000000000, 1.000000000000000000, -0.0000000000000000000 ) ) ;
#7792 = DIRECTION ( 'NONE',  ( -0.9880948137434715228, 0.0000000000000000000, -0.1538461538461539102 ) ) ;
#7793 = FACE_OUTER_BOUND ( 'NONE', #5092, .T. ) ;
#7794 = CARTESIAN_POINT ( 'NONE',  ( 131.7461049258708101, 1.106665376806247991, -1.664364654885102546 ) ) ;
#7795 = CARTESIAN_POINT ( 'NONE',  ( 132.9547103021345720, 0.4518803870358962804, 3.798111896804061693 ) ) ;
#7796 = EDGE_CURVE ( 'NONE', #1656, #2618, #4155, .T. ) ;
#7797 = ORIENTED_EDGE ( 'NONE', *, *, #6889, .F. ) ;
#7798 = VERTEX_POINT ( 'NONE', #7465 ) ;
#7799 = CARTESIAN_POINT ( 'NONE',  ( 21.29265927178764528, -6.850984917769593174, -23.86913984060295846 ) ) ;
#7800 = DIRECTION ( 'NONE',  ( 0.7108868015006146734, 0.0000000000000000000, -0.7033064449102011118 ) ) ;
#7801 = AXIS2_PLACEMENT_3D ( 'NONE', #620, #581, #9362 ) ;
#7802 = CARTESIAN_POINT ( 'NONE',  ( 132.0733866893911852, -1.967574735397275232, -0.3556499625657361663 ) ) ;
#7803 = CARTESIAN_POINT ( 'NONE',  ( 28.27250237486490647, -3.720003277331251912, 20.91014058651950691 ) ) ;
#7804 = DIRECTION ( 'NONE',  ( 0.0000000000000000000, 0.0000000000000000000, -1.000000000000000000 ) ) ;
#7805 = LINE ( 'NONE', #5040, #3021 ) ;
#7806 = B_SPLINE_CURVE_WITH_KNOTS ( 'NONE', 3,
 ( #2988, #5188, #8129, #6601, #161, #2955, #8843, #3044, #8040, #4470 ),
 .UNSPECIFIED., .F., .F.,
 ( 4, 2, 2, 2, 4 ),
 ( 0.0000000000000000000, 0.001091976997524665878, 0.002183953995049331756, 0.003275930992573997634, 0.004367907990098663512 ),
 .UNSPECIFIED. ) ;
#7807 = FACE_OUTER_BOUND ( 'NONE', #5773, .T. ) ;
#7808 = CARTESIAN_POINT ( 'NONE',  ( 132.9453226819384781, -0.001418748310144364675, -3.829963532527060011 ) ) ;
#7809 = ORIENTED_EDGE ( 'NONE', *, *, #8918, .T. ) ;
#7810 = LINE ( 'NONE', #6603, #6109 ) ;
#7811 = CARTESIAN_POINT ( 'NONE',  ( 34.13975651716341986, 1.498968974589109493, 12.22618908113106428 ) ) ;
#7812 = DIRECTION ( 'NONE',  ( 0.0000000000000000000, 0.0000000000000000000, 1.000000000000000000 ) ) ;
#7813 = ORIENTED_EDGE ( 'NONE', *, *, #959, .T. ) ;
#7814 = CARTESIAN_POINT ( 'NONE',  ( 49.32399612951925860, 1.500000000000000888, -18.50000000000000355 ) ) ;
#7815 = EDGE_CURVE ( 'NONE', #5185, #3094, #8935, .T. ) ;
#7816 = EDGE_CURVE ( 'NONE', #9195, #1672, #7056, .T. ) ;
#7817 = DIRECTION ( 'NONE',  ( -0.0000000000000000000, 1.000000000000000000, -0.0000000000000000000 ) ) ;
#7818 = CARTESIAN_POINT ( 'NONE',  ( 22.74837764801966600, -13.43849360530937176, 22.50580623712643913 ) ) ;
#7819 = CARTESIAN_POINT ( 'NONE',  ( 132.0286317739555102, 1.871017046516587179, 0.7022934984079749476 ) ) ;
#7820 = CARTESIAN_POINT ( 'NONE',  ( 133.4636298519144759, 3.311908785717709414, -0.9977300381242709681 ) ) ;
#7821 = CIRCLE ( 'NONE', #1441, 16.50000000000000355 ) ;
#7822 = ORIENTED_EDGE ( 'NONE', *, *, #6249, .F. ) ;
#7823 = AXIS2_PLACEMENT_3D ( 'NONE', #4746, #7566, #7591 ) ;
#7824 = DIRECTION ( 'NONE',  ( 0.0000000000000000000, 0.0000000000000000000, -1.000000000000000000 ) ) ;
#7825 = DIRECTION ( 'NONE',  ( -0.0000000000000000000, 1.000000000000000000, -0.0000000000000000000 ) ) ;
#7826 = ORIENTED_EDGE ( 'NONE', *, *, #2742, .F. ) ;
#7827 = CARTESIAN_POINT ( 'NONE',  ( 131.9068604759213770, -1.583216359298708076, 1.222658230070770458 ) ) ;
#7828 = DIRECTION ( 'NONE',  ( -1.000000000000000000, 0.0000000000000000000, 0.0000000000000000000 ) ) ;
#7829 = ORIENTED_EDGE ( 'NONE', *, *, #5561, .F. ) ;
#7830 = CARTESIAN_POINT ( 'NONE',  ( 26.01968164206193279, 5.000000000000000888, 21.75500200160164255 ) ) ;
#7831 = ADVANCED_FACE ( 'NONE', ( #3855 ), #4526, .T. ) ;
#7832 = CIRCLE ( 'NONE', #6041, 27.50000000000000000 ) ;
#7833 = EDGE_CURVE ( 'NONE', #5246, #1970, #8379, .T. ) ;
#7834 = EDGE_LOOP ( 'NONE', ( #7294, #9287, #5599, #4906, #6025, #4022, #232, #7411, #493, #1956, #3778, #8124, #6723, #9000, #8267, #6150, #8619, #3103, #4779, #4802, #8555, #8021, #3891, #1693 ) ) ;
#7835 = EDGE_CURVE ( 'NONE', #8198, #1810, #7396, .T. ) ;
#7836 = CARTESIAN_POINT ( 'NONE',  ( 33.38674506622608362, 5.745728914846524482, 3.416596003875596921 ) ) ;
#7837 = DIRECTION ( 'NONE',  ( -0.0000000000000000000, -1.000000000000000000, -0.0000000000000000000 ) ) ;
#7838 = CARTESIAN_POINT ( 'NONE',  ( 32.84860845714051436, -5.353385450695652636, 3.159574400475177125 ) ) ;
#7839 = VECTOR ( 'NONE', #7817, 1000.000000000000000 ) ;
#7840 = CARTESIAN_POINT ( 'NONE',  ( 22.74837764801966600, 7.000000000000002665, 22.50580623712643913 ) ) ;
#7841 = ORIENTED_EDGE ( 'NONE', *, *, #1127, .T. ) ;
#7842 = CARTESIAN_POINT ( 'NONE',  ( 131.9063375237283253, 1.582532306462384408, -1.222622366855441234 ) ) ;
#7843 = ORIENTED_EDGE ( 'NONE', *, *, #4540, .F. ) ;
#7844 = EDGE_LOOP ( 'NONE', ( #6740, #7093, #3546, #8432 ) ) ;
#7845 = CARTESIAN_POINT ( 'NONE',  ( 12.90106209202365761, -12.50000000000000000, -32.50198555647411780 ) ) ;
#7846 = LINE ( 'NONE', #3339, #5920 ) ;
#7847 = ORIENTED_EDGE ( 'NONE', *, *, #6104, .T. ) ;
#7848 = CARTESIAN_POINT ( 'NONE',  ( 132.0761513743353248, 1.973427611369882984, 0.3225050289865438735 ) ) ;
#7849 = AXIS2_PLACEMENT_3D ( 'NONE', #5969, #8871, #8066 ) ;
#7850 = CARTESIAN_POINT ( 'NONE',  ( 133.2977160158383754, 2.723426589205395931, 2.330336709877446566 ) ) ;
#7851 = ORIENTED_EDGE ( 'NONE', *, *, #65, .F. ) ;
#7852 = CARTESIAN_POINT ( 'NONE',  ( 70.00000000000000000, 4.500000000000000888, -64.02475001521551690 ) ) ;
#7853 = CARTESIAN_POINT ( 'NONE',  ( 131.5921909113547201, 0.002176896479736009377, 1.999998769418139144 ) ) ;
#7854 = LINE ( 'NONE', #503, #14 ) ;
#7855 = CARTESIAN_POINT ( 'NONE',  ( 131.7195265340432115, 1.005153926320371038, 1.727835332387892331 ) ) ;
#7856 = CARTESIAN_POINT ( 'NONE',  ( 1.450881911481587821E-14, 2.500000000000000444, 23.00000000000000711 ) ) ;
#7857 = ORIENTED_EDGE ( 'NONE', *, *, #1217, .F. ) ;
#7858 = ORIENTED_EDGE ( 'NONE', *, *, #2393, .F. ) ;
#7859 = EDGE_CURVE ( 'NONE', #7651, #2257, #5433, .T. ) ;
#7860 = CYLINDRICAL_SURFACE ( 'NONE', #7975, 7.999999999999996447 ) ;
#7861 = EDGE_LOOP ( 'NONE', ( #95, #4902, #8862, #926 ) ) ;
#7862 = AXIS2_PLACEMENT_3D ( 'NONE', #1316, #5774, #9319 ) ;
#7863 = ORIENTED_EDGE ( 'NONE', *, *, #4995, .T. ) ;
#7864 = CARTESIAN_POINT ( 'NONE',  ( 32.77957992945412258, 5.510851022461404902, 3.643889533503459344 ) ) ;
#7865 = CARTESIAN_POINT ( 'NONE',  ( 104.5228874831234407, 4.500000000000000888, -5.719177225785468721 ) ) ;
#7866 = DIRECTION ( 'NONE',  ( 0.0000000000000000000, 0.0000000000000000000, -1.000000000000000000 ) ) ;
#7867 = TOROIDAL_SURFACE ( 'NONE', #2556, 32.00000000000000000, 2.000000000000000000 ) ;
#7868 = CARTESIAN_POINT ( 'NONE',  ( 32.60712885353455448, -4.500000000000000888, 5.076923076923076650 ) ) ;
#7869 = CARTESIAN_POINT ( 'NONE',  ( 23.46742184199856851, 5.000000000000000888, -21.75500200160157860 ) ) ;
#7870 = CARTESIAN_POINT ( 'NONE',  ( 12.90106209202365761, 7.000000000000002665, 29.50198555647411780 ) ) ;
#7871 = CIRCLE ( 'NONE', #4075, 33.00000000000000000 ) ;
#7872 = EDGE_CURVE ( 'NONE', #1869, #1278, #1812, .T. ) ;
#7873 = ORIENTED_EDGE ( 'NONE', *, *, #5994, .T. ) ;
#7874 = CARTESIAN_POINT ( 'NONE',  ( 131.7183632402528985, 1.001835639206491324, -1.730109882075019367 ) ) ;
#7875 = EDGE_CURVE ( 'NONE', #607, #5485, #6488, .T. ) ;
#7876 = ORIENTED_EDGE ( 'NONE', *, *, #6741, .T. ) ;
#7877 = CARTESIAN_POINT ( 'NONE',  ( 28.25725466122298712, -4.744581423659995245, 16.92266111873440337 ) ) ;
#7878 = CARTESIAN_POINT ( 'NONE',  ( 28.51304367304962994, 3.500000000000000888, 16.61343855132842151 ) ) ;
#7879 = ADVANCED_FACE ( 'NONE', ( #440 ), #1367, .T. ) ;
#7880 = CIRCLE ( 'NONE', #8974, 1.000000000000000888 ) ;
#7881 = ORIENTED_EDGE ( 'NONE', *, *, #3070, .T. ) ;
#7882 = AXIS2_PLACEMENT_3D ( 'NONE', #4940, #2065, #8584 ) ;
#7883 = ORIENTED_EDGE ( 'NONE', *, *, #1178, .T. ) ;
#7884 = CARTESIAN_POINT ( 'NONE',  ( 131.9239597144693334, 1.626646277509701699, 1.162851770691679887 ) ) ;
#7885 = CARTESIAN_POINT ( 'NONE',  ( 133.4070885558293753, 3.122052224064560288, 1.582159527237847030 ) ) ;
#7886 = ORIENTED_EDGE ( 'NONE', *, *, #4758, .T. ) ;
#7887 = CARTESIAN_POINT ( 'NONE',  ( 0.0000000000000000000, 7.000000000000000888, 0.0000000000000000000 ) ) ;
#7888 = DIRECTION ( 'NONE',  ( 1.000000000000000000, 0.0000000000000000000, -1.209068259567990048E-15 ) ) ;
#7889 = FACE_OUTER_BOUND ( 'NONE', #6163, .T. ) ;
#7890 = CARTESIAN_POINT ( 'NONE',  ( 132.0567567470800725, 1.932300876488078689, 0.5152558946188827704 ) ) ;
#7891 = CARTESIAN_POINT ( 'NONE',  ( 35.00000000000002132, -5.000000000000000888, 21.75500200160165321 ) ) ;
#7892 = ORIENTED_EDGE ( 'NONE', *, *, #5898, .T. ) ;
#7893 = DIRECTION ( 'NONE',  ( -1.000000000000000000, -0.0000000000000000000, -1.209068259567990245E-15 ) ) ;
#7894 = CARTESIAN_POINT ( 'NONE',  ( 28.25724203317116690, 4.744586878980862288, 16.92267634218183403 ) ) ;
#7895 = AXIS2_PLACEMENT_3D ( 'NONE', #2530, #1835, #9087 ) ;
#7896 = B_SPLINE_CURVE_WITH_KNOTS ( 'NONE', 3,
 ( #1196, #5631, #1290, #5537, #9176, #4144, #8377, #4042, #2705, #4826, #1897, #6284, #6357, #4760, #3404, #490, #5566, #6996, #2677, #1993, #7085, #3343, #7794, #7701, #8408, #3441, #8501, #4069, #9147, #2081, #5661, #4206, #9266, #4273, #1351, #7941, #3573, #4323, #7250, #2140, #651, #5694, #6426, #1385, #6477, #2053, #7153, #8597, #2866, #9395, #3604, #9365, #2771, #3536, #7215, #4241, #586, #2835, #4925, #1328, #8669, #3476, #5052, #3503, #7848, #624, #5728, #715, #8568, #8630, #7819, #9298, #5786, #6455, #4954, #7183, #4295, #2113, #8538, #2801, #6388, #9332, #7884, #2738, #5015, #4982, #678, #2018, #7125, #7911, #5754, #1421, #6511, #8077, #77, #6548, #1544, #7974, #749, #2206, #3636, #8799, #2171, #2999, #2266, #5818, #5199, #7338, #7270, #2903, #3733, #5112, #8700, #4445, #2931, #4357, #7394, #1511, #4415, #6639, #1570, #106, #8, #5881, #872, #5076 ),
 .UNSPECIFIED., .F., .F.,
 ( 4, 2, 2, 2, 2, 1, 1, 2, 2, 2, 1, 1, 2, 2, 2, 1, 1, 2, 2, 2, 2, 2, 2, 2, 2, 1, 2, 2, 2, 1, 2, 2, 2, 2, 2, 1, 2, 2, 2, 1, 2, 2, 2, 1, 1, 2, 2, 2, 1, 1, 2, 2, 2, 2, 2, 1, 1, 2, 2, 2, 1, 2, 2, 2, 1, 2, 2, 2, 2, 2, 2, 4 ),
 ( 0.0000000000000000000, 0.01562511366644744534, 0.02343767049967117669, 0.03125022733289490456, 0.04687534099934302645, 0.05468789783256707004, 0.05859417624917861306, 0.06054731545748490845, 0.06250045466579119691, 0.07812556833223922859, 0.08593812516546323055, 0.08984440358207460009, 0.09179754279038027098, 0.09375068199868595575, 0.1015632388319103740, 0.1054695172485226179, 0.1074226564568279974, 0.1083992260609814018, 0.1093757956651347923, 0.1171883524983454022, 0.1210946309149514982, 0.1230477701232552262, 0.1250009093315589404, 0.1406260229979862664, 0.1484385798312007065, 0.1523448582478079405, 0.1542979974561115575, 0.1562511366644151467, 0.1718762503308439715, 0.1796888071640577456, 0.1835950855806646187, 0.1875013639972714918, 0.2031264776637010938, 0.2187515913301307235, 0.2500018186629905936, 0.2656269323294205287, 0.2734394891626356627, 0.2812520459958507968, 0.2968771596622810649, 0.3046897164954962545, 0.3085959949121043766, 0.3125022733287124432, 0.3281273869951481514, 0.3359399438283660055, 0.3398462222449750159, 0.3417993614532787716, 0.3437525006615826384, 0.3515650574947994933, 0.3554713359114078930, 0.3574244751197128145, 0.3584010447238645813, 0.3593776143280162927, 0.3671901711612359787, 0.3750027279944556646, 0.3828152848276752951, 0.3867215632442850826, 0.3886747024525909477, 0.3896512720567439358, 0.3906278416608968129, 0.3984403984941174981, 0.4023466769107271190, 0.4042998161190311524, 0.4062529553273351857, 0.4218780689937659534, 0.4296906258269813650, 0.4335969042435890985, 0.4375031826601967766, 0.4531282963266287656, 0.4609408531598447878, 0.4687534099930608100, 0.4843785236594927990, 0.5000036373259247879 ),
 .UNSPECIFIED. ) ;
#7897 = FACE_OUTER_BOUND ( 'NONE', #4547, .T. ) ;
#7898 = CARTESIAN_POINT ( 'NONE',  ( 37.64073253304697886, 1.498330068472816912, 13.49825640511646085 ) ) ;
#7899 = DIRECTION ( 'NONE',  ( 0.0000000000000000000, 0.0000000000000000000, -1.000000000000000000 ) ) ;
#7900 = DIRECTION ( 'NONE',  ( -0.0000000000000000000, 1.000000000000000000, -0.0000000000000000000 ) ) ;
#7901 = CARTESIAN_POINT ( 'NONE',  ( 45.18879535542310322, 4.000000000000000888, 9.395049996956901239 ) ) ;
#7902 = CARTESIAN_POINT ( 'NONE',  ( 28.01007335741414295, 4.163329512933743537, -21.16609510798336657 ) ) ;
#7903 = CARTESIAN_POINT ( 'NONE',  ( 131.5926018782502069, 0.06345857700979540272, -1.999208164427180856 ) ) ;
#7904 = CYLINDRICAL_SURFACE ( 'NONE', #2239, 1.000000000000000000 ) ;
#7905 = AXIS2_PLACEMENT_3D ( 'NONE', #290, #8140, #4600 ) ;
#7906 = DIRECTION ( 'NONE',  ( 0.9104950003043108531, 0.0000000000000000000, 0.4135200774096138288 ) ) ;
#7907 = ORIENTED_EDGE ( 'NONE', *, *, #4353, .T. ) ;
#7908 = DIRECTION ( 'NONE',  ( 0.0000000000000000000, 1.000000000000000000, -0.0000000000000000000 ) ) ;
#7909 = CARTESIAN_POINT ( 'NONE',  ( 49.32399612951925860, 5.000000000000000888, -18.50000000000000355 ) ) ;
#7910 = DIRECTION ( 'NONE',  ( 0.9569301964063262611, 0.0000000000000000000, 0.2903181000312415327 ) ) ;
#7911 = CARTESIAN_POINT ( 'NONE',  ( 131.8854699425881734, 1.528686752015934402, 1.289521027099428396 ) ) ;
#7912 = CARTESIAN_POINT ( 'NONE',  ( 131.6453223521702682, -0.6447278504555435941, -1.891910279073455436 ) ) ;
#7913 = CARTESIAN_POINT ( 'NONE',  ( 26.23145579113118586, -5.000000000000000888, 21.75500200160164255 ) ) ;
#7914 = FACE_OUTER_BOUND ( 'NONE', #4890, .T. ) ;
#7915 = CARTESIAN_POINT ( 'NONE',  ( 104.1356042895619112, -1.695062911483078860, 4.537304076922600515 ) ) ;
#7916 = DIRECTION ( 'NONE',  ( -1.209068259567987878E-15, 0.0000000000000000000, -1.000000000000000000 ) ) ;
#7917 = AXIS2_PLACEMENT_3D ( 'NONE', #2563, #1205, #9156 ) ;
#7918 = CARTESIAN_POINT ( 'NONE',  ( 131.8104810839667778, 1.319884956009107269, -1.502715152647085883 ) ) ;
#7919 = CARTESIAN_POINT ( 'NONE',  ( 7.609135415617525489, 23.43849360530937176, -29.01897755309092375 ) ) ;
#7920 = CARTESIAN_POINT ( 'NONE',  ( 49.32399612951925860, -1.500000000000000888, 18.50000000000000355 ) ) ;
#7921 = LINE ( 'NONE', #735, #3842 ) ;
#7922 = DIRECTION ( 'NONE',  ( 0.0000000000000000000, 1.000000000000000000, 0.0000000000000000000 ) ) ;
#7923 = ADVANCED_FACE ( 'NONE', ( #5202 ), #4073, .T. ) ;
#7924 = ORIENTED_EDGE ( 'NONE', *, *, #7038, .F. ) ;
#7925 = EDGE_CURVE ( 'NONE', #5932, #9269, #2828, .T. ) ;
#7926 = CARTESIAN_POINT ( 'NONE',  ( 36.72806070584867655, 1.347864887111529075, 14.09456691287437202 ) ) ;
#7927 = CARTESIAN_POINT ( 'NONE',  ( 132.9603310413307611, -0.5647959076264574829, -3.778953539455190747 ) ) ;
#7928 = CARTESIAN_POINT ( 'NONE',  ( 19.00240406844404006, -7.000000000000000888, -31.75287681586610944 ) ) ;
#7929 = CARTESIAN_POINT ( 'NONE',  ( 131.9589207754269182, -0.0007683224588244247366, -1.999999852420144109 ) ) ;
#7930 = ORIENTED_EDGE ( 'NONE', *, *, #4135, .T. ) ;
#7931 = CARTESIAN_POINT ( 'NONE',  ( 113.0462613737953319, -4.116693582439119758, 11.57648018287217972 ) ) ;
#7932 = EDGE_LOOP ( 'NONE', ( #1922, #502 ) ) ;
#7933 = CARTESIAN_POINT ( 'NONE',  ( 131.7866079197315230, 1.245560911987994901, -1.564433436917346709 ) ) ;
#7934 = AXIS2_PLACEMENT_3D ( 'NONE', #8351, #7640, #6932 ) ;
#7935 = LINE ( 'NONE', #6191, #7604 ) ;
#7936 = CARTESIAN_POINT ( 'NONE',  ( 34.10082351357483788, 6.459807362197639513, -3.056080847977189485 ) ) ;
#7937 = EDGE_CURVE ( 'NONE', #1614, #3543, #7832, .T. ) ;
#7938 = DIRECTION ( 'NONE',  ( 1.000000000000000000, 0.0000000000000000000, 1.677606415994443309E-17 ) ) ;
#7939 = EDGE_LOOP ( 'NONE', ( #4548, #3994, #8223, #3431, #8297, #7273, #2154, #5658, #5482, #1463 ) ) ;
#7940 = VERTEX_POINT ( 'NONE', #8412 ) ;
#7941 = CARTESIAN_POINT ( 'NONE',  ( 131.8290345806536834, 1.374189416682036091, -1.453115045032316255 ) ) ;
#7942 = ORIENTED_EDGE ( 'NONE', *, *, #5141, .T. ) ;
#7943 = AXIS2_PLACEMENT_3D ( 'NONE', #2469, #3138, #5265 ) ;
#7944 = LINE ( 'NONE', #8208, #2383 ) ;
#7945 = DIRECTION ( 'NONE',  ( 0.0000000000000000000, 0.0000000000000000000, 1.000000000000000000 ) ) ;
#7946 = CARTESIAN_POINT ( 'NONE',  ( 49.32399612951925860, 4.500000000000000888, -18.50000000000000355 ) ) ;
#7947 = ORIENTED_EDGE ( 'NONE', *, *, #7242, .F. ) ;
#7948 = CARTESIAN_POINT ( 'NONE',  ( 131.9218434446971457, 1.621491529716062363, -1.170126910298905587 ) ) ;
#7949 = DIRECTION ( 'NONE',  ( -0.0000000000000000000, 1.000000000000000000, -0.0000000000000000000 ) ) ;
#7950 = ORIENTED_EDGE ( 'NONE', *, *, #6107, .T. ) ;
#7951 = B_SPLINE_CURVE_WITH_KNOTS ( 'NONE', 3,
 ( #8842, #3068, #5869, #8154, #1589, #6665, #8067, #5843, #1537, #8789 ),
 .UNSPECIFIED., .F., .F.,
 ( 4, 2, 2, 2, 4 ),
 ( -1.809730638678879648E-05, 0.003060524520712111680, 0.003830179977486835793, 0.004599835434261559906, 0.006139146347811009000 ),
 .UNSPECIFIED. ) ;
#7952 = ORIENTED_EDGE ( 'NONE', *, *, #9264, .T. ) ;
#7953 = EDGE_CURVE ( 'NONE', #5960, #5614, #7935, .T. ) ;
#7954 = FACE_OUTER_BOUND ( 'NONE', #30, .T. ) ;
#7955 = MANIFOLD_SOLID_BREP ( 'Cut-Extrude10', #9314 ) ;
#7956 = ORIENTED_EDGE ( 'NONE', *, *, #6719, .F. ) ;
#7957 = CARTESIAN_POINT ( 'NONE',  ( 36.25879859348808765, 0.9938476776976611360, 14.41060040145227816 ) ) ;
#7958 = CARTESIAN_POINT ( 'NONE',  ( 133.4977977871811561, -3.422476495748434377, 0.2517605927046709380 ) ) ;
#7959 = CARTESIAN_POINT ( 'NONE',  ( 110.7225386908361031, 5.496034097833176091, 9.810073811849383318 ) ) ;
#7960 = CARTESIAN_POINT ( 'NONE',  ( 11.41375784687528849, 5.008245486696109694, -34.09026589720549083 ) ) ;
#7961 = ORIENTED_EDGE ( 'NONE', *, *, #568, .F. ) ;
#7962 = CARTESIAN_POINT ( 'NONE',  ( 21.50146647703950720, -7.000000000000002665, -24.12701665379256610 ) ) ;
#7963 = B_SPLINE_CURVE_WITH_KNOTS ( 'NONE', 3,
 ( #2921, #7236, #6495, #5096, #6467, #3520, #8586, #5803, #7902, #6569 ),
 .UNSPECIFIED., .F., .F.,
 ( 4, 2, 2, 2, 4 ),
 ( 0.0000000000000000000, 0.0006256403360727735667, 0.001251280672145547133, 0.001876921008218320700, 0.002502561344291094267 ),
 .UNSPECIFIED. ) ;
#7964 = CYLINDRICAL_SURFACE ( 'NONE', #7917, 1.000000000000000888 ) ;
#7965 = ORIENTED_EDGE ( 'NONE', *, *, #9393, .F. ) ;
#7966 = CARTESIAN_POINT ( 'NONE',  ( 13.26718395371943693, 5.028197609507558674, 34.16732851882470356 ) ) ;
#7967 = CARTESIAN_POINT ( 'NONE',  ( 34.64101615137754919, 3.500000000000000888, 5.000000000000000888 ) ) ;
#7968 = ADVANCED_FACE ( 'NONE', ( #8943 ), #1238, .F. ) ;
#7969 = ORIENTED_EDGE ( 'NONE', *, *, #4917, .F. ) ;
#7970 = DIRECTION ( 'NONE',  ( 0.0000000000000000000, 0.0000000000000000000, 1.000000000000000000 ) ) ;
#7971 = CARTESIAN_POINT ( 'NONE',  ( 131.7444115571991858, -1.099971424819658372, 1.669265730110717882 ) ) ;
#7972 = DIRECTION ( 'NONE',  ( 0.0000000000000000000, 1.000000000000000000, 0.0000000000000000000 ) ) ;
#7973 = VERTEX_POINT ( 'NONE', #6291 ) ;
#7974 = CARTESIAN_POINT ( 'NONE',  ( 131.8008853956784776, 1.289857026481415536, 1.528179834645877921 ) ) ;
#7975 = AXIS2_PLACEMENT_3D ( 'NONE', #871, #134, #2994 ) ;
#7976 = CARTESIAN_POINT ( 'NONE',  ( 133.3470988810223901, 2.909828818204071244, -2.028820388799669860 ) ) ;
#7977 = CARTESIAN_POINT ( 'NONE',  ( 21.67474356507919353, 5.365638503732129472, 22.06580949791646162 ) ) ;
#7978 = DIRECTION ( 'NONE',  ( 0.0000000000000000000, 1.000000000000000000, 0.0000000000000000000 ) ) ;
#7979 = ORIENTED_EDGE ( 'NONE', *, *, #5914, .T. ) ;
#7980 = CIRCLE ( 'NONE', #7483, 0.5000000000000000000 ) ;
#7981 = ORIENTED_EDGE ( 'NONE', *, *, #147, .F. ) ;
#7982 = DIRECTION ( 'NONE',  ( 0.8660254037844379305, 8.702618053222038374E-17, 0.5000000000000013323 ) ) ;
#7983 = CIRCLE ( 'NONE', #7441, 1.000000000000000000 ) ;
#7984 = CARTESIAN_POINT ( 'NONE',  ( 101.0263340389897166, 1.500000000000000888, -3.500000000000000444 ) ) ;
#7985 = ORIENTED_EDGE ( 'NONE', *, *, #4252, .F. ) ;
#7986 = ORIENTED_EDGE ( 'NONE', *, *, #8172, .T. ) ;
#7987 = DIRECTION ( 'NONE',  ( -0.9104950003043108531, 0.0000000000000000000, 0.4135200774096138288 ) ) ;
#7988 = DIRECTION ( 'NONE',  ( 2.664535259100375697E-14, 0.0000000000000000000, -1.000000000000000000 ) ) ;
#7989 = EDGE_CURVE ( 'NONE', #7281, #3968, #8608, .T. ) ;
#7990 = CARTESIAN_POINT ( 'NONE',  ( 27.57971993623072748, 4.915856401491720540, 17.73372879826484549 ) ) ;
#7991 = EDGE_CURVE ( 'NONE', #5589, #376, #5781, .T. ) ;
#7992 = FACE_OUTER_BOUND ( 'NONE', #8810, .T. ) ;
#7993 = AXIS2_PLACEMENT_3D ( 'NONE', #7371, #2969, #5234 ) ;
#7994 = ORIENTED_EDGE ( 'NONE', *, *, #5799, .F. ) ;
#7995 = LINE ( 'NONE', #1239, #9233 ) ;
#7996 = ORIENTED_EDGE ( 'NONE', *, *, #7833, .T. ) ;
#7997 = VERTEX_POINT ( 'NONE', #1928 ) ;
#7998 = ORIENTED_EDGE ( 'NONE', *, *, #3233, .T. ) ;
#7999 = DIRECTION ( 'NONE',  ( 0.0000000000000000000, 0.0000000000000000000, 1.000000000000000000 ) ) ;
#8000 = CARTESIAN_POINT ( 'NONE',  ( 133.4323847592678476, -3.207453442970178425, 1.354452260572695410 ) ) ;
#8001 = CARTESIAN_POINT ( 'NONE',  ( 18.00000000000003197, 5.828427124746193400, -30.02221399786052558 ) ) ;
#8002 = CARTESIAN_POINT ( 'NONE',  ( 70.00000000000000000, -5.000000000000000888, -64.02475001521551690 ) ) ;
#8003 = CARTESIAN_POINT ( 'NONE',  ( 101.0263340389897166, 5.000000000000000888, 6.000000000000001776 ) ) ;
#8004 = CARTESIAN_POINT ( 'NONE',  ( 11.05821137337277094, 5.000000000000002665, -34.04764431590728435 ) ) ;
#8005 = EDGE_CURVE ( 'NONE', #7267, #2849, #5903, .T. ) ;
#8006 = DIRECTION ( 'NONE',  ( -0.0000000000000000000, 1.000000000000000000, -0.0000000000000000000 ) ) ;
#8007 = EDGE_CURVE ( 'NONE', #1810, #1038, #3052, .T. ) ;
#8008 = CIRCLE ( 'NONE', #8309, 9.999999999999998224 ) ;
#8009 = CARTESIAN_POINT ( 'NONE',  ( 34.64101615137754919, -1.500000000000000888, 5.000000000000000888 ) ) ;
#8010 = ORIENTED_EDGE ( 'NONE', *, *, #662, .F. ) ;
#8011 = ORIENTED_EDGE ( 'NONE', *, *, #6407, .T. ) ;
#8012 = CARTESIAN_POINT ( 'NONE',  ( 18.00000000000000000, -4.000000000000000888, 35.00000000000000000 ) ) ;
#8013 = ORIENTED_EDGE ( 'NONE', *, *, #1555, .F. ) ;
#8014 = CARTESIAN_POINT ( 'NONE',  ( 131.7604834928853279, -1.158087398899114273, 1.630561469512066486 ) ) ;
#8015 = CARTESIAN_POINT ( 'NONE',  ( 0.0000000000000000000, 5.000000000000000888, 0.0000000000000000000 ) ) ;
#8016 = AXIS2_PLACEMENT_3D ( 'NONE', #7191, #8551, #1306 ) ;
#8017 = CIRCLE ( 'NONE', #6514, 1.999999999999999556 ) ;
#8018 = CARTESIAN_POINT ( 'NONE',  ( 104.5228874831234265, -4.641763970785183879, -5.719177225785471386 ) ) ;
#8019 = CARTESIAN_POINT ( 'NONE',  ( 133.2608037674900174, 2.574866513883987462, -2.530469857119591826 ) ) ;
#8020 = CARTESIAN_POINT ( 'NONE',  ( 21.21346465631640044, 6.796400696776160544, 23.77861252659468860 ) ) ;
#8021 = ORIENTED_EDGE ( 'NONE', *, *, #7752, .T. ) ;
#8022 = CARTESIAN_POINT ( 'NONE',  ( 104.0675376059493971, -1.598961372376243473, 4.292181450729838588 ) ) ;
#8023 = DIRECTION ( 'NONE',  ( 0.0000000000000000000, 0.0000000000000000000, 1.000000000000000000 ) ) ;
#8024 = CARTESIAN_POINT ( 'NONE',  ( 131.7183632402528985, 1.001835639206491324, -1.730109882075019367 ) ) ;
#8025 = CARTESIAN_POINT ( 'NONE',  ( 70.00000000000000000, 5.000000000000000888, -64.02475001521551690 ) ) ;
#8026 = CYLINDRICAL_SURFACE ( 'NONE', #3386, 4.500000000000000888 ) ;
#8027 = DIRECTION ( 'NONE',  ( 1.000000000000000000, 0.0000000000000000000, 1.677606415994443309E-17 ) ) ;
#8028 = ORIENTED_EDGE ( 'NONE', *, *, #4287, .T. ) ;
#8029 = CARTESIAN_POINT ( 'NONE',  ( 32.14953862120896844, 5.006817975865143211, 4.809170138138166628 ) ) ;
#8030 = ADVANCED_FACE ( 'NONE', ( #1699 ), #4744, .F. ) ;
#8031 = ADVANCED_FACE ( 'NONE', ( #9179 ), #8447, .T. ) ;
#8032 = CARTESIAN_POINT ( 'NONE',  ( 0.0000000000000000000, 5.000000000000000888, -34.00000000000000000 ) ) ;
#8033 = CARTESIAN_POINT ( 'NONE',  ( 38.99911927573969450, 0.4452998518597055533, 12.65395693742759597 ) ) ;
#8034 = LINE ( 'NONE', #830, #7145 ) ;
#8035 = CARTESIAN_POINT ( 'NONE',  ( 133.4440180215401597, -3.246995711349069502, -1.234017748544021797 ) ) ;
#8036 = EDGE_CURVE ( 'NONE', #8153, #4359, #7095, .T. ) ;
#8037 = DIRECTION ( 'NONE',  ( 0.0000000000000000000, 0.0000000000000000000, 1.000000000000000000 ) ) ;
#8038 = DIRECTION ( 'NONE',  ( -1.541976423090494056E-15, 0.0000000000000000000, 1.000000000000000000 ) ) ;
#8039 = CARTESIAN_POINT ( 'NONE',  ( 70.00000000000000000, 5.000000000000000000, -64.02475001521551690 ) ) ;
#8040 = CARTESIAN_POINT ( 'NONE',  ( 11.08157832480286054, -4.000000000000003553, -35.00000000000000000 ) ) ;
#8041 = B_SPLINE_CURVE_WITH_KNOTS ( 'NONE', 3,
 ( #8152, #6695, #8931, #2532, #5311, #1805, #5409, #6059 ),
 .UNSPECIFIED., .F., .F.,
 ( 4, 2, 2, 4 ),
 ( 0.0000000000000000000, 0.001524118937525755467, 0.003048237875051510934, 0.006096475750103021868 ),
 .UNSPECIFIED. ) ;
#8042 = DIRECTION ( 'NONE',  ( 0.0000000000000000000, 0.0000000000000000000, 1.000000000000000000 ) ) ;
#8043 = LINE ( 'NONE', #9353, #1223 ) ;
#8044 = CARTESIAN_POINT ( 'NONE',  ( 10.71751771055746616, 5.000000000000000888, 34.00000000000000000 ) ) ;
#8045 = LINE ( 'NONE', #4720, #1567 ) ;
#8046 = ORIENTED_EDGE ( 'NONE', *, *, #2602, .F. ) ;
#8047 = CARTESIAN_POINT ( 'NONE',  ( 131.5956135683004220, -0.1640305892876315064, -1.993318442648704059 ) ) ;
#8048 = LINE ( 'NONE', #2730, #2249 ) ;
#8049 = ORIENTED_EDGE ( 'NONE', *, *, #7816, .F. ) ;
#8050 = EDGE_CURVE ( 'NONE', #5246, #2546, #1469, .T. ) ;
#8051 = DIRECTION ( 'NONE',  ( 0.0000000000000000000, 1.000000000000000000, 0.0000000000000000000 ) ) ;
#8052 = AXIS2_PLACEMENT_3D ( 'NONE', #9275, #2782, #1232 ) ;
#8053 = CARTESIAN_POINT ( 'NONE',  ( 131.5921834493385347, 0.03141823559796411147, -2.000013199115273643 ) ) ;
#8054 = CARTESIAN_POINT ( 'NONE',  ( 133.1899384308139531, 2.269333062695570113, 2.882327509329695392 ) ) ;
#8055 = ORIENTED_EDGE ( 'NONE', *, *, #4690, .T. ) ;
#8056 = ORIENTED_EDGE ( 'NONE', *, *, #5496, .F. ) ;
#8057 = CARTESIAN_POINT ( 'NONE',  ( 23.46742184199856851, 5.000000000000000888, -21.75500200160157860 ) ) ;
#8058 = LINE ( 'NONE', #3447, #6479 ) ;
#8059 = EDGE_LOOP ( 'NONE', ( #2834, #6317, #3805, #3731 ) ) ;
#8060 = EDGE_CURVE ( 'NONE', #7735, #4367, #5313, .T. ) ;
#8061 = ORIENTED_EDGE ( 'NONE', *, *, #9066, .T. ) ;
#8062 = DIRECTION ( 'NONE',  ( 0.0000000000000000000, 0.0000000000000000000, 1.000000000000000000 ) ) ;
#8063 = CARTESIAN_POINT ( 'NONE',  ( 21.95092887502211809, -7.923591657189724913, -26.87893301822190395 ) ) ;
#8064 = CARTESIAN_POINT ( 'NONE',  ( 133.0425186489282225, -1.423125579587200651, -3.485002715270295148 ) ) ;
#8065 = CARTESIAN_POINT ( 'NONE',  ( 111.5602471222670715, 4.466897218262387170, 10.71683513538550514 ) ) ;
#8066 = DIRECTION ( 'NONE',  ( 0.0000000000000000000, 0.0000000000000000000, 1.000000000000000000 ) ) ;
#8067 = CARTESIAN_POINT ( 'NONE',  ( 110.2119021915949588, 5.729153698113213622, -9.300805468620932714 ) ) ;
#8068 = VECTOR ( 'NONE', #8906, 1000.000000000000000 ) ;
#8069 = DIRECTION ( 'NONE',  ( 0.0000000000000000000, 1.000000000000000000, 0.0000000000000000000 ) ) ;
#8070 = ORIENTED_EDGE ( 'NONE', *, *, #2111, .T. ) ;
#8071 = DIRECTION ( 'NONE',  ( 0.0000000000000000000, 0.0000000000000000000, -1.000000000000000000 ) ) ;
#8072 = CARTESIAN_POINT ( 'NONE',  ( 11.44250226628836131, 5.008857987695154890, 34.09323539580162787 ) ) ;
#8073 = ADVANCED_FACE ( 'NONE', ( #7280 ), #2034, .T. ) ;
#8074 = DIRECTION ( 'NONE',  ( -1.541976423090494056E-15, 0.0000000000000000000, 1.000000000000000000 ) ) ;
#8075 = LINE ( 'NONE', #997, #5910 ) ;
#8076 = EDGE_LOOP ( 'NONE', ( #9002, #165, #4900, #1848, #4868, #1233, #4092, #3010 ) ) ;
#8077 = CARTESIAN_POINT ( 'NONE',  ( 131.8334634612284901, 1.387161784716955726, 1.441304078094326035 ) ) ;
#8078 = CARTESIAN_POINT ( 'NONE',  ( 132.0888938905129919, -2.000009461749379547, -0.03141413003161225292 ) ) ;
#8079 = ORIENTED_EDGE ( 'NONE', *, *, #9101, .F. ) ;
#8080 = CARTESIAN_POINT ( 'NONE',  ( 6.045341297839941364E-15, 7.000000000000000888, 29.99999999999999645 ) ) ;
#8081 = CARTESIAN_POINT ( 'NONE',  ( 43.12119496837502197, 3.500000000000000888, -4.842574995435363405 ) ) ;
#8082 = LINE ( 'NONE', #686, #8970 ) ;
#8083 = DIRECTION ( 'NONE',  ( 0.0000000000000000000, 0.0000000000000000000, -1.000000000000000000 ) ) ;
#8084 = DIRECTION ( 'NONE',  ( 0.0000000000000000000, -1.000000000000000000, 0.0000000000000000000 ) ) ;
#8085 = CARTESIAN_POINT ( 'NONE',  ( 28.51304367304959086, 3.408645917860924968, -16.61343855132848546 ) ) ;
#8086 = ORIENTED_EDGE ( 'NONE', *, *, #8907, .T. ) ;
#8087 = DIRECTION ( 'NONE',  ( 0.0000000000000000000, 0.0000000000000000000, -1.000000000000000000 ) ) ;
#8088 = EDGE_LOOP ( 'NONE', ( #3747, #4659, #6960, #3385 ) ) ;
#8089 = VECTOR ( 'NONE', #1104, 1000.000000000000000 ) ;
#8090 = DIRECTION ( 'NONE',  ( 1.000000000000000000, 0.0000000000000000000, 0.0000000000000000000 ) ) ;
#8091 = VERTEX_POINT ( 'NONE', #3481 ) ;
#8092 = AXIS2_PLACEMENT_3D ( 'NONE', #6103, #8226, #2481 ) ;
#8093 = CARTESIAN_POINT ( 'NONE',  ( 133.1890138880342249, -2.260001537229630486, 2.881275401579879603 ) ) ;
#8094 = PLANE ( 'NONE',  #7426 ) ;
#8095 = CARTESIAN_POINT ( 'NONE',  ( -3.869018430617568153E-14, 7.000000000000000888, 32.00000000000000000 ) ) ;
#8096 = CARTESIAN_POINT ( 'NONE',  ( 32.22756799330203137, -5.100133086125389958, 4.361617841417033681 ) ) ;
#8097 = CARTESIAN_POINT ( 'NONE',  ( 128.7749643873548280, 0.1326128023006972190, 2.000000000163515423 ) ) ;
#8098 = FACE_OUTER_BOUND ( 'NONE', #1068, .T. ) ;
#8099 = VERTEX_POINT ( 'NONE', #8545 ) ;
#8100 = ORIENTED_EDGE ( 'NONE', *, *, #3263, .F. ) ;
#8101 = EDGE_CURVE ( 'NONE', #1628, #5730, #8058, .T. ) ;
#8102 = CARTESIAN_POINT ( 'NONE',  ( 45.18879535542311743, -4.000000000000000888, -9.395049996956901239 ) ) ;
#8103 = FACE_OUTER_BOUND ( 'NONE', #1235, .T. ) ;
#8104 = EDGE_LOOP ( 'NONE', ( #7615, #3849, #698, #1005 ) ) ;
#8105 = SPHERICAL_SURFACE ( 'NONE', #5405, 2.000000000000000000 ) ;
#8106 = DIRECTION ( 'NONE',  ( 0.0000000000000000000, 0.0000000000000000000, 1.000000000000000000 ) ) ;
#8107 = AXIS2_PLACEMENT_3D ( 'NONE', #4815, #6270, #8493 ) ;
#8108 = VERTEX_POINT ( 'NONE', #1333 ) ;
#8109 = VERTEX_POINT ( 'NONE', #7853 ) ;
#8110 = DIRECTION ( 'NONE',  ( 0.0000000000000000000, 1.000000000000000000, 0.0000000000000000000 ) ) ;
#8111 = DIRECTION ( 'NONE',  ( -0.0000000000000000000, -1.000000000000000000, 0.0000000000000000000 ) ) ;
#8112 = FACE_OUTER_BOUND ( 'NONE', #5720, .T. ) ;
#8113 = CARTESIAN_POINT ( 'NONE',  ( 131.6307935201315900, 0.5461112196261892482, -1.922273242873694832 ) ) ;
#8114 = EDGE_CURVE ( 'NONE', #5730, #5089, #5996, .T. ) ;
#8115 = DIRECTION ( 'NONE',  ( 0.0000000000000000000, 0.0000000000000000000, -1.000000000000000000 ) ) ;
#8116 = EDGE_LOOP ( 'NONE', ( #5268, #5727, #7198, #2381 ) ) ;
#8117 = CARTESIAN_POINT ( 'NONE',  ( 18.00000000000000000, -5.000000000000001776, 34.00000000000000000 ) ) ;
#8118 = ORIENTED_EDGE ( 'NONE', *, *, #957, .F. ) ;
#8119 = ADVANCED_FACE ( 'NONE', ( #4189 ), #8158, .T. ) ;
#8120 = ADVANCED_FACE ( 'NONE', ( #4410 ), #665, .F. ) ;
#8121 = CIRCLE ( 'NONE', #6410, 2.000000000000001332 ) ;
#8122 = CARTESIAN_POINT ( 'NONE',  ( 19.72057922640474814, -7.949827917249083775, 29.02883711833367997 ) ) ;
#8123 = CARTESIAN_POINT ( 'NONE',  ( 27.57976199957793284, 4.915850284773314982, -17.73367880874983982 ) ) ;
#8124 = ORIENTED_EDGE ( 'NONE', *, *, #9184, .F. ) ;
#8125 = CARTESIAN_POINT ( 'NONE',  ( 133.0866066189291246, -1.717636914543545723, 3.315783953725976119 ) ) ;
#8126 = DIRECTION ( 'NONE',  ( 1.000000000000000000, 0.0000000000000000000, -0.0000000000000000000 ) ) ;
#8127 = CARTESIAN_POINT ( 'NONE',  ( 109.3106081904879403, 5.125587209889385321, -8.254432084250730384 ) ) ;
#8128 = CARTESIAN_POINT ( 'NONE',  ( 31.60696125855821847, -5.000000000000000888, 5.000000000000000888 ) ) ;
#8129 = CARTESIAN_POINT ( 'NONE',  ( 14.35672482418723916, -4.012368230248058332, -35.00000000000000000 ) ) ;
#8130 = EDGE_CURVE ( 'NONE', #2088, #6540, #6714, .T. ) ;
#8131 = EDGE_CURVE ( 'NONE', #6165, #4152, #3268, .T. ) ;
#8132 = LINE ( 'NONE', #2356, #5165 ) ;
#8133 = DIRECTION ( 'NONE',  ( 0.0000000000000000000, 0.0000000000000000000, 1.000000000000000000 ) ) ;
#8134 = AXIS2_PLACEMENT_3D ( 'NONE', #6948, #8273, #5388 ) ;
#8135 = CARTESIAN_POINT ( 'NONE',  ( 132.0888841641598788, -1.999990340493191798, 0.03265475127652010118 ) ) ;
#8136 = SPHERICAL_SURFACE ( 'NONE', #6200, 2.000000000000000000 ) ;
#8137 = CARTESIAN_POINT ( 'NONE',  ( 131.6916323291520428, -0.8865810259482931333, 1.791436865474646423 ) ) ;
#8138 = EDGE_CURVE ( 'NONE', #7099, #2042, #4298, .T. ) ;
#8139 = CARTESIAN_POINT ( 'NONE',  ( 22.14648506759960256, 5.188057535505754103, 21.91033178175677776 ) ) ;
#8140 = DIRECTION ( 'NONE',  ( 1.000000000000000000, 0.0000000000000000000, 0.0000000000000000000 ) ) ;
#8141 = CARTESIAN_POINT ( 'NONE',  ( 21.50146647703955338, -7.000000000000003553, 24.12701665379262650 ) ) ;
#8142 = LINE ( 'NONE', #5510, #2577 ) ;
#8143 = AXIS2_PLACEMENT_3D ( 'NONE', #421, #1820, #3397 ) ;
#8144 = B_SPLINE_CURVE_WITH_KNOTS ( 'NONE', 3,
 ( #695, #4280, #2887, #7199, #7957, #761, #7926, #5838, #2813, #7898, #2127, #7286, #9313, #1490, #2222, #5767, #3551, #8033, #3587, #8714 ),
 .UNSPECIFIED., .F., .F.,
 ( 4, 2, 2, 2, 2, 2, 2, 2, 2, 4 ),
 ( 0.005312293038597434326, 0.005974624725247299276, 0.006636956411897165092, 0.007299288098547030042, 0.007961619785196894991, 0.008623951471846760808, 0.008955117315171682441, 0.009286283158496605808, 0.009948614845146447339, 0.01061094653179629234 ),
 .UNSPECIFIED. ) ;
#8145 = CARTESIAN_POINT ( 'NONE',  ( 133.2624403913720812, -2.586173009716510762, -2.527925040997837325 ) ) ;
#8146 = DIRECTION ( 'NONE',  ( -0.0000000000000000000, -1.000000000000000000, -0.0000000000000000000 ) ) ;
#8147 = FACE_OUTER_BOUND ( 'NONE', #8490, .T. ) ;
#8148 = CARTESIAN_POINT ( 'NONE',  ( 133.0423807885940448, 1.421795526295529077, 3.485509724668849341 ) ) ;
#8149 = EDGE_CURVE ( 'NONE', #6242, #5082, #8263, .T. ) ;
#8150 = CARTESIAN_POINT ( 'NONE',  ( 104.6247650749026974, 4.954624003191588244, 5.988646105569668698 ) ) ;
#8151 = DIRECTION ( 'NONE',  ( -1.356728424568866558E-16, 0.0000000000000000000, 1.000000000000000000 ) ) ;
#8152 = CARTESIAN_POINT ( 'NONE',  ( 108.2750852456403123, 5.000000000000000888, -8.530906985953985000 ) ) ;
#8153 = VERTEX_POINT ( 'NONE', #13 ) ;
#8154 = CARTESIAN_POINT ( 'NONE',  ( 110.9068092627311728, 5.402558153302900124, -9.980985176437700446 ) ) ;
#8155 = CARTESIAN_POINT ( 'NONE',  ( 20.96557068124415935, 7.996364998856362760, -28.28218756066128492 ) ) ;
#8156 = AXIS2_PLACEMENT_3D ( 'NONE', #7384, #795, #5254 ) ;
#8157 = DIRECTION ( 'NONE',  ( 0.0000000000000000000, 0.9897433186107871261, 0.1428571428571425717 ) ) ;
#8158 = TOROIDAL_SURFACE ( 'NONE', #8644, 32.50000000000000000, 0.5000000000000000000 ) ;
#8159 = DIRECTION ( 'NONE',  ( -0.0000000000000000000, 1.000000000000000000, -0.0000000000000000000 ) ) ;
#8160 = ORIENTED_EDGE ( 'NONE', *, *, #5061, .F. ) ;
#8161 = CARTESIAN_POINT ( 'NONE',  ( 132.0884893258046304, -1.999172773366332034, 0.06460479254687170880 ) ) ;
#8162 = CARTESIAN_POINT ( 'NONE',  ( 131.8064323505131483, -1.307170979008196010, 1.513899955389196528 ) ) ;
#8163 = EDGE_LOOP ( 'NONE', ( #18, #6847, #5956, #1978 ) ) ;
#8164 = EDGE_CURVE ( 'NONE', #8173, #2361, #100, .T. ) ;
#8165 = SURFACE_STYLE_FILL_AREA ( #2588 ) ;
#8166 = ORIENTED_EDGE ( 'NONE', *, *, #1627, .T. ) ;
#8167 = CARTESIAN_POINT ( 'NONE',  ( 132.9743560396611883, 0.7776606962213878926, -3.730516201493419004 ) ) ;
#8168 = CARTESIAN_POINT ( 'NONE',  ( 21.95092887502211454, -7.923591657189724913, 26.87893301822193237 ) ) ;
#8169 = CARTESIAN_POINT ( 'NONE',  ( 133.4826880555325772, -3.373762519673545235, -0.6863026230690532081 ) ) ;
#8170 = CIRCLE ( 'NONE', #4156, 2.000000000000000000 ) ;
#8171 = EDGE_CURVE ( 'NONE', #3700, #6122, #6823, .T. ) ;
#8172 = EDGE_CURVE ( 'NONE', #2875, #1593, #5193, .T. ) ;
#8173 = VERTEX_POINT ( 'NONE', #7984 ) ;
#8174 = EDGE_CURVE ( 'NONE', #47, #4343, #8833, .T. ) ;
#8175 = CARTESIAN_POINT ( 'NONE',  ( 133.4137462674116250, 3.144867354441864382, 1.524741973636690506 ) ) ;
#8176 = DIRECTION ( 'NONE',  ( 0.0000000000000000000, 0.0000000000000000000, 1.000000000000000000 ) ) ;
#8177 = DIRECTION ( 'NONE',  ( 0.0000000000000000000, 0.0000000000000000000, -1.000000000000000000 ) ) ;
#8178 = ORIENTED_EDGE ( 'NONE', *, *, #2109, .T. ) ;
#8179 = CARTESIAN_POINT ( 'NONE',  ( 21.89564423079351840, 7.343406223803634170, -24.81970312374446053 ) ) ;
#8180 = TOROIDAL_SURFACE ( 'NONE', #2745, 27.50000000000000000, 0.5000000000000000000 ) ;
#8181 = VERTEX_POINT ( 'NONE', #4987 ) ;
#8182 = CARTESIAN_POINT ( 'NONE',  ( 49.32399612951925860, -1.500000000000000888, 5.500000000000000888 ) ) ;
#8183 = CARTESIAN_POINT ( 'NONE',  ( 17.99999999999996447, -7.000000000000002665, 30.02221399786057887 ) ) ;
#8184 = EDGE_LOOP ( 'NONE', ( #4680, #7714, #4103, #4892 ) ) ;
#8185 = VERTEX_POINT ( 'NONE', #1450 ) ;
#8186 = DIRECTION ( 'NONE',  ( -1.000000000000000000, -0.0000000000000000000, -1.209068259567990048E-15 ) ) ;
#8187 = CIRCLE ( 'NONE', #1476, 60.00000000000000000 ) ;
#8188 = CARTESIAN_POINT ( 'NONE',  ( 131.9863448347109625, -1.774681255248294010, 0.9181843616399465446 ) ) ;
#8189 = CARTESIAN_POINT ( 'NONE',  ( 131.8404022316386488, -1.406562983798455901, 1.421869131586105395 ) ) ;
#8190 = VERTEX_POINT ( 'NONE', #6554 ) ;
#8191 = AXIS2_PLACEMENT_3D ( 'NONE', #5865, #92, #3720 ) ;
#8192 = CARTESIAN_POINT ( 'NONE',  ( 37.64036364223844089, -1.498468249240396677, 13.49848825214871262 ) ) ;
#8193 = CARTESIAN_POINT ( 'NONE',  ( 12.17310579132643866, -4.033782048134934684, 35.00000000000000000 ) ) ;
#8194 = ORIENTED_EDGE ( 'NONE', *, *, #3125, .F. ) ;
#8195 = CARTESIAN_POINT ( 'NONE',  ( 22.10418838156303067, -7.758736482042648319, 26.03783777165261171 ) ) ;
#8196 = B_SPLINE_CURVE_WITH_KNOTS ( 'NONE', 3,
 ( #6088, #1076, #4020, #1775, #403, #2460 ),
 .UNSPECIFIED., .F., .F.,
 ( 4, 2, 4 ),
 ( 0.0000000000000000000, 0.0006716702414191627352, 0.001343340482838325470 ),
 .UNSPECIFIED. ) ;
#8197 = CIRCLE ( 'NONE', #8143, 62.99999999999998579 ) ;
#8198 = VERTEX_POINT ( 'NONE', #6482 ) ;
#8199 = CYLINDRICAL_SURFACE ( 'NONE', #2802, 12.99999999999999289 ) ;
#8200 = ORIENTED_EDGE ( 'NONE', *, *, #1735, .F. ) ;
#8201 = VERTEX_POINT ( 'NONE', #4390 ) ;
#8202 = CARTESIAN_POINT ( 'NONE',  ( 133.4455280056607478, -3.252847852949583451, -1.233930454024843248 ) ) ;
#8203 = CARTESIAN_POINT ( 'NONE',  ( 104.5228874831234407, 3.407672712944834092, -5.719177225785471386 ) ) ;
#8204 = AXIS2_PLACEMENT_3D ( 'NONE', #7724, #1987, #7119 ) ;
#8205 = CARTESIAN_POINT ( 'NONE',  ( 133.0351777217202311, -1.365335000503277607, 3.512089370853494152 ) ) ;
#8206 = CARTESIAN_POINT ( 'NONE',  ( 103.9061816775918459, -1.500000000000000888, -3.638545286968392745 ) ) ;
#8207 = CARTESIAN_POINT ( 'NONE',  ( 128.8693624243573481, 1.781945602445202503, -1.047177682550511024 ) ) ;
#8208 = CARTESIAN_POINT ( 'NONE',  ( 6.045341297839941364E-15, 5.000000000000000888, 29.99999999999999645 ) ) ;
#8209 = CIRCLE ( 'NONE', #3779, 1.000000000000000444 ) ;
#8210 = ORIENTED_EDGE ( 'NONE', *, *, #9207, .T. ) ;
#8211 = CIRCLE ( 'NONE', #4199, 0.5000000000000004441 ) ;
#8212 = VERTEX_POINT ( 'NONE', #5791 ) ;
#8213 = VERTEX_POINT ( 'NONE', #3677 ) ;
#8214 = DIRECTION ( 'NONE',  ( 0.0000000000000000000, 0.0000000000000000000, -1.000000000000000000 ) ) ;
#8215 = ORIENTED_EDGE ( 'NONE', *, *, #9052, .T. ) ;
#8216 = CARTESIAN_POINT ( 'NONE',  ( 17.99999999999996803, -5.828427124746201393, 30.02221399786058242 ) ) ;
#8217 = CARTESIAN_POINT ( 'NONE',  ( 101.0263340389897166, 5.000000000000000888, 7.500000000000000888 ) ) ;
#8218 = LINE ( 'NONE', #5282, #507 ) ;
#8219 = CARTESIAN_POINT ( 'NONE',  ( 101.0263340389897166, 4.000000000000000888, 8.500000000000000000 ) ) ;
#8220 = AXIS2_PLACEMENT_3D ( 'NONE', #8836, #4496, #2980 ) ;
#8221 = ORIENTED_EDGE ( 'NONE', *, *, #6800, .F. ) ;
#8222 = DIRECTION ( 'NONE',  ( 0.8660254037844379305, 0.0000000000000000000, 0.5000000000000013323 ) ) ;
#8223 = ORIENTED_EDGE ( 'NONE', *, *, #4984, .T. ) ;
#8224 = CARTESIAN_POINT ( 'NONE',  ( 36.13840217642599839, -0.8219833752334240184, 14.49296305369129634 ) ) ;
#8225 = CARTESIAN_POINT ( 'NONE',  ( 8.116411109992025530, -12.50000000000000000, -30.95357605663032174 ) ) ;
#8226 = DIRECTION ( 'NONE',  ( -0.0000000000000000000, -1.000000000000000000, -0.0000000000000000000 ) ) ;
#8227 = EDGE_CURVE ( 'NONE', #9288, #4302, #7821, .T. ) ;
#8228 = CARTESIAN_POINT ( 'NONE',  ( 70.00000000000000000, -3.500000000000000888, 64.02475001521551690 ) ) ;
#8229 = CYLINDRICAL_SURFACE ( 'NONE', #7777, 3.000000000000002665 ) ;
#8230 = ORIENTED_EDGE ( 'NONE', *, *, #3494, .F. ) ;
#8231 = CARTESIAN_POINT ( 'NONE',  ( 15.08460647348984907, 4.000000000000000888, -35.00000000000000000 ) ) ;
#8232 = CARTESIAN_POINT ( 'NONE',  ( 133.3687328313584146, -2.991029412138448418, 1.935503982747706742 ) ) ;
#8233 = CARTESIAN_POINT ( 'NONE',  ( 21.13551371961428771, -5.788748658388477075, -22.47255953293905506 ) ) ;
#8234 = FACE_OUTER_BOUND ( 'NONE', #2521, .T. ) ;
#8235 = CARTESIAN_POINT ( 'NONE',  ( 133.2977160158383754, 2.723426589205395931, 2.330336709877446566 ) ) ;
#8236 =( LENGTH_UNIT ( ) NAMED_UNIT ( * ) SI_UNIT ( .MILLI., .METRE. ) );
#8237 = ORIENTED_EDGE ( 'NONE', *, *, #5622, .T. ) ;
#8238 = CARTESIAN_POINT ( 'NONE',  ( 128.9050082377401623, 2.000449246852063823, 0.5270977958711936529 ) ) ;
#8239 = CARTESIAN_POINT ( 'NONE',  ( 21.50146647703950720, 7.000000000000001776, -24.12701665379256610 ) ) ;
#8240 = EDGE_CURVE ( 'NONE', #5340, #7325, #3959, .T. ) ;
#8241 =( BOUNDED_CURVE ( )  B_SPLINE_CURVE ( 3, ( #6581, #5109, #804, #2295 ),
 .UNSPECIFIED., .F., .F. ) 
 B_SPLINE_CURVE_WITH_KNOTS ( ( 4, 4 ),
 ( 1.570796326794896558, 2.998245084684428186 ),
 .UNSPECIFIED. ) 
 CURVE ( )  GEOMETRIC_REPRESENTATION_ITEM ( )  RATIONAL_B_SPLINE_CURVE ( ( 1.000000000000000000, 0.8372859640123027081, 0.8372859640123027081, 1.000000000000000000 ) ) 
 REPRESENTATION_ITEM ( '' )  );
#8242 = SPHERICAL_SURFACE ( 'NONE', #8601, 2.000000000000000000 ) ;
#8243 = CARTESIAN_POINT ( 'NONE',  ( 1.571788737438387516E-14, 2.500000000000000444, 22.00000000000000000 ) ) ;
#8244 = AXIS2_PLACEMENT_3D ( 'NONE', #4479, #1508, #1542 ) ;
#8245 = CARTESIAN_POINT ( 'NONE',  ( 131.8006820027280241, -1.289111132110659863, -1.528846613968945833 ) ) ;
#8246 = LINE ( 'NONE', #8688, #5764 ) ;
#8247 = CARTESIAN_POINT ( 'NONE',  ( 132.0116511613113914, 1.833230243308166196, 0.7961641726682806564 ) ) ;
#8248 = CIRCLE ( 'NONE', #6602, 27.99999999999999645 ) ;
#8249 = CARTESIAN_POINT ( 'NONE',  ( 31.60696125855821847, 7.000000000000002665, -5.000000000000000888 ) ) ;
#8250 = CARTESIAN_POINT ( 'NONE',  ( 10.71751771055746794, -5.000000000000003553, 35.00000000000000000 ) ) ;
#8251 = DIRECTION ( 'NONE',  ( 0.0000000000000000000, 0.0000000000000000000, -1.000000000000000000 ) ) ;
#8252 = DIRECTION ( 'NONE',  ( -1.000000000000000000, 0.0000000000000000000, 0.0000000000000000000 ) ) ;
#8253 = AXIS2_PLACEMENT_3D ( 'NONE', #4968, #7900, #8613 ) ;
#8254 = LINE ( 'NONE', #6346, #8590 ) ;
#8255 = B_SPLINE_CURVE_WITH_KNOTS ( 'NONE', 3,
 ( #5645, #5637, #4271, #3693, #6629, #8752, #25, #5802, #8647, #734 ),
 .UNSPECIFIED., .F., .F.,
 ( 4, 2, 2, 2, 4 ),
 ( 0.0000000000000000000, 0.0006087091997004856697, 0.001217418399400971339, 0.001826127599101455817, 0.002434836798801940511 ),
 .UNSPECIFIED. ) ;
#8256 = ORIENTED_EDGE ( 'NONE', *, *, #174, .T. ) ;
#8257 = CARTESIAN_POINT ( 'NONE',  ( 133.0161525660736004, -1.214208072211806044, -3.582221638575625811 ) ) ;
#8258 = CARTESIAN_POINT ( 'NONE',  ( 21.28358725078022928, -5.626767190569482935, -22.31025462967300754 ) ) ;
#8259 = CARTESIAN_POINT ( 'NONE',  ( 132.9457822314069801, 0.1112413678932508976, -3.828411304668701387 ) ) ;
#8260 = CARTESIAN_POINT ( 'NONE',  ( 10.71751771055746616, -5.000000000000001776, 34.00000000000000000 ) ) ;
#8261 = CARTESIAN_POINT ( 'NONE',  ( 132.1080283682369156, 2.000449246852063823, 0.5270977958711936529 ) ) ;
#8262 = CARTESIAN_POINT ( 'NONE',  ( 31.60696125855821847, -7.000000000000002665, 5.000000000000000888 ) ) ;
#8263 = CIRCLE ( 'NONE', #692, 2.000000000000001776 ) ;
#8264 = DIRECTION ( 'NONE',  ( -1.000000000000000000, -0.0000000000000000000, -1.356728424568866558E-16 ) ) ;
#8265 = B_SPLINE_CURVE_WITH_KNOTS ( 'NONE', 3,
 ( #5457, #5424, #422, #9139, #4784, #3369, #3398, #4977, #8623, #3498, #2075, #6473, #8530, #8497, #1985, #5657 ),
 .UNSPECIFIED., .F., .F.,
 ( 4, 2, 2, 2, 2, 2, 2, 4 ),
 ( 0.0002241352133038044506, 0.0006202416041736450326, 0.001016347995043485669, 0.001412454385913326305, 0.001808560776783166941, 0.002600773558522848430, 0.002996879949392686031, 0.003392986340262523198 ),
 .UNSPECIFIED. ) ;
#8266 = ORIENTED_EDGE ( 'NONE', *, *, #1989, .F. ) ;
#8267 = ORIENTED_EDGE ( 'NONE', *, *, #2455, .T. ) ;
#8268 = AXIS2_PLACEMENT_3D ( 'NONE', #8025, #4304, #7256 ) ;
#8269 = CARTESIAN_POINT ( 'NONE',  ( 49.32399612951925860, 4.000000000000000888, 18.50000000000000355 ) ) ;
#8270 = FACE_OUTER_BOUND ( 'NONE', #7786, .T. ) ;
#8271 = CARTESIAN_POINT ( 'NONE',  ( 113.0470208246170642, -4.116398796276724781, -11.57691031917683588 ) ) ;
#8272 = ORIENTED_EDGE ( 'NONE', *, *, #5189, .F. ) ;
#8273 = DIRECTION ( 'NONE',  ( 0.0000000000000000000, 1.000000000000000000, 0.0000000000000000000 ) ) ;
#8274 = CARTESIAN_POINT ( 'NONE',  ( 131.9234663856823602, -1.625462604001933986, -1.164550141116700743 ) ) ;
#8275 = CARTESIAN_POINT ( 'NONE',  ( 131.7124229282837575, 0.9762831799165414548, 1.744218419913554197 ) ) ;
#8276 = CARTESIAN_POINT ( 'NONE',  ( 34.64101615137754919, 5.000000000000000888, -3.000000000000000444 ) ) ;
#8277 = CARTESIAN_POINT ( 'NONE',  ( 31.60696125855821847, -7.000000000000001776, -5.000000000000000888 ) ) ;
#8278 = CIRCLE ( 'NONE', #7616, 11.00000000000000000 ) ;
#8279 = CARTESIAN_POINT ( 'NONE',  ( 14.35962191775895924, 5.008857987695154890, -34.09323539580162787 ) ) ;
#8280 = CARTESIAN_POINT ( 'NONE',  ( 32.16665785485058393, 5.020513362778428856, 4.714285714285716189 ) ) ;
#8281 = DIRECTION ( 'NONE',  ( -0.0000000000000000000, -1.000000000000000000, -0.0000000000000000000 ) ) ;
#8282 = VERTEX_POINT ( 'NONE', #5022 ) ;
#8283 = ORIENTED_EDGE ( 'NONE', *, *, #3470, .T. ) ;
#8284 = DIRECTION ( 'NONE',  ( 0.0000000000000000000, 0.0000000000000000000, 1.000000000000000000 ) ) ;
#8285 = ORIENTED_EDGE ( 'NONE', *, *, #5675, .T. ) ;
#8286 = EDGE_CURVE ( 'NONE', #3421, #613, #7593, .T. ) ;
#8287 = EDGE_CURVE ( 'NONE', #2361, #930, #4625, .T. ) ;
#8288 = TOROIDAL_SURFACE ( 'NONE', #5171, 12.49999999999999289, 0.5000000000000000000 ) ;
#8289 = EDGE_CURVE ( 'NONE', #811, #9221, #5663, .T. ) ;
#8290 = DIRECTION ( 'NONE',  ( -1.000000000000000000, 0.0000000000000000000, -0.0000000000000000000 ) ) ;
#8291 = CARTESIAN_POINT ( 'NONE',  ( 103.7077521712196528, 2.105048971762608190, -5.064950863668011394 ) ) ;
#8292 = ORIENTED_EDGE ( 'NONE', *, *, #7402, .T. ) ;
#8293 = CARTESIAN_POINT ( 'NONE',  ( 133.2339465037482853, 2.461788094734677301, -2.667331983369602977 ) ) ;
#8294 = DIRECTION ( 'NONE',  ( 0.0000000000000000000, 0.0000000000000000000, -1.000000000000000000 ) ) ;
#8295 = CARTESIAN_POINT ( 'NONE',  ( 28.78796125422265106, -2.957611890366001361, -16.27924482355531666 ) ) ;
#8296 = ADVANCED_FACE ( 'NONE', ( #1807 ), #6614, .T. ) ;
#8297 = ORIENTED_EDGE ( 'NONE', *, *, #7115, .T. ) ;
#8298 = PRODUCT_DEFINITION_FORMATION_WITH_SPECIFIED_SOURCE ( 'ANY', '', #4808, .NOT_KNOWN. ) ;
#8299 = ORIENTED_EDGE ( 'NONE', *, *, #4406, .F. ) ;
#8300 = CARTESIAN_POINT ( 'NONE',  ( 34.16526381391997091, 6.405309578178076890, 3.042894998125311279 ) ) ;
#8301 = EDGE_CURVE ( 'NONE', #691, #478, #3746, .T. ) ;
#8302 = FACE_OUTER_BOUND ( 'NONE', #2348, .T. ) ;
#8303 = CARTESIAN_POINT ( 'NONE',  ( 35.00000000000008527, 0.0000000000000000000, -27.99999999999995737 ) ) ;
#8304 = CARTESIAN_POINT ( 'NONE',  ( 32.68621589248697745, -5.047208485613444928, -4.543513229410679699 ) ) ;
#8305 = ORIENTED_EDGE ( 'NONE', *, *, #7242, .T. ) ;
#8306 = CARTESIAN_POINT ( 'NONE',  ( 131.9454074205211498, -1.679039551558901611, -1.084868952931046238 ) ) ;
#8307 = CARTESIAN_POINT ( 'NONE',  ( 131.9077491731388818, 1.586376601441550349, 1.218893418713555832 ) ) ;
#8308 = ADVANCED_FACE ( 'NONE', ( #1579 ), #2709, .F. ) ;
#8309 = AXIS2_PLACEMENT_3D ( 'NONE', #246, #988, #6057 ) ;
#8310 = CARTESIAN_POINT ( 'NONE',  ( 36.55759962859411871, -1.252230730026733019, 14.20870604470076870 ) ) ;
#8311 = DIRECTION ( 'NONE',  ( 0.7033064449102011118, -0.0000000000000000000, 0.7108868015006146734 ) ) ;
#8312 = LINE ( 'NONE', #1859, #2083 ) ;
#8313 = CARTESIAN_POINT ( 'NONE',  ( 25.00000000000004263, 5.510910596163090542E-16, -32.49999999999997158 ) ) ;
#8314 = VERTEX_POINT ( 'NONE', #3808 ) ;
#8315 = CYLINDRICAL_SURFACE ( 'NONE', #618, 2.000000000000000000 ) ;
#8316 = DIRECTION ( 'NONE',  ( -0.5883384128244132372, 0.0000000000000000000, 0.8086148106454954521 ) ) ;
#8317 = CARTESIAN_POINT ( 'NONE',  ( 70.00000000000000000, 5.000000000000000000, 64.02475001521551690 ) ) ;
#8318 = ORIENTED_EDGE ( 'NONE', *, *, #9278, .F. ) ;
#8319 = ORIENTED_EDGE ( 'NONE', *, *, #3623, .F. ) ;
#8320 = CARTESIAN_POINT ( 'NONE',  ( 10.03027150280467339, 12.50000000000000000, -30.37293985656784301 ) ) ;
#8321 = DIRECTION ( 'NONE',  ( 0.0000000000000000000, 0.0000000000000000000, 1.000000000000000000 ) ) ;
#8322 = B_SPLINE_CURVE_WITH_KNOTS ( 'NONE', 3,
 ( #1766, #7515, #5428, #3861, #6181, #1825, #6860, #8923, #6828, #2451, #3887, #3919, #5332, #4602, #2483, #9043 ),
 .UNSPECIFIED., .F., .F.,
 ( 4, 2, 2, 2, 2, 2, 2, 4 ),
 ( -1.130707763039915928E-05, 0.002118859461471228264, 0.004249026000572855497, 0.006379192539674482729, 0.007444275809225297212, 0.007976817444000701418, 0.008243088261388403087, 0.008509359078776104757 ),
 .UNSPECIFIED. ) ;
#8323 = CARTESIAN_POINT ( 'NONE',  ( 133.0563723012737114, -1.519194684579376231, 3.432480459812048412 ) ) ;
#8324 = EDGE_CURVE ( 'NONE', #1152, #8783, #2814, .T. ) ;
#8325 = LINE ( 'NONE', #1534, #6440 ) ;
#8326 = EDGE_LOOP ( 'NONE', ( #3091, #2832, #4143, #509 ) ) ;
#8327 = DIRECTION ( 'NONE',  ( -0.0000000000000000000, -1.000000000000000000, -0.0000000000000000000 ) ) ;
#8328 = CARTESIAN_POINT ( 'NONE',  ( 70.00000000000000000, -5.000000000000000888, -64.02475001521551690 ) ) ;
#8329 = VERTEX_POINT ( 'NONE', #6682 ) ;
#8330 = AXIS2_PLACEMENT_3D ( 'NONE', #5168, #1541, #3026 ) ;
#8331 = CARTESIAN_POINT ( 'NONE',  ( 133.2608037674900174, 2.574866513883987462, -2.530469857119591826 ) ) ;
#8332 = SURFACE_SIDE_STYLE ('',( #4603 ) ) ;
#8333 = EDGE_LOOP ( 'NONE', ( #3608, #497, #365, #5019 ) ) ;
#8334 = CARTESIAN_POINT ( 'NONE',  ( 33.03684576452259591, -1.512567185435943484, -10.83857043336051618 ) ) ;
#8335 = CYLINDRICAL_SURFACE ( 'NONE', #5269, 63.00000000000000000 ) ;
#8336 = CARTESIAN_POINT ( 'NONE',  ( 128.7897340394802939, -0.5207096185485943218, 1.934242232136978101 ) ) ;
#8337 = EDGE_CURVE ( 'NONE', #5378, #6304, #6241, .T. ) ;
#8338 = CARTESIAN_POINT ( 'NONE',  ( 31.60696125855821847, 7.000000000000002665, 5.000000000000000888 ) ) ;
#8339 = AXIS2_PLACEMENT_3D ( 'NONE', #5132, #3697, #2256 ) ;
#8340 = CARTESIAN_POINT ( 'NONE',  ( 131.7171683157545772, -0.9969339819317799556, -1.733594157384464207 ) ) ;
#8341 = VECTOR ( 'NONE', #5883, 1000.000000000000000 ) ;
#8342 = DIRECTION ( 'NONE',  ( 0.0000000000000000000, 0.0000000000000000000, -1.000000000000000000 ) ) ;
#8343 = ORIENTED_EDGE ( 'NONE', *, *, #1376, .F. ) ;
#8344 = DIRECTION ( 'NONE',  ( 0.0000000000000000000, 0.0000000000000000000, -1.000000000000000000 ) ) ;
#8345 = EDGE_CURVE ( 'NONE', #5028, #908, #2477, .T. ) ;
#8346 = CARTESIAN_POINT ( 'NONE',  ( 14.40106209202366827, 12.50000000000000000, 32.10006176782744092 ) ) ;
#8347 = CIRCLE ( 'NONE', #5382, 2.000000000000000000 ) ;
#8348 = CARTESIAN_POINT ( 'NONE',  ( 132.9743690377895575, -0.7803021652710389056, 3.730471066561965365 ) ) ;
#8349 = VERTEX_POINT ( 'NONE', #82 ) ;
#8350 = AXIS2_PLACEMENT_3D ( 'NONE', #1445, #6677, #8106 ) ;
#8351 = CARTESIAN_POINT ( 'NONE',  ( -3.869018430617568153E-14, -7.000000000000000888, -32.00000000000000000 ) ) ;
#8352 = AXIS2_PLACEMENT_3D ( 'NONE', #6381, #5684, #9197 ) ;
#8353 = CARTESIAN_POINT ( 'NONE',  ( 34.83229402862529156, -1.237892365989856858, 11.75369455824665543 ) ) ;
#8354 = CARTESIAN_POINT ( 'NONE',  ( 133.3927630268959490, 3.072832177587066838, -1.701823134000542748 ) ) ;
#8355 = ADVANCED_FACE ( 'NONE', ( #900 ), #9281, .F. ) ;
#8356 = CARTESIAN_POINT ( 'NONE',  ( 70.00000000000000000, -4.000000000000000888, -64.02475001521551690 ) ) ;
#8357 = VECTOR ( 'NONE', #1785, 1000.000000000000000 ) ;
#8358 = CARTESIAN_POINT ( 'NONE',  ( 20.97875540234648284, -6.124615828481918989, 22.85156674431040358 ) ) ;
#8359 = CARTESIAN_POINT ( 'NONE',  ( 11.44250226628836131, -5.008857987695155778, -34.09323539580162787 ) ) ;
#8360 = DIRECTION ( 'NONE',  ( -0.4135200774096141618, 0.0000000000000000000, -0.9104950003043107420 ) ) ;
#8361 = EDGE_LOOP ( 'NONE', ( #9251, #4197, #5014, #8912, #4194 ) ) ;
#8362 = AXIS2_PLACEMENT_3D ( 'NONE', #3654, #6492, #7999 ) ;
#8363 = CARTESIAN_POINT ( 'NONE',  ( 104.4770433376228880, 3.141153792800625677, 5.682761286872185735 ) ) ;
#8364 = DIRECTION ( 'NONE',  ( 0.0000000000000000000, 0.0000000000000000000, 1.000000000000000000 ) ) ;
#8365 = CARTESIAN_POINT ( 'NONE',  ( 49.32399612951925860, -3.500000000000000888, -5.500000000000005329 ) ) ;
#8366 = CARTESIAN_POINT ( 'NONE',  ( 32.60712885353455448, -5.000000000000000888, 5.076923076923076650 ) ) ;
#8367 = DIRECTION ( 'NONE',  ( -0.0000000000000000000, -1.000000000000000000, 0.0000000000000000000 ) ) ;
#8368 = CARTESIAN_POINT ( 'NONE',  ( 131.9749050066248515, -1.749126101537073819, -0.9675576309520685925 ) ) ;
#8369 = CARTESIAN_POINT ( 'NONE',  ( 131.6186269975759728, 0.4559123580267262499, 1.947319854623545510 ) ) ;
#8370 = FACE_OUTER_BOUND ( 'NONE', #4804, .T. ) ;
#8371 = CARTESIAN_POINT ( 'NONE',  ( 101.0263340389897166, 5.000000000000000000, -33.50000000000000000 ) ) ;
#8372 = DIRECTION ( 'NONE',  ( 0.0000000000000000000, 0.0000000000000000000, 1.000000000000000000 ) ) ;
#8373 = ORIENTED_EDGE ( 'NONE', *, *, #6052, .T. ) ;
#8374 = DIRECTION ( 'NONE',  ( 0.0000000000000000000, -1.000000000000000000, 0.0000000000000000000 ) ) ;
#8375 = VERTEX_POINT ( 'NONE', #2302 ) ;
#8376 = ORIENTED_EDGE ( 'NONE', *, *, #1639, .F. ) ;
#8377 = CARTESIAN_POINT ( 'NONE',  ( 131.6086728515795414, 0.3543950838147518212, -1.967452678586768977 ) ) ;
#8378 = AXIS2_PLACEMENT_3D ( 'NONE', #166, #6700, #7389 ) ;
#8379 = CIRCLE ( 'NONE', #6995, 2.000000000000001332 ) ;
#8380 = ORIENTED_EDGE ( 'NONE', *, *, #627, .T. ) ;
#8381 = SURFACE_STYLE_USAGE ( .BOTH. , #7674 ) ;
#8382 = DIRECTION ( 'NONE',  ( 0.0000000000000000000, 0.0000000000000000000, 1.000000000000000000 ) ) ;
#8383 = CARTESIAN_POINT ( 'NONE',  ( 131.6182005990882260, -0.4526522774106980784, 1.948173088646347084 ) ) ;
#8384 = DIRECTION ( 'NONE',  ( 0.0000000000000000000, -1.000000000000000000, 0.0000000000000000000 ) ) ;
#8385 = CARTESIAN_POINT ( 'NONE',  ( 28.01112218787012509, -4.161557704075303121, -21.16507215366199190 ) ) ;
#8386 = ADVANCED_FACE ( 'NONE', ( #8370 ), #1117, .T. ) ;
#8387 = CIRCLE ( 'NONE', #1056, 1.000000000000000000 ) ;
#8388 = EDGE_LOOP ( 'NONE', ( #5080, #8514, #7067, #9100 ) ) ;
#8389 = AXIS2_PLACEMENT_3D ( 'NONE', #3148, #8316, #3977 ) ;
#8390 = CARTESIAN_POINT ( 'NONE',  ( 128.7749643873921173, 2.168404344971008868E-16, 2.000000000000000000 ) ) ;
#8391 = ORIENTED_EDGE ( 'NONE', *, *, #9323, .F. ) ;
#8392 = DIRECTION ( 'NONE',  ( 1.000000000000000000, -0.0000000000000000000, 1.209068259567990048E-15 ) ) ;
#8393 = CARTESIAN_POINT ( 'NONE',  ( 120.0000000000000000, 12.50000000000000000, 0.0000000000000000000 ) ) ;
#8394 = CARTESIAN_POINT ( 'NONE',  ( 70.00000000000000000, -4.500000000000000888, -64.02475001521551690 ) ) ;
#8395 = CARTESIAN_POINT ( 'NONE',  ( 70.00000000000000000, 4.500000000000000888, 64.02475001521551690 ) ) ;
#8396 = CARTESIAN_POINT ( 'NONE',  ( 12.90106209202365761, -5.028197609507558674, 34.16732851882471067 ) ) ;
#8397 = EDGE_CURVE ( 'NONE', #387, #6320, #3355, .T. ) ;
#8398 = ORIENTED_EDGE ( 'NONE', *, *, #2767, .T. ) ;
#8399 = ADVANCED_FACE ( 'NONE', ( #4517 ), #3047, .F. ) ;
#8400 = CARTESIAN_POINT ( 'NONE',  ( 28.27252705952055223, 3.719961577081993820, -20.91011651086931167 ) ) ;
#8401 = DIRECTION ( 'NONE',  ( 1.000000000000000000, -0.0000000000000000000, 8.388032079972216237E-17 ) ) ;
#8402 = DIRECTION ( 'NONE',  ( 0.0000000000000000000, 0.0000000000000000000, 1.000000000000000000 ) ) ;
#8403 = ORIENTED_EDGE ( 'NONE', *, *, #568, .T. ) ;
#8404 = CARTESIAN_POINT ( 'NONE',  ( 19.09893790797643121, -7.000000000000002665, -25.92364028572990620 ) ) ;
#8405 = CIRCLE ( 'NONE', #932, 30.00000000000000000 ) ;
#8406 = AXIS2_PLACEMENT_3D ( 'NONE', #7946, #7254, #6517 ) ;
#8407 = EDGE_LOOP ( 'NONE', ( #8681, #6442, #8376, #4102 ) ) ;
#8408 = CARTESIAN_POINT ( 'NONE',  ( 131.7620643112495884, 1.163683086323614946, -1.625707087310651611 ) ) ;
#8409 = EDGE_CURVE ( 'NONE', #3452, #1420, #2144, .T. ) ;
#8410 = ORIENTED_EDGE ( 'NONE', *, *, #4034, .T. ) ;
#8411 = EDGE_CURVE ( 'NONE', #4359, #7940, #2367, .T. ) ;
#8412 = CARTESIAN_POINT ( 'NONE',  ( 25.54272524794506083, 5.000000000000000888, -20.09525284508737997 ) ) ;
#8413 = CARTESIAN_POINT ( 'NONE',  ( 132.0283414324688351, -1.869845614073338824, 0.7061685187829904731 ) ) ;
#8414 = DIRECTION ( 'NONE',  ( -0.0000000000000000000, -1.000000000000000000, 0.0000000000000000000 ) ) ;
#8415 = DIRECTION ( 'NONE',  ( 0.0000000000000000000, 0.0000000000000000000, 1.000000000000000000 ) ) ;
#8416 = CARTESIAN_POINT ( 'NONE',  ( 26.83610303500858763, -4.867340709788272157, -21.65074861531838835 ) ) ;
#8417 = CARTESIAN_POINT ( 'NONE',  ( 32.63719173599064760, 4.999798187799059157, 4.881110064772405721 ) ) ;
#8418 = CIRCLE ( 'NONE', #4061, 0.5000000000000000000 ) ;
#8419 = LINE ( 'NONE', #1823, #486 ) ;
#8420 = ORIENTED_EDGE ( 'NONE', *, *, #6186, .F. ) ;
#8421 = ORIENTED_EDGE ( 'NONE', *, *, #8149, .F. ) ;
#8422 = CARTESIAN_POINT ( 'NONE',  ( 34.10082351357466024, 6.459807362197803826, 3.056080847977092230 ) ) ;
#8423 = CARTESIAN_POINT ( 'NONE',  ( 101.9737817402825755, 1.500000000000000666, 3.627610479351971229 ) ) ;
#8424 = CYLINDRICAL_SURFACE ( 'NONE', #8750, 30.00000000000000000 ) ;
#8425 = CARTESIAN_POINT ( 'NONE',  ( 32.32776704620290786, -5.496288859045814768, 3.674806318467482846 ) ) ;
#8426 = CARTESIAN_POINT ( 'NONE',  ( 13.27672448269710870, 4.886875450365797846, 35.00000000000000000 ) ) ;
#8427 = CARTESIAN_POINT ( 'NONE',  ( 32.86335345030996535, 5.000000000000000888, -5.000000000000000888 ) ) ;
#8428 = LINE ( 'NONE', #4629, #2653 ) ;
#8429 = ORIENTED_EDGE ( 'NONE', *, *, #6407, .F. ) ;
#8430 = ORIENTED_EDGE ( 'NONE', *, *, #7460, .T. ) ;
#8431 = CARTESIAN_POINT ( 'NONE',  ( 132.0639435442229228, 1.947659166611267700, -0.4547998356203798442 ) ) ;
#8432 = ORIENTED_EDGE ( 'NONE', *, *, #80, .F. ) ;
#8433 = AXIS2_PLACEMENT_3D ( 'NONE', #4146, #4928, #8504 ) ;
#8434 = CARTESIAN_POINT ( 'NONE',  ( 29.23455647122459311, 0.3626949740176786952, -19.99999999999996803 ) ) ;
#8435 = CARTESIAN_POINT ( 'NONE',  ( 104.4405717452478086, -2.586699574560840542, -5.491600126854113917 ) ) ;
#8436 = ADVANCED_FACE ( 'NONE', ( #8599 ), #7712, .F. ) ;
#8437 = DIRECTION ( 'NONE',  ( -1.000000000000000000, -0.0000000000000000000, 1.209068259567990048E-15 ) ) ;
#8438 = PLANE ( 'NONE',  #8450 ) ;
#8439 = CIRCLE ( 'NONE', #3832, 32.50000000000000000 ) ;
#8440 = CARTESIAN_POINT ( 'NONE',  ( 17.99999999999996092, 7.740197061241844700, 30.02221399786057177 ) ) ;
#8441 = ORIENTED_EDGE ( 'NONE', *, *, #7050, .F. ) ;
#8442 = ORIENTED_EDGE ( 'NONE', *, *, #4288, .T. ) ;
#8443 = DIRECTION ( 'NONE',  ( 0.9672992517696975545, 0.0000000000000000000, -0.2536378471872508533 ) ) ;
#8444 = CARTESIAN_POINT ( 'NONE',  ( 133.0866066189291246, -1.717636914543545723, 3.315783953725976119 ) ) ;
#8445 = ORIENTED_EDGE ( 'NONE', *, *, #8541, .T. ) ;
#8446 = ORIENTED_EDGE ( 'NONE', *, *, #4753, .F. ) ;
#8447 = PLANE ( 'NONE',  #6807 ) ;
#8448 = DIRECTION ( 'NONE',  ( 1.000000000000000000, 0.0000000000000000000, 0.0000000000000000000 ) ) ;
#8449 = VECTOR ( 'NONE', #6703, 1000.000000000000000 ) ;
#8450 = AXIS2_PLACEMENT_3D ( 'NONE', #8470, #4979, #5659 ) ;
#8451 = CARTESIAN_POINT ( 'NONE',  ( 131.9523497577547460, -1.695786183780850775, -1.058796544145641061 ) ) ;
#8452 = ADVANCED_FACE ( 'NONE', ( #2593 ), #2945, .F. ) ;
#8453 = CARTESIAN_POINT ( 'NONE',  ( 18.00000000000000000, 4.000000000000000888, -35.00000000000000000 ) ) ;
#8454 = CARTESIAN_POINT ( 'NONE',  ( 27.39135079545460982, -4.631164976019229051, -21.47596420841899700 ) ) ;
#8455 = CARTESIAN_POINT ( 'NONE',  ( 101.0263340389897166, -1.500000000000000888, -33.50000000000000000 ) ) ;
#8456 = B_SPLINE_CURVE_WITH_KNOTS ( 'NONE', 3,
 ( #7595, #978, #1732, #1092, #4137, #2638, #1119, #5501, #7722, #4695, #8435, #3337, #6322, #8467, #6214, #3301 ),
 .UNSPECIFIED., .F., .F.,
 ( 4, 2, 2, 2, 2, 2, 2, 4 ),
 ( 8.940560153363745023E-19, 0.0008129479430318300960, 0.001219421914547749860, 0.001625895886063669516, 0.002032369857579589822, 0.002438843829095510563, 0.002845317800611430435, 0.003251791772127351175 ),
 .UNSPECIFIED. ) ;
#8457 = EDGE_CURVE ( 'NONE', #688, #465, #9056, .T. ) ;
#8458 = FACE_OUTER_BOUND ( 'NONE', #1852, .T. ) ;
#8459 = CARTESIAN_POINT ( 'NONE',  ( 32.16665785485058393, 5.020513362778428856, 4.714285714285717965 ) ) ;
#8460 = EDGE_CURVE ( 'NONE', #1173, #6773, #1014, .T. ) ;
#8461 = DIRECTION ( 'NONE',  ( 0.0000000000000000000, 0.0000000000000000000, -1.000000000000000000 ) ) ;
#8462 = CARTESIAN_POINT ( 'NONE',  ( 32.40393344692186872, -6.756662888105591236, 2.997615661046420854 ) ) ;
#8463 = EDGE_LOOP ( 'NONE', ( #3449, #9178, #4885, #3931 ) ) ;
#8464 = CARTESIAN_POINT ( 'NONE',  ( 32.80096640354332038, -6.065947680623358096, -3.000000000000000444 ) ) ;
#8465 = CIRCLE ( 'NONE', #8016, 2.000000000000001776 ) ;
#8466 = DIRECTION ( 'NONE',  ( 0.0000000000000000000, 1.000000000000000000, 0.0000000000000000000 ) ) ;
#8467 = CARTESIAN_POINT ( 'NONE',  ( 104.5172094321511764, -3.224254304377841329, -5.703872741884809194 ) ) ;
#8468 = EDGE_CURVE ( 'NONE', #5286, #119, #560, .T. ) ;
#8469 = EDGE_CURVE ( 'NONE', #1981, #3135, #4966, .T. ) ;
#8470 = CARTESIAN_POINT ( 'NONE',  ( 4.613417643984726511E-16, -1.500000000000000888, -5.500000000000008882 ) ) ;
#8471 = PLANE ( 'NONE',  #2061 ) ;
#8472 = EDGE_CURVE ( 'NONE', #3700, #2292, #7391, .T. ) ;
#8473 = CIRCLE ( 'NONE', #3184, 12.99999999999999289 ) ;
#8474 = CARTESIAN_POINT ( 'NONE',  ( 133.1119964297820104, 1.864817907228191407, 3.213540745497916351 ) ) ;
#8475 = ORIENTED_EDGE ( 'NONE', *, *, #8835, .T. ) ;
#8476 = CARTESIAN_POINT ( 'NONE',  ( 32.86335345030996535, -3.500000000000000888, 3.000000000000000888 ) ) ;
#8477 = CARTESIAN_POINT ( 'NONE',  ( 131.9928753508843329, -1.789716066929962990, 0.8883519395865365764 ) ) ;
#8478 = CARTESIAN_POINT ( 'NONE',  ( 49.32399612951925860, -4.000000000000000888, -7.500000000000004441 ) ) ;
#8479 = CARTESIAN_POINT ( 'NONE',  ( 49.32399612951925860, 5.000000000000000000, 8.500000000000000000 ) ) ;
#8480 = CIRCLE ( 'NONE', #6255, 3.000000000000002665 ) ;
#8481 = DIRECTION ( 'NONE',  ( 0.0000000000000000000, 1.734723475976807094E-16, 1.000000000000000000 ) ) ;
#8482 = ORIENTED_EDGE ( 'NONE', *, *, #6244, .F. ) ;
#8483 = EDGE_CURVE ( 'NONE', #1456, #3770, #925, .T. ) ;
#8484 = DIRECTION ( 'NONE',  ( -1.000000000000000000, 0.0000000000000000000, -8.388032079972216237E-17 ) ) ;
#8485 = AXIS2_PLACEMENT_3D ( 'NONE', #6157, #3317, #6398 ) ;
#8486 = CIRCLE ( 'NONE', #3063, 2.000000000000001776 ) ;
#8487 = DIRECTION ( 'NONE',  ( -0.8660254037844380415, -0.0000000000000000000, -0.5000000000000013323 ) ) ;
#8488 = CARTESIAN_POINT ( 'NONE',  ( 0.0000000000000000000, -5.000000000000000888, -32.00000000000000000 ) ) ;
#8489 = CARTESIAN_POINT ( 'NONE',  ( 32.64814431320895238, -5.003429528705701124, 4.808308901376083355 ) ) ;
#8490 = EDGE_LOOP ( 'NONE', ( #37, #8445, #2314, #6911 ) ) ;
#8491 = ORIENTED_EDGE ( 'NONE', *, *, #800, .T. ) ;
#8492 = CARTESIAN_POINT ( 'NONE',  ( 32.82511730899459934, -5.120361074281798430, -3.394946481670179317 ) ) ;
#8493 = DIRECTION ( 'NONE',  ( 0.0000000000000000000, 0.0000000000000000000, 1.000000000000000000 ) ) ;
#8494 = ORIENTED_EDGE ( 'NONE', *, *, #3817, .T. ) ;
#8495 = VERTEX_POINT ( 'NONE', #2391 ) ;
#8496 = EDGE_CURVE ( 'NONE', #2077, #4988, #6604, .T. ) ;
#8497 = CARTESIAN_POINT ( 'NONE',  ( 21.90040975482127550, 5.263222833277358959, -21.97478806389187866 ) ) ;
#8498 = CIRCLE ( 'NONE', #3168, 30.00000000000000000 ) ;
#8499 = CARTESIAN_POINT ( 'NONE',  ( 21.32660404501843487, -7.000000000000002665, -21.09919334730603779 ) ) ;
#8500 = VERTEX_POINT ( 'NONE', #7510 ) ;
#8501 = CARTESIAN_POINT ( 'NONE',  ( 131.7797475072541431, 1.223118884023670638, -1.581716758287172953 ) ) ;
#8502 = AXIS2_PLACEMENT_3D ( 'NONE', #9167, #1314, #3466 ) ;
#8503 = CARTESIAN_POINT ( 'NONE',  ( 133.1898672540113466, 2.269071009040218634, 2.882622633790932198 ) ) ;
#8504 = DIRECTION ( 'NONE',  ( 0.0000000000000000000, 1.740523610644402991E-16, 1.000000000000000000 ) ) ;
#8505 = VECTOR ( 'NONE', #9232, 1000.000000000000000 ) ;
#8506 = CARTESIAN_POINT ( 'NONE',  ( 18.00000000000000000, -4.000000000000000888, -34.00000000000000000 ) ) ;
#8507 = DIRECTION ( 'NONE',  ( -0.0000000000000000000, -1.000000000000000000, -0.0000000000000000000 ) ) ;
#8508 = DIRECTION ( 'NONE',  ( 1.000000000000000000, -0.0000000000000000000, 8.388032079972216237E-17 ) ) ;
#8509 = ORIENTED_EDGE ( 'NONE', *, *, #209, .F. ) ;
#8510 = CARTESIAN_POINT ( 'NONE',  ( 131.9735757071751436, -1.745974019973094205, -0.9732729056814990454 ) ) ;
#8511 = CARTESIAN_POINT ( 'NONE',  ( 28.27235979620118300, 3.720244138128085964, 20.91027964756540314 ) ) ;
#8512 = DIRECTION ( 'NONE',  ( -0.0000000000000000000, 1.000000000000000000, -0.0000000000000000000 ) ) ;
#8513 = EDGE_CURVE ( 'NONE', #7727, #820, #8486, .T. ) ;
#8514 = ORIENTED_EDGE ( 'NONE', *, *, #9131, .F. ) ;
#8515 = AXIS2_PLACEMENT_3D ( 'NONE', #4835, #505, #5059 ) ;
#8516 = FACE_OUTER_BOUND ( 'NONE', #3042, .T. ) ;
#8517 = ORIENTED_EDGE ( 'NONE', *, *, #6420, .T. ) ;
#8518 = CARTESIAN_POINT ( 'NONE',  ( 26.05885342597548160, -5.000000000000000000, -19.51028845831308089 ) ) ;
#8519 = CARTESIAN_POINT ( 'NONE',  ( 104.6252815502753748, 4.955600254246121494, -5.989989512089608503 ) ) ;
#8520 = DIRECTION ( 'NONE',  ( -1.209068259567990048E-15, 0.0000000000000000000, 1.000000000000000000 ) ) ;
#8521 = DIRECTION ( 'NONE',  ( -0.0000000000000000000, -1.000000000000000000, -0.0000000000000000000 ) ) ;
#8522 = DIRECTION ( 'NONE',  ( 0.0000000000000000000, 0.0000000000000000000, 1.000000000000000000 ) ) ;
#8523 = CARTESIAN_POINT ( 'NONE',  ( 13.65577711147264672, 5.022521367682079685, 34.15033017895675016 ) ) ;
#8524 = ORIENTED_EDGE ( 'NONE', *, *, #2290, .F. ) ;
#8525 =( BOUNDED_SURFACE ( )  B_SPLINE_SURFACE ( 3, 2, ( 
 ( #4029, #6232, #1177 ),
 ( #6127, #1811, #6977 ),
 ( #7716, #8422, #8300 ),
 ( #9003, #378, #4684 ),
 ( #342, #7836, #2721 ),
 ( #7864, #5583, #9279 ),
 ( #4811, #9162, #1237 ),
 ( #3388, #1311, #539 ),
 ( #1973, #3461, #2033 ),
 ( #8459, #2755, #4121 ) ),
 .UNSPECIFIED., .F., .F., .F. ) 
 B_SPLINE_SURFACE_WITH_KNOTS ( ( 4, 2, 2, 2, 4 ),
 ( 3, 3 ),
 ( 1.570796326794896558, 1.927658516267279243, 2.284520705739661928, 2.641382895212045057, 2.998245084684427741 ),
 ( 0.0000000000000000000, 1.000000000000000000 ),
 .UNSPECIFIED. ) 
 GEOMETRIC_REPRESENTATION_ITEM ( )  RATIONAL_B_SPLINE_SURFACE ( (
 ( 1.000000000000000000, 1.000000000000000000, 1.000000000000000000),
 ( 1.000000000000000000, 1.000107735723540170, 1.000000000000000000),
 ( 1.000000000000000000, 0.9891019874233466513, 1.000000000000000000),
 ( 1.000000000000000000, 0.9489199283501705828, 1.000000000000000000),
 ( 1.000000000000000000, 0.9196107217542902612, 1.000000000000000000),
 ( 1.000000000000000000, 0.8531997991015457528, 1.000000000000000000),
 ( 1.000000000000000000, 0.8161452711890193612, 1.000000000000000000),
 ( 1.000000000000000000, 0.7523096222790580656, 1.000000000000000000),
 ( 1.000000000000000000, 0.7259005862038234724, 1.000000000000000000),
 ( 1.000000000000000000, 0.7142857142857141906, 1.000000000000000000) ) ) 
 REPRESENTATION_ITEM ( '' )  SURFACE ( )  );
#8526 = DIRECTION ( 'NONE',  ( 0.0000000000000000000, 1.000000000000000000, 0.0000000000000000000 ) ) ;
#8527 = EDGE_CURVE ( 'NONE', #9288, #3208, #8456, .T. ) ;
#8528 = ORIENTED_EDGE ( 'NONE', *, *, #9278, .T. ) ;
#8529 = CARTESIAN_POINT ( 'NONE',  ( 28.50527929162781504, -4.548325774372274921, 16.62285135367532263 ) ) ;
#8530 = CARTESIAN_POINT ( 'NONE',  ( 21.67474356507915800, 5.365638503732157893, -22.06580949791643675 ) ) ;
#8531 = ADVANCED_FACE ( 'NONE', ( #318 ), #4858, .T. ) ;
#8532 = ORIENTED_EDGE ( 'NONE', *, *, #1881, .F. ) ;
#8533 = CARTESIAN_POINT ( 'NONE',  ( 32.16665785485058393, 5.020513362778427080, -4.714285714285714413 ) ) ;
#8534 = ORIENTED_EDGE ( 'NONE', *, *, #7051, .T. ) ;
#8535 = ORIENTED_EDGE ( 'NONE', *, *, #6999, .T. ) ;
#8536 = CARTESIAN_POINT ( 'NONE',  ( 32.13845436848480119, -5.000000000000004441, -4.869631567198537958 ) ) ;
#8537 = ORIENTED_EDGE ( 'NONE', *, *, #3952, .F. ) ;
#8538 = CARTESIAN_POINT ( 'NONE',  ( 131.9458854607772764, 1.680186307125056677, 1.083040647487314878 ) ) ;
#8539 = CARTESIAN_POINT ( 'NONE',  ( 44.15499516189907325, 4.500000000000000888, 7.118812496196120776 ) ) ;
#8540 = FACE_OUTER_BOUND ( 'NONE', #212, .T. ) ;
#8541 = EDGE_CURVE ( 'NONE', #1707, #3588, #5892, .T. ) ;
#8542 = ORIENTED_EDGE ( 'NONE', *, *, #6867, .F. ) ;
#8543 = DIRECTION ( 'NONE',  ( 0.0000000000000000000, 0.0000000000000000000, 1.000000000000000000 ) ) ;
#8544 = CIRCLE ( 'NONE', #1413, 26.00000000000000355 ) ;
#8545 = CARTESIAN_POINT ( 'NONE',  ( 20.59893790797642765, -12.50000000000000000, -28.52171649708322576 ) ) ;
#8546 = DIRECTION ( 'NONE',  ( 0.0000000000000000000, -1.000000000000000000, 0.0000000000000000000 ) ) ;
#8547 = CARTESIAN_POINT ( 'NONE',  ( 131.8506452831229012, 1.435146598546762409, -1.393327917126728543 ) ) ;
#8548 = EDGE_LOOP ( 'NONE', ( #6299, #8721, #668 ) ) ;
#8549 = EDGE_LOOP ( 'NONE', ( #8079, #6649, #6360, #6630 ) ) ;
#8550 = CARTESIAN_POINT ( 'NONE',  ( 14.35672482418724094, -4.012368230248058332, 35.00000000000000711 ) ) ;
#8551 = DIRECTION ( 'NONE',  ( -0.0000000000000000000, -1.000000000000000000, 0.0000000000000000000 ) ) ;
#8552 = FACE_OUTER_BOUND ( 'NONE', #9196, .T. ) ;
#8553 = ORIENTED_EDGE ( 'NONE', *, *, #1610, .F. ) ;
#8554 = ORIENTED_EDGE ( 'NONE', *, *, #6612, .T. ) ;
#8555 = ORIENTED_EDGE ( 'NONE', *, *, #164, .F. ) ;
#8556 = DIRECTION ( 'NONE',  ( 0.0000000000000000000, 0.0000000000000000000, -1.000000000000000000 ) ) ;
#8557 = CARTESIAN_POINT ( 'NONE',  ( 32.82511730899459934, -5.120361074281724711, 3.394946481670178873 ) ) ;
#8558 = CARTESIAN_POINT ( 'NONE',  ( 13.65705554715836101, 4.892820080638579761, 35.00000000000000000 ) ) ;
#8559 = CARTESIAN_POINT ( 'NONE',  ( 113.1487061707317565, 4.115076628333241615, 11.63450267112638770 ) ) ;
#8560 = FACE_OUTER_BOUND ( 'NONE', #2666, .T. ) ;
#8561 = VERTEX_POINT ( 'NONE', #7666 ) ;
#8562 = AXIS2_PLACEMENT_3D ( 'NONE', #1941, #8392, #6204 ) ;
#8563 = CARTESIAN_POINT ( 'NONE',  ( 35.48647515897101812, -1.974602090914750284E-16, 11.31975401817861027 ) ) ;
#8564 = PLANE ( 'NONE',  #8352 ) ;
#8565 = DIRECTION ( 'NONE',  ( 0.0000000000000000000, 0.0000000000000000000, -1.000000000000000000 ) ) ;
#8566 = CARTESIAN_POINT ( 'NONE',  ( 32.32651808675942817, -5.487908503691909523, -3.684452644416092770 ) ) ;
#8567 = CIRCLE ( 'NONE', #6644, 0.9999999999999995559 ) ;
#8568 = CARTESIAN_POINT ( 'NONE',  ( 132.0437957736466501, 1.904264459526304298, 0.6074642080446656101 ) ) ;
#8569 = CARTESIAN_POINT ( 'NONE',  ( 133.2620689827603826, 2.580078080781661232, 2.523842195187340209 ) ) ;
#8570 = EDGE_CURVE ( 'NONE', #4426, #8783, #3504, .T. ) ;
#8571 = DIRECTION ( 'NONE',  ( 8.811293846231403337E-16, 0.0000000000000000000, 1.000000000000000000 ) ) ;
#8572 = AXIS2_PLACEMENT_3D ( 'NONE', #6520, #7987, #7310 ) ;
#8573 = CARTESIAN_POINT ( 'NONE',  ( 131.9669137308596589, 1.730540035473144833, 1.002160018620823934 ) ) ;
#8574 = DIRECTION ( 'NONE',  ( 1.734723475976805517E-15, 0.0000000000000000000, -1.000000000000000000 ) ) ;
#8575 = FACE_OUTER_BOUND ( 'NONE', #5333, .T. ) ;
#8576 = CARTESIAN_POINT ( 'NONE',  ( 15.40106209202366827, 5.000000000000000888, -33.83211257539630878 ) ) ;
#8577 = CARTESIAN_POINT ( 'NONE',  ( 32.11308144666281805, 5.000000000000000888, 5.000000000000000888 ) ) ;
#8578 = ADVANCED_FACE ( 'NONE', ( #6119 ), #7694, .T. ) ;
#8579 = EDGE_CURVE ( 'NONE', #1628, #2361, #6367, .T. ) ;
#8580 = DIRECTION ( 'NONE',  ( 1.000000000000000000, 0.0000000000000000000, -0.0000000000000000000 ) ) ;
#8581 = FACE_OUTER_BOUND ( 'NONE', #2417, .T. ) ;
#8582 = DIRECTION ( 'NONE',  ( -1.000000000000000000, 0.0000000000000000000, 0.0000000000000000000 ) ) ;
#8583 = DIRECTION ( 'NONE',  ( 1.677606415994443309E-17, 0.0000000000000000000, -1.000000000000000000 ) ) ;
#8584 = DIRECTION ( 'NONE',  ( -8.881784197001252323E-16, 0.0000000000000000000, 1.000000000000000000 ) ) ;
#8585 = ORIENTED_EDGE ( 'NONE', *, *, #8621, .T. ) ;
#8586 = CARTESIAN_POINT ( 'NONE',  ( 27.56087795320591027, 4.533404694221498943, -21.40695011114998181 ) ) ;
#8587 = CARTESIAN_POINT ( 'NONE',  ( 101.0263340389897166, 4.000000000000000888, -8.500000000000000000 ) ) ;
#8588 = CARTESIAN_POINT ( 'NONE',  ( 131.6553640429581264, 0.7042965078526254308, -1.870570793319731751 ) ) ;
#8589 = AXIS2_PLACEMENT_3D ( 'NONE', #6766, #6075, #6040 ) ;
#8590 = VECTOR ( 'NONE', #7071, 1000.000000000000000 ) ;
#8591 = CARTESIAN_POINT ( 'NONE',  ( 27.95223070054246861, -4.842056272573359799, 17.28915466896127739 ) ) ;
#8592 = CARTESIAN_POINT ( 'NONE',  ( 10.71751771055746616, 5.000000000000000888, 34.00000000000000000 ) ) ;
#8593 = VECTOR ( 'NONE', #6862, 1000.000000000000000 ) ;
#8594 = PLANE ( 'NONE',  #6223 ) ;
#8595 = EDGE_CURVE ( 'NONE', #1390, #1707, #4961, .T. ) ;
#8596 = EDGE_CURVE ( 'NONE', #6994, #4070, #1347, .T. ) ;
#8597 = CARTESIAN_POINT ( 'NONE',  ( 131.9349879341845906, 1.653818056267752690, -1.123220753308407538 ) ) ;
#8598 = CARTESIAN_POINT ( 'NONE',  ( 133.4325584928296564, 3.208620780098862646, 1.349047573502180519 ) ) ;
#8599 = FACE_OUTER_BOUND ( 'NONE', #9029, .T. ) ;
#8600 = ORIENTED_EDGE ( 'NONE', *, *, #4528, .F. ) ;
#8601 = AXIS2_PLACEMENT_3D ( 'NONE', #1230, #7161, #7775 ) ;
#8602 = DIRECTION ( 'NONE',  ( 1.000000000000000000, 0.0000000000000000000, 1.356728424568866558E-16 ) ) ;
#8603 = DIRECTION ( 'NONE',  ( 0.0000000000000000000, -1.000000000000000000, 0.0000000000000000000 ) ) ;
#8604 = CARTESIAN_POINT ( 'NONE',  ( 132.0889073400435620, 2.000037156196651900, 0.03033879822915016775 ) ) ;
#8605 = CARTESIAN_POINT ( 'NONE',  ( 49.32399612951925860, 4.000000000000000888, 8.500000000000000000 ) ) ;
#8606 = DIRECTION ( 'NONE',  ( -1.000000000000000000, -0.0000000000000000000, -1.209068259567990245E-15 ) ) ;
#8607 = CARTESIAN_POINT ( 'NONE',  ( 28.31790527369689059, 4.718347890966347435, 16.84951155546792378 ) ) ;
#8608 = CIRCLE ( 'NONE', #3615, 14.50000000000000178 ) ;
#8609 = EDGE_CURVE ( 'NONE', #7398, #1815, #4181, .T. ) ;
#8610 = EDGE_LOOP ( 'NONE', ( #2811, #3269, #9416, #2235, #4347, #710, #4881, #3500, #8794, #6114 ) ) ;
#8611 = CARTESIAN_POINT ( 'NONE',  ( 38.00000000000000000, -1.500000000000000888, -5.000000000000000000 ) ) ;
#8612 = CARTESIAN_POINT ( 'NONE',  ( 31.60696125855821847, 19.73542744538947247, 5.000000000000000888 ) ) ;
#8613 = DIRECTION ( 'NONE',  ( 0.0000000000000000000, 0.0000000000000000000, -1.000000000000000000 ) ) ;
#8614 = CARTESIAN_POINT ( 'NONE',  ( 120.0000000000000000, 6.000000000000000888, 0.0000000000000000000 ) ) ;
#8615 = CARTESIAN_POINT ( 'NONE',  ( 128.7560046751724485, -0.5232047934786789867, -1.999799152568314753 ) ) ;
#8616 = CARTESIAN_POINT ( 'NONE',  ( 22.57756402448508481, 5.086267607158128534, -21.82491318340509778 ) ) ;
#8617 = VECTOR ( 'NONE', #5178, 1000.000000000000000 ) ;
#8618 = CARTESIAN_POINT ( 'NONE',  ( 112.7508739823725392, -4.233925199983518795, 11.39389126227410820 ) ) ;
#8619 = ORIENTED_EDGE ( 'NONE', *, *, #379, .T. ) ;
#8620 = ORIENTED_EDGE ( 'NONE', *, *, #2956, .F. ) ;
#8621 = EDGE_CURVE ( 'NONE', #5111, #8561, #4618, .T. ) ;
#8622 = CARTESIAN_POINT ( 'NONE',  ( 34.66482522587145354, 1.336406936665760048, 11.86663221100377719 ) ) ;
#8623 = CARTESIAN_POINT ( 'NONE',  ( 21.00686250028173774, 6.038560876695204804, -22.75106345769254546 ) ) ;
#8624 = ADVANCED_FACE ( 'NONE', ( #3616 ), #6274, .F. ) ;
#8625 = CARTESIAN_POINT ( 'NONE',  ( 33.22918401976109237, 5.870534294706605927, -3.332394682422800347 ) ) ;
#8626 = VERTEX_POINT ( 'NONE', #1951 ) ;
#8627 = DIRECTION ( 'NONE',  ( -1.209068259567990442E-15, 0.0000000000000000000, 1.000000000000000000 ) ) ;
#8628 = LINE ( 'NONE', #7919, #2504 ) ;
#8629 = ORIENTED_EDGE ( 'NONE', *, *, #4514, .T. ) ;
#8630 = CARTESIAN_POINT ( 'NONE',  ( 132.0366188596289305, 1.888630292246158637, 0.6548806828640181266 ) ) ;
#8631 = AXIS2_PLACEMENT_3D ( 'NONE', #5129, #5990, #7445 ) ;
#8632 = CARTESIAN_POINT ( 'NONE',  ( 131.7336343633428442, -1.061274032936398326, -1.695200944926673614 ) ) ;
#8633 = CARTESIAN_POINT ( 'NONE',  ( 104.5228874831234407, -3.500000000000000888, 5.719177225785473162 ) ) ;
#8634 = ORIENTED_EDGE ( 'NONE', *, *, #6082, .F. ) ;
#8635 = ORIENTED_EDGE ( 'NONE', *, *, #9142, .F. ) ;
#8636 = DIRECTION ( 'NONE',  ( 0.0000000000000000000, 1.000000000000000000, 0.0000000000000000000 ) ) ;
#8637 = FACE_OUTER_BOUND ( 'NONE', #7844, .T. ) ;
#8638 = CARTESIAN_POINT ( 'NONE',  ( 132.0762411189331544, 1.973668205353251714, -0.3261897196059463933 ) ) ;
#8639 = CARTESIAN_POINT ( 'NONE',  ( 133.3148613589311537, 2.789310758945494850, 2.230603803979746225 ) ) ;
#8640 = VERTEX_POINT ( 'NONE', #7628 ) ;
#8641 = EDGE_CURVE ( 'NONE', #7420, #8091, #8265, .T. ) ;
#8642 = ORIENTED_EDGE ( 'NONE', *, *, #3436, .F. ) ;
#8643 = ORIENTED_EDGE ( 'NONE', *, *, #4758, .F. ) ;
#8644 = AXIS2_PLACEMENT_3D ( 'NONE', #4210, #2937, #2871 ) ;
#8645 = ORIENTED_EDGE ( 'NONE', *, *, #6082, .T. ) ;
#8646 = CARTESIAN_POINT ( 'NONE',  ( 14.40106209202366827, -13.43849360530937176, 32.10006176782744092 ) ) ;
#8647 = CARTESIAN_POINT ( 'NONE',  ( 32.63864406987257638, -4.500000000000003553, -4.874512935108709755 ) ) ;
#8648 = CARTESIAN_POINT ( 'NONE',  ( 112.4494504009949480, 4.232873631159612238, 11.23845952496831302 ) ) ;
#8649 = VECTOR ( 'NONE', #5270, 1000.000000000000000 ) ;
#8650 = CARTESIAN_POINT ( 'NONE',  ( 131.9589207533192337, 2.168404344971008868E-16, 2.000000000000000000 ) ) ;
#8651 = CARTESIAN_POINT ( 'NONE',  ( 11.05050034582573559, 4.953434042252321312, -35.00000000000000000 ) ) ;
#8652 = ORIENTED_EDGE ( 'NONE', *, *, #4370, .T. ) ;
#8653 = EDGE_CURVE ( 'NONE', #5445, #1161, #8048, .T. ) ;
#8654 = DIRECTION ( 'NONE',  ( -0.0000000000000000000, -1.000000000000000000, -0.0000000000000000000 ) ) ;
#8655 = FACE_OUTER_BOUND ( 'NONE', #8773, .T. ) ;
#8656 = EDGE_CURVE ( 'NONE', #1482, #5111, #9274, .T. ) ;
#8657 = VERTEX_POINT ( 'NONE', #8592 ) ;
#8658 = CARTESIAN_POINT ( 'NONE',  ( 131.6264626206655350, 0.5139724509811850472, -1.931229779728059093 ) ) ;
#8659 = EDGE_CURVE ( 'NONE', #2548, #9335, #2698, .T. ) ;
#8660 = ORIENTED_EDGE ( 'NONE', *, *, #5175, .T. ) ;
#8661 = DIRECTION ( 'NONE',  ( -0.0000000000000000000, 1.000000000000000000, -0.0000000000000000000 ) ) ;
#8662 = DIRECTION ( 'NONE',  ( 0.0000000000000000000, 1.000000000000000000, 0.0000000000000000000 ) ) ;
#8663 = CARTESIAN_POINT ( 'NONE',  ( 22.74837764801966600, 23.43849360530937176, -22.50580623712643913 ) ) ;
#8664 = TOROIDAL_SURFACE ( 'NONE', #1949, 12.50000000000000000, 0.5000000000000000000 ) ;
#8665 = VERTEX_POINT ( 'NONE', #4094 ) ;
#8666 = VECTOR ( 'NONE', #6790, 1000.000000000000000 ) ;
#8667 = AXIS2_PLACEMENT_3D ( 'NONE', #1461, #5866, #2252 ) ;
#8668 = VERTEX_POINT ( 'NONE', #2764 ) ;
#8669 = CARTESIAN_POINT ( 'NONE',  ( 132.0888119090983821, 1.999855221502329972, -0.1313904068382176493 ) ) ;
#8670 = CARTESIAN_POINT ( 'NONE',  ( 133.3220286650781645, 2.816070370341215323, -2.185489213905948525 ) ) ;
#8671 = ORIENTED_EDGE ( 'NONE', *, *, #8659, .F. ) ;
#8672 = CARTESIAN_POINT ( 'NONE',  ( 22.02001496625535992, 5.220879051771963653, 21.93829388226686916 ) ) ;
#8673 = CARTESIAN_POINT ( 'NONE',  ( 103.9679967110912600, -1.512628273824939695, 3.904197289030887585 ) ) ;
#8674 = CARTESIAN_POINT ( 'NONE',  ( 7.609135415617524600, -13.43849360530937176, 29.01897755309092375 ) ) ;
#8675 = CYLINDRICAL_SURFACE ( 'NONE', #4259, 3.000000000000002665 ) ;
#8676 = CARTESIAN_POINT ( 'NONE',  ( 131.8586840167259595, 1.457289943207822569, -1.370115354867821544 ) ) ;
#8677 = EDGE_CURVE ( 'NONE', #5915, #2046, #1691, .T. ) ;
#8678 = DIRECTION ( 'NONE',  ( -0.8660254037844379305, 0.0000000000000000000, -0.5000000000000013323 ) ) ;
#8679 = ORIENTED_EDGE ( 'NONE', *, *, #5747, .F. ) ;
#8680 = CARTESIAN_POINT ( 'NONE',  ( 17.99999999999996092, 23.43849360530937176, 30.02221399786057177 ) ) ;
#8681 = ORIENTED_EDGE ( 'NONE', *, *, #3656, .T. ) ;
#8682 = ADVANCED_FACE ( 'NONE', ( #5302 ), #8564, .T. ) ;
#8683 = AXIS2_PLACEMENT_3D ( 'NONE', #157, #6783, #892 ) ;
#8684 = B_SPLINE_CURVE_WITH_KNOTS ( 'NONE', 3,
 ( #9158, #8385, #371, #4770, #8454, #7644, #8416, #4806, #6909, #3318 ),
 .UNSPECIFIED., .F., .F.,
 ( 4, 2, 2, 2, 4 ),
 ( -0.0005473171427149781457, 7.646554250662985011E-05, 0.0007002482277282378459, 0.001324030912949845842, 0.001947813598171453837 ),
 .UNSPECIFIED. ) ;
#8685 = CIRCLE ( 'NONE', #8737, 5.000000000000004441 ) ;
#8686 = VERTEX_POINT ( 'NONE', #9291 ) ;
#8687 = CARTESIAN_POINT ( 'NONE',  ( 133.4133819094278124, -3.142834407947121989, 1.527935755187143529 ) ) ;
#8688 = CARTESIAN_POINT ( 'NONE',  ( 6.783642122844339693E-16, 1.500000000000000888, 5.000000000000005329 ) ) ;
#8689 = CARTESIAN_POINT ( 'NONE',  ( 128.7559745879929949, -0.5292992845126172075, 1.999999999999999556 ) ) ;
#8690 = EDGE_CURVE ( 'NONE', #8697, #7517, #9397, .T. ) ;
#8691 = CARTESIAN_POINT ( 'NONE',  ( 31.60696125855821847, 7.000000000000002665, -5.000000000000000888 ) ) ;
#8692 = CARTESIAN_POINT ( 'NONE',  ( 131.8265173967299972, 1.367257393917202801, -1.459948454252262051 ) ) ;
#8693 = VECTOR ( 'NONE', #8734, 1000.000000000000000 ) ;
#8694 = AXIS2_PLACEMENT_3D ( 'NONE', #6356, #1283, #1322 ) ;
#8695 = DIRECTION ( 'NONE',  ( 0.5000000000000000000, 0.0000000000000000000, -0.8660254037844385966 ) ) ;
#8696 = CARTESIAN_POINT ( 'NONE',  ( 11.07975761066654208, 5.000000000000000000, 34.05065744603042788 ) ) ;
#8697 = VERTEX_POINT ( 'NONE', #5723 ) ;
#8698 = CARTESIAN_POINT ( 'NONE',  ( 32.70976533969828637, 5.068749188320585297, -4.407541064229707040 ) ) ;
#8699 = CARTESIAN_POINT ( 'NONE',  ( 131.8903184721984019, -1.540509869641776497, 1.274832447045116002 ) ) ;
#8700 = CARTESIAN_POINT ( 'NONE',  ( 131.6785802759887929, 0.8247437493113317641, 1.820262909018379283 ) ) ;
#8701 = CARTESIAN_POINT ( 'NONE',  ( 133.0158704933131162, 1.209641952167678003, -3.583235239585571552 ) ) ;
#8702 = CARTESIAN_POINT ( 'NONE',  ( 18.00000000000000000, 4.000000000000000888, 34.00000000000000000 ) ) ;
#8703 = VECTOR ( 'NONE', #1964, 1000.000000000000000 ) ;
#8704 = DIRECTION ( 'NONE',  ( 0.0000000000000000000, 0.0000000000000000000, 1.000000000000000000 ) ) ;
#8705 = CARTESIAN_POINT ( 'NONE',  ( 0.0000000000000000000, -3.500000000000000888, 0.0000000000000000000 ) ) ;
#8706 = AXIS2_PLACEMENT_3D ( 'NONE', #4427, #183, #3062 ) ;
#8707 = DIRECTION ( 'NONE',  ( -1.000000000000000000, 0.0000000000000000000, 0.0000000000000000000 ) ) ;
#8708 = CIRCLE ( 'NONE', #5135, 30.00000000000000000 ) ;
#8709 = CARTESIAN_POINT ( 'NONE',  ( 31.60696125855821847, -7.000000000000000888, 3.000000000000000888 ) ) ;
#8710 = ORIENTED_EDGE ( 'NONE', *, *, #4034, .F. ) ;
#8711 = EDGE_CURVE ( 'NONE', #4640, #3201, #1458, .T. ) ;
#8712 = EDGE_CURVE ( 'NONE', #6032, #5847, #8480, .T. ) ;
#8713 = DIRECTION ( 'NONE',  ( 0.0000000000000000000, 1.000000000000000000, -0.0000000000000000000 ) ) ;
#8714 = CARTESIAN_POINT ( 'NONE',  ( 39.05687522811109602, 6.498384763969565064E-16, 12.61927336776758857 ) ) ;
#8715 = VECTOR ( 'NONE', #8401, 1000.000000000000000 ) ;
#8716 = CARTESIAN_POINT ( 'NONE',  ( 133.2434160056776591, -2.502200666559511788, 2.619952748078048455 ) ) ;
#8717 = DIRECTION ( 'NONE',  ( -0.8660254037844379305, -8.702618053222038374E-17, -0.5000000000000013323 ) ) ;
#8718 = CARTESIAN_POINT ( 'NONE',  ( 128.7914475078052590, -1.042016290774691933, -1.786659003396068091 ) ) ;
#8719 = ORIENTED_EDGE ( 'NONE', *, *, #4819, .T. ) ;
#8720 = DIRECTION ( 'NONE',  ( -1.000000000000000000, -0.0000000000000000000, -1.356728424568866558E-16 ) ) ;
#8721 = ORIENTED_EDGE ( 'NONE', *, *, #463, .F. ) ;
#8722 = AXIS2_PLACEMENT_3D ( 'NONE', #8338, #6886, #8818 ) ;
#8723 = ADVANCED_FACE ( 'NONE', ( #90 ), #5884, .T. ) ;
#8724 = ADVANCED_FACE ( 'NONE', ( #3151 ), #6929, .T. ) ;
#8725 = FACE_OUTER_BOUND ( 'NONE', #2272, .T. ) ;
#8726 = CARTESIAN_POINT ( 'NONE',  ( 0.0000000000000000000, 5.000000000000000888, -32.00000000000000000 ) ) ;
#8727 = CARTESIAN_POINT ( 'NONE',  ( 131.9682067446533154, -1.732575542417728265, 0.9975028861328659735 ) ) ;
#8728 = DIRECTION ( 'NONE',  ( 0.0000000000000000000, 0.0000000000000000000, 1.000000000000000000 ) ) ;
#8729 = ORIENTED_EDGE ( 'NONE', *, *, #957, .T. ) ;
#8730 = EDGE_CURVE ( 'NONE', #4302, #3871, #7587, .T. ) ;
#8731 = EDGE_LOOP ( 'NONE', ( #6550, #732, #6154, #8890 ) ) ;
#8732 = CARTESIAN_POINT ( 'NONE',  ( 15.40106209202366649, -7.000000000000002665, -33.83211257539630878 ) ) ;
#8733 = CARTESIAN_POINT ( 'NONE',  ( 131.6264476234871097, -0.5187959204440734107, -1.931332124915837500 ) ) ;
#8734 = DIRECTION ( 'NONE',  ( -0.0000000000000000000, -1.000000000000000000, -0.0000000000000000000 ) ) ;
#8735 = VERTEX_POINT ( 'NONE', #7878 ) ;
#8736 = EDGE_LOOP ( 'NONE', ( #7174, #7979, #1282, #2604 ) ) ;
#8737 = AXIS2_PLACEMENT_3D ( 'NONE', #4559, #995, #2413 ) ;
#8738 = CYLINDRICAL_SURFACE ( 'NONE', #879, 2.000000000000000000 ) ;
#8739 = CARTESIAN_POINT ( 'NONE',  ( 101.0263340389897166, 4.000000000000000888, -33.50000000000000000 ) ) ;
#8740 = CARTESIAN_POINT ( 'NONE',  ( 120.0000000000000000, -1.500000000000000888, 0.0000000000000000000 ) ) ;
#8741 = ORIENTED_EDGE ( 'NONE', *, *, #2767, .F. ) ;
#8742 = CARTESIAN_POINT ( 'NONE',  ( 14.75162383822157253, -4.953434042252321312, 35.00000000000000711 ) ) ;
#8743 = CARTESIAN_POINT ( 'NONE',  ( 133.3647057801323967, 2.975447982240287281, 1.918109684571110085 ) ) ;
#8744 = ORIENTED_EDGE ( 'NONE', *, *, #9265, .F. ) ;
#8745 = CARTESIAN_POINT ( 'NONE',  ( 28.47243545590241354, 4.601768336561923967, 16.66264451650225809 ) ) ;
#8746 = VERTEX_POINT ( 'NONE', #1348 ) ;
#8747 = EDGE_LOOP ( 'NONE', ( #606, #4800, #944, #4187 ) ) ;
#8748 = CARTESIAN_POINT ( 'NONE',  ( 21.42870989811431670, -8.000132299552726423, -27.82633284630850667 ) ) ;
#8749 = ORIENTED_EDGE ( 'NONE', *, *, #4219, .F. ) ;
#8750 = AXIS2_PLACEMENT_3D ( 'NONE', #1295, #6430, #4929 ) ;
#8751 = CARTESIAN_POINT ( 'NONE',  ( 133.4995753160841900, -3.428257422683196776, -0.1240106562085062925 ) ) ;
#8752 = CARTESIAN_POINT ( 'NONE',  ( 32.74575844028587568, -4.687142122575651548, -4.092415201847048323 ) ) ;
#8753 = CARTESIAN_POINT ( 'NONE',  ( 110.2612494497851543, 5.111203300657477300, 9.353830845519546244 ) ) ;
#8754 = CARTESIAN_POINT ( 'NONE',  ( 32.20665384673679910, -5.062403280672395312, 4.487763074558267284 ) ) ;
#8755 = EDGE_LOOP ( 'NONE', ( #5235, #895, #1106, #7170 ) ) ;
#8756 = B_SPLINE_SURFACE_WITH_KNOTS ( 'NONE', 3, 1, ( 
 ( #8650, #4314 ),
 ( #4262, #8689 ),
 ( #736, #641 ),
 ( #667, #5713 ),
 ( #1372, #2099 ),
 ( #1462, #1438 ),
 ( #2817, #2192 ),
 ( #2854, #8718 ),
 ( #3556, #8615 ),
 ( #7929, #4285 ) ),
 .UNSPECIFIED., .F., .F., .F.,
 ( 4, 2, 2, 2, 4 ),
 ( 2, 2 ),
 ( 1.180211484097526409E-11, 0.1249999999999999722, 0.2499999999999999445, 0.3749999999999998890, 0.4999999999999998890 ),
 ( 0.0000000000000000000, 1.000000000000000000 ),
 .UNSPECIFIED. ) ;
#8757 = CARTESIAN_POINT ( 'NONE',  ( 0.0000000000000000000, 5.000000000000000888, 0.0000000000000000000 ) ) ;
#8758 = VECTOR ( 'NONE', #7630, 1000.000000000000000 ) ;
#8759 = CARTESIAN_POINT ( 'NONE',  ( 49.32399612951925860, -4.500000000000000888, 18.50000000000000355 ) ) ;
#8760 = VERTEX_POINT ( 'NONE', #2898 ) ;
#8761 = EDGE_CURVE ( 'NONE', #7081, #8860, #5414, .T. ) ;
#8762 = DIRECTION ( 'NONE',  ( 0.0000000000000000000, 0.0000000000000000000, -1.000000000000000000 ) ) ;
#8763 = CARTESIAN_POINT ( 'NONE',  ( 11.05821137337277094, -5.000000000000003553, -34.04764431590728435 ) ) ;
#8764 = CARTESIAN_POINT ( 'NONE',  ( 31.60696125855821847, -9.735427445389468915, 3.000000000000000888 ) ) ;
#8765 = ORIENTED_EDGE ( 'NONE', *, *, #6572, .F. ) ;
#8766 = CARTESIAN_POINT ( 'NONE',  ( 133.3927630268959490, 3.072832177587066838, -1.701823134000542748 ) ) ;
#8767 = CARTESIAN_POINT ( 'NONE',  ( 32.11308144666281805, -4.500000000000000888, -5.000000000000000888 ) ) ;
#8768 = ORIENTED_EDGE ( 'NONE', *, *, #4431, .F. ) ;
#8769 = ORIENTED_EDGE ( 'NONE', *, *, #2695, .T. ) ;
#8770 = CIRCLE ( 'NONE', #1663, 30.00000000000000000 ) ;
#8771 = DIRECTION ( 'NONE',  ( 0.0000000000000000000, 0.0000000000000000000, 1.000000000000000000 ) ) ;
#8772 = PLANE ( 'NONE',  #6286 ) ;
#8773 = EDGE_LOOP ( 'NONE', ( #2264, #7113, #1734, #519 ) ) ;
#8774 = DIRECTION ( 'NONE',  ( 0.0000000000000000000, -1.000000000000000000, 0.0000000000000000000 ) ) ;
#8775 = CARTESIAN_POINT ( 'NONE',  ( 22.08892827196817521, -7.808829271016676898, 26.24843672938078853 ) ) ;
#8776 = EDGE_LOOP ( 'NONE', ( #1554, #2535, #8441, #7715, #7876, #5579, #1710, #5134, #3934, #2946, #1304, #9121, #2568, #6419, #3403, #5384, #4446, #8534, #3239, #1023, #5940, #7770, #4333, #6658 ) ) ;
#8777 = CARTESIAN_POINT ( 'NONE',  ( 22.74837764801966600, -7.000000000000002665, -22.50580623712643913 ) ) ;
#8778 = ADVANCED_FACE ( 'NONE', ( #4848 ), #7272, .T. ) ;
#8779 = CIRCLE ( 'NONE', #4546, 33.00000000000000000 ) ;
#8780 = ORIENTED_EDGE ( 'NONE', *, *, #8907, .F. ) ;
#8781 = ORIENTED_EDGE ( 'NONE', *, *, #162, .T. ) ;
#8782 = ORIENTED_EDGE ( 'NONE', *, *, #5886, .F. ) ;
#8783 = VERTEX_POINT ( 'NONE', #3728 ) ;
#8784 = CARTESIAN_POINT ( 'NONE',  ( 10.03027150280467339, -12.50000000000000000, -30.37293985656784301 ) ) ;
#8785 = DIRECTION ( 'NONE',  ( -0.0000000000000000000, -1.000000000000000000, -0.0000000000000000000 ) ) ;
#8786 = CARTESIAN_POINT ( 'NONE',  ( 133.4859138549719262, -3.383950263782647294, 0.6289232218685483211 ) ) ;
#8787 = DIRECTION ( 'NONE',  ( 0.0000000000000000000, 0.0000000000000000000, 1.000000000000000000 ) ) ;
#8788 = DIRECTION ( 'NONE',  ( -0.8660254037844379305, -8.702618053222038374E-17, 0.5000000000000013323 ) ) ;
#8789 = CARTESIAN_POINT ( 'NONE',  ( 109.0837000562858066, 6.000000000000000888, -7.942568573129571874 ) ) ;
#8790 = EDGE_CURVE ( 'NONE', #5034, #3511, #7810, .T. ) ;
#8791 = EDGE_CURVE ( 'NONE', #5378, #7222, #4399, .T. ) ;
#8792 = TOROIDAL_SURFACE ( 'NONE', #8485, 14.99999999999999289, 2.000000000000000000 ) ;
#8793 = ORIENTED_EDGE ( 'NONE', *, *, #4857, .F. ) ;
#8794 = ORIENTED_EDGE ( 'NONE', *, *, #887, .F. ) ;
#8795 = ORIENTED_EDGE ( 'NONE', *, *, #9244, .T. ) ;
#8796 = ORIENTED_EDGE ( 'NONE', *, *, #6867, .T. ) ;
#8797 = PLANE ( 'NONE',  #4485 ) ;
#8798 = CIRCLE ( 'NONE', #6942, 30.00000000000000000 ) ;
#8799 = CARTESIAN_POINT ( 'NONE',  ( 131.7867313663303150, 1.245451743391187804, 1.564750876180579509 ) ) ;
#8800 = CARTESIAN_POINT ( 'NONE',  ( 132.0385327893442309, -1.892285626322486980, 0.6439309059958902015 ) ) ;
#8801 = EDGE_CURVE ( 'NONE', #8109, #1250, #5413, .T. ) ;
#8802 = DIRECTION ( 'NONE',  ( -0.0000000000000000000, 1.000000000000000000, -0.0000000000000000000 ) ) ;
#8803 = DIRECTION ( 'NONE',  ( 0.0000000000000000000, 1.000000000000000000, -0.0000000000000000000 ) ) ;
#8804 = CARTESIAN_POINT ( 'NONE',  ( 14.74391281067476278, -5.000000000000003553, 34.04764431590724882 ) ) ;
#8805 = EDGE_CURVE ( 'NONE', #8657, #2057, #6842, .T. ) ;
#8806 = CARTESIAN_POINT ( 'NONE',  ( 133.0853945288833700, 1.716131411267514117, -3.323088689285504937 ) ) ;
#8807 = VECTOR ( 'NONE', #7301, 1000.000000000000000 ) ;
#8808 = CARTESIAN_POINT ( 'NONE',  ( 29.40562756990113513, 2.525797801751723526, -15.52098173606011500 ) ) ;
#8809 = AXIS2_PLACEMENT_3D ( 'NONE', #7928, #8717, #4401 ) ;
#8810 = EDGE_LOOP ( 'NONE', ( #331, #4185, #5318, #8629 ) ) ;
#8811 = CARTESIAN_POINT ( 'NONE',  ( 28.25725466122297291, 4.744581423659994357, -16.92266111873445666 ) ) ;
#8812 = LINE ( 'NONE', #3485, #6585 ) ;
#8813 = CARTESIAN_POINT ( 'NONE',  ( 133.2710885155668166, 2.616873694791619798, 2.476016960512441134 ) ) ;
#8814 = DIRECTION ( 'NONE',  ( 0.0000000000000000000, -1.000000000000000000, 0.0000000000000000000 ) ) ;
#8815 = DIRECTION ( 'NONE',  ( 0.8660254037844379305, 0.0000000000000000000, 0.5000000000000012212 ) ) ;
#8816 = AXIS2_PLACEMENT_3D ( 'NONE', #303, #3099, #277 ) ;
#8817 = CARTESIAN_POINT ( 'NONE',  ( -10.73695737055240684, 0.0000000000000000000, -5.504199548180066515 ) ) ;
#8818 = DIRECTION ( 'NONE',  ( 0.0000000000000000000, 0.0000000000000000000, 1.000000000000000000 ) ) ;
#8819 = ADVANCED_FACE ( 'NONE', ( #2468 ), #9231, .T. ) ;
#8820 = FACE_OUTER_BOUND ( 'NONE', #4745, .T. ) ;
#8821 = DIRECTION ( 'NONE',  ( -0.0000000000000000000, -1.000000000000000000, 1.740523610644402991E-16 ) ) ;
#8822 =( BOUNDED_SURFACE ( )  B_SPLINE_SURFACE ( 3, 2, ( 
 ( #612, #5679, #4263 ),
 ( #642, #1439, #9413 ),
 ( #9384, #7291, #5804 ),
 ( #5041, #6533, #2100 ),
 ( #6570, #669, #3593 ),
 ( #7203, #2158, #2922 ),
 ( #6447, #1373, #1407 ),
 ( #2067, #6496, #7960 ),
 ( #4342, #8651, #8004 ),
 ( #2820, #1464, #7171 ) ),
 .UNSPECIFIED., .F., .F., .F. ) 
 B_SPLINE_SURFACE_WITH_KNOTS ( ( 4, 2, 2, 2, 4 ),
 ( 3, 3 ),
 ( 0.0000000000000000000, 0.001091976997524665878, 0.002183953995049331756, 0.003275930992573997634, 0.004367907990098663512 ),
 ( 0.0000000000000000000, 1.000000000000000000 ),
 .UNSPECIFIED. ) 
 GEOMETRIC_REPRESENTATION_ITEM ( )  RATIONAL_B_SPLINE_SURFACE ( (
 ( 1.000000000000000000, 0.7071067811865475727, 1.000000000000000000),
 ( 1.000000000000000000, 0.7239670719750602723, 1.000000000000000000),
 ( 1.000000000000000000, 0.7383993387816698561, 1.000000000000000000),
 ( 1.000000000000000000, 0.7584627377511812263, 1.000000000000000000),
 ( 1.000000000000000000, 0.7639792270817010733, 1.000000000000000000),
 ( 1.000000000000000000, 0.7639792270817010733, 1.000000000000000000),
 ( 1.000000000000000000, 0.7584627377511812263, 1.000000000000000000),
 ( 1.000000000000000000, 0.7383993387816698561, 1.000000000000000000),
 ( 1.000000000000000000, 0.7239670719750600503, 1.000000000000000000),
 ( 1.000000000000000000, 0.7071067811865475727, 1.000000000000000000) ) ) 
 REPRESENTATION_ITEM ( '' )  SURFACE ( )  );
#8823 = DIRECTION ( 'NONE',  ( 0.0000000000000000000, 0.0000000000000000000, 1.000000000000000000 ) ) ;
#8824 = CARTESIAN_POINT ( 'NONE',  ( 132.0060600209793904, -1.820674269835465431, -0.8263861657499518287 ) ) ;
#8825 = CIRCLE ( 'NONE', #4170, 2.000000000000000000 ) ;
#8826 = ORIENTED_EDGE ( 'NONE', *, *, #3275, .F. ) ;
#8827 = AXIS2_PLACEMENT_3D ( 'NONE', #3150, #5431, #8284 ) ;
#8828 = DIRECTION ( 'NONE',  ( 0.0000000000000000000, -1.740523610644402991E-16, 1.000000000000000000 ) ) ;
#8829 = CARTESIAN_POINT ( 'NONE',  ( 101.0263340389897166, 1.500000000000000888, 5.500000000000001776 ) ) ;
#8830 = AXIS2_PLACEMENT_3D ( 'NONE', #4553, #6026, #7495 ) ;
#8831 = CARTESIAN_POINT ( 'NONE',  ( 131.6912922487113065, 0.8858625318629437251, -1.791843110644085968 ) ) ;
#8832 = DIRECTION ( 'NONE',  ( 0.1538461538461539102, -0.0000000000000000000, 0.9880948137434716338 ) ) ;
#8833 = CIRCLE ( 'NONE', #7295, 0.5000000000000004441 ) ;
#8834 = ORIENTED_EDGE ( 'NONE', *, *, #2822, .T. ) ;
#8835 = EDGE_CURVE ( 'NONE', #8108, #103, #309, .T. ) ;
#8836 = CARTESIAN_POINT ( 'NONE',  ( 22.74837764801966600, -13.43849360530937176, -22.50580623712643913 ) ) ;
#8837 = CARTESIAN_POINT ( 'NONE',  ( 26.82287214242740347, 4.978503465672687867, -18.62422822241896014 ) ) ;
#8838 = CARTESIAN_POINT ( 'NONE',  ( 132.9526168407927571, -0.3902868700315916817, 3.805227987264290235 ) ) ;
#8839 = CARTESIAN_POINT ( 'NONE',  ( 104.5474711712031564, 4.776632211314960408, 5.786284124970749509 ) ) ;
#8840 = CARTESIAN_POINT ( 'NONE',  ( 109.6002153151504359, 5.171838035165688297, -8.623575824304493764 ) ) ;
#8841 = CARTESIAN_POINT ( 'NONE',  ( 18.00000000000000000, -5.000000000000000888, -32.33161507461905160 ) ) ;
#8842 = CARTESIAN_POINT ( 'NONE',  ( 113.3468963513340526, 4.000000000000000888, -11.74675324675324894 ) ) ;
#8843 = CARTESIAN_POINT ( 'NONE',  ( 12.17310579126469605, -4.033782051319230177, -35.00000000000000000 ) ) ;
#8844 = ORIENTED_EDGE ( 'NONE', *, *, #4336, .F. ) ;
#8845 = AXIS2_PLACEMENT_3D ( 'NONE', #2826, #4230, #7080 ) ;
#8846 = DIRECTION ( 'NONE',  ( 0.0000000000000000000, 1.000000000000000000, -0.0000000000000000000 ) ) ;
#8847 = ORIENTED_EDGE ( 'NONE', *, *, #1466, .T. ) ;
#8848 = CARTESIAN_POINT ( 'NONE',  ( 101.0263340389897166, -3.500000000000000888, -3.500000000000000444 ) ) ;
#8849 = FACE_OUTER_BOUND ( 'NONE', #4309, .T. ) ;
#8850 = VERTEX_POINT ( 'NONE', #1783 ) ;
#8851 = CARTESIAN_POINT ( 'NONE',  ( 0.0000000000000000000, 12.50000000000000000, 0.0000000000000000000 ) ) ;
#8852 = ORIENTED_EDGE ( 'NONE', *, *, #8409, .F. ) ;
#8853 = AXIS2_PLACEMENT_3D ( 'NONE', #431, #8448, #1873 ) ;
#8854 = ORIENTED_EDGE ( 'NONE', *, *, #6598, .T. ) ;
#8855 = VECTOR ( 'NONE', #8374, 1000.000000000000000 ) ;
#8856 = CARTESIAN_POINT ( 'NONE',  ( 18.00000000000000000, -4.000000000000000888, 35.00000000000000000 ) ) ;
#8857 = CARTESIAN_POINT ( 'NONE',  ( 132.9528234917643772, 0.4466812552460026065, -3.804868813137485262 ) ) ;
#8858 = CARTESIAN_POINT ( 'NONE',  ( 21.89564423079354682, -7.343406223803638611, 24.81970312374452803 ) ) ;
#8859 = ORIENTED_EDGE ( 'NONE', *, *, #8908, .T. ) ;
#8860 = VERTEX_POINT ( 'NONE', #3762 ) ;
#8861 = B_SPLINE_CURVE_WITH_KNOTS ( 'NONE', 3,
 ( #526, #4010, #1867, #9110, #1895, #4100, #3306, #9201 ),
 .UNSPECIFIED., .F., .F.,
 ( 4, 2, 2, 4 ),
 ( 0.0000000000000000000, 0.001524118937525755684, 0.003048237875051511368, 0.006096475750103022735 ),
 .UNSPECIFIED. ) ;
#8862 = ORIENTED_EDGE ( 'NONE', *, *, #9080, .T. ) ;
#8863 = VECTOR ( 'NONE', #4214, 1000.000000000000000 ) ;
#8864 = CARTESIAN_POINT ( 'NONE',  ( 0.0000000000000000000, 12.50000000000000000, -30.00000000000000000 ) ) ;
#8865 = CARTESIAN_POINT ( 'NONE',  ( 18.00000000000000000, -5.000000000000000888, -32.33161507461905160 ) ) ;
#8866 = EDGE_LOOP ( 'NONE', ( #6780, #4880, #8844, #3575 ) ) ;
#8867 = AXIS2_PLACEMENT_3D ( 'NONE', #5955, #7346, #5921 ) ;
#8868 = CARTESIAN_POINT ( 'NONE',  ( 133.0875225387987371, 1.720909200660663885, 3.311777257483056403 ) ) ;
#8869 = CARTESIAN_POINT ( 'NONE',  ( 104.7297295151357019, 5.000000000000000888, 6.250507124952557447 ) ) ;
#8870 = CARTESIAN_POINT ( 'NONE',  ( 109.8581593625994941, 4.829225653044647792, -9.643977286792550174 ) ) ;
#8871 = DIRECTION ( 'NONE',  ( 0.0000000000000000000, 1.000000000000000000, 0.0000000000000000000 ) ) ;
#8872 = CARTESIAN_POINT ( 'NONE',  ( 32.28243228701276735, -5.259940400014925466, 4.005412569096651332 ) ) ;
#8873 = CARTESIAN_POINT ( 'NONE',  ( 128.9467773771010286, 1.745802965187702949, 1.006734279477260907 ) ) ;
#8874 = EDGE_LOOP ( 'NONE', ( #724, #759, #960, #146 ) ) ;
#8875 = DIRECTION ( 'NONE',  ( -0.0000000000000000000, -1.000000000000000000, -0.0000000000000000000 ) ) ;
#8876 = DIRECTION ( 'NONE',  ( 1.209068259567990048E-15, 0.0000000000000000000, 1.000000000000000000 ) ) ;
#8877 = EDGE_CURVE ( 'NONE', #5472, #3511, #9171, .T. ) ;
#8878 = FACE_OUTER_BOUND ( 'NONE', #8736, .T. ) ;
#8879 = VERTEX_POINT ( 'NONE', #5166 ) ;
#8880 = CIRCLE ( 'NONE', #1039, 33.00000000000000000 ) ;
#8881 = AXIS2_PLACEMENT_3D ( 'NONE', #1361, #7828, #2059 ) ;
#8882 = CARTESIAN_POINT ( 'NONE',  ( 132.0810328590510494, -1.983600759453502116, 0.2586730042075581215 ) ) ;
#8883 = ORIENTED_EDGE ( 'NONE', *, *, #6572, .T. ) ;
#8884 = CARTESIAN_POINT ( 'NONE',  ( 131.5921902772247165, -1.499233195704313962E-10, 2.000000000374880571 ) ) ;
#8885 = EDGE_LOOP ( 'NONE', ( #4217, #131, #1379 ) ) ;
#8886 = VERTEX_POINT ( 'NONE', #1814 ) ;
#8887 = CARTESIAN_POINT ( 'NONE',  ( 120.0000000000000000, -12.50000000000000000, 0.0000000000000000000 ) ) ;
#8888 = VECTOR ( 'NONE', #3641, 1000.000000000000000 ) ;
#8889 = DIRECTION ( 'NONE',  ( 1.000000000000000000, -0.0000000000000000000, -0.0000000000000000000 ) ) ;
#8890 = ORIENTED_EDGE ( 'NONE', *, *, #6156, .T. ) ;
#8891 = CYLINDRICAL_SURFACE ( 'NONE', #8631, 2.000000000000000000 ) ;
#8892 = EDGE_CURVE ( 'NONE', #9001, #2553, #1003, .T. ) ;
#8893 = VERTEX_POINT ( 'NONE', #3046 ) ;
#8894 = CARTESIAN_POINT ( 'NONE',  ( 33.03842881262419695, 1.500000000000001110, -10.83887563378276475 ) ) ;
#8895 = ORIENTED_EDGE ( 'NONE', *, *, #4045, .F. ) ;
#8896 = CARTESIAN_POINT ( 'NONE',  ( 22.74837764801966600, -12.50000000000000000, -22.50580623712643913 ) ) ;
#8897 = CARTESIAN_POINT ( 'NONE',  ( 133.3712263445549127, -2.996498454963360647, -1.861035511610362070 ) ) ;
#8898 = LINE ( 'NONE', #8646, #9019 ) ;
#8899 = CARTESIAN_POINT ( 'NONE',  ( 133.0024591736601280, -1.105068176301926997, 3.632636131676879820 ) ) ;
#8900 = CARTESIAN_POINT ( 'NONE',  ( 29.63152617989832649, -12.50000000000000000, 4.687499999999999112 ) ) ;
#8901 = CARTESIAN_POINT ( 'NONE',  ( 133.3860559549475511, 3.048970372031957865, 1.751166222451900012 ) ) ;
#8902 = CARTESIAN_POINT ( 'NONE',  ( 28.70141702077004808, -2.802540744418788865, -20.49931580524410180 ) ) ;
#8903 = CARTESIAN_POINT ( 'NONE',  ( 109.0837000562858066, 6.000000000000001776, -7.942568573129580756 ) ) ;
#8904 = CARTESIAN_POINT ( 'NONE',  ( 131.9590550134350906, -0.03847728894574321823, -1.999616149632509110 ) ) ;
#8905 = DIRECTION ( 'NONE',  ( 0.0000000000000000000, 0.0000000000000000000, 1.000000000000000000 ) ) ;
#8906 = DIRECTION ( 'NONE',  ( -1.000000000000000000, -0.0000000000000000000, -1.209068259567990245E-15 ) ) ;
#8907 = EDGE_CURVE ( 'NONE', #9407, #8173, #6817, .T. ) ;
#8908 = EDGE_CURVE ( 'NONE', #9350, #6032, #6596, .T. ) ;
#8909 = CIRCLE ( 'NONE', #4652, 2.000000000000000000 ) ;
#8910 = CARTESIAN_POINT ( 'NONE',  ( 6.045341297839941364E-15, 5.000000000000000888, 29.99999999999999645 ) ) ;
#8911 = ORIENTED_EDGE ( 'NONE', *, *, #1234, .T. ) ;
#8912 = ORIENTED_EDGE ( 'NONE', *, *, #4530, .T. ) ;
#8913 = AXIS2_PLACEMENT_3D ( 'NONE', #3569, #676, #6507 ) ;
#8914 = CARTESIAN_POINT ( 'NONE',  ( 70.00000000000000000, 4.000000000000000888, 64.02475001521551690 ) ) ;
#8915 = CARTESIAN_POINT ( 'NONE',  ( 131.9227682586138712, -1.623961393676641940, -1.168025816713679443 ) ) ;
#8916 = CARTESIAN_POINT ( 'NONE',  ( 131.8548848424574373, -1.446975713436640332, 1.381430772938045948 ) ) ;
#8917 = FACE_OUTER_BOUND ( 'NONE', #6863, .T. ) ;
#8918 = EDGE_CURVE ( 'NONE', #8735, #4367, #2687, .T. ) ;
#8919 = CARTESIAN_POINT ( 'NONE',  ( 20.96557068124415224, 7.996364998856369866, 28.28218756066128137 ) ) ;
#8920 = DIRECTION ( 'NONE',  ( 0.0000000000000000000, 0.0000000000000000000, -1.000000000000000000 ) ) ;
#8921 = DIRECTION ( 'NONE',  ( 3.736327486719279125E-15, 0.0000000000000000000, -1.000000000000000000 ) ) ;
#8922 = CARTESIAN_POINT ( 'NONE',  ( 32.60712885353455448, 4.500000000000000888, 5.076923076923077538 ) ) ;
#8923 = CARTESIAN_POINT ( 'NONE',  ( 29.40562756990115290, -2.525797801751710203, 15.52098173606008125 ) ) ;
#8924 = AXIS2_PLACEMENT_3D ( 'NONE', #6855, #2478, #7572 ) ;
#8925 = B_SPLINE_CURVE_WITH_KNOTS ( 'NONE', 3,
 ( #8009, #4379, #1334, #3800, #1315, #1967, #2747, #9154, #4245, #9246, #6392, #2680, #5698, #8476 ),
 .UNSPECIFIED., .F., .F.,
 ( 4, 2, 2, 2, 2, 2, 4 ),
 ( -8.990504498867661325E-06, 0.0009112971286913075421, 0.001831584761881482632, 0.002291728578476576357, 0.002751872395071670516, 0.003212016211666763807, 0.003672160028261857966 ),
 .UNSPECIFIED. ) ;
#8926 = CARTESIAN_POINT ( 'NONE',  ( 133.1537956717934037, -2.096139118846214178, -3.041085031656698412 ) ) ;
#8927 = CARTESIAN_POINT ( 'NONE',  ( 33.10266282500699475, -1.246755744725041692, 12.95991665929637016 ) ) ;
#8928 = CIRCLE ( 'NONE', #7882, 32.00000000000000000 ) ;
#8929 = CARTESIAN_POINT ( 'NONE',  ( 132.9743690377895575, -0.7803021652710389056, 3.730471066561965365 ) ) ;
#8930 = DIRECTION ( 'NONE',  ( 1.209068259567987878E-15, 0.0000000000000000000, -1.000000000000000000 ) ) ;
#8931 = CARTESIAN_POINT ( 'NONE',  ( 109.0938930103470312, 4.952617210065210607, -9.132044248453517810 ) ) ;
#8932 = TOROIDAL_SURFACE ( 'NONE', #1366, 60.99999999999999289, 1.000000000000000000 ) ;
#8933 = DIRECTION ( 'NONE',  ( -0.1562500000000002776, 0.0000000000000000000, 0.9877175393299442163 ) ) ;
#8934 = DIRECTION ( 'NONE',  ( 0.0000000000000000000, 0.0000000000000000000, 1.000000000000000000 ) ) ;
#8935 = B_SPLINE_CURVE_WITH_KNOTS ( 'NONE', 3,
 ( #7555, #5373, #6152, #4046, #3983, #5403, #1100, #2526, #3216, #430 ),
 .UNSPECIFIED., .F., .F.,
 ( 4, 2, 2, 2, 4 ),
 ( 0.0000000000000000000, 0.001091976997524665878, 0.002183953995049331756, 0.003275930992573997634, 0.004367907990098663512 ),
 .UNSPECIFIED. ) ;
#8936 =( BOUNDED_CURVE ( )  B_SPLINE_CURVE ( 3, ( #6618, #5121, #5084, #5858 ),
 .UNSPECIFIED., .F., .F. ) 
 B_SPLINE_CURVE_WITH_KNOTS ( ( 4, 4 ),
 ( 0.1433475689053649860, 1.570796326794896780 ),
 .UNSPECIFIED. ) 
 CURVE ( )  GEOMETRIC_REPRESENTATION_ITEM ( )  RATIONAL_B_SPLINE_CURVE ( ( 1.000000000000000000, 0.8372859640123027081, 0.8372859640123027081, 1.000000000000000000 ) ) 
 REPRESENTATION_ITEM ( '' )  );
#8937 = AXIS2_PLACEMENT_3D ( 'NONE', #3057, #2394, #7461 ) ;
#8938 = DIRECTION ( 'NONE',  ( -0.0000000000000000000, -1.000000000000000000, -0.0000000000000000000 ) ) ;
#8939 = TOROIDAL_SURFACE ( 'NONE', #7705, 14.99999999999999289, 2.000000000000000000 ) ;
#8940 = DIRECTION ( 'NONE',  ( -0.8660254037844379305, 0.0000000000000000000, 0.5000000000000013323 ) ) ;
#8941 = ORIENTED_EDGE ( 'NONE', *, *, #6205, .T. ) ;
#8942 = CARTESIAN_POINT ( 'NONE',  ( 131.9195825643184321, -1.614719881515144451, 1.178651786498952969 ) ) ;
#8943 = FACE_OUTER_BOUND ( 'NONE', #617, .T. ) ;
#8944 = CARTESIAN_POINT ( 'NONE',  ( 38.66305188256109915, -0.9792410390374367557, 12.85833946049221410 ) ) ;
#8945 = ORIENTED_EDGE ( 'NONE', *, *, #7522, .F. ) ;
#8946 = CARTESIAN_POINT ( 'NONE',  ( 11.41147449096653688, -4.925272861343048980, 35.00000000000000000 ) ) ;
#8947 = DIRECTION ( 'NONE',  ( -6.217248937900876626E-15, -1.734723475976807094E-16, 1.000000000000000000 ) ) ;
#8948 = CARTESIAN_POINT ( 'NONE',  ( 33.33788974286661499, 5.957498873191258149, -3.000000000000001332 ) ) ;
#8949 = CARTESIAN_POINT ( 'NONE',  ( 39.05687522811109602, 6.498384763969565064E-16, 12.61927336776758857 ) ) ;
#8950 = CARTESIAN_POINT ( 'NONE',  ( 21.32660404501843487, -13.43849360530937176, 21.09919334730603779 ) ) ;
#8951 = EDGE_LOOP ( 'NONE', ( #7994, #6727, #1917, #48, #1830, #5010 ) ) ;
#8952 = CARTESIAN_POINT ( 'NONE',  ( 131.8591249657651474, -1.458178363226329655, 1.369149488706957296 ) ) ;
#8953 = CIRCLE ( 'NONE', #3295, 2.000000000000001776 ) ;
#8954 = EDGE_CURVE ( 'NONE', #7315, #1815, #9128, .T. ) ;
#8955 = EDGE_CURVE ( 'NONE', #1083, #7057, #2027, .T. ) ;
#8956 = ORIENTED_EDGE ( 'NONE', *, *, #7700, .F. ) ;
#8957 = CARTESIAN_POINT ( 'NONE',  ( 132.9600359242949992, -0.5598564477330478795, 3.779964331045442716 ) ) ;
#8958 = CARTESIAN_POINT ( 'NONE',  ( 21.14605262517163098, -6.734726413422127855, -23.68046765293900080 ) ) ;
#8959 = CARTESIAN_POINT ( 'NONE',  ( 131.5921903639874131, -0.0008263741906767844200, -1.999999829242516736 ) ) ;
#8960 = CARTESIAN_POINT ( 'NONE',  ( 110.6068494673351381, 5.035873216209243886, -9.700547727107462492 ) ) ;
#8961 = CARTESIAN_POINT ( 'NONE',  ( 132.1078950435635306, 1.999549304988578413, -0.5305015104247596813 ) ) ;
#8962 = DIRECTION ( 'NONE',  ( 0.0000000000000000000, 0.0000000000000000000, 1.000000000000000000 ) ) ;
#8963 = CARTESIAN_POINT ( 'NONE',  ( 128.8192640878759505, 0.8857973927141918891, -1.795327485278459756 ) ) ;
#8964 = AXIS2_PLACEMENT_3D ( 'NONE', #3416, #8512, #4251 ) ;
#8965 = VECTOR ( 'NONE', #1912, 1000.000000000000000 ) ;
#8966 = EDGE_LOOP ( 'NONE', ( #8585, #5664, #7114, #3324, #6633, #3428, #5718, #5355, #3914, #993 ) ) ;
#8967 = DIRECTION ( 'NONE',  ( -0.8660254037844379305, -8.702618053222038374E-17, -0.5000000000000013323 ) ) ;
#8968 = ORIENTED_EDGE ( 'NONE', *, *, #162, .F. ) ;
#8969 = DIRECTION ( 'NONE',  ( 0.0000000000000000000, 0.0000000000000000000, 1.000000000000000000 ) ) ;
#8970 = VECTOR ( 'NONE', #5763, 1000.000000000000000 ) ;
#8971 = EDGE_CURVE ( 'NONE', #6080, #3078, #776, .T. ) ;
#8972 = CARTESIAN_POINT ( 'NONE',  ( 131.7321430890745546, -1.055878634761200141, -1.698787638858331617 ) ) ;
#8973 = ORIENTED_EDGE ( 'NONE', *, *, #549, .F. ) ;
#8974 = AXIS2_PLACEMENT_3D ( 'NONE', #2739, #557, #587 ) ;
#8975 = CARTESIAN_POINT ( 'NONE',  ( 38.95088184659562813, -0.5391831002895028924, 12.68319264090924925 ) ) ;
#8976 = DIRECTION ( 'NONE',  ( -0.0000000000000000000, -1.000000000000000000, -0.0000000000000000000 ) ) ;
#8977 = CARTESIAN_POINT ( 'NONE',  ( 32.86335345030996535, -5.562601063559827530, 3.000000000000000888 ) ) ;
#8978 = EDGE_LOOP ( 'NONE', ( #6670, #9155, #3514 ) ) ;
#8979 = CARTESIAN_POINT ( 'NONE',  ( 23.01721694194862522, -5.020205316615390601, 21.77108725834626668 ) ) ;
#8980 = DIRECTION ( 'NONE',  ( 0.0000000000000000000, 0.0000000000000000000, -1.000000000000000000 ) ) ;
#8981 = CARTESIAN_POINT ( 'NONE',  ( 0.0000000000000000000, -4.500000000000000888, 0.0000000000000000000 ) ) ;
#8982 = B_SPLINE_CURVE_WITH_KNOTS ( 'NONE', 3,
 ( #7427, #1575, #3145, #3236, #8975, #233, #6824, #8944, #3117, #2448, #6039, #4626, #8192, #288, #2509, #260, #8310, #4567, #7479, #8224, #9014, #3856, #4661, #5327, #1674, #3972 ),
 .UNSPECIFIED., .F., .F.,
 ( 4, 2, 2, 2, 2, 2, 2, 2, 2, 2, 2, 2, 4 ),
 ( 2.885354893695707967E-18, 0.0003320183149123414885, 0.0006640366298246801581, 0.0009960549447370185567, 0.001328073259649356847, 0.001992109889474036246, 0.002656146519298715862, 0.003320183149123395478, 0.003984219778948074227, 0.004316238093860414252, 0.004648256408772754276, 0.004980274723685093434, 0.005312293038597434326 ),
 .UNSPECIFIED. ) ;
#8983 = EDGE_CURVE ( 'NONE', #2389, #6422, #8825, .T. ) ;
#8984 = ORIENTED_EDGE ( 'NONE', *, *, #7154, .F. ) ;
#8985 = ORIENTED_EDGE ( 'NONE', *, *, #839, .T. ) ;
#8986 = CIRCLE ( 'NONE', #2990, 2.000000000000001776 ) ;
#8987 = ORIENTED_EDGE ( 'NONE', *, *, #1326, .T. ) ;
#8988 = DIRECTION ( 'NONE',  ( 0.0000000000000000000, 1.000000000000000000, 0.0000000000000000000 ) ) ;
#8989 = CARTESIAN_POINT ( 'NONE',  ( 5.032819247983337384E-16, -4.500000000000000888, -6.000000000000008882 ) ) ;
#8990 = AXIS2_PLACEMENT_3D ( 'NONE', #3763, #3708, #5194 ) ;
#8991 = CARTESIAN_POINT ( 'NONE',  ( 131.7336343633428442, -1.061274032936398326, -1.695200944926673614 ) ) ;
#8992 = DIRECTION ( 'NONE',  ( 0.0000000000000000000, 0.0000000000000000000, -1.000000000000000000 ) ) ;
#8993 = DIRECTION ( 'NONE',  ( 0.0000000000000000000, 1.000000000000000000, -0.0000000000000000000 ) ) ;
#8994 = DIRECTION ( 'NONE',  ( -1.000000000000000000, 0.0000000000000000000, 0.0000000000000000000 ) ) ;
#8995 = CARTESIAN_POINT ( 'NONE',  ( 128.7749529908844863, 0.1297746652330769579, -2.000050001978481706 ) ) ;
#8996 = LINE ( 'NONE', #5001, #4795 ) ;
#8997 = CARTESIAN_POINT ( 'NONE',  ( 0.0000000000000000000, 2.500000000000000444, 0.0000000000000000000 ) ) ;
#8998 = ORIENTED_EDGE ( 'NONE', *, *, #8337, .T. ) ;
#8999 = CYLINDRICAL_SURFACE ( 'NONE', #3345, 13.50000000000000178 ) ;
#9000 = ORIENTED_EDGE ( 'NONE', *, *, #9052, .F. ) ;
#9001 = VERTEX_POINT ( 'NONE', #8365 ) ;
#9002 = ORIENTED_EDGE ( 'NONE', *, *, #8971, .F. ) ;
#9003 = CARTESIAN_POINT ( 'NONE',  ( 33.48902738835489856, 6.078408989581914668, 3.209114664620919655 ) ) ;
#9004 = EDGE_CURVE ( 'NONE', #3208, #4018, #8254, .T. ) ;
#9005 = CARTESIAN_POINT ( 'NONE',  ( 30.47205039161955042, 2.049552894201831954, 14.18755069249129974 ) ) ;
#9006 = VECTOR ( 'NONE', #398, 1000.000000000000000 ) ;
#9007 = CARTESIAN_POINT ( 'NONE',  ( 38.00000000000000000, -1.500000000000000888, 5.000000000000000000 ) ) ;
#9008 = DIRECTION ( 'NONE',  ( -0.0000000000000000000, 1.000000000000000000, -0.0000000000000000000 ) ) ;
#9009 = AXIS2_PLACEMENT_3D ( 'NONE', #8757, #8069, #3724 ) ;
#9010 = CARTESIAN_POINT ( 'NONE',  ( 131.6968764851363289, -0.9099958930929866741, -1.779644861549721790 ) ) ;
#9011 = EDGE_LOOP ( 'NONE', ( #2396, #5860, #144, #9027 ) ) ;
#9012 = CARTESIAN_POINT ( 'NONE',  ( 131.7790960454059928, 1.225234515618137676, 1.585472401889485017 ) ) ;
#9013 = ORIENTED_EDGE ( 'NONE', *, *, #2164, .T. ) ;
#9014 = CARTESIAN_POINT ( 'NONE',  ( 36.08360384775352259, -0.7333462712919608384, 14.53049595883580558 ) ) ;
#9015 = DIRECTION ( 'NONE',  ( -0.0000000000000000000, 1.000000000000000000, -0.0000000000000000000 ) ) ;
#9016 = ADVANCED_FACE ( 'NONE', ( #7380 ), #5655, .F. ) ;
#9017 = EDGE_CURVE ( 'NONE', #1970, #6242, #3496, .T. ) ;
#9018 = CARTESIAN_POINT ( 'NONE',  ( 18.00000000000003197, 5.000000000000000888, -27.99999999999997868 ) ) ;
#9019 = VECTOR ( 'NONE', #9408, 1000.000000000000000 ) ;
#9020 = ORIENTED_EDGE ( 'NONE', *, *, #1709, .T. ) ;
#9021 = CARTESIAN_POINT ( 'NONE',  ( 120.0000000000000000, -1.500000000000000888, 0.0000000000000000000 ) ) ;
#9022 = AXIS2_PLACEMENT_3D ( 'NONE', #640, #609, #7866 ) ;
#9023 = FACE_OUTER_BOUND ( 'NONE', #8059, .T. ) ;
#9024 = CARTESIAN_POINT ( 'NONE',  ( 132.9476396629413557, 0.2233788443433080417, -3.822124794277395488 ) ) ;
#9025 = ADVANCED_FACE ( 'NONE', ( #3846 ), #9046, .T. ) ;
#9026 = CARTESIAN_POINT ( 'NONE',  ( 128.7559723511159291, -0.01334073933090089426, -1.999995022584667215 ) ) ;
#9027 = ORIENTED_EDGE ( 'NONE', *, *, #8114, .F. ) ;
#9028 = DIRECTION ( 'NONE',  ( -0.0000000000000000000, -1.000000000000000000, -0.0000000000000000000 ) ) ;
#9029 = EDGE_LOOP ( 'NONE', ( #4081, #2869, #3049, #5878 ) ) ;
#9030 = EDGE_CURVE ( 'NONE', #7496, #6422, #1572, .T. ) ;
#9031 = FACE_OUTER_BOUND ( 'NONE', #5613, .T. ) ;
#9032 = CARTESIAN_POINT ( 'NONE',  ( 128.7749643874294634, -0.1325984835609113344, 1.999999999836501896 ) ) ;
#9033 = AXIS2_PLACEMENT_3D ( 'NONE', #757, #6687, #5240 ) ;
#9034 = DIRECTION ( 'NONE',  ( 0.0000000000000000000, 0.0000000000000000000, -1.000000000000000000 ) ) ;
#9035 = CARTESIAN_POINT ( 'NONE',  ( 31.60696125855821847, 7.000000000000002665, 3.000000000000000888 ) ) ;
#9036 = CARTESIAN_POINT ( 'NONE',  ( 32.72444687832668819, -4.627796665040412094, -4.258489598324100456 ) ) ;
#9037 = CARTESIAN_POINT ( 'NONE',  ( 131.8957169489681291, -1.555256383495466688, -1.256922440535664043 ) ) ;
#9038 = CARTESIAN_POINT ( 'NONE',  ( 132.0056893585859825, 1.819807749658981955, 0.8264126179557956808 ) ) ;
#9039 = FACE_OUTER_BOUND ( 'NONE', #7457, .T. ) ;
#9040 = CARTESIAN_POINT ( 'NONE',  ( 22.10418838156303067, 7.758736482042646543, 26.03783777165260460 ) ) ;
#9041 = DIRECTION ( 'NONE',  ( 0.7108868015006146734, 0.0000000000000000000, -0.7033064449102011118 ) ) ;
#9042 = CARTESIAN_POINT ( 'NONE',  ( 38.00000000000000000, -12.50000000000000000, -3.000000000000000000 ) ) ;
#9043 = CARTESIAN_POINT ( 'NONE',  ( 28.51304367304962994, -3.500000000000000888, 16.61343855132842151 ) ) ;
#9044 = DIRECTION ( 'NONE',  ( 0.0000000000000000000, 1.626303258728256651E-16, 1.000000000000000000 ) ) ;
#9045 = AXIS2_PLACEMENT_3D ( 'NONE', #5709, #1370, #5616 ) ;
#9046 = TOROIDAL_SURFACE ( 'NONE', #6453, 62.50000000000000000, 0.5000000000000000000 ) ;
#9047 = CARTESIAN_POINT ( 'NONE',  ( 133.4995753160841900, -3.428257422683196776, -0.1240106562085062925 ) ) ;
#9048 = ORIENTED_EDGE ( 'NONE', *, *, #2082, .F. ) ;
#9049 = DIRECTION ( 'NONE',  ( 0.0000000000000000000, 0.0000000000000000000, -1.000000000000000000 ) ) ;
#9050 = CARTESIAN_POINT ( 'NONE',  ( 70.00000000000000000, 1.500000000000000888, 64.02475001521551690 ) ) ;
#9051 = CARTESIAN_POINT ( 'NONE',  ( 132.9545453369186419, 0.4464535937984923653, -3.798674257628485318 ) ) ;
#9052 = EDGE_CURVE ( 'NONE', #9172, #2389, #3039, .T. ) ;
#9053 = PRODUCT_CONTEXT ( 'NONE', #5408, 'mechanical' ) ;
#9054 = CARTESIAN_POINT ( 'NONE',  ( -2.841310409984776740E-14, 5.510910596163109277E-16, 23.50000000000000000 ) ) ;
#9055 = CARTESIAN_POINT ( 'NONE',  ( 21.04125881947897625, -6.599807471246550428, 23.47700973874255936 ) ) ;
#9056 = CIRCLE ( 'NONE', #8589, 3.000000000000002665 ) ;
#9057 = DIRECTION ( 'NONE',  ( -0.0000000000000000000, 1.000000000000000000, -0.0000000000000000000 ) ) ;
#9058 = ADVANCED_FACE ( 'NONE', ( #1915, #7484 ), #1909, .T. ) ;
#9059 = ORIENTED_EDGE ( 'NONE', *, *, #6048, .F. ) ;
#9060 = AXIS2_PLACEMENT_3D ( 'NONE', #5922, #148, #6685 ) ;
#9061 = EDGE_LOOP ( 'NONE', ( #5196, #1077, #4255, #8834 ) ) ;
#9062 = CARTESIAN_POINT ( 'NONE',  ( 128.9028508104821356, -1.506297168557844568, 1.322069881759899479 ) ) ;
#9063 = CARTESIAN_POINT ( 'NONE',  ( 120.0000000000000000, 5.000000000000000888, 0.0000000000000000000 ) ) ;
#9064 = ORIENTED_EDGE ( 'NONE', *, *, #4903, .F. ) ;
#9065 = CARTESIAN_POINT ( 'NONE',  ( 132.0872936599839704, -1.996721144634328704, -0.1297290627103553640 ) ) ;
#9066 = EDGE_CURVE ( 'NONE', #1656, #1255, #5346, .T. ) ;
#9067 = CARTESIAN_POINT ( 'NONE',  ( 132.0567567470800725, 1.932300876488078689, 0.5152558946188827704 ) ) ;
#9068 = ADVANCED_FACE ( 'NONE', ( #1231 ), #8939, .F. ) ;
#9069 = PRODUCT_DEFINITION_CONTEXT ( 'detailed design', #7709, 'design' ) ;
#9070 = CARTESIAN_POINT ( 'NONE',  ( 19.09893790797643121, 23.43849360530937176, 25.92364028572990620 ) ) ;
#9071 = CARTESIAN_POINT ( 'NONE',  ( 49.32399612951925860, 4.500000000000000888, 18.50000000000000355 ) ) ;
#9072 = LINE ( 'NONE', #4196, #7186 ) ;
#9073 = DIRECTION ( 'NONE',  ( 0.0000000000000000000, 0.0000000000000000000, 1.000000000000000000 ) ) ;
#9074 = CARTESIAN_POINT ( 'NONE',  ( 101.0263340389897166, 3.500000000000000888, 3.500000000000001332 ) ) ;
#9075 = CARTESIAN_POINT ( 'NONE',  ( 26.83695138517644452, -4.867212597867619728, 21.65064489359018651 ) ) ;
#9076 = ORIENTED_EDGE ( 'NONE', *, *, #210, .F. ) ;
#9077 = AXIS2_PLACEMENT_3D ( 'NONE', #3749, #5180, #7487 ) ;
#9078 = CARTESIAN_POINT ( 'NONE',  ( 70.00000000000000000, 4.000000000000000888, 64.02475001521551690 ) ) ;
#9079 = CARTESIAN_POINT ( 'NONE',  ( 132.9604207363345267, -0.5589909584586560953, 3.778569833101962150 ) ) ;
#9080 = EDGE_CURVE ( 'NONE', #4988, #3549, #3950, .T. ) ;
#9081 = LINE ( 'NONE', #1954, #8855 ) ;
#9082 = EDGE_CURVE ( 'NONE', #7392, #3421, #7044, .T. ) ;
#9083 = DIRECTION ( 'NONE',  ( 1.000000000000000000, 0.0000000000000000000, 1.677606415994443309E-17 ) ) ;
#9084 = CARTESIAN_POINT ( 'NONE',  ( 35.47360082587864127, -0.2198109982930958883, 11.32817897855620970 ) ) ;
#9085 = ORIENTED_EDGE ( 'NONE', *, *, #5187, .F. ) ;
#9086 = CARTESIAN_POINT ( 'NONE',  ( 131.7636443984879691, -1.169516554827684240, -1.622911032334699799 ) ) ;
#9087 = DIRECTION ( 'NONE',  ( 1.209068259567989456E-15, 0.0000000000000000000, -1.000000000000000000 ) ) ;
#9088 = CARTESIAN_POINT ( 'NONE',  ( 131.5921909113547201, 0.002176896479736009377, 1.999998769418139144 ) ) ;
#9089 = CARTESIAN_POINT ( 'NONE',  ( 32.93079359915464721, -1.519923831728868802, -10.98077565843738057 ) ) ;
#9090 = AXIS2_PLACEMENT_3D ( 'NONE', #7920, #7258, #687 ) ;
#9091 = ORIENTED_EDGE ( 'NONE', *, *, #7653, .T. ) ;
#9092 = VECTOR ( 'NONE', #4551, 1000.000000000000000 ) ;
#9093 = EDGE_LOOP ( 'NONE', ( #876, #719, #437, #2897 ) ) ;
#9094 = CARTESIAN_POINT ( 'NONE',  ( 128.8589535886260933, -1.221001245641723409, -1.588824478319757372 ) ) ;
#9095 = ORIENTED_EDGE ( 'NONE', *, *, #3772, .T. ) ;
#9096 = CARTESIAN_POINT ( 'NONE',  ( 14.40106209202366827, -12.50000000000000000, 32.10006176782744092 ) ) ;
#9097 = EDGE_CURVE ( 'NONE', #2570, #1390, #5079, .T. ) ;
#9098 = TOROIDAL_SURFACE ( 'NONE', #3605, 62.49999999999998579, 0.5000000000000000000 ) ;
#9099 = DIRECTION ( 'NONE',  ( -0.9104950003043079665, 0.0000000000000000000, -0.4135200774096202680 ) ) ;
#9100 = ORIENTED_EDGE ( 'NONE', *, *, #9253, .F. ) ;
#9101 = EDGE_CURVE ( 'NONE', #2667, #4901, #3612, .T. ) ;
#9102 = CARTESIAN_POINT ( 'NONE',  ( 131.7982597795402455, -1.281560669447611378, -1.535128590928700021 ) ) ;
#9103 = CARTESIAN_POINT ( 'NONE',  ( 131.7414422490726054, 1.089471162983981722, 1.676293910637939311 ) ) ;
#9104 = AXIS2_PLACEMENT_3D ( 'NONE', #2176, #8602, #1391 ) ;
#9105 = CARTESIAN_POINT ( 'NONE',  ( 38.00000000000000000, -3.500000000000000888, -5.000000000000000000 ) ) ;
#9106 = CARTESIAN_POINT ( 'NONE',  ( 18.00000000000000000, 5.000000000000000000, 35.00000000000000000 ) ) ;
#9107 = ADVANCED_FACE ( 'NONE', ( #8147 ), #9388, .T. ) ;
#9108 = CIRCLE ( 'NONE', #6831, 63.00000000000000000 ) ;
#9109 = FACE_OUTER_BOUND ( 'NONE', #4742, .T. ) ;
#9110 = CARTESIAN_POINT ( 'NONE',  ( 109.9310941345259920, 4.820761730213255269, 9.695105463951232849 ) ) ;
#9111 = ORIENTED_EDGE ( 'NONE', *, *, #6800, .T. ) ;
#9112 = ORIENTED_EDGE ( 'NONE', *, *, #3806, .F. ) ;
#9113 = CARTESIAN_POINT ( 'NONE',  ( 33.10116573911557225, -2.501133643062380951, -3.261399685150036643 ) ) ;
#9114 = CARTESIAN_POINT ( 'NONE',  ( 133.3854859858367661, -3.046237840142290931, 1.755539485946912448 ) ) ;
#9115 = ORIENTED_EDGE ( 'NONE', *, *, #2646, .F. ) ;
#9116 = DIRECTION ( 'NONE',  ( -2.398081733190338127E-14, 0.0000000000000000000, 1.000000000000000000 ) ) ;
#9117 = CIRCLE ( 'NONE', #3267, 25.00000000000000000 ) ;
#9118 = CIRCLE ( 'NONE', #6145, 22.00000000000000000 ) ;
#9119 = DIRECTION ( 'NONE',  ( -0.0000000000000000000, -1.000000000000000000, -0.0000000000000000000 ) ) ;
#9120 = CARTESIAN_POINT ( 'NONE',  ( 101.0263340389897166, -3.500000000000000888, 5.500000000000001776 ) ) ;
#9121 = ORIENTED_EDGE ( 'NONE', *, *, #3124, .T. ) ;
#9122 = CARTESIAN_POINT ( 'NONE',  ( 132.0807562401241739, -1.983064151908349615, -0.2579749898088691262 ) ) ;
#9123 = ADVANCED_FACE ( 'NONE', ( #2583 ), #2243, .F. ) ;
#9124 = ORIENTED_EDGE ( 'NONE', *, *, #577, .F. ) ;
#9125 = CARTESIAN_POINT ( 'NONE',  ( 132.9453232953446502, 0.003793145291143031061, 3.829961459206523422 ) ) ;
#9126 = CARTESIAN_POINT ( 'NONE',  ( 0.0000000000000000000, 12.50000000000000000, 0.0000000000000000000 ) ) ;
#9127 = CARTESIAN_POINT ( 'NONE',  ( 28.65132891149031380, -3.120275620367447100, -16.44556973756193941 ) ) ;
#9128 = B_SPLINE_CURVE_WITH_KNOTS ( 'NONE', 3,
 ( #5387, #4504, #899, #6848, #345, #2471, #7565, #3195, #8271, #3937 ),
 .UNSPECIFIED., .F., .F.,
 ( 4, 2, 2, 2, 4 ),
 ( 1.734723475976807094E-18, 0.001091276876231613707, 0.002182553752463225680, 0.003273830628694837652, 0.004365107504926449625 ),
 .UNSPECIFIED. ) ;
#9129 = LINE ( 'NONE', #9271, #3580 ) ;
#9130 = VERTEX_POINT ( 'NONE', #666 ) ;
#9131 = EDGE_CURVE ( 'NONE', #478, #1628, #8473, .T. ) ;
#9132 = DIRECTION ( 'NONE',  ( 0.0000000000000000000, -1.000000000000000000, -1.740523610644402991E-16 ) ) ;
#9133 = DIRECTION ( 'NONE',  ( -0.4135200774096209342, 0.0000000000000000000, 0.9104950003043076334 ) ) ;
#9134 = CARTESIAN_POINT ( 'NONE',  ( 32.62807024621083229, -4.994953881970650045, -4.942424546517137252 ) ) ;
#9135 = AXIS2_PLACEMENT_3D ( 'NONE', #5963, #8988, #6835 ) ;
#9136 = CARTESIAN_POINT ( 'NONE',  ( 15.08460647348984907, -4.000000000000000888, 35.00000000000000000 ) ) ;
#9137 = CIRCLE ( 'NONE', #7943, 14.99999999999999289 ) ;
#9138 = CARTESIAN_POINT ( 'NONE',  ( 28.70213530481050057, 2.800778404406915723, -20.49863327522650636 ) ) ;
#9139 = CARTESIAN_POINT ( 'NONE',  ( 21.04125881947897270, 6.599807471246584178, -23.47700973874255936 ) ) ;
#9140 = DIRECTION ( 'NONE',  ( 0.0000000000000000000, 0.0000000000000000000, 1.000000000000000000 ) ) ;
#9141 = EDGE_CURVE ( 'NONE', #2525, #7057, #8043, .T. ) ;
#9142 = EDGE_CURVE ( 'NONE', #5730, #1138, #1453, .T. ) ;
#9143 = CARTESIAN_POINT ( 'NONE',  ( 70.00000000000000000, -1.500000000000000888, 64.02475001521551690 ) ) ;
#9144 = CARTESIAN_POINT ( 'NONE',  ( 28.01007335741408255, -4.163329512933725773, 21.16609510798342342 ) ) ;
#9145 = EDGE_CURVE ( 'NONE', #3511, #1047, #8928, .T. ) ;
#9146 = CIRCLE ( 'NONE', #5320, 13.00000000000000178 ) ;
#9147 = CARTESIAN_POINT ( 'NONE',  ( 131.7902372099259480, 1.256907523716127795, -1.555073169718163228 ) ) ;
#9148 = ORIENTED_EDGE ( 'NONE', *, *, #491, .T. ) ;
#9149 = CARTESIAN_POINT ( 'NONE',  ( 19.09893790797643121, 12.50000000000000000, 25.92364028572990620 ) ) ;
#9150 = DIRECTION ( 'NONE',  ( 0.0000000000000000000, 0.0000000000000000000, -1.000000000000000000 ) ) ;
#9151 = AXIS2_PLACEMENT_3D ( 'NONE', #3132, #3869, #8151 ) ;
#9152 = COLOUR_RGB ( '',0.7764705882352941346, 0.7568627450980391913, 0.7372549019607843590 ) ;
#9153 = CARTESIAN_POINT ( 'NONE',  ( 131.5921533673529495, -0.06232549578828439074, 2.000071574219184356 ) ) ;
#9154 = CARTESIAN_POINT ( 'NONE',  ( 33.16908070463835401, -2.381830841197454696, 3.336373952360832895 ) ) ;
#9155 = ORIENTED_EDGE ( 'NONE', *, *, #3758, .T. ) ;
#9156 = DIRECTION ( 'NONE',  ( 0.0000000000000000000, 0.0000000000000000000, -1.000000000000000000 ) ) ;
#9157 = CIRCLE ( 'NONE', #2597, 9.999999999999998224 ) ;
#9158 = CARTESIAN_POINT ( 'NONE',  ( 28.10675701869502063, -4.000000000000004441, -21.07179676972446458 ) ) ;
#9159 = ORIENTED_EDGE ( 'NONE', *, *, #524, .F. ) ;
#9160 = CARTESIAN_POINT ( 'NONE',  ( 28.60849032978482143, -3.179896636185571612, -16.49762648865787895 ) ) ;
#9161 = ADVANCED_FACE ( 'NONE', ( #4394 ), #198, .F. ) ;
#9162 = CARTESIAN_POINT ( 'NONE',  ( 32.89087137095556557, 5.249855219576784471, 3.991193066721779203 ) ) ;
#9163 = ORIENTED_EDGE ( 'NONE', *, *, #6719, .T. ) ;
#9164 = AXIS2_PLACEMENT_3D ( 'NONE', #6365, #468, #4865 ) ;
#9165 = CARTESIAN_POINT ( 'NONE',  ( 104.0586805369449621, 2.414121105229400044, 5.348384627694522386 ) ) ;
#9166 = DIRECTION ( 'NONE',  ( 0.0000000000000000000, -0.0000000000000000000, 1.000000000000000000 ) ) ;
#9167 = CARTESIAN_POINT ( 'NONE',  ( -5.871622455980550503E-17, 3.500000000000000888, 3.499999999999999556 ) ) ;
#9168 = CARTESIAN_POINT ( 'NONE',  ( 12.52539970135020475, 4.886875450365797846, 35.00000000000000000 ) ) ;
#9169 = CARTESIAN_POINT ( 'NONE',  ( 1.571788737438387200E-14, -12.50000000000000000, -22.00000000000000000 ) ) ;
#9170 = ADVANCED_FACE ( 'NONE', ( #769 ), #2133, .F. ) ;
#9171 = CIRCLE ( 'NONE', #8722, 2.000000000000000000 ) ;
#9172 = VERTEX_POINT ( 'NONE', #7168 ) ;
#9173 = DIRECTION ( 'NONE',  ( -1.000000000000000000, 0.0000000000000000000, 0.0000000000000000000 ) ) ;
#9174 = EDGE_CURVE ( 'NONE', #8746, #3445, #6162, .T. ) ;
#9175 = DIRECTION ( 'NONE',  ( 0.0000000000000000000, 1.000000000000000000, -1.740523610644402991E-16 ) ) ;
#9176 = CARTESIAN_POINT ( 'NONE',  ( 131.6007581438450416, 0.2551431633875735905, -1.983247101665146062 ) ) ;
#9177 = AXIS2_PLACEMENT_3D ( 'NONE', #2352, #3761, #8214 ) ;
#9178 = ORIENTED_EDGE ( 'NONE', *, *, #5993, .F. ) ;
#9179 = FACE_OUTER_BOUND ( 'NONE', #4840, .T. ) ;
#9180 = VERTEX_POINT ( 'NONE', #9226 ) ;
#9181 = CARTESIAN_POINT ( 'NONE',  ( 132.0113248884752011, -1.831686420773661172, 0.7979067584893247966 ) ) ;
#9182 = CARTESIAN_POINT ( 'NONE',  ( 128.7559716054933006, 2.168404344971008868E-16, 2.000000000000000000 ) ) ;
#9183 = CARTESIAN_POINT ( 'NONE',  ( 0.0000000000000000000, 5.000000000000000888, -30.00000000000000000 ) ) ;
#9184 = EDGE_CURVE ( 'NONE', #6422, #8760, #8708, .T. ) ;
#9185 = CIRCLE ( 'NONE', #8830, 27.99999999999999645 ) ;
#9186 = EDGE_LOOP ( 'NONE', ( #1514, #7829, #7797, #3759 ) ) ;
#9187 = AXIS2_PLACEMENT_3D ( 'NONE', #2315, #8713, #7316 ) ;
#9188 = DIRECTION ( 'NONE',  ( -0.0000000000000000000, 1.000000000000000000, -0.0000000000000000000 ) ) ;
#9189 = DIRECTION ( 'NONE',  ( 0.0000000000000000000, 1.000000000000000000, 0.0000000000000000000 ) ) ;
#9190 = CARTESIAN_POINT ( 'NONE',  ( 18.00000000000000000, 5.000000000000000000, -35.00000000000000000 ) ) ;
#9191 = CARTESIAN_POINT ( 'NONE',  ( 12.53700161082352338, 4.042296414261334903, 35.00000000000000000 ) ) ;
#9192 = VECTOR ( 'NONE', #866, 1000.000000000000000 ) ;
#9193 = CARTESIAN_POINT ( 'NONE',  ( 32.62827111048904527, -6.544217045694625590, -3.000000000000001332 ) ) ;
#9194 = EDGE_CURVE ( 'NONE', #681, #6165, #2458, .T. ) ;
#9195 = VERTEX_POINT ( 'NONE', #8488 ) ;
#9196 = EDGE_LOOP ( 'NONE', ( #555, #4786, #4912, #7424 ) ) ;
#9197 = DIRECTION ( 'NONE',  ( 0.8660254037844379305, 0.0000000000000000000, -0.5000000000000012212 ) ) ;
#9198 = ADVANCED_FACE ( 'NONE', ( #2360 ), #538, .F. ) ;
#9199 = DIRECTION ( 'NONE',  ( -1.209068259567989062E-15, 0.0000000000000000000, -1.000000000000000000 ) ) ;
#9200 = VERTEX_POINT ( 'NONE', #7901 ) ;
#9201 = CARTESIAN_POINT ( 'NONE',  ( 113.3468963513340384, 4.000000000000000888, 11.74675324675324539 ) ) ;
#9202 = CIRCLE ( 'NONE', #2086, 1.000000000000000888 ) ;
#9203 = AXIS2_PLACEMENT_3D ( 'NONE', #4736, #1804, #5377 ) ;
#9204 = ORIENTED_EDGE ( 'NONE', *, *, #2219, .T. ) ;
#9205 = DIRECTION ( 'NONE',  ( 0.0000000000000000000, 0.0000000000000000000, 1.000000000000000000 ) ) ;
#9206 = ORIENTED_EDGE ( 'NONE', *, *, #6208, .T. ) ;
#9207 = EDGE_CURVE ( 'NONE', #7004, #681, #3374, .T. ) ;
#9208 = CARTESIAN_POINT ( 'NONE',  ( 6.045341297839941364E-15, 12.50000000000000000, 29.99999999999999645 ) ) ;
#9209 = DIRECTION ( 'NONE',  ( 0.0000000000000000000, 0.0000000000000000000, 1.000000000000000000 ) ) ;
#9210 = CARTESIAN_POINT ( 'NONE',  ( 31.60696125855821847, -9.735427445389468915, -3.000000000000000888 ) ) ;
#9211 = CARTESIAN_POINT ( 'NONE',  ( 132.0563190429712108, -1.931014405922086619, 0.5177667221559225652 ) ) ;
#9212 = ADVANCED_FACE ( 'NONE', ( #658 ), #5692, .F. ) ;
#9213 = CARTESIAN_POINT ( 'NONE',  ( 28.10675701869497800, 4.000000000000000888, 21.07179676972451787 ) ) ;
#9214 = DIRECTION ( 'NONE',  ( 0.9104950003043108531, 0.0000000000000000000, -0.4135200774096138288 ) ) ;
#9215 = CARTESIAN_POINT ( 'NONE',  ( 25.00000000000003553, 0.0000000000000000000, -27.99999999999996803 ) ) ;
#9216 = LINE ( 'NONE', #880, #4572 ) ;
#9217 = VERTEX_POINT ( 'NONE', #7353 ) ;
#9218 = AXIS2_PLACEMENT_3D ( 'NONE', #4593, #4619, #8940 ) ;
#9219 = EDGE_LOOP ( 'NONE', ( #6339, #5686, #4083 ) ) ;
#9220 = LINE ( 'NONE', #1597, #5707 ) ;
#9221 = VERTEX_POINT ( 'NONE', #4313 ) ;
#9222 = ORIENTED_EDGE ( 'NONE', *, *, #34, .F. ) ;
#9223 = DIRECTION ( 'NONE',  ( -0.0000000000000000000, -1.000000000000000000, -0.0000000000000000000 ) ) ;
#9224 = CARTESIAN_POINT ( 'NONE',  ( 12.90106209202365761, 12.50000000000000000, 29.50198555647411780 ) ) ;
#9225 = DIRECTION ( 'NONE',  ( 0.0000000000000000000, 0.0000000000000000000, -1.000000000000000000 ) ) ;
#9226 = CARTESIAN_POINT ( 'NONE',  ( 1.571788737438387200E-14, 12.50000000000000000, -22.00000000000000000 ) ) ;
#9227 = VECTOR ( 'NONE', #8802, 1000.000000000000000 ) ;
#9228 = CARTESIAN_POINT ( 'NONE',  ( 32.79329440456444189, -5.472109308465337385, 3.701895928302550764 ) ) ;
#9229 = CARTESIAN_POINT ( 'NONE',  ( 14.74391281067475923, 5.000000000000002665, 34.04764431590725593 ) ) ;
#9230 = ORIENTED_EDGE ( 'NONE', *, *, #5370, .F. ) ;
#9231 =( BOUNDED_SURFACE ( )  B_SPLINE_SURFACE ( 3, 2, ( 
 ( #1540, #4292, #5779 ),
 ( #2993, #2259, #5104 ),
 ( #5137, #5071, #9360 ),
 ( #770, #2959, #7266 ),
 ( #5047, #708, #3705 ),
 ( #5008, #802, #7298 ),
 ( #4350, #5750, #1 ),
 ( #1468, #5851, #6576 ),
 ( #8763, #2198, #1504 ),
 ( #7331, #4409, #7589 ) ),
 .UNSPECIFIED., .F., .F., .F. ) 
 B_SPLINE_SURFACE_WITH_KNOTS ( ( 4, 2, 2, 2, 4 ),
 ( 3, 3 ),
 ( 0.0000000000000000000, 0.001091976997524665878, 0.002183953995049331756, 0.003275930992573997634, 0.004367907990098663512 ),
 ( 0.0000000000000000000, 1.000000000000000000 ),
 .UNSPECIFIED. ) 
 GEOMETRIC_REPRESENTATION_ITEM ( )  RATIONAL_B_SPLINE_SURFACE ( (
 ( 1.000000000000000000, 0.7071067811865475727, 1.000000000000000000),
 ( 1.000000000000000000, 0.7239670719750451733, 1.000000000000000000),
 ( 1.000000000000000000, 0.7383993387816900622, 1.000000000000000000),
 ( 1.000000000000000000, 0.7584627377511610202, 1.000000000000000000),
 ( 1.000000000000000000, 0.7639792270817010733, 1.000000000000000000),
 ( 1.000000000000000000, 0.7639792270817010733, 1.000000000000000000),
 ( 1.000000000000000000, 0.7584627377511610202, 1.000000000000000000),
 ( 1.000000000000000000, 0.7383993387816900622, 1.000000000000000000),
 ( 1.000000000000000000, 0.7239670719750448402, 1.000000000000000000),
 ( 1.000000000000000000, 0.7071067811865475727, 1.000000000000000000) ) ) 
 REPRESENTATION_ITEM ( '' )  SURFACE ( )  );
#9232 = DIRECTION ( 'NONE',  ( 1.000000000000000000, -0.0000000000000000000, 1.356728424568866558E-16 ) ) ;
#9233 = VECTOR ( 'NONE', #4716, 1000.000000000000000 ) ;
#9234 = VERTEX_POINT ( 'NONE', #2157 ) ;
#9235 = ORIENTED_EDGE ( 'NONE', *, *, #4164, .F. ) ;
#9236 = ORIENTED_EDGE ( 'NONE', *, *, #1065, .F. ) ;
#9237 = AXIS2_PLACEMENT_3D ( 'NONE', #1332, #4829, #1998 ) ;
#9238 = DIRECTION ( 'NONE',  ( -0.9104950003043079665, -0.0000000000000000000, -0.4135200774096202680 ) ) ;
#9239 = CARTESIAN_POINT ( 'NONE',  ( 49.32399612951925860, 5.000000000000000888, -7.500000000000000888 ) ) ;
#9240 = CIRCLE ( 'NONE', #480, 3.000000000000000000 ) ;
#9241 = ORIENTED_EDGE ( 'NONE', *, *, #2094, .F. ) ;
#9242 = CARTESIAN_POINT ( 'NONE',  ( 32.87972186256284601, -3.193147272182970120, -3.017918894966222787 ) ) ;
#9243 = CARTESIAN_POINT ( 'NONE',  ( 133.4913023398402743, 3.401630632162003565, 0.5003830074693856877 ) ) ;
#9244 = EDGE_CURVE ( 'NONE', #7496, #5472, #4509, .T. ) ;
#9245 = ORIENTED_EDGE ( 'NONE', *, *, #1828, .T. ) ;
#9246 = CARTESIAN_POINT ( 'NONE',  ( 32.98816578031856750, -2.758757399065828508, 3.136931490472687489 ) ) ;
#9247 = DIRECTION ( 'NONE',  ( 1.000000000000000000, 0.0000000000000000000, 0.0000000000000000000 ) ) ;
#9248 = CIRCLE ( 'NONE', #6073, 16.50000000000000355 ) ;
#9249 = AXIS2_PLACEMENT_3D ( 'NONE', #4179, #5735, #4866 ) ;
#9250 = CARTESIAN_POINT ( 'NONE',  ( 131.8831923678600049, -1.522110857718234289, 1.297312300270189178 ) ) ;
#9251 = ORIENTED_EDGE ( 'NONE', *, *, #3585, .T. ) ;
#9252 = ADVANCED_FACE ( 'NONE', ( #6590 ), #428, .T. ) ;
#9253 = EDGE_CURVE ( 'NONE', #4637, #691, #4838, .T. ) ;
#9254 = CIRCLE ( 'NONE', #1084, 3.000000000000002665 ) ;
#9255 = CARTESIAN_POINT ( 'NONE',  ( 28.07545010501340244, -4.812226627982279403, -17.14146595382475269 ) ) ;
#9256 = CARTESIAN_POINT ( 'NONE',  ( 32.37716346428426561, -6.005720584706866205, -3.259593005462424031 ) ) ;
#9257 = CARTESIAN_POINT ( 'NONE',  ( 43.94823512319425163, -4.500000000000000888, -6.663564996043986888 ) ) ;
#9258 = CARTESIAN_POINT ( 'NONE',  ( 132.0809214035140258, 1.983445467366293569, -0.2616423515096113483 ) ) ;
#9259 = ADVANCED_FACE ( 'NONE', ( #6231 ), #6809, .T. ) ;
#9260 = ORIENTED_EDGE ( 'NONE', *, *, #7078, .F. ) ;
#9261 = LINE ( 'NONE', #6786, #5863 ) ;
#9262 = CARTESIAN_POINT ( 'NONE',  ( 32.69681038580451116, 0.8204947086638276765, 13.25582859547614767 ) ) ;
#9263 = EDGE_CURVE ( 'NONE', #1743, #8213, #7703, .T. ) ;
#9264 = EDGE_CURVE ( 'NONE', #930, #7392, #4290, .T. ) ;
#9265 = EDGE_CURVE ( 'NONE', #321, #7735, #8246, .T. ) ;
#9266 = CARTESIAN_POINT ( 'NONE',  ( 131.8052492800318305, 1.303909842932151841, -1.516511058216946761 ) ) ;
#9267 = CARTESIAN_POINT ( 'NONE',  ( 133.4319990195541834, 3.207024757293240214, -1.358266396728613490 ) ) ;
#9268 = CIRCLE ( 'NONE', #4951, 4.500000000000000888 ) ;
#9269 = VERTEX_POINT ( 'NONE', #3066 ) ;
#9270 = AXIS2_PLACEMENT_3D ( 'NONE', #8914, #2445, #8969 ) ;
#9271 = CARTESIAN_POINT ( 'NONE',  ( 18.50000000000004619, 5.000000000000000888, -32.04293994002420476 ) ) ;
#9272 = CARTESIAN_POINT ( 'NONE',  ( 131.8265173967299972, 1.367257393917202801, -1.459948454252262051 ) ) ;
#9273 = CARTESIAN_POINT ( 'NONE',  ( 31.60696125855821847, -7.000000000000002665, -5.000000000000000888 ) ) ;
#9274 = CIRCLE ( 'NONE', #5436, 1.000000000000000888 ) ;
#9275 = CARTESIAN_POINT ( 'NONE',  ( 18.00000000000003197, 0.0000000000000000000, -27.99999999999997868 ) ) ;
#9276 = VERTEX_POINT ( 'NONE', #4524 ) ;
#9277 = EDGE_CURVE ( 'NONE', #3680, #5499, #7921, .T. ) ;
#9278 = EDGE_CURVE ( 'NONE', #1743, #7423, #6100, .T. ) ;
#9279 = CARTESIAN_POINT ( 'NONE',  ( 33.15186717383829773, 5.138563778076742139, 3.643889533504019784 ) ) ;
#9280 = AXIS2_PLACEMENT_3D ( 'NONE', #2790, #8583, #3822 ) ;
#9281 = CYLINDRICAL_SURFACE ( 'NONE', #7993, 2.000000000000000000 ) ;
#9282 = DIRECTION ( 'NONE',  ( 0.0000000000000000000, 0.0000000000000000000, -1.000000000000000000 ) ) ;
#9283 = CARTESIAN_POINT ( 'NONE',  ( 32.86660483872609717, -7.019201731676002254, 3.000092150374470634 ) ) ;
#9284 = ORIENTED_EDGE ( 'NONE', *, *, #4704, .F. ) ;
#9285 = CARTESIAN_POINT ( 'NONE',  ( 32.84669928443689457, -6.107988162795508380, -3.204835055415527822 ) ) ;
#9286 = CARTESIAN_POINT ( 'NONE',  ( 113.3468963513340384, 4.000000000000000888, 11.74675324675324539 ) ) ;
#9287 = ORIENTED_EDGE ( 'NONE', *, *, #3952, .T. ) ;
#9288 = VERTEX_POINT ( 'NONE', #8206 ) ;
#9289 = EDGE_CURVE ( 'NONE', #2522, #3794, #4610, .T. ) ;
#9290 = CARTESIAN_POINT ( 'NONE',  ( 32.47813673319990357, 0.1091076648988848347, 13.41734169402641719 ) ) ;
#9291 = CARTESIAN_POINT ( 'NONE',  ( 3.929471843595968000E-14, 5.510910596163109277E-16, -32.50000000000000000 ) ) ;
#9292 = ADVANCED_FACE ( 'NONE', ( #4054 ), #6358, .F. ) ;
#9293 = VECTOR ( 'NONE', #8290, 1000.000000000000000 ) ;
#9294 = CARTESIAN_POINT ( 'NONE',  ( 20.59893790797642765, 23.43849360530937176, -28.52171649708322576 ) ) ;
#9295 = DIRECTION ( 'NONE',  ( 0.0000000000000000000, 0.0000000000000000000, 1.000000000000000000 ) ) ;
#9296 = ORIENTED_EDGE ( 'NONE', *, *, #4082, .F. ) ;
#9297 = ORIENTED_EDGE ( 'NONE', *, *, #7521, .F. ) ;
#9298 = CARTESIAN_POINT ( 'NONE',  ( 132.0231280031674146, 1.858828908121726409, 0.7338876516461717570 ) ) ;
#9299 = AXIS2_PLACEMENT_3D ( 'NONE', #215, #1717, #2493 ) ;
#9300 = CARTESIAN_POINT ( 'NONE',  ( 132.9472705157382961, 0.2281897290736339401, 3.823396465098325425 ) ) ;
#9301 = VECTOR ( 'NONE', #3632, 1000.000000000000000 ) ;
#9302 = CARTESIAN_POINT ( 'NONE',  ( 70.00000000000000000, -1.500000000000000888, 64.02475001521551690 ) ) ;
#9303 = ORIENTED_EDGE ( 'NONE', *, *, #4234, .F. ) ;
#9304 = CARTESIAN_POINT ( 'NONE',  ( 131.9928612304216813, 1.790911350760171050, -0.8893919155251303055 ) ) ;
#9305 = CARTESIAN_POINT ( 'NONE',  ( 15.08460647348984907, 4.000000000000000888, -34.00000000000000000 ) ) ;
#9306 = DIRECTION ( 'NONE',  ( 5.759281940242994505E-14, 0.0000000000000000000, 1.000000000000000000 ) ) ;
#9307 = DIRECTION ( 'NONE',  ( 0.0000000000000000000, 0.0000000000000000000, 1.000000000000000000 ) ) ;
#9308 = EDGE_CURVE ( 'NONE', #8561, #1289, #2690, .T. ) ;
#9309 = ORIENTED_EDGE ( 'NONE', *, *, #649, .T. ) ;
#9310 = AXIS2_PLACEMENT_3D ( 'NONE', #6591, #7922, #1431 ) ;
#9311 = VECTOR ( 'NONE', #3646, 1000.000000000000000 ) ;
#9312 = ORIENTED_EDGE ( 'NONE', *, *, #6698, .F. ) ;
#9313 = CARTESIAN_POINT ( 'NONE',  ( 38.18386196821970913, 1.330830141527306720, 13.15488322446889846 ) ) ;
#9314 = CLOSED_SHELL ( 'NONE', ( #3316, #451, #5608, #5105, #1229, #3745, #2688, #4963, #4114, #6966, #1416, #1026, #5685, #5455, #408, #4678, #1803, #8682, #552, #7017, #2044, #4025, #6175, #7332, #601, #1455, #1505, #3988, #116, #6338, #4442, #75, #6351, #7009, #2659, #7063, #8296, #6857, #6577, #3974, #6121, #8724, #3399, #3366, #5062, #5192, #7246, #2076, #1553, #4870, #1171, #1935, #419, #841, #8386, #7417, #2827, #3220, #7790, #5643, #4821, #1506, #3649, #7707, #1763, #3706, #317, #7662, #1903, #6873, #8031, #6474, #5654, #2166, #2030, #1791, #4783, #3203, #6621, #1090, #4492, #3253, #6240, #8624, #2783, #5394, #9170, #1041, #9198, #3943, #2878, #9058, #5594, #743, #2306, #2216, #5009, #6136, #1188, #9259, #5156, #6622, #9107, #4037, #8578, #8531, #3499, #2307, #3266, #6438, #7879, #8778, #6578, #1858, #7831, #7047, #6921, #4774, #886, #8399, #7608, #8436, #4920, #2975, #8120, #5502, #4396, #5555, #2508, #2927, #4077, #4268, #4216, #786, #4831, #3599, #1266, #4494, #2561, #3024, #884, #3930, #3302, #2731, #6195, #2260, #7751, #6712, #115, #5737, #1081, #9390, #7149, #6952, #5545, #3545, #3025, #9161, #1986, #8308, #4735, #8355, #8030, #7740, #1595, #7571, #3797, #9068, #20, #5106, #7375, #5780, #9292, #647, #9016, #74, #8452, #7968, #6275, #7418, #6382, #7695, #5442, #4133, #2696, #1365, #1120, #5829, #4064, #7646, #1948, #787, #744, #9212, #9123, #2976, #9345, #2608, #168, #3456, #8819, #2595, #5875, #4692, #4167, #690, #517, #8073, #1596, #506, #5926, #6293, #2495, #1321, #5407, #8119, #467, #1841, #1133, #3356, #9025, #352, #5517, #3707, #6524, #6397, #5877, #6674, #1276, #5060, #8723, #3414, #9252, #369, #2217, #7194, #2123, #5830, #4627, #7279, #4642, #4351, #4305, #7923, #2002, #7096, #2550 ) ) ;
#9315 = DIRECTION ( 'NONE',  ( -0.0000000000000000000, -1.000000000000000000, -0.0000000000000000000 ) ) ;
#9316 = DIRECTION ( 'NONE',  ( 0.0000000000000000000, 0.0000000000000000000, 1.000000000000000000 ) ) ;
#9317 = DIRECTION ( 'NONE',  ( 0.0000000000000000000, -1.000000000000000000, 0.0000000000000000000 ) ) ;
#9318 = ORIENTED_EDGE ( 'NONE', *, *, #6448, .F. ) ;
#9319 = DIRECTION ( 'NONE',  ( 0.0000000000000000000, 0.0000000000000000000, 1.000000000000000000 ) ) ;
#9320 = EDGE_CURVE ( 'NONE', #2525, #1585, #7035, .T. ) ;
#9321 = LINE ( 'NONE', #7610, #2858 ) ;
#9322 = CARTESIAN_POINT ( 'NONE',  ( 131.8984877300755727, 1.562509452692502965, -1.248254659291254676 ) ) ;
#9323 = EDGE_CURVE ( 'NONE', #6931, #4091, #4171, .T. ) ;
#9324 = VERTEX_POINT ( 'NONE', #125 ) ;
#9325 = DIRECTION ( 'NONE',  ( 0.4135200774096138288, 0.0000000000000000000, -0.9104950003043107420 ) ) ;
#9326 = VERTEX_POINT ( 'NONE', #5935 ) ;
#9327 = DIRECTION ( 'NONE',  ( 0.0000000000000000000, 1.000000000000000000, 0.0000000000000000000 ) ) ;
#9328 = EDGE_LOOP ( 'NONE', ( #6747, #1573, #7718 ) ) ;
#9329 = CIRCLE ( 'NONE', #8990, 5.000000000000004441 ) ;
#9330 = CARTESIAN_POINT ( 'NONE',  ( 49.32399612951925860, 5.000000000000000888, 18.50000000000000355 ) ) ;
#9331 = CARTESIAN_POINT ( 'NONE',  ( 19.09893790797643121, -13.43849360530937176, 25.92364028572990620 ) ) ;
#9332 = CARTESIAN_POINT ( 'NONE',  ( 131.9311961422263266, 1.644473456300938663, 1.137249338088736961 ) ) ;
#9333 = CARTESIAN_POINT ( 'NONE',  ( 133.5000203995173251, 3.429694932269287566, 0.05903914374560719630 ) ) ;
#9334 = VECTOR ( 'NONE', #7244, 1000.000000000000000 ) ;
#9335 = VERTEX_POINT ( 'NONE', #1587 ) ;
#9336 = CARTESIAN_POINT ( 'NONE',  ( 104.0333886874167035, -1.561846587614996729, 4.163557267547067120 ) ) ;
#9337 = CIRCLE ( 'NONE', #8330, 2.000000000000002665 ) ;
#9338 = DIRECTION ( 'NONE',  ( 0.6835668097206930582, 0.0000000000000000000, 0.7298879480086473137 ) ) ;
#9339 = CARTESIAN_POINT ( 'NONE',  ( 131.8839049585380963, 1.524635606898649298, 1.294482720805598897 ) ) ;
#9340 = ORIENTED_EDGE ( 'NONE', *, *, #6404, .T. ) ;
#9341 = EDGE_CURVE ( 'NONE', #8657, #3359, #5070, .T. ) ;
#9342 = ORIENTED_EDGE ( 'NONE', *, *, #6926, .T. ) ;
#9343 = CARTESIAN_POINT ( 'NONE',  ( 8.116411109992025530, -7.000000000000002665, -28.95357605663032174 ) ) ;
#9344 = CARTESIAN_POINT ( 'NONE',  ( 28.43317767385565276, 4.643176137668550751, 16.71017565083894496 ) ) ;
#9345 = ADVANCED_FACE ( 'NONE', ( #7807 ), #1630, .F. ) ;
#9346 = AXIS2_PLACEMENT_3D ( 'NONE', #2056, #9247, #7157 ) ;
#9347 = CIRCLE ( 'NONE', #6529, 2.000000000000002665 ) ;
#9348 = VERTEX_POINT ( 'NONE', #6721 ) ;
#9349 = ORIENTED_EDGE ( 'NONE', *, *, #2586, .F. ) ;
#9350 = VERTEX_POINT ( 'NONE', #1103 ) ;
#9351 = DIRECTION ( 'NONE',  ( 1.000000000000000000, -0.0000000000000000000, 1.209068259567990048E-15 ) ) ;
#9352 = DIRECTION ( 'NONE',  ( 1.000000000000000000, 0.0000000000000000000, -1.356728424568866558E-16 ) ) ;
#9353 = CARTESIAN_POINT ( 'NONE',  ( 101.0263340389897166, -1.500000000000000888, 5.500000000000001776 ) ) ;
#9354 = CARTESIAN_POINT ( 'NONE',  ( 110.0390811933892223, -5.000000000000000000, 9.112085191003643558 ) ) ;
#9355 = CYLINDRICAL_SURFACE ( 'NONE', #7717, 13.00000000000000178 ) ;
#9356 = CARTESIAN_POINT ( 'NONE',  ( 104.7297295151357019, 5.000000000000000888, 6.250507124952557447 ) ) ;
#9357 = ORIENTED_EDGE ( 'NONE', *, *, #9244, .F. ) ;
#9358 = AXIS2_PLACEMENT_3D ( 'NONE', #3370, #4950, #8565 ) ;
#9359 = CARTESIAN_POINT ( 'NONE',  ( 70.00000000000000000, -5.000000000000000888, 64.02475001521551690 ) ) ;
#9360 = CARTESIAN_POINT ( 'NONE',  ( 14.35672482424866203, -4.012368233432360931, -35.00000000000000000 ) ) ;
#9361 = CARTESIAN_POINT ( 'NONE',  ( 32.77194917244274563, 4.663666276331247751, -4.249540872286899251 ) ) ;
#9362 = DIRECTION ( 'NONE',  ( 0.0000000000000000000, 0.0000000000000000000, 1.000000000000000000 ) ) ;
#9363 = CARTESIAN_POINT ( 'NONE',  ( 22.74837764801966600, 23.43849360530937176, 22.50580623712643913 ) ) ;
#9364 = CIRCLE ( 'NONE', #4965, 27.49999999999999645 ) ;
#9365 = CARTESIAN_POINT ( 'NONE',  ( 131.9971005944493356, 1.800479397215139610, -0.8683471921535435012 ) ) ;
#9366 = CARTESIAN_POINT ( 'NONE',  ( 132.9545453369186419, 0.4464535937984923653, -3.798674257628485318 ) ) ;
#9367 = DIRECTION ( 'NONE',  ( 0.0000000000000000000, 0.0000000000000000000, 1.000000000000000000 ) ) ;
#9368 = ORIENTED_EDGE ( 'NONE', *, *, #7238, .T. ) ;
#9369 = CARTESIAN_POINT ( 'NONE',  ( 104.5173798165916139, -3.227673508087664178, 5.704332956551940725 ) ) ;
#9370 = AXIS2_PLACEMENT_3D ( 'NONE', #8228, #3175, #6105 ) ;
#9371 = CARTESIAN_POINT ( 'NONE',  ( 131.7631056160328740, 1.167291780483092234, -1.623144776677508005 ) ) ;
#9372 = PLANE ( 'NONE',  #6845 ) ;
#9373 = FACE_OUTER_BOUND ( 'NONE', #6961, .T. ) ;
#9374 = CARTESIAN_POINT ( 'NONE',  ( 49.32399612951925860, -3.500000000000000888, 3.500000000000000444 ) ) ;
#9375 = CARTESIAN_POINT ( 'NONE',  ( 27.95220480685205899, 4.842062510922474416, 17.28918567743192369 ) ) ;
#9376 = ORIENTED_EDGE ( 'NONE', *, *, #3072, .F. ) ;
#9377 = EDGE_CURVE ( 'NONE', #9234, #2762, #3141, .T. ) ;
#9378 = DIRECTION ( 'NONE',  ( -1.067522139062650277E-15, 0.0000000000000000000, 1.000000000000000000 ) ) ;
#9379 = FACE_OUTER_BOUND ( 'NONE', #107, .T. ) ;
#9380 = CARTESIAN_POINT ( 'NONE',  ( 133.3144882479982130, -2.787913754283252388, -2.232804801625158930 ) ) ;
#9381 = DIRECTION ( 'NONE',  ( 0.0000000000000000000, 0.0000000000000000000, 1.000000000000000000 ) ) ;
#9382 = DIRECTION ( 'NONE',  ( 0.0000000000000000000, 0.0000000000000000000, -1.000000000000000000 ) ) ;
#9383 = CARTESIAN_POINT ( 'NONE',  ( 101.0263340389897166, -5.000000000000000888, 6.000000000000001776 ) ) ;
#9384 = CARTESIAN_POINT ( 'NONE',  ( 14.35672482424866203, 4.012368233432360043, -35.00000000000000000 ) ) ;
#9385 = CARTESIAN_POINT ( 'NONE',  ( 109.0837000562858066, 6.000000000000000888, 7.942568573129571874 ) ) ;
#9386 = CARTESIAN_POINT ( 'NONE',  ( 131.6053485445389981, 0.3210420615865753335, -1.974161851749784757 ) ) ;
#9387 = AXIS2_PLACEMENT_3D ( 'NONE', #3409, #4147, #9209 ) ;
#9388 = CYLINDRICAL_SURFACE ( 'NONE', #7414, 12.99999999999999822 ) ;
#9389 = CARTESIAN_POINT ( 'NONE',  ( 49.32399612951925860, 3.500000000000000888, 3.500000000000000444 ) ) ;
#9390 = ADVANCED_FACE ( 'NONE', ( #6471 ), #3941, .F. ) ;
#9391 = FACE_OUTER_BOUND ( 'NONE', #1580, .T. ) ;
#9392 = DIRECTION ( 'NONE',  ( -2.664535259100375697E-15, 0.0000000000000000000, 1.000000000000000000 ) ) ;
#9393 = EDGE_CURVE ( 'NONE', #3359, #2522, #5873, .T. ) ;
#9394 = EDGE_CURVE ( 'NONE', #2042, #259, #890, .T. ) ;
#9395 = CARTESIAN_POINT ( 'NONE',  ( 131.9677572436229411, 1.732697924191521910, -0.9985240202524813258 ) ) ;
#9396 = DIRECTION ( 'NONE',  ( 0.0000000000000000000, 1.000000000000000000, 0.0000000000000000000 ) ) ;
#9397 = CIRCLE ( 'NONE', #3502, 59.99999999999999289 ) ;
#9398 = ORIENTED_EDGE ( 'NONE', *, *, #1432, .T. ) ;
#9399 = AXIS2_PLACEMENT_3D ( 'NONE', #2552, #3271, #6142 ) ;
#9400 = DIRECTION ( 'NONE',  ( -0.0000000000000000000, 1.000000000000000000, -0.0000000000000000000 ) ) ;
#9401 = CARTESIAN_POINT ( 'NONE',  ( 101.0263340389897166, -4.500000000000000888, -6.000000000000000000 ) ) ;
#9402 = CARTESIAN_POINT ( 'NONE',  ( 131.6452111866933024, 0.6459823715469977801, 1.892260407373443920 ) ) ;
#9403 = ORIENTED_EDGE ( 'NONE', *, *, #5746, .T. ) ;
#9404 = DIRECTION ( 'NONE',  ( 0.0000000000000000000, 1.000000000000000000, -1.740523610644402991E-16 ) ) ;
#9405 = EDGE_CURVE ( 'NONE', #822, #8495, #7580, .T. ) ;
#9406 = ORIENTED_EDGE ( 'NONE', *, *, #2784, .F. ) ;
#9407 = VERTEX_POINT ( 'NONE', #3222 ) ;
#9408 = DIRECTION ( 'NONE',  ( 0.0000000000000000000, 1.000000000000000000, 0.0000000000000000000 ) ) ;
#9409 = AXIS2_PLACEMENT_3D ( 'NONE', #2757, #8487, #2012 ) ;
#9410 = CARTESIAN_POINT ( 'NONE',  ( 133.4930840497419808, -3.407339543861493070, -0.4365655289626538260 ) ) ;
#9411 = DIRECTION ( 'NONE',  ( -0.0000000000000000000, -1.000000000000000000, -0.0000000000000000000 ) ) ;
#9412 = CARTESIAN_POINT ( 'NONE',  ( 110.7850230944737149, 4.987219105081194925, 9.870062149759732506 ) ) ;
#9413 = CARTESIAN_POINT ( 'NONE',  ( 14.74391281067475923, 5.000000000000002665, -34.04764431590725593 ) ) ;
#9414 = TOROIDAL_SURFACE ( 'NONE', #4810, 5.000000000000000888, 2.000000000000000000 ) ;
#9415 = CARTESIAN_POINT ( 'NONE',  ( 111.0680948014545635, -4.836544748310690700, 10.12915198650688531 ) ) ;
#9416 = ORIENTED_EDGE ( 'NONE', *, *, #832, .T. ) ;
#9417 = CARTESIAN_POINT ( 'NONE',  ( 131.9218434446971457, 1.621491529716062363, -1.170126910298905587 ) ) ;
ENDSEC;
END-ISO-10303-21;
